{"credit":"Created by Marceus","format_version":"1.21.6","parent":"block/cube_all","textures":{"all":"block/coal_ore1","particle":"block/coal_ore1_e"},"elements":[{"from":[0,0,0],"to":[16,16,16],"faces":{"north":{"uv":[0,0,16,16],"texture":"#all","cullface":"north"},"east":{"uv":[0,0,16,16],"texture":"#all","cullface":"east"},"south":{"uv":[0,0,16,16],"texture":"#all","cullface":"south"},"west":{"uv":[0,0,16,16],"texture":"#all","cullface":"west"},"up":{"uv":[0,0,16,16],"texture":"#all","cullface":"up"},"down":{"uv":[0,0,16,16],"texture":"#all","cullface":"down"}}},{"from":[3,2,-0.5],"to":[8,3,0],"light_emission":15,"faces":{"north":{"uv":[8,13,13,14],"texture":"#all","cullface":"north"},"east":{"uv":[8,13,8.5,14],"texture":"#all","cullface":"north"},"west":{"uv":[12,13,12.5,14],"texture":"#all","cullface":"north"},"down":{"uv":[8,13,13,13.5],"rotation":180,"texture":"#all","cullface":"north"}}},{"from":[-0.7,11,4],"to":[0,12,6],"light_emission":15,"faces":{"north":{"uv":[4,4,4.7,5],"texture":"#all","cullface":"west"},"west":{"uv":[4,4,6,5],"texture":"#all","cullface":"west"},"up":{"uv":[4,4,6,4.7],"rotation":90,"texture":"#all","cullface":"west"}}},{"from":[-0.7,11,6],"to":[0,13,8],"light_emission":15,"faces":{"north":{"uv":[6,3,6.7,5],"texture":"#all","cullface":"west"},"south":{"uv":[7,3,7.7,5],"texture":"#all","cullface":"west"},"west":{"uv":[6,3,8,5],"texture":"#all","cullface":"west"},"up":{"uv":[6,3,8,3.7],"rotation":90,"texture":"#all","cullface":"west"},"down":{"uv":[6,4,8,4.7],"rotation":270,"texture":"#all","cullface":"west"}}},{"from":[-0.7,12,8],"to":[0,14,10],"light_emission":15,"faces":{"north":{"uv":[8,2,8.7,4],"texture":"#all","cullface":"west"},"south":{"uv":[9,2,9.7,4],"texture":"#all","cullface":"west"},"west":{"uv":[8,2,10,4],"texture":"#all","cullface":"west"},"up":{"uv":[8,2,10,2.7],"rotation":90,"texture":"#all","cullface":"west"},"down":{"uv":[8,3,10,3.7],"rotation":270,"texture":"#all","cullface":"west"}}},{"from":[-0.5,11,3],"to":[0,12,4],"light_emission":15,"faces":{"north":{"uv":[3,4,3.5,5],"texture":"#all","cullface":"west"},"west":{"uv":[3,4,4,5],"texture":"#all","cullface":"west"},"up":{"uv":[3,4,4,4.5],"rotation":270,"texture":"#all","cullface":"west"}}},{"from":[-0.5,12,4],"to":[0,13,6],"light_emission":15,"faces":{"north":{"uv":[4,3,4.7,4],"texture":"#all","cullface":"west"},"west":{"uv":[4,3,6,4],"texture":"#all","cullface":"west"},"up":{"uv":[4,3,6,3.7],"rotation":90,"texture":"#all","cullface":"west"}}},{"from":[-0.5,13,6],"to":[0,14,8],"light_emission":15,"faces":{"north":{"uv":[6,2,6.7,3],"texture":"#all","cullface":"west"},"west":{"uv":[6,2,8,3],"texture":"#all","cullface":"west"},"up":{"uv":[6,2,8,2.7],"rotation":90,"texture":"#all","cullface":"west"}}},{"from":[-0.5,14,8],"to":[0,15,10],"light_emission":15,"faces":{"north":{"uv":[8,1,8.7,2],"texture":"#all","cullface":"west"},"south":{"uv":[9,1,9.7,2],"texture":"#all","cullface":"west"},"west":{"uv":[8,1,10,2],"texture":"#all","cullface":"west"},"up":{"uv":[8,1,10,1.7],"rotation":90,"texture":"#all","cullface":"west"}}},{"from":[-0.5,12,10],"to":[0,14,11],"light_emission":15,"faces":{"south":{"uv":[10,2,10.5,4],"texture":"#all","cullface":"west"},"west":{"uv":[10,2,11,4],"texture":"#all","cullface":"west"},"up":{"uv":[10,2,11,2.5],"rotation":270,"texture":"#all","cullface":"west"},"down":{"uv":[10,3,11,3.5],"rotation":90,"texture":"#all","cullface":"west"}}},{"from":[-0.5,11,8],"to":[0,12,10],"light_emission":15,"faces":{"south":{"uv":[9,4,9.7,5],"texture":"#all","cullface":"west"},"west":{"uv":[8,4,10,5],"texture":"#all","cullface":"west"},"down":{"uv":[8,4,10,4.7],"rotation":270,"texture":"#all","cullface":"west"}}},{"from":[-0.5,10,7],"to":[0,11,8],"light_emission":15,"faces":{"south":{"uv":[7,5,7.5,6],"texture":"#all","cullface":"west"},"west":{"uv":[7,5,8,6],"texture":"#all","cullface":"west"},"down":{"uv":[7,5,8,5.5],"rotation":90,"texture":"#all","cullface":"west"}}},{"from":[-0.7,9,3],"to":[0,11,7],"light_emission":15,"faces":{"north":{"uv":[3,5,3.7,7],"texture":"#all","cullface":"west"},"south":{"uv":[6,5,6.7,7],"texture":"#all","cullface":"west"},"west":{"uv":[3,5,7,7],"texture":"#all","cullface":"west"},"up":{"uv":[3,5,7,5.7],"rotation":90,"texture":"#all","cullface":"west"},"down":{"uv":[3,6,7,6.7],"rotation":270,"texture":"#all","cullface":"west"}}},{"from":[-0.5,9,2],"to":[0,11,3],"light_emission":15,"faces":{"north":{"uv":[2,5,2.5,7],"texture":"#all","cullface":"west"},"west":{"uv":[2,5,3,7],"texture":"#all","cullface":"west"},"up":{"uv":[2,5,3,5.5],"rotation":270,"texture":"#all","cullface":"west"}}},{"from":[-0.5,8,2],"to":[0,9,6],"light_emission":15,"faces":{"north":{"uv":[2,7,2.5,8],"texture":"#all","cullface":"west"},"south":{"uv":[5,7,5.5,8],"texture":"#all","cullface":"west"},"west":{"uv":[2,7,6,8],"texture":"#all","cullface":"west"},"down":{"uv":[2,7,6,7.5],"rotation":270,"texture":"#all","cullface":"west"}}},{"from":[-0.7,5,8],"to":[0,6,10],"light_emission":15,"faces":{"south":{"uv":[9,10,9.7,11],"texture":"#all","cullface":"west"},"west":{"uv":[8,10,10,11],"texture":"#all","cullface":"west"},"up":{"uv":[8,10,10,10.7],"rotation":90,"texture":"#all","cullface":"west"}}},{"from":[-0.5,5,10],"to":[0,6,13],"light_emission":15,"faces":{"south":{"uv":[12,10,12.5,11],"texture":"#all","cullface":"west"},"west":{"uv":[10,10,13,11],"texture":"#all","cullface":"west"},"up":{"uv":[10,10,13,10.5],"rotation":90,"texture":"#all","cullface":"west"}}},{"from":[-0.5,4,6],"to":[0,6,7],"light_emission":15,"faces":{"north":{"uv":[6,10,6.5,12],"texture":"#all","cullface":"west"},"west":{"uv":[6,10,7,12],"texture":"#all","cullface":"west"},"up":{"uv":[6,10,7,10.5],"rotation":270,"texture":"#all","cullface":"west"}}},{"from":[-0.7,4,7],"to":[0,6,8],"light_emission":15,"faces":{"north":{"uv":[7,10,7.7,12],"texture":"#all","cullface":"west"},"west":{"uv":[7,10,8,12],"texture":"#all","cullface":"west"},"up":{"uv":[7,10,8,10.7],"rotation":270,"texture":"#all","cullface":"west"},"down":{"uv":[7,11,8,11.7],"rotation":90,"texture":"#all","cullface":"west"}}},{"from":[-0.5,3,13],"to":[0,5,14],"light_emission":15,"faces":{"south":{"uv":[13,11,13.5,13],"texture":"#all","cullface":"west"},"west":{"uv":[13,11,14,13],"texture":"#all","cullface":"west"},"up":{"uv":[13,11,14,11.5],"rotation":270,"texture":"#all","cullface":"west"},"down":{"uv":[13,12,14,12.5],"rotation":90,"texture":"#all","cullface":"west"}}},{"from":[-0.5,6,8],"to":[0,7,10],"light_emission":15,"faces":{"north":{"uv":[8,9,8.7,10],"texture":"#all","cullface":"west"},"south":{"uv":[9,9,9.7,10],"texture":"#all","cullface":"west"},"west":{"uv":[8,9,10,10],"texture":"#all","cullface":"west"},"up":{"uv":[8,9,10,9.7],"rotation":90,"texture":"#all","cullface":"west"}}},{"from":[-0.5,3,6],"to":[0,4,8],"light_emission":15,"faces":{"north":{"uv":[6,12,6.7,13],"texture":"#all","cullface":"west"},"west":{"uv":[6,12,8,13],"texture":"#all","cullface":"west"},"down":{"uv":[6,12,8,12.7],"rotation":270,"texture":"#all","cullface":"west"}}},{"from":[-0.7,3,8],"to":[0,5,13],"light_emission":15,"faces":{"north":{"uv":[8,11,8.7,13],"texture":"#all","cullface":"west"},"south":{"uv":[12,11,12.7,13],"texture":"#all","cullface":"west"},"west":{"uv":[8,11,13,13],"texture":"#all","cullface":"west"},"up":{"uv":[8,11,13,11.7],"rotation":90,"texture":"#all","cullface":"west"},"down":{"uv":[8,12,13,12.7],"rotation":270,"texture":"#all","cullface":"west"}}},{"from":[-0.5,2,8],"to":[0,3,13],"light_emission":15,"faces":{"north":{"uv":[8,13,8.5,14],"texture":"#all","cullface":"west"},"south":{"uv":[12,13,12.5,14],"texture":"#all","cullface":"west"},"west":{"uv":[8,13,13,14],"texture":"#all","cullface":"west"},"down":{"uv":[8,13,13,13.5],"rotation":270,"texture":"#all","cullface":"west"}}},{"from":[4,11,16],"to":[6,12,16.7],"light_emission":15,"faces":{"south":{"uv":[4,4,6,5],"texture":"#all","cullface":"south"},"west":{"uv":[4,4,4.7,5],"texture":"#all","cullface":"south"},"up":{"uv":[4,4,6,4.7],"texture":"#all","cullface":"south"}}},{"from":[6,11,16],"to":[8,13,16.7],"light_emission":15,"faces":{"east":{"uv":[7,3,7.7,5],"texture":"#all","cullface":"south"},"south":{"uv":[6,3,8,5],"texture":"#all","cullface":"south"},"west":{"uv":[6,3,6.7,5],"texture":"#all","cullface":"south"},"up":{"uv":[6,3,8,3.7],"texture":"#all","cullface":"south"},"down":{"uv":[6,4,8,4.7],"texture":"#all","cullface":"south"}}},{"from":[8,12,16],"to":[10,14,16.7],"light_emission":15,"faces":{"east":{"uv":[9,2,9.7,4],"texture":"#all","cullface":"south"},"south":{"uv":[8,2,10,4],"texture":"#all","cullface":"south"},"west":{"uv":[8,2,8.7,4],"texture":"#all","cullface":"south"},"up":{"uv":[8,2,10,2.7],"texture":"#all","cullface":"south"},"down":{"uv":[8,3,10,3.7],"texture":"#all","cullface":"south"}}},{"from":[3,11,16],"to":[4,12,16.5],"light_emission":15,"faces":{"south":{"uv":[3,4,4,5],"texture":"#all","cullface":"south"},"west":{"uv":[3,4,3.5,5],"texture":"#all","cullface":"south"},"up":{"uv":[3,4,4,4.5],"rotation":180,"texture":"#all","cullface":"south"}}},{"from":[4,12,16],"to":[6,13,16.5],"light_emission":15,"faces":{"south":{"uv":[4,3,6,4],"texture":"#all","cullface":"south"},"west":{"uv":[4,3,4.7,4],"texture":"#all","cullface":"south"},"up":{"uv":[4,3,6,3.7],"texture":"#all","cullface":"south"}}},{"from":[6,13,16],"to":[8,14,16.5],"light_emission":15,"faces":{"south":{"uv":[6,2,8,3],"texture":"#all","cullface":"south"},"west":{"uv":[6,2,6.7,3],"texture":"#all","cullface":"south"},"up":{"uv":[6,2,8,2.7],"texture":"#all","cullface":"south"}}},{"from":[8,14,16],"to":[10,15,16.5],"light_emission":15,"faces":{"east":{"uv":[9,1,9.7,2],"texture":"#all","cullface":"south"},"south":{"uv":[8,1,10,2],"texture":"#all","cullface":"south"},"west":{"uv":[8,1,8.7,2],"texture":"#all","cullface":"south"},"up":{"uv":[8,1,10,1.7],"texture":"#all","cullface":"south"}}},{"from":[10,12,16],"to":[11,14,16.5],"light_emission":15,"faces":{"east":{"uv":[10,2,10.5,4],"texture":"#all","cullface":"south"},"south":{"uv":[10,2,11,4],"texture":"#all","cullface":"south"},"up":{"uv":[10,2,11,2.5],"rotation":180,"texture":"#all","cullface":"south"},"down":{"uv":[10,3,11,3.5],"rotation":180,"texture":"#all","cullface":"south"}}},{"from":[8,11,16],"to":[10,12,16.5],"light_emission":15,"faces":{"east":{"uv":[9,4,9.7,5],"texture":"#all","cullface":"south"},"south":{"uv":[8,4,10,5],"texture":"#all","cullface":"south"},"down":{"uv":[8,4,10,4.7],"texture":"#all","cullface":"south"}}},{"from":[7,10,16],"to":[8,11,16.5],"light_emission":15,"faces":{"east":{"uv":[7,5,7.5,6],"texture":"#all","cullface":"south"},"south":{"uv":[7,5,8,6],"texture":"#all","cullface":"south"},"down":{"uv":[7,5,8,5.5],"rotation":180,"texture":"#all","cullface":"south"}}},{"from":[3,9,16],"to":[7,11,16.7],"light_emission":15,"faces":{"east":{"uv":[6,5,6.7,7],"texture":"#all","cullface":"south"},"south":{"uv":[3,5,7,7],"texture":"#all","cullface":"south"},"west":{"uv":[3,5,3.7,7],"texture":"#all","cullface":"south"},"up":{"uv":[3,5,7,5.7],"texture":"#all","cullface":"south"},"down":{"uv":[3,6,7,6.7],"texture":"#all","cullface":"south"}}},{"from":[2,9,16],"to":[3,11,16.5],"light_emission":15,"faces":{"south":{"uv":[2,5,3,7],"texture":"#all","cullface":"south"},"west":{"uv":[2,5,2.5,7],"texture":"#all","cullface":"south"},"up":{"uv":[2,5,3,5.5],"rotation":180,"texture":"#all","cullface":"south"}}},{"from":[2,8,16],"to":[6,9,16.5],"light_emission":15,"faces":{"east":{"uv":[5,7,5.5,8],"texture":"#all","cullface":"south"},"south":{"uv":[2,7,6,8],"texture":"#all","cullface":"south"},"west":{"uv":[2,7,2.5,8],"texture":"#all","cullface":"south"},"down":{"uv":[2,7,6,7.5],"texture":"#all","cullface":"south"}}},{"from":[8,5,16],"to":[10,6,16.7],"light_emission":15,"faces":{"east":{"uv":[9,10,9.7,11],"texture":"#all","cullface":"south"},"south":{"uv":[8,10,10,11],"texture":"#all","cullface":"south"},"up":{"uv":[8,10,10,10.7],"texture":"#all","cullface":"south"}}},{"from":[10,5,16],"to":[13,6,16.5],"light_emission":15,"faces":{"east":{"uv":[12,10,12.5,11],"texture":"#all","cullface":"south"},"south":{"uv":[10,10,13,11],"texture":"#all","cullface":"south"},"up":{"uv":[10,10,13,10.5],"texture":"#all","cullface":"south"}}},{"from":[6,4,16],"to":[7,6,16.5],"light_emission":15,"faces":{"south":{"uv":[6,10,7,12],"texture":"#all","cullface":"south"},"west":{"uv":[6,10,6.5,12],"texture":"#all","cullface":"south"},"up":{"uv":[6,10,7,10.5],"rotation":180,"texture":"#all","cullface":"south"}}},{"from":[7,4,16],"to":[8,6,16.7],"light_emission":15,"faces":{"south":{"uv":[7,10,8,12],"texture":"#all","cullface":"south"},"west":{"uv":[7,10,7.7,12],"texture":"#all","cullface":"south"},"up":{"uv":[7,10,8,10.7],"rotation":180,"texture":"#all","cullface":"south"},"down":{"uv":[7,11,8,11.7],"rotation":180,"texture":"#all","cullface":"south"}}},{"from":[13,3,16],"to":[14,5,16.5],"light_emission":15,"faces":{"east":{"uv":[13,11,13.5,13],"texture":"#all","cullface":"south"},"south":{"uv":[13,11,14,13],"texture":"#all","cullface":"south"},"up":{"uv":[13,11,14,11.5],"rotation":180,"texture":"#all","cullface":"south"},"down":{"uv":[13,12,14,12.5],"rotation":180,"texture":"#all","cullface":"south"}}},{"from":[8,6,16],"to":[10,7,16.5],"light_emission":15,"faces":{"east":{"uv":[9,9,9.7,10],"texture":"#all","cullface":"south"},"south":{"uv":[8,9,10,10],"texture":"#all","cullface":"south"},"west":{"uv":[8,9,8.7,10],"texture":"#all","cullface":"south"},"up":{"uv":[8,9,10,9.7],"texture":"#all","cullface":"south"}}},{"from":[6,3,16],"to":[8,4,16.5],"light_emission":15,"faces":{"south":{"uv":[6,12,8,13],"texture":"#all","cullface":"south"},"west":{"uv":[6,12,6.7,13],"texture":"#all","cullface":"south"},"down":{"uv":[6,12,8,12.7],"texture":"#all","cullface":"south"}}},{"from":[8,3,16],"to":[13,5,16.7],"light_emission":15,"faces":{"east":{"uv":[12,11,12.7,13],"texture":"#all","cullface":"south"},"south":{"uv":[8,11,13,13],"texture":"#all","cullface":"south"},"west":{"uv":[8,11,8.7,13],"texture":"#all","cullface":"south"},"up":{"uv":[8,11,13,11.7],"texture":"#all","cullface":"south"},"down":{"uv":[8,12,13,12.7],"texture":"#all","cullface":"south"}}},{"from":[8,2,16],"to":[13,3,16.5],"light_emission":15,"faces":{"east":{"uv":[12,13,12.5,14],"texture":"#all","cullface":"south"},"south":{"uv":[8,13,13,14],"texture":"#all","cullface":"south"},"west":{"uv":[8,13,8.5,14],"texture":"#all","cullface":"south"},"down":{"uv":[8,13,13,13.5],"texture":"#all","cullface":"south"}}},{"from":[16,11,10],"to":[16.7,12,12],"light_emission":15,"faces":{"east":{"uv":[4,4,6,5],"texture":"#all","cullface":"east"},"south":{"uv":[4,4,4.7,5],"texture":"#all","cullface":"east"},"up":{"uv":[4,4,6,4.7],"rotation":270,"texture":"#all","cullface":"east"}}},{"from":[16,11,8],"to":[16.7,13,10],"light_emission":15,"faces":{"north":{"uv":[7,3,7.7,5],"texture":"#all","cullface":"east"},"east":{"uv":[6,3,8,5],"texture":"#all","cullface":"east"},"south":{"uv":[6,3,6.7,5],"texture":"#all","cullface":"east"},"up":{"uv":[6,3,8,3.7],"rotation":270,"texture":"#all","cullface":"east"},"down":{"uv":[6,4,8,4.7],"rotation":90,"texture":"#all","cullface":"east"}}},{"from":[16,12,6],"to":[16.7,14,8],"light_emission":15,"faces":{"north":{"uv":[9,2,9.7,4],"texture":"#all","cullface":"east"},"east":{"uv":[8,2,10,4],"texture":"#all","cullface":"east"},"south":{"uv":[8,2,8.7,4],"texture":"#all","cullface":"east"},"up":{"uv":[8,2,10,2.7],"rotation":270,"texture":"#all","cullface":"east"},"down":{"uv":[8,3,10,3.7],"rotation":90,"texture":"#all","cullface":"east"}}},{"from":[16,11,12],"to":[16.5,12,13],"light_emission":15,"faces":{"east":{"uv":[3,4,4,5],"texture":"#all","cullface":"east"},"south":{"uv":[3,4,3.5,5],"texture":"#all","cullface":"east"},"up":{"uv":[3,4,4,4.5],"rotation":90,"texture":"#all","cullface":"east"}}},{"from":[16,12,10],"to":[16.5,13,12],"light_emission":15,"faces":{"east":{"uv":[4,3,6,4],"texture":"#all","cullface":"east"},"south":{"uv":[4,3,4.7,4],"texture":"#all","cullface":"east"},"up":{"uv":[4,3,6,3.7],"rotation":270,"texture":"#all","cullface":"east"}}},{"from":[16,13,8],"to":[16.5,14,10],"light_emission":15,"faces":{"east":{"uv":[6,2,8,3],"texture":"#all","cullface":"east"},"south":{"uv":[6,2,6.7,3],"texture":"#all","cullface":"east"},"up":{"uv":[6,2,8,2.7],"rotation":270,"texture":"#all","cullface":"east"}}},{"from":[16,14,6],"to":[16.5,15,8],"light_emission":15,"faces":{"north":{"uv":[9,1,9.7,2],"texture":"#all","cullface":"east"},"east":{"uv":[8,1,10,2],"texture":"#all","cullface":"east"},"south":{"uv":[8,1,8.7,2],"texture":"#all","cullface":"east"},"up":{"uv":[8,1,10,1.7],"rotation":270,"texture":"#all","cullface":"east"}}},{"from":[16,12,5],"to":[16.5,14,6],"light_emission":15,"faces":{"north":{"uv":[10,2,10.5,4],"texture":"#all","cullface":"east"},"east":{"uv":[10,2,11,4],"texture":"#all","cullface":"east"},"up":{"uv":[10,2,11,2.5],"rotation":90,"texture":"#all","cullface":"east"},"down":{"uv":[10,3,11,3.5],"rotation":270,"texture":"#all","cullface":"east"}}},{"from":[16,11,6],"to":[16.5,12,8],"light_emission":15,"faces":{"north":{"uv":[9,4,9.7,5],"texture":"#all","cullface":"east"},"east":{"uv":[8,4,10,5],"texture":"#all","cullface":"east"},"down":{"uv":[8,4,10,4.7],"rotation":90,"texture":"#all","cullface":"east"}}},{"from":[16,10,8],"to":[16.5,11,9],"light_emission":15,"faces":{"north":{"uv":[7,5,7.5,6],"texture":"#all","cullface":"east"},"east":{"uv":[7,5,8,6],"texture":"#all","cullface":"east"},"down":{"uv":[7,5,8,5.5],"rotation":270,"texture":"#all","cullface":"east"}}},{"from":[16,9,9],"to":[16.7,11,13],"light_emission":15,"faces":{"north":{"uv":[6,5,6.7,7],"texture":"#all","cullface":"east"},"east":{"uv":[3,5,7,7],"texture":"#all","cullface":"east"},"south":{"uv":[3,5,3.7,7],"texture":"#all","cullface":"east"},"up":{"uv":[3,5,7,5.7],"rotation":270,"texture":"#all","cullface":"east"},"down":{"uv":[3,6,7,6.7],"rotation":90,"texture":"#all","cullface":"east"}}},{"from":[16,9,13],"to":[16.5,11,14],"light_emission":15,"faces":{"east":{"uv":[2,5,3,7],"texture":"#all","cullface":"east"},"south":{"uv":[2,5,2.5,7],"texture":"#all","cullface":"east"},"up":{"uv":[2,5,3,5.5],"rotation":90,"texture":"#all","cullface":"east"}}},{"from":[16,8,10],"to":[16.5,9,14],"light_emission":15,"faces":{"north":{"uv":[5,7,5.5,8],"texture":"#all","cullface":"east"},"east":{"uv":[2,7,6,8],"texture":"#all","cullface":"east"},"south":{"uv":[2,7,2.5,8],"texture":"#all","cullface":"east"},"down":{"uv":[2,7,6,7.5],"rotation":90,"texture":"#all","cullface":"east"}}},{"from":[16,5,6],"to":[16.7,6,8],"light_emission":15,"faces":{"north":{"uv":[9,10,9.7,11],"texture":"#all","cullface":"east"},"east":{"uv":[8,10,10,11],"texture":"#all","cullface":"east"},"up":{"uv":[8,10,10,10.7],"rotation":270,"texture":"#all","cullface":"east"}}},{"from":[16,5,3],"to":[16.5,6,6],"light_emission":15,"faces":{"north":{"uv":[12,10,12.5,11],"texture":"#all","cullface":"east"},"east":{"uv":[10,10,13,11],"texture":"#all","cullface":"east"},"up":{"uv":[10,10,13,10.5],"rotation":270,"texture":"#all","cullface":"east"}}},{"from":[16,4,9],"to":[16.5,6,10],"light_emission":15,"faces":{"east":{"uv":[6,10,7,12],"texture":"#all","cullface":"east"},"south":{"uv":[6,10,6.5,12],"texture":"#all","cullface":"east"},"up":{"uv":[6,10,7,10.5],"rotation":90,"texture":"#all","cullface":"east"}}},{"from":[16,4,8],"to":[16.7,6,9],"light_emission":15,"faces":{"east":{"uv":[7,10,8,12],"texture":"#all","cullface":"east"},"south":{"uv":[7,10,7.7,12],"texture":"#all","cullface":"east"},"up":{"uv":[7,10,8,10.7],"rotation":90,"texture":"#all","cullface":"east"},"down":{"uv":[7,11,8,11.7],"rotation":270,"texture":"#all","cullface":"east"}}},{"from":[16,3,2],"to":[16.5,5,3],"light_emission":15,"faces":{"north":{"uv":[13,11,13.5,13],"texture":"#all","cullface":"east"},"east":{"uv":[13,11,14,13],"texture":"#all","cullface":"east"},"up":{"uv":[13,11,14,11.5],"rotation":90,"texture":"#all","cullface":"east"},"down":{"uv":[13,12,14,12.5],"rotation":270,"texture":"#all","cullface":"east"}}},{"from":[16,6,6],"to":[16.5,7,8],"light_emission":15,"faces":{"north":{"uv":[9,9,9.7,10],"texture":"#all","cullface":"east"},"east":{"uv":[8,9,10,10],"texture":"#all","cullface":"east"},"south":{"uv":[8,9,8.7,10],"texture":"#all","cullface":"east"},"up":{"uv":[8,9,10,9.7],"rotation":270,"texture":"#all","cullface":"east"}}},{"from":[16,3,8],"to":[16.5,4,10],"light_emission":15,"faces":{"east":{"uv":[6,12,8,13],"texture":"#all","cullface":"east"},"south":{"uv":[6,12,6.7,13],"texture":"#all","cullface":"east"},"down":{"uv":[6,12,8,12.7],"rotation":90,"texture":"#all","cullface":"east"}}},{"from":[16,3,3],"to":[16.7,5,8],"light_emission":15,"faces":{"north":{"uv":[12,11,12.7,13],"texture":"#all","cullface":"east"},"east":{"uv":[8,11,13,13],"texture":"#all","cullface":"east"},"south":{"uv":[8,11,8.7,13],"texture":"#all","cullface":"east"},"up":{"uv":[8,11,13,11.7],"rotation":270,"texture":"#all","cullface":"east"},"down":{"uv":[8,12,13,12.7],"rotation":90,"texture":"#all","cullface":"east"}}},{"from":[16,2,3],"to":[16.5,3,8],"light_emission":15,"faces":{"north":{"uv":[12,13,12.5,14],"texture":"#all","cullface":"east"},"east":{"uv":[8,13,13,14],"texture":"#all","cullface":"east"},"south":{"uv":[8,13,8.5,14],"texture":"#all","cullface":"east"},"down":{"uv":[8,13,13,13.5],"rotation":90,"texture":"#all","cullface":"east"}}},{"from":[4,16,4],"to":[6,16.7,5],"light_emission":15,"faces":{"north":{"uv":[4,4,6,4.7],"rotation":180,"texture":"#all","cullface":"up"},"west":{"uv":[4,4,4.7,5],"rotation":270,"texture":"#all","cullface":"up"},"up":{"uv":[4,4,6,5],"texture":"#all","cullface":"up"}}},{"from":[6,16,3],"to":[8,16.7,5],"light_emission":15,"faces":{"north":{"uv":[6,3,8,3.7],"rotation":180,"texture":"#all","cullface":"up"},"east":{"uv":[7,3,7.7,5],"rotation":90,"texture":"#all","cullface":"up"},"south":{"uv":[6,4,8,4.7],"texture":"#all","cullface":"up"},"west":{"uv":[6,3,6.7,5],"rotation":270,"texture":"#all","cullface":"up"},"up":{"uv":[6,3,8,5],"texture":"#all","cullface":"up"}}},{"from":[8,16,2],"to":[10,16.7,4],"light_emission":15,"faces":{"north":{"uv":[8,2,10,2.7],"rotation":180,"texture":"#all","cullface":"up"},"east":{"uv":[9,2,9.7,4],"rotation":90,"texture":"#all","cullface":"up"},"south":{"uv":[8,3,10,3.7],"texture":"#all","cullface":"up"},"west":{"uv":[8,2,8.7,4],"rotation":270,"texture":"#all","cullface":"up"},"up":{"uv":[8,2,10,4],"texture":"#all","cullface":"up"}}},{"from":[3,16,4],"to":[4,16.5,5],"light_emission":15,"faces":{"north":{"uv":[3,4,4,4.5],"texture":"#all","cullface":"up"},"west":{"uv":[3,4,3.5,5],"rotation":270,"texture":"#all","cullface":"up"},"up":{"uv":[3,4,4,5],"texture":"#all","cullface":"up"}}},{"from":[4,16,3],"to":[6,16.5,4],"light_emission":15,"faces":{"north":{"uv":[4,3,6,3.7],"rotation":180,"texture":"#all","cullface":"up"},"west":{"uv":[4,3,4.7,4],"rotation":270,"texture":"#all","cullface":"up"},"up":{"uv":[4,3,6,4],"texture":"#all","cullface":"up"}}},{"from":[6,16,2],"to":[8,16.5,3],"light_emission":15,"faces":{"north":{"uv":[6,2,8,2.7],"rotation":180,"texture":"#all","cullface":"up"},"west":{"uv":[6,2,6.7,3],"rotation":270,"texture":"#all","cullface":"up"},"up":{"uv":[6,2,8,3],"texture":"#all","cullface":"up"}}},{"from":[8,16,1],"to":[10,16.5,2],"light_emission":15,"faces":{"north":{"uv":[8,1,10,1.7],"rotation":180,"texture":"#all","cullface":"up"},"east":{"uv":[9,1,9.7,2],"rotation":90,"texture":"#all","cullface":"up"},"west":{"uv":[8,1,8.7,2],"rotation":270,"texture":"#all","cullface":"up"},"up":{"uv":[8,1,10,2],"texture":"#all","cullface":"up"}}},{"from":[10,16,2],"to":[11,16.5,4],"light_emission":15,"faces":{"north":{"uv":[10,2,11,2.5],"texture":"#all","cullface":"up"},"east":{"uv":[10,2,10.5,4],"rotation":90,"texture":"#all","cullface":"up"},"south":{"uv":[10,3,11,3.5],"rotation":180,"texture":"#all","cullface":"up"},"up":{"uv":[10,2,11,4],"texture":"#all","cullface":"up"}}},{"from":[8,16,4],"to":[10,16.5,5],"light_emission":15,"faces":{"east":{"uv":[9,4,9.7,5],"rotation":90,"texture":"#all","cullface":"up"},"south":{"uv":[8,4,10,4.7],"texture":"#all","cullface":"up"},"up":{"uv":[8,4,10,5],"texture":"#all","cullface":"up"}}},{"from":[7,16,5],"to":[8,16.5,6],"light_emission":15,"faces":{"east":{"uv":[7,5,7.5,6],"rotation":90,"texture":"#all","cullface":"up"},"south":{"uv":[7,5,8,5.5],"rotation":180,"texture":"#all","cullface":"up"},"up":{"uv":[7,5,8,6],"texture":"#all","cullface":"up"}}},{"from":[3,16,5],"to":[7,16.7,7],"light_emission":15,"faces":{"north":{"uv":[3,5,7,5.7],"rotation":180,"texture":"#all","cullface":"up"},"east":{"uv":[6,5,6.7,7],"rotation":90,"texture":"#all","cullface":"up"},"south":{"uv":[3,6,7,6.7],"texture":"#all","cullface":"up"},"west":{"uv":[3,5,3.7,7],"rotation":270,"texture":"#all","cullface":"up"},"up":{"uv":[3,5,7,7],"texture":"#all","cullface":"up"}}},{"from":[2,16,5],"to":[3,16.5,7],"light_emission":15,"faces":{"north":{"uv":[2,5,3,5.5],"texture":"#all","cullface":"up"},"west":{"uv":[2,5,2.5,7],"rotation":270,"texture":"#all","cullface":"up"},"up":{"uv":[2,5,3,7],"texture":"#all","cullface":"up"}}},{"from":[2,16,7],"to":[6,16.5,8],"light_emission":15,"faces":{"east":{"uv":[5,7,5.5,8],"rotation":90,"texture":"#all","cullface":"up"},"south":{"uv":[2,7,6,7.5],"texture":"#all","cullface":"up"},"west":{"uv":[2,7,2.5,8],"rotation":270,"texture":"#all","cullface":"up"},"up":{"uv":[2,7,6,8],"texture":"#all","cullface":"up"}}},{"from":[8,16,10],"to":[10,16.7,11],"light_emission":15,"faces":{"north":{"uv":[8,10,10,10.7],"rotation":180,"texture":"#all","cullface":"up"},"east":{"uv":[9,10,9.7,11],"rotation":90,"texture":"#all","cullface":"up"},"up":{"uv":[8,10,10,11],"texture":"#all","cullface":"up"}}},{"from":[10,16,10],"to":[13,16.5,11],"light_emission":15,"faces":{"north":{"uv":[10,10,13,10.5],"rotation":180,"texture":"#all","cullface":"up"},"east":{"uv":[12,10,12.5,11],"rotation":90,"texture":"#all","cullface":"up"},"up":{"uv":[10,10,13,11],"texture":"#all","cullface":"up"}}},{"from":[6,16,10],"to":[7,16.5,12],"light_emission":15,"faces":{"north":{"uv":[6,10,7,10.5],"texture":"#all","cullface":"up"},"west":{"uv":[6,10,6.5,12],"rotation":270,"texture":"#all","cullface":"up"},"up":{"uv":[6,10,7,12],"texture":"#all","cullface":"up"}}},{"from":[7,16,10],"to":[8,16.7,12],"light_emission":15,"faces":{"north":{"uv":[7,10,8,10.7],"texture":"#all","cullface":"up"},"south":{"uv":[7,11,8,11.7],"rotation":180,"texture":"#all","cullface":"up"},"west":{"uv":[7,10,7.7,12],"rotation":270,"texture":"#all","cullface":"up"},"up":{"uv":[7,10,8,12],"texture":"#all","cullface":"up"}}},{"from":[13,16,11],"to":[14,16.5,13],"light_emission":15,"faces":{"north":{"uv":[13,11,14,11.5],"texture":"#all","cullface":"up"},"east":{"uv":[13,11,13.5,13],"rotation":90,"texture":"#all","cullface":"up"},"south":{"uv":[13,12,14,12.5],"rotation":180,"texture":"#all","cullface":"up"},"up":{"uv":[13,11,14,13],"texture":"#all","cullface":"up"}}},{"from":[8,16,9],"to":[10,16.5,10],"light_emission":15,"faces":{"north":{"uv":[8,9,10,9.7],"rotation":180,"texture":"#all","cullface":"up"},"east":{"uv":[9,9,9.7,10],"rotation":90,"texture":"#all","cullface":"up"},"west":{"uv":[8,9,8.7,10],"rotation":270,"texture":"#all","cullface":"up"},"up":{"uv":[8,9,10,10],"texture":"#all","cullface":"up"}}},{"from":[6,16,12],"to":[8,16.5,13],"light_emission":15,"faces":{"south":{"uv":[6,12,8,12.7],"texture":"#all","cullface":"up"},"west":{"uv":[6,12,6.7,13],"rotation":270,"texture":"#all","cullface":"up"},"up":{"uv":[6,12,8,13],"texture":"#all","cullface":"up"}}},{"from":[8,16,11],"to":[13,16.7,13],"light_emission":15,"faces":{"north":{"uv":[8,11,13,11.7],"rotation":180,"texture":"#all","cullface":"up"},"east":{"uv":[12,11,12.7,13],"rotation":90,"texture":"#all","cullface":"up"},"south":{"uv":[8,12,13,12.7],"texture":"#all","cullface":"up"},"west":{"uv":[8,11,8.7,13],"rotation":270,"texture":"#all","cullface":"up"},"up":{"uv":[8,11,13,13],"texture":"#all","cullface":"up"}}},{"from":[8,16,13],"to":[13,16.5,14],"light_emission":15,"faces":{"east":{"uv":[12,13,12.5,14],"rotation":90,"texture":"#all","cullface":"up"},"south":{"uv":[8,13,13,13.5],"texture":"#all","cullface":"up"},"west":{"uv":[8,13,8.5,14],"rotation":270,"texture":"#all","cullface":"up"},"up":{"uv":[8,13,13,14],"texture":"#all","cullface":"up"}}},{"from":[4,-0.7,11],"to":[6,0,12],"light_emission":15,"faces":{"south":{"uv":[4,4,6,4.7],"texture":"#all","cullface":"down"},"west":{"uv":[4,4,4.7,5],"rotation":90,"texture":"#all","cullface":"down"},"down":{"uv":[4,4,6,5],"texture":"#all","cullface":"down"}}},{"from":[6,-0.7,11],"to":[8,0,13],"light_emission":15,"faces":{"north":{"uv":[6,4,8,4.7],"rotation":180,"texture":"#all","cullface":"down"},"east":{"uv":[7,3,7.7,5],"rotation":270,"texture":"#all","cullface":"down"},"south":{"uv":[6,3,8,3.7],"texture":"#all","cullface":"down"},"west":{"uv":[6,3,6.7,5],"rotation":90,"texture":"#all","cullface":"down"},"down":{"uv":[6,3,8,5],"texture":"#all","cullface":"down"}}},{"from":[8,-0.7,12],"to":[10,0,14],"light_emission":15,"faces":{"north":{"uv":[8,3,10,3.7],"rotation":180,"texture":"#all","cullface":"down"},"east":{"uv":[9,2,9.7,4],"rotation":270,"texture":"#all","cullface":"down"},"south":{"uv":[8,2,10,2.7],"texture":"#all","cullface":"down"},"west":{"uv":[8,2,8.7,4],"rotation":90,"texture":"#all","cullface":"down"},"down":{"uv":[8,2,10,4],"texture":"#all","cullface":"down"}}},{"from":[3,-0.5,11],"to":[4,0,12],"light_emission":15,"faces":{"south":{"uv":[3,4,4,4.5],"rotation":180,"texture":"#all","cullface":"down"},"west":{"uv":[3,4,3.5,5],"rotation":90,"texture":"#all","cullface":"down"},"down":{"uv":[3,4,4,5],"texture":"#all","cullface":"down"}}},{"from":[4,-0.5,12],"to":[6,0,13],"light_emission":15,"faces":{"south":{"uv":[4,3,6,3.7],"texture":"#all","cullface":"down"},"west":{"uv":[4,3,4.7,4],"rotation":90,"texture":"#all","cullface":"down"},"down":{"uv":[4,3,6,4],"texture":"#all","cullface":"down"}}},{"from":[6,-0.5,13],"to":[8,0,14],"light_emission":15,"faces":{"south":{"uv":[6,2,8,2.7],"texture":"#all","cullface":"down"},"west":{"uv":[6,2,6.7,3],"rotation":90,"texture":"#all","cullface":"down"},"down":{"uv":[6,2,8,3],"texture":"#all","cullface":"down"}}},{"from":[8,-0.5,14],"to":[10,0,15],"light_emission":15,"faces":{"east":{"uv":[9,1,9.7,2],"rotation":270,"texture":"#all","cullface":"down"},"south":{"uv":[8,1,10,1.7],"texture":"#all","cullface":"down"},"west":{"uv":[8,1,8.7,2],"rotation":90,"texture":"#all","cullface":"down"},"down":{"uv":[8,1,10,2],"texture":"#all","cullface":"down"}}},{"from":[10,-0.5,12],"to":[11,0,14],"light_emission":15,"faces":{"north":{"uv":[10,3,11,3.5],"texture":"#all","cullface":"down"},"east":{"uv":[10,2,10.5,4],"rotation":270,"texture":"#all","cullface":"down"},"south":{"uv":[10,2,11,2.5],"rotation":180,"texture":"#all","cullface":"down"},"down":{"uv":[10,2,11,4],"texture":"#all","cullface":"down"}}},{"from":[8,-0.5,11],"to":[10,0,12],"light_emission":15,"faces":{"north":{"uv":[8,4,10,4.7],"rotation":180,"texture":"#all","cullface":"down"},"east":{"uv":[9,4,9.7,5],"rotation":270,"texture":"#all","cullface":"down"},"down":{"uv":[8,4,10,5],"texture":"#all","cullface":"down"}}},{"from":[7,-0.5,10],"to":[8,0,11],"light_emission":15,"faces":{"north":{"uv":[7,5,8,5.5],"texture":"#all","cullface":"down"},"east":{"uv":[7,5,7.5,6],"rotation":270,"texture":"#all","cullface":"down"},"down":{"uv":[7,5,8,6],"texture":"#all","cullface":"down"}}},{"from":[3,-0.7,9],"to":[7,0,11],"light_emission":15,"faces":{"north":{"uv":[3,6,7,6.7],"rotation":180,"texture":"#all","cullface":"down"},"east":{"uv":[6,5,6.7,7],"rotation":270,"texture":"#all","cullface":"down"},"south":{"uv":[3,5,7,5.7],"texture":"#all","cullface":"down"},"west":{"uv":[3,5,3.7,7],"rotation":90,"texture":"#all","cullface":"down"},"down":{"uv":[3,5,7,7],"texture":"#all","cullface":"down"}}},{"from":[2,-0.5,9],"to":[3,0,11],"light_emission":15,"faces":{"south":{"uv":[2,5,3,5.5],"rotation":180,"texture":"#all","cullface":"down"},"west":{"uv":[2,5,2.5,7],"rotation":90,"texture":"#all","cullface":"down"},"down":{"uv":[2,5,3,7],"texture":"#all","cullface":"down"}}},{"from":[2,-0.5,8],"to":[6,0,9],"light_emission":15,"faces":{"north":{"uv":[2,7,6,7.5],"rotation":180,"texture":"#all","cullface":"down"},"east":{"uv":[5,7,5.5,8],"rotation":270,"texture":"#all","cullface":"down"},"west":{"uv":[2,7,2.5,8],"rotation":90,"texture":"#all","cullface":"down"},"down":{"uv":[2,7,6,8],"texture":"#all","cullface":"down"}}},{"from":[8,-0.7,5],"to":[10,0,6],"light_emission":15,"faces":{"east":{"uv":[9,10,9.7,11],"rotation":270,"texture":"#all","cullface":"down"},"south":{"uv":[8,10,10,10.7],"texture":"#all","cullface":"down"},"down":{"uv":[8,10,10,11],"texture":"#all","cullface":"down"}}},{"from":[10,-0.5,5],"to":[13,0,6],"light_emission":15,"faces":{"east":{"uv":[12,10,12.5,11],"rotation":270,"texture":"#all","cullface":"down"},"south":{"uv":[10,10,13,10.5],"texture":"#all","cullface":"down"},"down":{"uv":[10,10,13,11],"texture":"#all","cullface":"down"}}},{"from":[6,-0.5,4],"to":[7,0,6],"light_emission":15,"faces":{"south":{"uv":[6,10,7,10.5],"rotation":180,"texture":"#all","cullface":"down"},"west":{"uv":[6,10,6.5,12],"rotation":90,"texture":"#all","cullface":"down"},"down":{"uv":[6,10,7,12],"texture":"#all","cullface":"down"}}},{"from":[7,-0.7,4],"to":[8,0,6],"light_emission":15,"faces":{"north":{"uv":[7,11,8,11.7],"texture":"#all","cullface":"down"},"south":{"uv":[7,10,8,10.7],"rotation":180,"texture":"#all","cullface":"down"},"west":{"uv":[7,10,7.7,12],"rotation":90,"texture":"#all","cullface":"down"},"down":{"uv":[7,10,8,12],"texture":"#all","cullface":"down"}}},{"from":[13,-0.5,3],"to":[14,0,5],"light_emission":15,"faces":{"north":{"uv":[13,12,14,12.5],"texture":"#all","cullface":"down"},"east":{"uv":[13,11,13.5,13],"rotation":270,"texture":"#all","cullface":"down"},"south":{"uv":[13,11,14,11.5],"rotation":180,"texture":"#all","cullface":"down"},"down":{"uv":[13,11,14,13],"texture":"#all","cullface":"down"}}},{"from":[8,-0.5,6],"to":[10,0,7],"light_emission":15,"faces":{"east":{"uv":[9,9,9.7,10],"rotation":270,"texture":"#all","cullface":"down"},"south":{"uv":[8,9,10,9.7],"texture":"#all","cullface":"down"},"west":{"uv":[8,9,8.7,10],"rotation":90,"texture":"#all","cullface":"down"},"down":{"uv":[8,9,10,10],"texture":"#all","cullface":"down"}}},{"from":[6,-0.5,3],"to":[8,0,4],"light_emission":15,"faces":{"north":{"uv":[6,12,8,12.7],"rotation":180,"texture":"#all","cullface":"down"},"west":{"uv":[6,12,6.7,13],"rotation":90,"texture":"#all","cullface":"down"},"down":{"uv":[6,12,8,13],"texture":"#all","cullface":"down"}}},{"from":[8,-0.7,3],"to":[13,0,5],"light_emission":15,"faces":{"north":{"uv":[8,12,13,12.7],"rotation":180,"texture":"#all","cullface":"down"},"east":{"uv":[12,11,12.7,13],"rotation":270,"texture":"#all","cullface":"down"},"south":{"uv":[8,11,13,11.7],"texture":"#all","cullface":"down"},"west":{"uv":[8,11,8.7,13],"rotation":90,"texture":"#all","cullface":"down"},"down":{"uv":[8,11,13,13],"texture":"#all","cullface":"down"}}},{"from":[8,-0.5,2],"to":[13,0,3],"light_emission":15,"faces":{"north":{"uv":[8,13,13,13.5],"rotation":180,"texture":"#all","cullface":"down"},"east":{"uv":[12,13,12.5,14],"rotation":270,"texture":"#all","cullface":"down"},"west":{"uv":[8,13,8.5,14],"rotation":90,"texture":"#all","cullface":"down"},"down":{"uv":[8,13,13,14],"texture":"#all","cullface":"down"}}},{"from":[10,8,-0.5],"to":[14,9,0],"light_emission":15,"faces":{"north":{"uv":[2,7,6,8],"texture":"#all","cullface":"north"},"east":{"uv":[2,7,2.5,8],"texture":"#all","cullface":"north"},"west":{"uv":[5,7,5.5,8],"texture":"#all","cullface":"north"},"down":{"uv":[2,7,6,7.5],"rotation":180,"texture":"#all","cullface":"north"}}},{"from":[8,3,-0.5],"to":[10,4,0],"light_emission":15,"faces":{"north":{"uv":[6,12,8,13],"texture":"#all","cullface":"north"},"east":{"uv":[6,12,6.7,13],"texture":"#all","cullface":"north"},"down":{"uv":[6,12,8,12.7],"rotation":180,"texture":"#all","cullface":"north"}}},{"from":[6,6,-0.5],"to":[8,7,0],"light_emission":15,"faces":{"north":{"uv":[8,9,10,10],"texture":"#all","cullface":"north"},"east":{"uv":[8,9,8.7,10],"texture":"#all","cullface":"north"},"west":{"uv":[9,9,9.7,10],"texture":"#all","cullface":"north"},"up":{"uv":[8,9,10,9.7],"rotation":180,"texture":"#all","cullface":"north"}}},{"from":[6,11,-0.5],"to":[8,12,0],"light_emission":15,"faces":{"north":{"uv":[8,4,10,5],"texture":"#all","cullface":"north"},"west":{"uv":[9,4,9.7,5],"texture":"#all","cullface":"north"},"down":{"uv":[8,4,10,4.7],"rotation":180,"texture":"#all","cullface":"north"}}},{"from":[6,14,-0.5],"to":[8,15,0],"light_emission":15,"faces":{"north":{"uv":[8,1,10,2],"texture":"#all","cullface":"north"},"east":{"uv":[8,1,8.7,2],"texture":"#all","cullface":"north"},"west":{"uv":[9,1,9.7,2],"texture":"#all","cullface":"north"},"up":{"uv":[8,1,10,1.7],"rotation":180,"texture":"#all","cullface":"north"}}},{"from":[8,13,-0.5],"to":[10,14,0],"light_emission":15,"faces":{"north":{"uv":[6,2,8,3],"texture":"#all","cullface":"north"},"east":{"uv":[6,2,6.7,3],"texture":"#all","cullface":"north"},"up":{"uv":[6,2,8,2.7],"rotation":180,"texture":"#all","cullface":"north"}}},{"from":[10,12,-0.5],"to":[12,13,0],"light_emission":15,"faces":{"north":{"uv":[4,3,6,4],"texture":"#all","cullface":"north"},"east":{"uv":[4,3,4.7,4],"texture":"#all","cullface":"north"},"up":{"uv":[4,3,6,3.7],"rotation":180,"texture":"#all","cullface":"north"}}},{"from":[12,11,-0.5],"to":[13,12,0],"light_emission":15,"faces":{"north":{"uv":[3,4,4,5],"texture":"#all","cullface":"north"},"east":{"uv":[3,4,3.5,5],"texture":"#all","cullface":"north"},"up":{"uv":[3,4,4,4.5],"texture":"#all","cullface":"north"}}},{"from":[6,5,-0.7],"to":[8,6,0],"light_emission":15,"faces":{"north":{"uv":[8,10,10,11],"texture":"#all","cullface":"north"},"west":{"uv":[9,10,9.7,11],"texture":"#all","cullface":"north"},"up":{"uv":[8,10,10,10.7],"rotation":180,"texture":"#all","cullface":"north"}}},{"from":[6,12,-0.7],"to":[8,14,0],"light_emission":15,"faces":{"north":{"uv":[8,2,10,4],"texture":"#all","cullface":"north"},"east":{"uv":[8,2,8.7,4],"texture":"#all","cullface":"north"},"west":{"uv":[9,2,9.7,4],"texture":"#all","cullface":"north"},"up":{"uv":[8,2,10,2.7],"rotation":180,"texture":"#all","cullface":"north"},"down":{"uv":[8,3,10,3.7],"rotation":180,"texture":"#all","cullface":"north"}}},{"from":[8,11,-0.7],"to":[10,13,0],"light_emission":15,"faces":{"north":{"uv":[6,3,8,5],"texture":"#all","cullface":"north"},"east":{"uv":[6,3,6.7,5],"texture":"#all","cullface":"north"},"west":{"uv":[7,3,7.7,5],"texture":"#all","cullface":"north"},"up":{"uv":[6,3,8,3.7],"rotation":180,"texture":"#all","cullface":"north"},"down":{"uv":[6,4,8,4.7],"rotation":180,"texture":"#all","cullface":"north"}}},{"from":[10,11,-0.7],"to":[12,12,0],"light_emission":15,"faces":{"north":{"uv":[4,4,6,5],"texture":"#all","cullface":"north"},"east":{"uv":[4,4,4.7,5],"texture":"#all","cullface":"north"},"up":{"uv":[4,4,6,4.7],"rotation":180,"texture":"#all","cullface":"north"}}},{"from":[3,5,-0.5],"to":[6,6,0],"light_emission":15,"faces":{"north":{"uv":[10,10,13,11],"texture":"#all","cullface":"north"},"west":{"uv":[12,10,12.5,11],"texture":"#all","cullface":"north"},"up":{"uv":[10,10,13,10.5],"rotation":180,"texture":"#all","cullface":"north"}}},{"from":[2,3,-0.5],"to":[3,5,0],"light_emission":15,"faces":{"north":{"uv":[13,11,14,13],"texture":"#all","cullface":"north"},"west":{"uv":[13,11,13.5,13],"texture":"#all","cullface":"north"},"up":{"uv":[13,11,14,11.5],"texture":"#all","cullface":"north"},"down":{"uv":[13,12,14,12.5],"texture":"#all","cullface":"north"}}},{"from":[8,4,-0.7],"to":[9,6,0],"light_emission":15,"faces":{"north":{"uv":[7,10,8,12],"texture":"#all","cullface":"north"},"east":{"uv":[7,10,7.7,12],"texture":"#all","cullface":"north"},"up":{"uv":[7,10,8,10.7],"texture":"#all","cullface":"north"},"down":{"uv":[7,11,8,11.7],"texture":"#all","cullface":"north"}}},{"from":[9,4,-0.5],"to":[10,6,0],"light_emission":15,"faces":{"north":{"uv":[6,10,7,12],"texture":"#all","cullface":"north"},"east":{"uv":[6,10,6.5,12],"texture":"#all","cullface":"north"},"up":{"uv":[6,10,7,10.5],"texture":"#all","cullface":"north"}}},{"from":[5,12,-0.5],"to":[6,14,0],"light_emission":15,"faces":{"north":{"uv":[10,2,11,4],"texture":"#all","cullface":"north"},"west":{"uv":[10,2,10.5,4],"texture":"#all","cullface":"north"},"up":{"uv":[10,2,11,2.5],"texture":"#all","cullface":"north"},"down":{"uv":[10,3,11,3.5],"texture":"#all","cullface":"north"}}},{"from":[13,9,-0.5],"to":[14,11,0],"light_emission":15,"faces":{"north":{"uv":[2,5,3,7],"texture":"#all","cullface":"north"},"east":{"uv":[2,5,2.5,7],"texture":"#all","cullface":"north"},"up":{"uv":[2,5,3,5.5],"texture":"#all","cullface":"north"}}},{"from":[8,10,-0.5],"to":[9,11,0],"light_emission":15,"faces":{"north":{"uv":[7,5,8,6],"texture":"#all","cullface":"north"},"west":{"uv":[7,5,7.5,6],"texture":"#all","cullface":"north"},"down":{"uv":[7,5,8,5.5],"texture":"#all","cullface":"north"}}},{"from":[3,3,-0.7],"to":[8,5,0],"light_emission":15,"faces":{"north":{"uv":[8,11,13,13],"texture":"#all","cullface":"north"},"east":{"uv":[8,11,8.7,13],"texture":"#all","cullface":"north"},"west":{"uv":[12,11,12.7,13],"texture":"#all","cullface":"north"},"up":{"uv":[8,11,13,11.7],"rotation":180,"texture":"#all","cullface":"north"},"down":{"uv":[8,12,13,12.7],"rotation":180,"texture":"#all","cullface":"north"}}},{"from":[9,9,-0.7],"to":[13,11,0],"light_emission":15,"faces":{"north":{"uv":[3,5,7,7],"texture":"#all","cullface":"north"},"east":{"uv":[3,5,3.7,7],"texture":"#all","cullface":"north"},"west":{"uv":[6,5,6.7,7],"texture":"#all","cullface":"north"},"up":{"uv":[3,5,7,5.7],"rotation":180,"texture":"#all","cullface":"north"},"down":{"uv":[3,6,7,6.7],"rotation":180,"texture":"#all","cullface":"north"}}}]}