{"credit":"Created by Marceus","format_version":"1.21.6","parent":"block/cube_all","textures":{"particle":"block/coal_ore4","all":"block/coal_ore4"},"elements":[{"from":[0,0,0],"to":[16,16,16],"faces":{"north":{"uv":[0,0,16,16],"texture":"#all","cullface":"north"},"east":{"uv":[0,0,16,16],"texture":"#all","cullface":"east"},"south":{"uv":[0,0,16,16],"texture":"#all","cullface":"south"},"west":{"uv":[0,0,16,16],"texture":"#all","cullface":"west"},"up":{"uv":[0,0,16,16],"texture":"#all","cullface":"up"},"down":{"uv":[0,0,16,16],"texture":"#all","cullface":"down"}}},{"from":[11,10,-0.5],"to":[14,11,0],"light_emission":15,"faces":{"north":{"uv":[2,5,5,6],"texture":"#all","cullface":"north"},"east":{"uv":[2,5,2.5,6],"texture":"#all","cullface":"north"},"west":{"uv":[4,5,4.5,6],"texture":"#all","cullface":"north"},"down":{"uv":[2,5,5,5.5],"rotation":180,"texture":"#all","cullface":"north"}}},{"from":[-0.7,10,11],"to":[0,11,12],"light_emission":15,"faces":{"north":{"uv":[11,5,11.7,6],"texture":"#all","cullface":"west"},"west":{"uv":[11,5,12,6],"texture":"#all","cullface":"west"},"up":{"uv":[11,5,12,5.7],"rotation":270,"texture":"#all","cullface":"west"}}},{"from":[-0.7,7,12],"to":[0,11,14],"light_emission":15,"faces":{"south":{"uv":[13,5,13.7,9],"texture":"#all","cullface":"west"},"west":{"uv":[12,5,14,9],"texture":"#all","cullface":"west"},"up":{"uv":[12,5,14,5.7],"rotation":90,"texture":"#all","cullface":"west"},"down":{"uv":[12,8,14,8.7],"rotation":270,"texture":"#all","cullface":"west"}}},{"from":[-0.7,6,10],"to":[0,10,12],"light_emission":15,"faces":{"north":{"uv":[10,6,10.7,10],"texture":"#all","cullface":"west"},"south":{"uv":[11,6,11.7,10],"texture":"#all","cullface":"west"},"west":{"uv":[10,6,12,10],"texture":"#all","cullface":"west"},"up":{"uv":[10,6,12,6.7],"rotation":90,"texture":"#all","cullface":"west"},"down":{"uv":[10,9,12,9.7],"rotation":270,"texture":"#all","cullface":"west"}}},{"from":[-0.5,6,12],"to":[0,7,14],"light_emission":15,"faces":{"south":{"uv":[13,9,13.5,10],"texture":"#all","cullface":"west"},"west":{"uv":[12,9,14,10],"texture":"#all","cullface":"west"},"down":{"uv":[12,9,14,9.5],"rotation":270,"texture":"#all","cullface":"west"}}},{"from":[-0.5,5,10],"to":[0,6,12],"light_emission":15,"faces":{"north":{"uv":[10,10,10.5,11],"texture":"#all","cullface":"west"},"south":{"uv":[11,10,11.5,11],"texture":"#all","cullface":"west"},"west":{"uv":[10,10,12,11],"texture":"#all","cullface":"west"},"down":{"uv":[10,10,12,10.5],"rotation":270,"texture":"#all","cullface":"west"}}},{"from":[-0.5,7,6],"to":[0,8,7],"light_emission":15,"faces":{"north":{"uv":[6,8,6.5,9],"texture":"#all","cullface":"west"},"south":{"uv":[6,8,6.5,9],"texture":"#all","cullface":"west"},"west":{"uv":[6,8,7,9],"texture":"#all","cullface":"west"},"up":{"uv":[6,8,7,8.5],"rotation":270,"texture":"#all","cullface":"west"}}},{"from":[-0.5,11,11],"to":[0,12,14],"light_emission":15,"faces":{"north":{"uv":[11,4,11.5,5],"texture":"#all","cullface":"west"},"south":{"uv":[13,4,13.5,5],"texture":"#all","cullface":"west"},"west":{"uv":[11,4,14,5],"texture":"#all","cullface":"west"},"up":{"uv":[11,4,14,4.5],"rotation":90,"texture":"#all","cullface":"west"}}},{"from":[-0.5,7,9],"to":[0,10,10],"light_emission":15,"faces":{"north":{"uv":[9,6,9.5,9],"texture":"#all","cullface":"west"},"west":{"uv":[9,6,10,9],"texture":"#all","cullface":"west"},"up":{"uv":[9,6,10,6.5],"rotation":270,"texture":"#all","cullface":"west"},"down":{"uv":[9,8,10,8.5],"rotation":90,"texture":"#all","cullface":"west"}}},{"from":[-0.5,8,14],"to":[0,11,15],"light_emission":15,"faces":{"south":{"uv":[14,5,14.5,8],"texture":"#all","cullface":"west"},"west":{"uv":[14,5,15,8],"texture":"#all","cullface":"west"},"up":{"uv":[14,5,15,5.5],"rotation":270,"texture":"#all","cullface":"west"},"down":{"uv":[14,7,15,7.5],"rotation":90,"texture":"#all","cullface":"west"}}},{"from":[-0.7,3,5],"to":[0,6,6],"light_emission":15,"faces":{"north":{"uv":[5,10,5.5,13],"texture":"#all","cullface":"west"},"south":{"uv":[5,10,5.5,13],"texture":"#all","cullface":"west"},"west":{"uv":[5,10,6,13],"texture":"#all","cullface":"west"},"up":{"uv":[5,10,6,10.5],"rotation":270,"texture":"#all","cullface":"west"},"down":{"uv":[5,12,6,12.5],"rotation":90,"texture":"#all","cullface":"west"}}},{"from":[-0.7,4,6],"to":[0,7,7],"light_emission":15,"faces":{"north":{"uv":[6,9,6.5,12],"texture":"#all","cullface":"west"},"south":{"uv":[6,9,6.5,12],"texture":"#all","cullface":"west"},"west":{"uv":[6,9,7,12],"texture":"#all","cullface":"west"},"up":{"uv":[6,9,7,9.5],"rotation":270,"texture":"#all","cullface":"west"},"down":{"uv":[6,11,7,11.5],"rotation":90,"texture":"#all","cullface":"west"}}},{"from":[-0.7,3,4],"to":[0,5,5],"light_emission":15,"faces":{"north":{"uv":[4,11,4.5,13],"texture":"#all","cullface":"west"},"west":{"uv":[4,11,5,13],"texture":"#all","cullface":"west"},"up":{"uv":[4,11,5,11.5],"rotation":270,"texture":"#all","cullface":"west"},"down":{"uv":[4,12,5,12.5],"rotation":90,"texture":"#all","cullface":"west"}}},{"from":[-0.5,5,4],"to":[0,6,5],"light_emission":15,"faces":{"north":{"uv":[4,10,4.5,11],"texture":"#all","cullface":"west"},"west":{"uv":[4,10,5,11],"texture":"#all","cullface":"west"},"up":{"uv":[4,10,5,10.5],"rotation":270,"texture":"#all","cullface":"west"}}},{"from":[-0.5,6,5],"to":[0,7,6],"light_emission":15,"faces":{"north":{"uv":[5,9,5.5,10],"texture":"#all","cullface":"west"},"west":{"uv":[5,9,6,10],"texture":"#all","cullface":"west"},"up":{"uv":[5,9,6,9.5],"rotation":270,"texture":"#all","cullface":"west"}}},{"from":[-0.5,10,10],"to":[0,11,11],"light_emission":15,"faces":{"north":{"uv":[10,5,10.5,6],"texture":"#all","cullface":"west"},"west":{"uv":[10,5,11,6],"texture":"#all","cullface":"west"},"up":{"uv":[10,5,11,5.5],"rotation":270,"texture":"#all","cullface":"west"}}},{"from":[-0.5,2,4],"to":[0,3,6],"light_emission":15,"faces":{"north":{"uv":[4,13,4.5,14],"texture":"#all","cullface":"west"},"south":{"uv":[5,13,5.5,14],"texture":"#all","cullface":"west"},"west":{"uv":[4,13,6,14],"texture":"#all","cullface":"west"},"down":{"uv":[4,13,6,13.5],"rotation":270,"texture":"#all","cullface":"west"}}},{"from":[-0.5,3,6],"to":[0,4,7],"light_emission":15,"faces":{"south":{"uv":[6,12,6.5,13],"texture":"#all","cullface":"west"},"west":{"uv":[6,12,7,13],"texture":"#all","cullface":"west"},"down":{"uv":[6,12,7,12.5],"rotation":90,"texture":"#all","cullface":"west"}}},{"from":[-0.5,4,7],"to":[0,7,8],"light_emission":15,"faces":{"south":{"uv":[7,9,7.5,12],"texture":"#all","cullface":"west"},"west":{"uv":[7,9,8,12],"texture":"#all","cullface":"west"},"up":{"uv":[7,9,8,9.5],"rotation":270,"texture":"#all","cullface":"west"},"down":{"uv":[7,11,8,11.5],"rotation":90,"texture":"#all","cullface":"west"}}},{"from":[-0.5,3,3],"to":[0,5,4],"light_emission":15,"faces":{"north":{"uv":[3,11,3.5,13],"texture":"#all","cullface":"west"},"west":{"uv":[3,11,4,13],"texture":"#all","cullface":"west"},"up":{"uv":[3,11,4,11.5],"rotation":270,"texture":"#all","cullface":"west"},"down":{"uv":[3,12,4,12.5],"rotation":90,"texture":"#all","cullface":"west"}}},{"from":[-0.7,11,4],"to":[0,14,5],"light_emission":15,"faces":{"north":{"uv":[4,2,4.5,5],"texture":"#all","cullface":"west"},"south":{"uv":[4,2,4.5,5],"texture":"#all","cullface":"west"},"west":{"uv":[4,2,5,5],"texture":"#all","cullface":"west"},"up":{"uv":[4,2,5,2.5],"rotation":270,"texture":"#all","cullface":"west"},"down":{"uv":[4,4,5,4.5],"rotation":90,"texture":"#all","cullface":"west"}}},{"from":[-0.7,12,5],"to":[0,14,7],"light_emission":15,"faces":{"south":{"uv":[6,2,6.7,4],"texture":"#all","cullface":"west"},"west":{"uv":[5,2,7,4],"texture":"#all","cullface":"west"},"up":{"uv":[5,2,7,2.7],"rotation":90,"texture":"#all","cullface":"west"},"down":{"uv":[5,3,7,3.7],"rotation":270,"texture":"#all","cullface":"west"}}},{"from":[-0.7,11,2],"to":[0,13,4],"light_emission":15,"faces":{"north":{"uv":[2,3,2.7,5],"texture":"#all","cullface":"west"},"west":{"uv":[2,3,4,5],"texture":"#all","cullface":"west"},"up":{"uv":[2,3,4,3.7],"rotation":90,"texture":"#all","cullface":"west"},"down":{"uv":[2,4,4,4.7],"rotation":270,"texture":"#all","cullface":"west"}}},{"from":[-0.5,11,1],"to":[0,13,2],"light_emission":15,"faces":{"north":{"uv":[1,3,1.5,5],"texture":"#all","cullface":"west"},"west":{"uv":[1,3,2,5],"texture":"#all","cullface":"west"},"up":{"uv":[1,3,2,3.5],"rotation":270,"texture":"#all","cullface":"west"},"down":{"uv":[1,4,2,4.5],"rotation":90,"texture":"#all","cullface":"west"}}},{"from":[-0.5,12,7],"to":[0,14,8],"light_emission":15,"faces":{"south":{"uv":[7,2,7.5,4],"texture":"#all","cullface":"west"},"west":{"uv":[7,2,8,4],"texture":"#all","cullface":"west"},"down":{"uv":[7,3,8,3.5],"rotation":90,"texture":"#all","cullface":"west"}}},{"from":[-0.5,13,2],"to":[0,14,4],"light_emission":15,"faces":{"north":{"uv":[2,2,2.5,3],"texture":"#all","cullface":"west"},"west":{"uv":[2,2,4,3],"texture":"#all","cullface":"west"},"up":{"uv":[2,2,4,2.5],"rotation":90,"texture":"#all","cullface":"west"}}},{"from":[-0.5,11,5],"to":[0,12,7],"light_emission":15,"faces":{"south":{"uv":[6,4,6.5,5],"texture":"#all","cullface":"west"},"west":{"uv":[5,4,7,5],"texture":"#all","cullface":"west"},"down":{"uv":[5,4,7,4.5],"rotation":270,"texture":"#all","cullface":"west"}}},{"from":[-0.5,14,4],"to":[0,15,8],"light_emission":15,"faces":{"north":{"uv":[4,1,4.5,2],"texture":"#all","cullface":"west"},"south":{"uv":[7,1,7.5,2],"texture":"#all","cullface":"west"},"west":{"uv":[4,1,8,2],"texture":"#all","cullface":"west"},"up":{"uv":[4,1,8,1.5],"rotation":90,"texture":"#all","cullface":"west"}}},{"from":[-0.5,10,2],"to":[0,11,5],"light_emission":15,"faces":{"north":{"uv":[2,5,2.5,6],"texture":"#all","cullface":"west"},"south":{"uv":[4,5,4.5,6],"texture":"#all","cullface":"west"},"west":{"uv":[2,5,5,6],"texture":"#all","cullface":"west"},"down":{"uv":[2,5,5,5.5],"rotation":270,"texture":"#all","cullface":"west"}}},{"from":[11,10,16],"to":[12,11,16.7],"light_emission":15,"faces":{"south":{"uv":[11,5,12,6],"texture":"#all","cullface":"south"},"west":{"uv":[11,5,11.7,6],"texture":"#all","cullface":"south"},"up":{"uv":[11,5,12,5.7],"rotation":180,"texture":"#all","cullface":"south"}}},{"from":[12,7,16],"to":[14,11,16.7],"light_emission":15,"faces":{"east":{"uv":[13,5,13.7,9],"texture":"#all","cullface":"south"},"south":{"uv":[12,5,14,9],"texture":"#all","cullface":"south"},"up":{"uv":[12,5,14,5.7],"texture":"#all","cullface":"south"},"down":{"uv":[12,8,14,8.7],"texture":"#all","cullface":"south"}}},{"from":[10,6,16],"to":[12,10,16.7],"light_emission":15,"faces":{"east":{"uv":[11,6,11.7,10],"texture":"#all","cullface":"south"},"south":{"uv":[10,6,12,10],"texture":"#all","cullface":"south"},"west":{"uv":[10,6,10.7,10],"texture":"#all","cullface":"south"},"up":{"uv":[10,6,12,6.7],"texture":"#all","cullface":"south"},"down":{"uv":[10,9,12,9.7],"texture":"#all","cullface":"south"}}},{"from":[12,6,16],"to":[14,7,16.5],"light_emission":15,"faces":{"east":{"uv":[13,9,13.5,10],"texture":"#all","cullface":"south"},"south":{"uv":[12,9,14,10],"texture":"#all","cullface":"south"},"down":{"uv":[12,9,14,9.5],"texture":"#all","cullface":"south"}}},{"from":[10,5,16],"to":[12,6,16.5],"light_emission":15,"faces":{"east":{"uv":[11,10,11.5,11],"texture":"#all","cullface":"south"},"south":{"uv":[10,10,12,11],"texture":"#all","cullface":"south"},"west":{"uv":[10,10,10.5,11],"texture":"#all","cullface":"south"},"down":{"uv":[10,10,12,10.5],"texture":"#all","cullface":"south"}}},{"from":[6,7,16],"to":[7,8,16.5],"light_emission":15,"faces":{"east":{"uv":[6,8,6.5,9],"texture":"#all","cullface":"south"},"south":{"uv":[6,8,7,9],"texture":"#all","cullface":"south"},"west":{"uv":[6,8,6.5,9],"texture":"#all","cullface":"south"},"up":{"uv":[6,8,7,8.5],"rotation":180,"texture":"#all","cullface":"south"}}},{"from":[11,11,16],"to":[14,12,16.5],"light_emission":15,"faces":{"east":{"uv":[13,4,13.5,5],"texture":"#all","cullface":"south"},"south":{"uv":[11,4,14,5],"texture":"#all","cullface":"south"},"west":{"uv":[11,4,11.5,5],"texture":"#all","cullface":"south"},"up":{"uv":[11,4,14,4.5],"texture":"#all","cullface":"south"}}},{"from":[9,7,16],"to":[10,10,16.5],"light_emission":15,"faces":{"south":{"uv":[9,6,10,9],"texture":"#all","cullface":"south"},"west":{"uv":[9,6,9.5,9],"texture":"#all","cullface":"south"},"up":{"uv":[9,6,10,6.5],"rotation":180,"texture":"#all","cullface":"south"},"down":{"uv":[9,8,10,8.5],"rotation":180,"texture":"#all","cullface":"south"}}},{"from":[14,8,16],"to":[15,11,16.5],"light_emission":15,"faces":{"east":{"uv":[14,5,14.5,8],"texture":"#all","cullface":"south"},"south":{"uv":[14,5,15,8],"texture":"#all","cullface":"south"},"up":{"uv":[14,5,15,5.5],"rotation":180,"texture":"#all","cullface":"south"},"down":{"uv":[14,7,15,7.5],"rotation":180,"texture":"#all","cullface":"south"}}},{"from":[5,3,16],"to":[6,6,16.7],"light_emission":15,"faces":{"east":{"uv":[5,10,5.5,13],"texture":"#all","cullface":"south"},"south":{"uv":[5,10,6,13],"texture":"#all","cullface":"south"},"west":{"uv":[5,10,5.5,13],"texture":"#all","cullface":"south"},"up":{"uv":[5,10,6,10.5],"rotation":180,"texture":"#all","cullface":"south"},"down":{"uv":[5,12,6,12.5],"rotation":180,"texture":"#all","cullface":"south"}}},{"from":[6,4,16],"to":[7,7,16.7],"light_emission":15,"faces":{"east":{"uv":[6,9,6.5,12],"texture":"#all","cullface":"south"},"south":{"uv":[6,9,7,12],"texture":"#all","cullface":"south"},"west":{"uv":[6,9,6.5,12],"texture":"#all","cullface":"south"},"up":{"uv":[6,9,7,9.5],"rotation":180,"texture":"#all","cullface":"south"},"down":{"uv":[6,11,7,11.5],"rotation":180,"texture":"#all","cullface":"south"}}},{"from":[4,3,16],"to":[5,5,16.7],"light_emission":15,"faces":{"south":{"uv":[4,11,5,13],"texture":"#all","cullface":"south"},"west":{"uv":[4,11,4.5,13],"texture":"#all","cullface":"south"},"up":{"uv":[4,11,5,11.5],"rotation":180,"texture":"#all","cullface":"south"},"down":{"uv":[4,12,5,12.5],"rotation":180,"texture":"#all","cullface":"south"}}},{"from":[4,5,16],"to":[5,6,16.5],"light_emission":15,"faces":{"south":{"uv":[4,10,5,11],"texture":"#all","cullface":"south"},"west":{"uv":[4,10,4.5,11],"texture":"#all","cullface":"south"},"up":{"uv":[4,10,5,10.5],"rotation":180,"texture":"#all","cullface":"south"}}},{"from":[5,6,16],"to":[6,7,16.5],"light_emission":15,"faces":{"south":{"uv":[5,9,6,10],"texture":"#all","cullface":"south"},"west":{"uv":[5,9,5.5,10],"texture":"#all","cullface":"south"},"up":{"uv":[5,9,6,9.5],"rotation":180,"texture":"#all","cullface":"south"}}},{"from":[10,10,16],"to":[11,11,16.5],"light_emission":15,"faces":{"south":{"uv":[10,5,11,6],"texture":"#all","cullface":"south"},"west":{"uv":[10,5,10.5,6],"texture":"#all","cullface":"south"},"up":{"uv":[10,5,11,5.5],"rotation":180,"texture":"#all","cullface":"south"}}},{"from":[4,2,16],"to":[6,3,16.5],"light_emission":15,"faces":{"east":{"uv":[5,13,5.5,14],"texture":"#all","cullface":"south"},"south":{"uv":[4,13,6,14],"texture":"#all","cullface":"south"},"west":{"uv":[4,13,4.5,14],"texture":"#all","cullface":"south"},"down":{"uv":[4,13,6,13.5],"texture":"#all","cullface":"south"}}},{"from":[6,3,16],"to":[7,4,16.5],"light_emission":15,"faces":{"east":{"uv":[6,12,6.5,13],"texture":"#all","cullface":"south"},"south":{"uv":[6,12,7,13],"texture":"#all","cullface":"south"},"down":{"uv":[6,12,7,12.5],"rotation":180,"texture":"#all","cullface":"south"}}},{"from":[7,4,16],"to":[8,7,16.5],"light_emission":15,"faces":{"east":{"uv":[7,9,7.5,12],"texture":"#all","cullface":"south"},"south":{"uv":[7,9,8,12],"texture":"#all","cullface":"south"},"up":{"uv":[7,9,8,9.5],"rotation":180,"texture":"#all","cullface":"south"},"down":{"uv":[7,11,8,11.5],"rotation":180,"texture":"#all","cullface":"south"}}},{"from":[3,3,16],"to":[4,5,16.5],"light_emission":15,"faces":{"south":{"uv":[3,11,4,13],"texture":"#all","cullface":"south"},"west":{"uv":[3,11,3.5,13],"texture":"#all","cullface":"south"},"up":{"uv":[3,11,4,11.5],"rotation":180,"texture":"#all","cullface":"south"},"down":{"uv":[3,12,4,12.5],"rotation":180,"texture":"#all","cullface":"south"}}},{"from":[4,11,16],"to":[5,14,16.7],"light_emission":15,"faces":{"east":{"uv":[4,2,4.5,5],"texture":"#all","cullface":"south"},"south":{"uv":[4,2,5,5],"texture":"#all","cullface":"south"},"west":{"uv":[4,2,4.5,5],"texture":"#all","cullface":"south"},"up":{"uv":[4,2,5,2.5],"rotation":180,"texture":"#all","cullface":"south"},"down":{"uv":[4,4,5,4.5],"rotation":180,"texture":"#all","cullface":"south"}}},{"from":[5,12,16],"to":[7,14,16.7],"light_emission":15,"faces":{"east":{"uv":[6,2,6.7,4],"texture":"#all","cullface":"south"},"south":{"uv":[5,2,7,4],"texture":"#all","cullface":"south"},"up":{"uv":[5,2,7,2.7],"texture":"#all","cullface":"south"},"down":{"uv":[5,3,7,3.7],"texture":"#all","cullface":"south"}}},{"from":[2,11,16],"to":[4,13,16.7],"light_emission":15,"faces":{"south":{"uv":[2,3,4,5],"texture":"#all","cullface":"south"},"west":{"uv":[2,3,2.7,5],"texture":"#all","cullface":"south"},"up":{"uv":[2,3,4,3.7],"texture":"#all","cullface":"south"},"down":{"uv":[2,4,4,4.7],"texture":"#all","cullface":"south"}}},{"from":[1,11,16],"to":[2,13,16.5],"light_emission":15,"faces":{"south":{"uv":[1,3,2,5],"texture":"#all","cullface":"south"},"west":{"uv":[1,3,1.5,5],"texture":"#all","cullface":"south"},"up":{"uv":[1,3,2,3.5],"rotation":180,"texture":"#all","cullface":"south"},"down":{"uv":[1,4,2,4.5],"rotation":180,"texture":"#all","cullface":"south"}}},{"from":[7,12,16],"to":[8,14,16.5],"light_emission":15,"faces":{"east":{"uv":[7,2,7.5,4],"texture":"#all","cullface":"south"},"south":{"uv":[7,2,8,4],"texture":"#all","cullface":"south"},"down":{"uv":[7,3,8,3.5],"rotation":180,"texture":"#all","cullface":"south"}}},{"from":[2,13,16],"to":[4,14,16.5],"light_emission":15,"faces":{"south":{"uv":[2,2,4,3],"texture":"#all","cullface":"south"},"west":{"uv":[2,2,2.5,3],"texture":"#all","cullface":"south"},"up":{"uv":[2,2,4,2.5],"texture":"#all","cullface":"south"}}},{"from":[5,11,16],"to":[7,12,16.5],"light_emission":15,"faces":{"east":{"uv":[6,4,6.5,5],"texture":"#all","cullface":"south"},"south":{"uv":[5,4,7,5],"texture":"#all","cullface":"south"},"down":{"uv":[5,4,7,4.5],"texture":"#all","cullface":"south"}}},{"from":[4,14,16],"to":[8,15,16.5],"light_emission":15,"faces":{"east":{"uv":[7,1,7.5,2],"texture":"#all","cullface":"south"},"south":{"uv":[4,1,8,2],"texture":"#all","cullface":"south"},"west":{"uv":[4,1,4.5,2],"texture":"#all","cullface":"south"},"up":{"uv":[4,1,8,1.5],"texture":"#all","cullface":"south"}}},{"from":[2,10,16],"to":[5,11,16.5],"light_emission":15,"faces":{"east":{"uv":[4,5,4.5,6],"texture":"#all","cullface":"south"},"south":{"uv":[2,5,5,6],"texture":"#all","cullface":"south"},"west":{"uv":[2,5,2.5,6],"texture":"#all","cullface":"south"},"down":{"uv":[2,5,5,5.5],"texture":"#all","cullface":"south"}}},{"from":[16,10,4],"to":[16.7,11,5],"light_emission":15,"faces":{"east":{"uv":[11,5,12,6],"texture":"#all","cullface":"east"},"south":{"uv":[11,5,11.7,6],"texture":"#all","cullface":"east"},"up":{"uv":[11,5,12,5.7],"rotation":90,"texture":"#all","cullface":"east"}}},{"from":[16,7,2],"to":[16.7,11,4],"light_emission":15,"faces":{"north":{"uv":[13,5,13.7,9],"texture":"#all","cullface":"east"},"east":{"uv":[12,5,14,9],"texture":"#all","cullface":"east"},"up":{"uv":[12,5,14,5.7],"rotation":270,"texture":"#all","cullface":"east"},"down":{"uv":[12,8,14,8.7],"rotation":90,"texture":"#all","cullface":"east"}}},{"from":[16,6,4],"to":[16.7,10,6],"light_emission":15,"faces":{"north":{"uv":[11,6,11.7,10],"texture":"#all","cullface":"east"},"east":{"uv":[10,6,12,10],"texture":"#all","cullface":"east"},"south":{"uv":[10,6,10.7,10],"texture":"#all","cullface":"east"},"up":{"uv":[10,6,12,6.7],"rotation":270,"texture":"#all","cullface":"east"},"down":{"uv":[10,9,12,9.7],"rotation":90,"texture":"#all","cullface":"east"}}},{"from":[16,6,2],"to":[16.5,7,4],"light_emission":15,"faces":{"north":{"uv":[13,9,13.5,10],"texture":"#all","cullface":"east"},"east":{"uv":[12,9,14,10],"texture":"#all","cullface":"east"},"down":{"uv":[12,9,14,9.5],"rotation":90,"texture":"#all","cullface":"east"}}},{"from":[16,5,4],"to":[16.5,6,6],"light_emission":15,"faces":{"north":{"uv":[11,10,11.5,11],"texture":"#all","cullface":"east"},"east":{"uv":[10,10,12,11],"texture":"#all","cullface":"east"},"south":{"uv":[10,10,10.5,11],"texture":"#all","cullface":"east"},"down":{"uv":[10,10,12,10.5],"rotation":90,"texture":"#all","cullface":"east"}}},{"from":[16,7,9],"to":[16.5,8,10],"light_emission":15,"faces":{"north":{"uv":[6,8,6.5,9],"texture":"#all","cullface":"east"},"east":{"uv":[6,8,7,9],"texture":"#all","cullface":"east"},"south":{"uv":[6,8,6.5,9],"texture":"#all","cullface":"east"},"up":{"uv":[6,8,7,8.5],"rotation":90,"texture":"#all","cullface":"east"}}},{"from":[16,11,2],"to":[16.5,12,5],"light_emission":15,"faces":{"north":{"uv":[13,4,13.5,5],"texture":"#all","cullface":"east"},"east":{"uv":[11,4,14,5],"texture":"#all","cullface":"east"},"south":{"uv":[11,4,11.5,5],"texture":"#all","cullface":"east"},"up":{"uv":[11,4,14,4.5],"rotation":270,"texture":"#all","cullface":"east"}}},{"from":[16,7,6],"to":[16.5,10,7],"light_emission":15,"faces":{"east":{"uv":[9,6,10,9],"texture":"#all","cullface":"east"},"south":{"uv":[9,6,9.5,9],"texture":"#all","cullface":"east"},"up":{"uv":[9,6,10,6.5],"rotation":90,"texture":"#all","cullface":"east"},"down":{"uv":[9,8,10,8.5],"rotation":270,"texture":"#all","cullface":"east"}}},{"from":[16,8,1],"to":[16.5,11,2],"light_emission":15,"faces":{"north":{"uv":[14,5,14.5,8],"texture":"#all","cullface":"east"},"east":{"uv":[14,5,15,8],"texture":"#all","cullface":"east"},"up":{"uv":[14,5,15,5.5],"rotation":90,"texture":"#all","cullface":"east"},"down":{"uv":[14,7,15,7.5],"rotation":270,"texture":"#all","cullface":"east"}}},{"from":[16,3,10],"to":[16.7,6,11],"light_emission":15,"faces":{"north":{"uv":[5,10,5.5,13],"texture":"#all","cullface":"east"},"east":{"uv":[5,10,6,13],"texture":"#all","cullface":"east"},"south":{"uv":[5,10,5.5,13],"texture":"#all","cullface":"east"},"up":{"uv":[5,10,6,10.5],"rotation":90,"texture":"#all","cullface":"east"},"down":{"uv":[5,12,6,12.5],"rotation":270,"texture":"#all","cullface":"east"}}},{"from":[16,4,9],"to":[16.7,7,10],"light_emission":15,"faces":{"north":{"uv":[6,9,6.5,12],"texture":"#all","cullface":"east"},"east":{"uv":[6,9,7,12],"texture":"#all","cullface":"east"},"south":{"uv":[6,9,6.5,12],"texture":"#all","cullface":"east"},"up":{"uv":[6,9,7,9.5],"rotation":90,"texture":"#all","cullface":"east"},"down":{"uv":[6,11,7,11.5],"rotation":270,"texture":"#all","cullface":"east"}}},{"from":[16,3,11],"to":[16.7,5,12],"light_emission":15,"faces":{"east":{"uv":[4,11,5,13],"texture":"#all","cullface":"east"},"south":{"uv":[4,11,4.5,13],"texture":"#all","cullface":"east"},"up":{"uv":[4,11,5,11.5],"rotation":90,"texture":"#all","cullface":"east"},"down":{"uv":[4,12,5,12.5],"rotation":270,"texture":"#all","cullface":"east"}}},{"from":[16,5,11],"to":[16.5,6,12],"light_emission":15,"faces":{"east":{"uv":[4,10,5,11],"texture":"#all","cullface":"east"},"south":{"uv":[4,10,4.5,11],"texture":"#all","cullface":"east"},"up":{"uv":[4,10,5,10.5],"rotation":90,"texture":"#all","cullface":"east"}}},{"from":[16,6,10],"to":[16.5,7,11],"light_emission":15,"faces":{"east":{"uv":[5,9,6,10],"texture":"#all","cullface":"east"},"south":{"uv":[5,9,5.5,10],"texture":"#all","cullface":"east"},"up":{"uv":[5,9,6,9.5],"rotation":90,"texture":"#all","cullface":"east"}}},{"from":[16,10,5],"to":[16.5,11,6],"light_emission":15,"faces":{"east":{"uv":[10,5,11,6],"texture":"#all","cullface":"east"},"south":{"uv":[10,5,10.5,6],"texture":"#all","cullface":"east"},"up":{"uv":[10,5,11,5.5],"rotation":90,"texture":"#all","cullface":"east"}}},{"from":[16,2,10],"to":[16.5,3,12],"light_emission":15,"faces":{"north":{"uv":[5,13,5.5,14],"texture":"#all","cullface":"east"},"east":{"uv":[4,13,6,14],"texture":"#all","cullface":"east"},"south":{"uv":[4,13,4.5,14],"texture":"#all","cullface":"east"},"down":{"uv":[4,13,6,13.5],"rotation":90,"texture":"#all","cullface":"east"}}},{"from":[16,3,9],"to":[16.5,4,10],"light_emission":15,"faces":{"north":{"uv":[6,12,6.5,13],"texture":"#all","cullface":"east"},"east":{"uv":[6,12,7,13],"texture":"#all","cullface":"east"},"down":{"uv":[6,12,7,12.5],"rotation":270,"texture":"#all","cullface":"east"}}},{"from":[16,4,8],"to":[16.5,7,9],"light_emission":15,"faces":{"north":{"uv":[7,9,7.5,12],"texture":"#all","cullface":"east"},"east":{"uv":[7,9,8,12],"texture":"#all","cullface":"east"},"up":{"uv":[7,9,8,9.5],"rotation":90,"texture":"#all","cullface":"east"},"down":{"uv":[7,11,8,11.5],"rotation":270,"texture":"#all","cullface":"east"}}},{"from":[16,3,12],"to":[16.5,5,13],"light_emission":15,"faces":{"east":{"uv":[3,11,4,13],"texture":"#all","cullface":"east"},"south":{"uv":[3,11,3.5,13],"texture":"#all","cullface":"east"},"up":{"uv":[3,11,4,11.5],"rotation":90,"texture":"#all","cullface":"east"},"down":{"uv":[3,12,4,12.5],"rotation":270,"texture":"#all","cullface":"east"}}},{"from":[16,11,11],"to":[16.7,14,12],"light_emission":15,"faces":{"north":{"uv":[4,2,4.5,5],"texture":"#all","cullface":"east"},"east":{"uv":[4,2,5,5],"texture":"#all","cullface":"east"},"south":{"uv":[4,2,4.5,5],"texture":"#all","cullface":"east"},"up":{"uv":[4,2,5,2.5],"rotation":90,"texture":"#all","cullface":"east"},"down":{"uv":[4,4,5,4.5],"rotation":270,"texture":"#all","cullface":"east"}}},{"from":[16,12,9],"to":[16.7,14,11],"light_emission":15,"faces":{"north":{"uv":[6,2,6.7,4],"texture":"#all","cullface":"east"},"east":{"uv":[5,2,7,4],"texture":"#all","cullface":"east"},"up":{"uv":[5,2,7,2.7],"rotation":270,"texture":"#all","cullface":"east"},"down":{"uv":[5,3,7,3.7],"rotation":90,"texture":"#all","cullface":"east"}}},{"from":[16,11,12],"to":[16.7,13,14],"light_emission":15,"faces":{"east":{"uv":[2,3,4,5],"texture":"#all","cullface":"east"},"south":{"uv":[2,3,2.7,5],"texture":"#all","cullface":"east"},"up":{"uv":[2,3,4,3.7],"rotation":270,"texture":"#all","cullface":"east"},"down":{"uv":[2,4,4,4.7],"rotation":90,"texture":"#all","cullface":"east"}}},{"from":[16,11,14],"to":[16.5,13,15],"light_emission":15,"faces":{"east":{"uv":[1,3,2,5],"texture":"#all","cullface":"east"},"south":{"uv":[1,3,1.5,5],"texture":"#all","cullface":"east"},"up":{"uv":[1,3,2,3.5],"rotation":90,"texture":"#all","cullface":"east"},"down":{"uv":[1,4,2,4.5],"rotation":270,"texture":"#all","cullface":"east"}}},{"from":[16,12,8],"to":[16.5,14,9],"light_emission":15,"faces":{"north":{"uv":[7,2,7.5,4],"texture":"#all","cullface":"east"},"east":{"uv":[7,2,8,4],"texture":"#all","cullface":"east"},"down":{"uv":[7,3,8,3.5],"rotation":270,"texture":"#all","cullface":"east"}}},{"from":[16,13,12],"to":[16.5,14,14],"light_emission":15,"faces":{"east":{"uv":[2,2,4,3],"texture":"#all","cullface":"east"},"south":{"uv":[2,2,2.5,3],"texture":"#all","cullface":"east"},"up":{"uv":[2,2,4,2.5],"rotation":270,"texture":"#all","cullface":"east"}}},{"from":[16,11,9],"to":[16.5,12,11],"light_emission":15,"faces":{"north":{"uv":[6,4,6.5,5],"texture":"#all","cullface":"east"},"east":{"uv":[5,4,7,5],"texture":"#all","cullface":"east"},"down":{"uv":[5,4,7,4.5],"rotation":90,"texture":"#all","cullface":"east"}}},{"from":[16,14,8],"to":[16.5,15,12],"light_emission":15,"faces":{"north":{"uv":[7,1,7.5,2],"texture":"#all","cullface":"east"},"east":{"uv":[4,1,8,2],"texture":"#all","cullface":"east"},"south":{"uv":[4,1,4.5,2],"texture":"#all","cullface":"east"},"up":{"uv":[4,1,8,1.5],"rotation":270,"texture":"#all","cullface":"east"}}},{"from":[16,10,11],"to":[16.5,11,14],"light_emission":15,"faces":{"north":{"uv":[4,5,4.5,6],"texture":"#all","cullface":"east"},"east":{"uv":[2,5,5,6],"texture":"#all","cullface":"east"},"south":{"uv":[2,5,2.5,6],"texture":"#all","cullface":"east"},"down":{"uv":[2,5,5,5.5],"rotation":90,"texture":"#all","cullface":"east"}}},{"from":[11,16,5],"to":[12,16.7,6],"light_emission":15,"faces":{"north":{"uv":[11,5,12,5.7],"texture":"#all","cullface":"up"},"west":{"uv":[11,5,11.7,6],"rotation":270,"texture":"#all","cullface":"up"},"up":{"uv":[11,5,12,6],"texture":"#all","cullface":"up"}}},{"from":[12,16,5],"to":[14,16.7,9],"light_emission":15,"faces":{"north":{"uv":[12,5,14,5.7],"rotation":180,"texture":"#all","cullface":"up"},"east":{"uv":[13,5,13.7,9],"rotation":90,"texture":"#all","cullface":"up"},"south":{"uv":[12,8,14,8.7],"texture":"#all","cullface":"up"},"up":{"uv":[12,5,14,9],"texture":"#all","cullface":"up"}}},{"from":[10,16,6],"to":[12,16.7,10],"light_emission":15,"faces":{"north":{"uv":[10,6,12,6.7],"rotation":180,"texture":"#all","cullface":"up"},"east":{"uv":[11,6,11.7,10],"rotation":90,"texture":"#all","cullface":"up"},"south":{"uv":[10,9,12,9.7],"texture":"#all","cullface":"up"},"west":{"uv":[10,6,10.7,10],"rotation":270,"texture":"#all","cullface":"up"},"up":{"uv":[10,6,12,10],"texture":"#all","cullface":"up"}}},{"from":[12,16,9],"to":[14,16.5,10],"light_emission":15,"faces":{"east":{"uv":[13,9,13.5,10],"rotation":90,"texture":"#all","cullface":"up"},"south":{"uv":[12,9,14,9.5],"texture":"#all","cullface":"up"},"up":{"uv":[12,9,14,10],"texture":"#all","cullface":"up"}}},{"from":[10,16,10],"to":[12,16.5,11],"light_emission":15,"faces":{"east":{"uv":[11,10,11.5,11],"rotation":90,"texture":"#all","cullface":"up"},"south":{"uv":[10,10,12,10.5],"texture":"#all","cullface":"up"},"west":{"uv":[10,10,10.5,11],"rotation":270,"texture":"#all","cullface":"up"},"up":{"uv":[10,10,12,11],"texture":"#all","cullface":"up"}}},{"from":[6,16,8],"to":[7,16.5,9],"light_emission":15,"faces":{"north":{"uv":[6,8,7,8.5],"texture":"#all","cullface":"up"},"east":{"uv":[6,8,6.5,9],"rotation":90,"texture":"#all","cullface":"up"},"west":{"uv":[6,8,6.5,9],"rotation":270,"texture":"#all","cullface":"up"},"up":{"uv":[6,8,7,9],"texture":"#all","cullface":"up"}}},{"from":[11,16,4],"to":[14,16.5,5],"light_emission":15,"faces":{"north":{"uv":[11,4,14,4.5],"rotation":180,"texture":"#all","cullface":"up"},"east":{"uv":[13,4,13.5,5],"rotation":90,"texture":"#all","cullface":"up"},"west":{"uv":[11,4,11.5,5],"rotation":270,"texture":"#all","cullface":"up"},"up":{"uv":[11,4,14,5],"texture":"#all","cullface":"up"}}},{"from":[9,16,6],"to":[10,16.5,9],"light_emission":15,"faces":{"north":{"uv":[9,6,10,6.5],"texture":"#all","cullface":"up"},"south":{"uv":[9,8,10,8.5],"rotation":180,"texture":"#all","cullface":"up"},"west":{"uv":[9,6,9.5,9],"rotation":270,"texture":"#all","cullface":"up"},"up":{"uv":[9,6,10,9],"texture":"#all","cullface":"up"}}},{"from":[14,16,5],"to":[15,16.5,8],"light_emission":15,"faces":{"north":{"uv":[14,5,15,5.5],"texture":"#all","cullface":"up"},"east":{"uv":[14,5,14.5,8],"rotation":90,"texture":"#all","cullface":"up"},"south":{"uv":[14,7,15,7.5],"rotation":180,"texture":"#all","cullface":"up"},"up":{"uv":[14,5,15,8],"texture":"#all","cullface":"up"}}},{"from":[5,16,10],"to":[6,16.7,13],"light_emission":15,"faces":{"north":{"uv":[5,10,6,10.5],"texture":"#all","cullface":"up"},"east":{"uv":[5,10,5.5,13],"rotation":90,"texture":"#all","cullface":"up"},"south":{"uv":[5,12,6,12.5],"rotation":180,"texture":"#all","cullface":"up"},"west":{"uv":[5,10,5.5,13],"rotation":270,"texture":"#all","cullface":"up"},"up":{"uv":[5,10,6,13],"texture":"#all","cullface":"up"}}},{"from":[6,16,9],"to":[7,16.7,12],"light_emission":15,"faces":{"north":{"uv":[6,9,7,9.5],"texture":"#all","cullface":"up"},"east":{"uv":[6,9,6.5,12],"rotation":90,"texture":"#all","cullface":"up"},"south":{"uv":[6,11,7,11.5],"rotation":180,"texture":"#all","cullface":"up"},"west":{"uv":[6,9,6.5,12],"rotation":270,"texture":"#all","cullface":"up"},"up":{"uv":[6,9,7,12],"texture":"#all","cullface":"up"}}},{"from":[4,16,11],"to":[5,16.7,13],"light_emission":15,"faces":{"north":{"uv":[4,11,5,11.5],"texture":"#all","cullface":"up"},"south":{"uv":[4,12,5,12.5],"rotation":180,"texture":"#all","cullface":"up"},"west":{"uv":[4,11,4.5,13],"rotation":270,"texture":"#all","cullface":"up"},"up":{"uv":[4,11,5,13],"texture":"#all","cullface":"up"}}},{"from":[4,16,10],"to":[5,16.5,11],"light_emission":15,"faces":{"north":{"uv":[4,10,5,10.5],"texture":"#all","cullface":"up"},"west":{"uv":[4,10,4.5,11],"rotation":270,"texture":"#all","cullface":"up"},"up":{"uv":[4,10,5,11],"texture":"#all","cullface":"up"}}},{"from":[5,16,9],"to":[6,16.5,10],"light_emission":15,"faces":{"north":{"uv":[5,9,6,9.5],"texture":"#all","cullface":"up"},"west":{"uv":[5,9,5.5,10],"rotation":270,"texture":"#all","cullface":"up"},"up":{"uv":[5,9,6,10],"texture":"#all","cullface":"up"}}},{"from":[10,16,5],"to":[11,16.5,6],"light_emission":15,"faces":{"north":{"uv":[10,5,11,5.5],"texture":"#all","cullface":"up"},"west":{"uv":[10,5,10.5,6],"rotation":270,"texture":"#all","cullface":"up"},"up":{"uv":[10,5,11,6],"texture":"#all","cullface":"up"}}},{"from":[4,16,13],"to":[6,16.5,14],"light_emission":15,"faces":{"east":{"uv":[5,13,5.5,14],"rotation":90,"texture":"#all","cullface":"up"},"south":{"uv":[4,13,6,13.5],"texture":"#all","cullface":"up"},"west":{"uv":[4,13,4.5,14],"rotation":270,"texture":"#all","cullface":"up"},"up":{"uv":[4,13,6,14],"texture":"#all","cullface":"up"}}},{"from":[6,16,12],"to":[7,16.5,13],"light_emission":15,"faces":{"east":{"uv":[6,12,6.5,13],"rotation":90,"texture":"#all","cullface":"up"},"south":{"uv":[6,12,7,12.5],"rotation":180,"texture":"#all","cullface":"up"},"up":{"uv":[6,12,7,13],"texture":"#all","cullface":"up"}}},{"from":[7,16,9],"to":[8,16.5,12],"light_emission":15,"faces":{"north":{"uv":[7,9,8,9.5],"texture":"#all","cullface":"up"},"east":{"uv":[7,9,7.5,12],"rotation":90,"texture":"#all","cullface":"up"},"south":{"uv":[7,11,8,11.5],"rotation":180,"texture":"#all","cullface":"up"},"up":{"uv":[7,9,8,12],"texture":"#all","cullface":"up"}}},{"from":[3,16,11],"to":[4,16.5,13],"light_emission":15,"faces":{"north":{"uv":[3,11,4,11.5],"texture":"#all","cullface":"up"},"south":{"uv":[3,12,4,12.5],"rotation":180,"texture":"#all","cullface":"up"},"west":{"uv":[3,11,3.5,13],"rotation":270,"texture":"#all","cullface":"up"},"up":{"uv":[3,11,4,13],"texture":"#all","cullface":"up"}}},{"from":[4,16,2],"to":[5,16.7,5],"light_emission":15,"faces":{"north":{"uv":[4,2,5,2.5],"texture":"#all","cullface":"up"},"east":{"uv":[4,2,4.5,5],"rotation":90,"texture":"#all","cullface":"up"},"south":{"uv":[4,4,5,4.5],"rotation":180,"texture":"#all","cullface":"up"},"west":{"uv":[4,2,4.5,5],"rotation":270,"texture":"#all","cullface":"up"},"up":{"uv":[4,2,5,5],"texture":"#all","cullface":"up"}}},{"from":[5,16,2],"to":[7,16.7,4],"light_emission":15,"faces":{"north":{"uv":[5,2,7,2.7],"rotation":180,"texture":"#all","cullface":"up"},"east":{"uv":[6,2,6.7,4],"rotation":90,"texture":"#all","cullface":"up"},"south":{"uv":[5,3,7,3.7],"texture":"#all","cullface":"up"},"up":{"uv":[5,2,7,4],"texture":"#all","cullface":"up"}}},{"from":[2,16,3],"to":[4,16.7,5],"light_emission":15,"faces":{"north":{"uv":[2,3,4,3.7],"rotation":180,"texture":"#all","cullface":"up"},"south":{"uv":[2,4,4,4.7],"texture":"#all","cullface":"up"},"west":{"uv":[2,3,2.7,5],"rotation":270,"texture":"#all","cullface":"up"},"up":{"uv":[2,3,4,5],"texture":"#all","cullface":"up"}}},{"from":[1,16,3],"to":[2,16.5,5],"light_emission":15,"faces":{"north":{"uv":[1,3,2,3.5],"texture":"#all","cullface":"up"},"south":{"uv":[1,4,2,4.5],"rotation":180,"texture":"#all","cullface":"up"},"west":{"uv":[1,3,1.5,5],"rotation":270,"texture":"#all","cullface":"up"},"up":{"uv":[1,3,2,5],"texture":"#all","cullface":"up"}}},{"from":[7,16,2],"to":[8,16.5,4],"light_emission":15,"faces":{"east":{"uv":[7,2,7.5,4],"rotation":90,"texture":"#all","cullface":"up"},"south":{"uv":[7,3,8,3.5],"rotation":180,"texture":"#all","cullface":"up"},"up":{"uv":[7,2,8,4],"texture":"#all","cullface":"up"}}},{"from":[2,16,2],"to":[4,16.5,3],"light_emission":15,"faces":{"north":{"uv":[2,2,4,2.5],"rotation":180,"texture":"#all","cullface":"up"},"west":{"uv":[2,2,2.5,3],"rotation":270,"texture":"#all","cullface":"up"},"up":{"uv":[2,2,4,3],"texture":"#all","cullface":"up"}}},{"from":[5,16,4],"to":[7,16.5,5],"light_emission":15,"faces":{"east":{"uv":[6,4,6.5,5],"rotation":90,"texture":"#all","cullface":"up"},"south":{"uv":[5,4,7,4.5],"texture":"#all","cullface":"up"},"up":{"uv":[5,4,7,5],"texture":"#all","cullface":"up"}}},{"from":[4,16,1],"to":[8,16.5,2],"light_emission":15,"faces":{"north":{"uv":[4,1,8,1.5],"rotation":180,"texture":"#all","cullface":"up"},"east":{"uv":[7,1,7.5,2],"rotation":90,"texture":"#all","cullface":"up"},"west":{"uv":[4,1,4.5,2],"rotation":270,"texture":"#all","cullface":"up"},"up":{"uv":[4,1,8,2],"texture":"#all","cullface":"up"}}},{"from":[2,16,5],"to":[5,16.5,6],"light_emission":15,"faces":{"east":{"uv":[4,5,4.5,6],"rotation":90,"texture":"#all","cullface":"up"},"south":{"uv":[2,5,5,5.5],"texture":"#all","cullface":"up"},"west":{"uv":[2,5,2.5,6],"rotation":270,"texture":"#all","cullface":"up"},"up":{"uv":[2,5,5,6],"texture":"#all","cullface":"up"}}},{"from":[11,-0.7,10],"to":[12,0,11],"light_emission":15,"faces":{"south":{"uv":[11,5,12,5.7],"rotation":180,"texture":"#all","cullface":"down"},"west":{"uv":[11,5,11.7,6],"rotation":90,"texture":"#all","cullface":"down"},"down":{"uv":[11,5,12,6],"texture":"#all","cullface":"down"}}},{"from":[12,-0.7,7],"to":[14,0,11],"light_emission":15,"faces":{"north":{"uv":[12,8,14,8.7],"rotation":180,"texture":"#all","cullface":"down"},"east":{"uv":[13,5,13.7,9],"rotation":270,"texture":"#all","cullface":"down"},"south":{"uv":[12,5,14,5.7],"texture":"#all","cullface":"down"},"down":{"uv":[12,5,14,9],"texture":"#all","cullface":"down"}}},{"from":[10,-0.7,6],"to":[12,0,10],"light_emission":15,"faces":{"north":{"uv":[10,9,12,9.7],"rotation":180,"texture":"#all","cullface":"down"},"east":{"uv":[11,6,11.7,10],"rotation":270,"texture":"#all","cullface":"down"},"south":{"uv":[10,6,12,6.7],"texture":"#all","cullface":"down"},"west":{"uv":[10,6,10.7,10],"rotation":90,"texture":"#all","cullface":"down"},"down":{"uv":[10,6,12,10],"texture":"#all","cullface":"down"}}},{"from":[12,-0.5,6],"to":[14,0,7],"light_emission":15,"faces":{"north":{"uv":[12,9,14,9.5],"rotation":180,"texture":"#all","cullface":"down"},"east":{"uv":[13,9,13.5,10],"rotation":270,"texture":"#all","cullface":"down"},"down":{"uv":[12,9,14,10],"texture":"#all","cullface":"down"}}},{"from":[10,-0.5,5],"to":[12,0,6],"light_emission":15,"faces":{"north":{"uv":[10,10,12,10.5],"rotation":180,"texture":"#all","cullface":"down"},"east":{"uv":[11,10,11.5,11],"rotation":270,"texture":"#all","cullface":"down"},"west":{"uv":[10,10,10.5,11],"rotation":90,"texture":"#all","cullface":"down"},"down":{"uv":[10,10,12,11],"texture":"#all","cullface":"down"}}},{"from":[6,-0.5,7],"to":[7,0,8],"light_emission":15,"faces":{"east":{"uv":[6,8,6.5,9],"rotation":270,"texture":"#all","cullface":"down"},"south":{"uv":[6,8,7,8.5],"rotation":180,"texture":"#all","cullface":"down"},"west":{"uv":[6,8,6.5,9],"rotation":90,"texture":"#all","cullface":"down"},"down":{"uv":[6,8,7,9],"texture":"#all","cullface":"down"}}},{"from":[11,-0.5,11],"to":[14,0,12],"light_emission":15,"faces":{"east":{"uv":[13,4,13.5,5],"rotation":270,"texture":"#all","cullface":"down"},"south":{"uv":[11,4,14,4.5],"texture":"#all","cullface":"down"},"west":{"uv":[11,4,11.5,5],"rotation":90,"texture":"#all","cullface":"down"},"down":{"uv":[11,4,14,5],"texture":"#all","cullface":"down"}}},{"from":[9,-0.5,7],"to":[10,0,10],"light_emission":15,"faces":{"north":{"uv":[9,8,10,8.5],"texture":"#all","cullface":"down"},"south":{"uv":[9,6,10,6.5],"rotation":180,"texture":"#all","cullface":"down"},"west":{"uv":[9,6,9.5,9],"rotation":90,"texture":"#all","cullface":"down"},"down":{"uv":[9,6,10,9],"texture":"#all","cullface":"down"}}},{"from":[14,-0.5,8],"to":[15,0,11],"light_emission":15,"faces":{"north":{"uv":[14,7,15,7.5],"texture":"#all","cullface":"down"},"east":{"uv":[14,5,14.5,8],"rotation":270,"texture":"#all","cullface":"down"},"south":{"uv":[14,5,15,5.5],"rotation":180,"texture":"#all","cullface":"down"},"down":{"uv":[14,5,15,8],"texture":"#all","cullface":"down"}}},{"from":[5,-0.7,3],"to":[6,0,6],"light_emission":15,"faces":{"north":{"uv":[5,12,6,12.5],"texture":"#all","cullface":"down"},"east":{"uv":[5,10,5.5,13],"rotation":270,"texture":"#all","cullface":"down"},"south":{"uv":[5,10,6,10.5],"rotation":180,"texture":"#all","cullface":"down"},"west":{"uv":[5,10,5.5,13],"rotation":90,"texture":"#all","cullface":"down"},"down":{"uv":[5,10,6,13],"texture":"#all","cullface":"down"}}},{"from":[6,-0.7,4],"to":[7,0,7],"light_emission":15,"faces":{"north":{"uv":[6,11,7,11.5],"texture":"#all","cullface":"down"},"east":{"uv":[6,9,6.5,12],"rotation":270,"texture":"#all","cullface":"down"},"south":{"uv":[6,9,7,9.5],"rotation":180,"texture":"#all","cullface":"down"},"west":{"uv":[6,9,6.5,12],"rotation":90,"texture":"#all","cullface":"down"},"down":{"uv":[6,9,7,12],"texture":"#all","cullface":"down"}}},{"from":[4,-0.7,3],"to":[5,0,5],"light_emission":15,"faces":{"north":{"uv":[4,12,5,12.5],"texture":"#all","cullface":"down"},"south":{"uv":[4,11,5,11.5],"rotation":180,"texture":"#all","cullface":"down"},"west":{"uv":[4,11,4.5,13],"rotation":90,"texture":"#all","cullface":"down"},"down":{"uv":[4,11,5,13],"texture":"#all","cullface":"down"}}},{"from":[4,-0.5,5],"to":[5,0,6],"light_emission":15,"faces":{"south":{"uv":[4,10,5,10.5],"rotation":180,"texture":"#all","cullface":"down"},"west":{"uv":[4,10,4.5,11],"rotation":90,"texture":"#all","cullface":"down"},"down":{"uv":[4,10,5,11],"texture":"#all","cullface":"down"}}},{"from":[5,-0.5,6],"to":[6,0,7],"light_emission":15,"faces":{"south":{"uv":[5,9,6,9.5],"rotation":180,"texture":"#all","cullface":"down"},"west":{"uv":[5,9,5.5,10],"rotation":90,"texture":"#all","cullface":"down"},"down":{"uv":[5,9,6,10],"texture":"#all","cullface":"down"}}},{"from":[10,-0.5,10],"to":[11,0,11],"light_emission":15,"faces":{"south":{"uv":[10,5,11,5.5],"rotation":180,"texture":"#all","cullface":"down"},"west":{"uv":[10,5,10.5,6],"rotation":90,"texture":"#all","cullface":"down"},"down":{"uv":[10,5,11,6],"texture":"#all","cullface":"down"}}},{"from":[4,-0.5,2],"to":[6,0,3],"light_emission":15,"faces":{"north":{"uv":[4,13,6,13.5],"rotation":180,"texture":"#all","cullface":"down"},"east":{"uv":[5,13,5.5,14],"rotation":270,"texture":"#all","cullface":"down"},"west":{"uv":[4,13,4.5,14],"rotation":90,"texture":"#all","cullface":"down"},"down":{"uv":[4,13,6,14],"texture":"#all","cullface":"down"}}},{"from":[6,-0.5,3],"to":[7,0,4],"light_emission":15,"faces":{"north":{"uv":[6,12,7,12.5],"texture":"#all","cullface":"down"},"east":{"uv":[6,12,6.5,13],"rotation":270,"texture":"#all","cullface":"down"},"down":{"uv":[6,12,7,13],"texture":"#all","cullface":"down"}}},{"from":[7,-0.5,4],"to":[8,0,7],"light_emission":15,"faces":{"north":{"uv":[7,11,8,11.5],"texture":"#all","cullface":"down"},"east":{"uv":[7,9,7.5,12],"rotation":270,"texture":"#all","cullface":"down"},"south":{"uv":[7,9,8,9.5],"rotation":180,"texture":"#all","cullface":"down"},"down":{"uv":[7,9,8,12],"texture":"#all","cullface":"down"}}},{"from":[3,-0.5,3],"to":[4,0,5],"light_emission":15,"faces":{"north":{"uv":[3,12,4,12.5],"texture":"#all","cullface":"down"},"south":{"uv":[3,11,4,11.5],"rotation":180,"texture":"#all","cullface":"down"},"west":{"uv":[3,11,3.5,13],"rotation":90,"texture":"#all","cullface":"down"},"down":{"uv":[3,11,4,13],"texture":"#all","cullface":"down"}}},{"from":[4,-0.7,11],"to":[5,0,14],"light_emission":15,"faces":{"north":{"uv":[4,4,5,4.5],"texture":"#all","cullface":"down"},"east":{"uv":[4,2,4.5,5],"rotation":270,"texture":"#all","cullface":"down"},"south":{"uv":[4,2,5,2.5],"rotation":180,"texture":"#all","cullface":"down"},"west":{"uv":[4,2,4.5,5],"rotation":90,"texture":"#all","cullface":"down"},"down":{"uv":[4,2,5,5],"texture":"#all","cullface":"down"}}},{"from":[5,-0.7,12],"to":[7,0,14],"light_emission":15,"faces":{"north":{"uv":[5,3,7,3.7],"rotation":180,"texture":"#all","cullface":"down"},"east":{"uv":[6,2,6.7,4],"rotation":270,"texture":"#all","cullface":"down"},"south":{"uv":[5,2,7,2.7],"texture":"#all","cullface":"down"},"down":{"uv":[5,2,7,4],"texture":"#all","cullface":"down"}}},{"from":[2,-0.7,11],"to":[4,0,13],"light_emission":15,"faces":{"north":{"uv":[2,4,4,4.7],"rotation":180,"texture":"#all","cullface":"down"},"south":{"uv":[2,3,4,3.7],"texture":"#all","cullface":"down"},"west":{"uv":[2,3,2.7,5],"rotation":90,"texture":"#all","cullface":"down"},"down":{"uv":[2,3,4,5],"texture":"#all","cullface":"down"}}},{"from":[1,-0.5,11],"to":[2,0,13],"light_emission":15,"faces":{"north":{"uv":[1,4,2,4.5],"texture":"#all","cullface":"down"},"south":{"uv":[1,3,2,3.5],"rotation":180,"texture":"#all","cullface":"down"},"west":{"uv":[1,3,1.5,5],"rotation":90,"texture":"#all","cullface":"down"},"down":{"uv":[1,3,2,5],"texture":"#all","cullface":"down"}}},{"from":[7,-0.5,12],"to":[8,0,14],"light_emission":15,"faces":{"north":{"uv":[7,3,8,3.5],"texture":"#all","cullface":"down"},"east":{"uv":[7,2,7.5,4],"rotation":270,"texture":"#all","cullface":"down"},"down":{"uv":[7,2,8,4],"texture":"#all","cullface":"down"}}},{"from":[2,-0.5,13],"to":[4,0,14],"light_emission":15,"faces":{"south":{"uv":[2,2,4,2.5],"texture":"#all","cullface":"down"},"west":{"uv":[2,2,2.5,3],"rotation":90,"texture":"#all","cullface":"down"},"down":{"uv":[2,2,4,3],"texture":"#all","cullface":"down"}}},{"from":[5,-0.5,11],"to":[7,0,12],"light_emission":15,"faces":{"north":{"uv":[5,4,7,4.5],"rotation":180,"texture":"#all","cullface":"down"},"east":{"uv":[6,4,6.5,5],"rotation":270,"texture":"#all","cullface":"down"},"down":{"uv":[5,4,7,5],"texture":"#all","cullface":"down"}}},{"from":[4,-0.5,14],"to":[8,0,15],"light_emission":15,"faces":{"east":{"uv":[7,1,7.5,2],"rotation":270,"texture":"#all","cullface":"down"},"south":{"uv":[4,1,8,1.5],"texture":"#all","cullface":"down"},"west":{"uv":[4,1,4.5,2],"rotation":90,"texture":"#all","cullface":"down"},"down":{"uv":[4,1,8,2],"texture":"#all","cullface":"down"}}},{"from":[2,-0.5,10],"to":[5,0,11],"light_emission":15,"faces":{"north":{"uv":[2,5,5,5.5],"rotation":180,"texture":"#all","cullface":"down"},"east":{"uv":[4,5,4.5,6],"rotation":270,"texture":"#all","cullface":"down"},"west":{"uv":[2,5,2.5,6],"rotation":90,"texture":"#all","cullface":"down"},"down":{"uv":[2,5,5,6],"texture":"#all","cullface":"down"}}},{"from":[2,11,-0.5],"to":[5,12,0],"light_emission":15,"faces":{"north":{"uv":[11,4,14,5],"texture":"#all","cullface":"north"},"east":{"uv":[11,4,11.5,5],"texture":"#all","cullface":"north"},"west":{"uv":[13,4,13.5,5],"texture":"#all","cullface":"north"},"up":{"uv":[11,4,14,4.5],"rotation":180,"texture":"#all","cullface":"north"}}},{"from":[8,14,-0.5],"to":[12,15,0],"light_emission":15,"faces":{"north":{"uv":[4,1,8,2],"texture":"#all","cullface":"north"},"east":{"uv":[4,1,4.5,2],"texture":"#all","cullface":"north"},"west":{"uv":[7,1,7.5,2],"texture":"#all","cullface":"north"},"up":{"uv":[4,1,8,1.5],"rotation":180,"texture":"#all","cullface":"north"}}},{"from":[9,11,-0.5],"to":[11,12,0],"light_emission":15,"faces":{"north":{"uv":[5,4,7,5],"texture":"#all","cullface":"north"},"west":{"uv":[6,4,6.5,5],"texture":"#all","cullface":"north"},"down":{"uv":[5,4,7,4.5],"rotation":180,"texture":"#all","cullface":"north"}}},{"from":[4,5,-0.5],"to":[6,6,0],"light_emission":15,"faces":{"north":{"uv":[10,10,12,11],"texture":"#all","cullface":"north"},"east":{"uv":[10,10,10.5,11],"texture":"#all","cullface":"north"},"west":{"uv":[11,10,11.5,11],"texture":"#all","cullface":"north"},"down":{"uv":[10,10,12,10.5],"rotation":180,"texture":"#all","cullface":"north"}}},{"from":[2,6,-0.5],"to":[4,7,0],"light_emission":15,"faces":{"north":{"uv":[12,9,14,10],"texture":"#all","cullface":"north"},"west":{"uv":[13,9,13.5,10],"texture":"#all","cullface":"north"},"down":{"uv":[12,9,14,9.5],"rotation":180,"texture":"#all","cullface":"north"}}},{"from":[10,2,-0.5],"to":[12,3,0],"light_emission":15,"faces":{"north":{"uv":[4,13,6,14],"texture":"#all","cullface":"north"},"east":{"uv":[4,13,4.5,14],"texture":"#all","cullface":"north"},"west":{"uv":[5,13,5.5,14],"texture":"#all","cullface":"north"},"down":{"uv":[4,13,6,13.5],"rotation":180,"texture":"#all","cullface":"north"}}},{"from":[12,13,-0.5],"to":[14,14,0],"light_emission":15,"faces":{"north":{"uv":[2,2,4,3],"texture":"#all","cullface":"north"},"east":{"uv":[2,2,2.5,3],"texture":"#all","cullface":"north"},"up":{"uv":[2,2,4,2.5],"rotation":180,"texture":"#all","cullface":"north"}}},{"from":[8,12,-0.5],"to":[9,14,0],"light_emission":15,"faces":{"north":{"uv":[7,2,8,4],"texture":"#all","cullface":"north"},"west":{"uv":[7,2,7.5,4],"texture":"#all","cullface":"north"},"down":{"uv":[7,3,8,3.5],"texture":"#all","cullface":"north"}}},{"from":[14,11,-0.5],"to":[15,13,0],"light_emission":15,"faces":{"north":{"uv":[1,3,2,5],"texture":"#all","cullface":"north"},"east":{"uv":[1,3,1.5,5],"texture":"#all","cullface":"north"},"up":{"uv":[1,3,2,3.5],"texture":"#all","cullface":"north"},"down":{"uv":[1,4,2,4.5],"texture":"#all","cullface":"north"}}},{"from":[12,3,-0.5],"to":[13,5,0],"light_emission":15,"faces":{"north":{"uv":[3,11,4,13],"texture":"#all","cullface":"north"},"east":{"uv":[3,11,3.5,13],"texture":"#all","cullface":"north"},"up":{"uv":[3,11,4,11.5],"texture":"#all","cullface":"north"},"down":{"uv":[3,12,4,12.5],"texture":"#all","cullface":"north"}}},{"from":[8,4,-0.5],"to":[9,7,0],"light_emission":15,"faces":{"north":{"uv":[7,9,8,12],"texture":"#all","cullface":"north"},"west":{"uv":[7,9,7.5,12],"texture":"#all","cullface":"north"},"up":{"uv":[7,9,8,9.5],"texture":"#all","cullface":"north"},"down":{"uv":[7,11,8,11.5],"texture":"#all","cullface":"north"}}},{"from":[1,8,-0.5],"to":[2,11,0],"light_emission":15,"faces":{"north":{"uv":[14,5,15,8],"texture":"#all","cullface":"north"},"west":{"uv":[14,5,14.5,8],"texture":"#all","cullface":"north"},"up":{"uv":[14,5,15,5.5],"texture":"#all","cullface":"north"},"down":{"uv":[14,7,15,7.5],"texture":"#all","cullface":"north"}}},{"from":[6,7,-0.5],"to":[7,10,0],"light_emission":15,"faces":{"north":{"uv":[9,6,10,9],"texture":"#all","cullface":"north"},"east":{"uv":[9,6,9.5,9],"texture":"#all","cullface":"north"},"up":{"uv":[9,6,10,6.5],"texture":"#all","cullface":"north"},"down":{"uv":[9,8,10,8.5],"texture":"#all","cullface":"north"}}},{"from":[9,3,-0.5],"to":[10,4,0],"light_emission":15,"faces":{"north":{"uv":[6,12,7,13],"texture":"#all","cullface":"north"},"west":{"uv":[6,12,6.5,13],"texture":"#all","cullface":"north"},"down":{"uv":[6,12,7,12.5],"texture":"#all","cullface":"north"}}},{"from":[5,10,-0.5],"to":[6,11,0],"light_emission":15,"faces":{"north":{"uv":[10,5,11,6],"texture":"#all","cullface":"north"},"east":{"uv":[10,5,10.5,6],"texture":"#all","cullface":"north"},"up":{"uv":[10,5,11,5.5],"texture":"#all","cullface":"north"}}},{"from":[9,7,-0.5],"to":[10,8,0],"light_emission":15,"faces":{"north":{"uv":[6,8,7,9],"texture":"#all","cullface":"north"},"east":{"uv":[6,8,6.5,9],"texture":"#all","cullface":"north"},"west":{"uv":[6,8,6.5,9],"texture":"#all","cullface":"north"},"up":{"uv":[6,8,7,8.5],"texture":"#all","cullface":"north"}}},{"from":[10,6,-0.5],"to":[11,7,0],"light_emission":15,"faces":{"north":{"uv":[5,9,6,10],"texture":"#all","cullface":"north"},"east":{"uv":[5,9,5.5,10],"texture":"#all","cullface":"north"},"up":{"uv":[5,9,6,9.5],"texture":"#all","cullface":"north"}}},{"from":[11,5,-0.5],"to":[12,6,0],"light_emission":15,"faces":{"north":{"uv":[4,10,5,11],"texture":"#all","cullface":"north"},"east":{"uv":[4,10,4.5,11],"texture":"#all","cullface":"north"},"up":{"uv":[4,10,5,10.5],"texture":"#all","cullface":"north"}}},{"from":[12,11,-0.7],"to":[14,13,0],"light_emission":15,"faces":{"north":{"uv":[2,3,4,5],"texture":"#all","cullface":"north"},"east":{"uv":[2,3,2.7,5],"texture":"#all","cullface":"north"},"up":{"uv":[2,3,4,3.7],"rotation":180,"texture":"#all","cullface":"north"},"down":{"uv":[2,4,4,4.7],"rotation":180,"texture":"#all","cullface":"north"}}},{"from":[11,3,-0.7],"to":[12,5,0],"light_emission":15,"faces":{"north":{"uv":[4,11,5,13],"texture":"#all","cullface":"north"},"east":{"uv":[4,11,4.5,13],"texture":"#all","cullface":"north"},"up":{"uv":[4,11,5,11.5],"texture":"#all","cullface":"north"},"down":{"uv":[4,12,5,12.5],"texture":"#all","cullface":"north"}}},{"from":[9,4,-0.7],"to":[10,7,0],"light_emission":15,"faces":{"north":{"uv":[6,9,7,12],"texture":"#all","cullface":"north"},"east":{"uv":[6,9,6.5,12],"texture":"#all","cullface":"north"},"west":{"uv":[6,9,6.5,12],"texture":"#all","cullface":"north"},"up":{"uv":[6,9,7,9.5],"texture":"#all","cullface":"north"},"down":{"uv":[6,11,7,11.5],"texture":"#all","cullface":"north"}}},{"from":[4,10,-0.7],"to":[5,11,0],"light_emission":15,"faces":{"north":{"uv":[11,5,12,6],"texture":"#all","cullface":"north"},"east":{"uv":[11,5,11.7,6],"texture":"#all","cullface":"north"},"up":{"uv":[11,5,12,5.7],"texture":"#all","cullface":"north"}}},{"from":[4,6,-0.7],"to":[6,10,0],"light_emission":15,"faces":{"north":{"uv":[10,6,12,10],"texture":"#all","cullface":"north"},"east":{"uv":[10,6,10.7,10],"texture":"#all","cullface":"north"},"west":{"uv":[11,6,11.7,10],"texture":"#all","cullface":"north"},"up":{"uv":[10,6,12,6.7],"rotation":180,"texture":"#all","cullface":"north"},"down":{"uv":[10,9,12,9.7],"rotation":180,"texture":"#all","cullface":"north"}}},{"from":[2,7,-0.7],"to":[4,11,0],"light_emission":15,"faces":{"north":{"uv":[12,5,14,9],"texture":"#all","cullface":"north"},"west":{"uv":[13,5,13.7,9],"texture":"#all","cullface":"north"},"up":{"uv":[12,5,14,5.7],"rotation":180,"texture":"#all","cullface":"north"},"down":{"uv":[12,8,14,8.7],"rotation":180,"texture":"#all","cullface":"north"}}},{"from":[10,3,-0.7],"to":[11,6,0],"light_emission":15,"faces":{"north":{"uv":[5,10,6,13],"texture":"#all","cullface":"north"},"east":{"uv":[5,10,5.5,13],"texture":"#all","cullface":"north"},"west":{"uv":[5,10,5.5,13],"texture":"#all","cullface":"north"},"up":{"uv":[5,10,6,10.5],"texture":"#all","cullface":"north"},"down":{"uv":[5,12,6,12.5],"texture":"#all","cullface":"north"}}},{"from":[9,12,-0.7],"to":[11,14,0],"light_emission":15,"faces":{"north":{"uv":[5,2,7,4],"texture":"#all","cullface":"north"},"west":{"uv":[6,2,6.7,4],"texture":"#all","cullface":"north"},"up":{"uv":[5,2,7,2.7],"rotation":180,"texture":"#all","cullface":"north"},"down":{"uv":[5,3,7,3.7],"rotation":180,"texture":"#all","cullface":"north"}}},{"from":[11,11,-0.7],"to":[12,14,0],"light_emission":15,"faces":{"north":{"uv":[4,2,5,5],"texture":"#all","cullface":"north"},"east":{"uv":[4,2,4.5,5],"texture":"#all","cullface":"north"},"west":{"uv":[4,2,4.5,5],"texture":"#all","cullface":"north"},"up":{"uv":[4,2,5,2.5],"texture":"#all","cullface":"north"},"down":{"uv":[4,4,5,4.5],"texture":"#all","cullface":"north"}}}]}