{"credit":"Created by Marceus","format_version":"1.21.6","parent":"block/cube_all","textures":{"particle":"block/coal_ore6","all":"block/coal_ore6"},"elements":[{"from":[0,0,0],"to":[16,16,16],"faces":{"north":{"uv":[0,0,16,16],"texture":"#all","cullface":"north"},"east":{"uv":[0,0,16,16],"texture":"#all","cullface":"east"},"south":{"uv":[0,0,16,16],"texture":"#all","cullface":"south"},"west":{"uv":[0,0,16,16],"texture":"#all","cullface":"west"},"up":{"uv":[0,0,16,16],"texture":"#all","cullface":"up"},"down":{"uv":[0,0,16,16],"texture":"#all","cullface":"down"}}},{"from":[8,1,-0.5],"to":[10,2,0],"light_emission":15,"faces":{"north":{"uv":[6,14,8,15],"texture":"#all","cullface":"north"},"east":{"uv":[6,14,6.5,15],"texture":"#all","cullface":"north"},"west":{"uv":[7,14,7.5,15],"texture":"#all","cullface":"north"},"up":{"uv":[6,14,8,14.5],"rotation":180,"texture":"#all","cullface":"north"},"down":{"uv":[6,14,8,14.5],"rotation":180,"texture":"#all","cullface":"north"}}},{"from":[-0.5,12,10],"to":[0,13,11],"light_emission":15,"faces":{"south":{"uv":[10,3,10.5,4],"texture":"#all","cullface":"west"},"west":{"uv":[10,3,11,4],"texture":"#all","cullface":"west"},"up":{"uv":[10,3,11,3.5],"rotation":270,"texture":"#all","cullface":"west"},"down":{"uv":[10,3,11,3.5],"rotation":90,"texture":"#all","cullface":"west"}}},{"from":[-0.5,12,5],"to":[0,13,6],"light_emission":15,"faces":{"north":{"uv":[5,3,5.5,4],"texture":"#all","cullface":"west"},"west":{"uv":[5,3,6,4],"texture":"#all","cullface":"west"},"up":{"uv":[5,3,6,3.5],"rotation":270,"texture":"#all","cullface":"west"},"down":{"uv":[5,3,6,3.5],"rotation":90,"texture":"#all","cullface":"west"}}},{"from":[-0.5,11,7],"to":[0,12,10],"light_emission":15,"faces":{"north":{"uv":[7,4,7.7,5],"texture":"#all","cullface":"west"},"south":{"uv":[9,4,9.7,5],"texture":"#all","cullface":"west"},"west":{"uv":[7,4,10,5],"texture":"#all","cullface":"west"},"down":{"uv":[7,4,10,4.7],"rotation":270,"texture":"#all","cullface":"west"}}},{"from":[-0.5,13,6],"to":[0,14,9],"light_emission":15,"faces":{"north":{"uv":[6,2,6.7,3],"texture":"#all","cullface":"west"},"south":{"uv":[8,2,8.7,3],"texture":"#all","cullface":"west"},"west":{"uv":[6,2,9,3],"texture":"#all","cullface":"west"},"up":{"uv":[6,2,9,2.7],"rotation":90,"texture":"#all","cullface":"west"}}},{"from":[-0.7,12,6],"to":[0,13,10],"light_emission":15,"faces":{"north":{"uv":[6,3,6.7,4],"texture":"#all","cullface":"west"},"south":{"uv":[9,3,9.7,4],"texture":"#all","cullface":"west"},"west":{"uv":[6,3,10,4],"texture":"#all","cullface":"west"},"up":{"uv":[6,3,10,3.7],"rotation":90,"texture":"#all","cullface":"west"},"down":{"uv":[6,3,10,3.7],"rotation":270,"texture":"#all","cullface":"west"}}},{"from":[-0.7,8,11],"to":[0,9,13],"light_emission":15,"faces":{"north":{"uv":[11,7,11.5,8],"texture":"#all","cullface":"west"},"south":{"uv":[12,7,12.5,8],"texture":"#all","cullface":"west"},"west":{"uv":[11,7,13,8],"texture":"#all","cullface":"west"},"up":{"uv":[11,7,13,7.5],"rotation":90,"texture":"#all","cullface":"west"},"down":{"uv":[11,7,13,7.5],"rotation":270,"texture":"#all","cullface":"west"}}},{"from":[-0.5,9,10],"to":[0,10,13],"light_emission":15,"faces":{"north":{"uv":[10,6,10.7,7],"texture":"#all","cullface":"west"},"south":{"uv":[12,6,12.7,7],"texture":"#all","cullface":"west"},"west":{"uv":[10,6,13,7],"texture":"#all","cullface":"west"},"up":{"uv":[10,6,13,6.7],"rotation":90,"texture":"#all","cullface":"west"},"down":{"uv":[10,6,13,6.7],"rotation":270,"texture":"#all","cullface":"west"}}},{"from":[-0.5,8,4],"to":[0,9,7],"light_emission":15,"faces":{"north":{"uv":[4,7,4.7,8],"texture":"#all","cullface":"west"},"south":{"uv":[6,7,6.7,8],"texture":"#all","cullface":"west"},"west":{"uv":[4,7,7,8],"texture":"#all","cullface":"west"},"up":{"uv":[4,7,7,7.7],"rotation":90,"texture":"#all","cullface":"west"}}},{"from":[-0.5,7,7],"to":[0,8,8],"light_emission":15,"faces":{"south":{"uv":[7,8,7.5,9],"texture":"#all","cullface":"west"},"west":{"uv":[7,8,8,9],"texture":"#all","cullface":"west"},"up":{"uv":[7,8,8,8.5],"rotation":270,"texture":"#all","cullface":"west"},"down":{"uv":[7,8,8,8.5],"rotation":90,"texture":"#all","cullface":"west"}}},{"from":[-0.5,7,3],"to":[0,8,4],"light_emission":15,"faces":{"north":{"uv":[3,8,3.5,9],"texture":"#all","cullface":"west"},"west":{"uv":[3,8,4,9],"texture":"#all","cullface":"west"},"up":{"uv":[3,8,4,8.5],"rotation":270,"texture":"#all","cullface":"west"},"down":{"uv":[3,8,4,8.5],"rotation":90,"texture":"#all","cullface":"west"}}},{"from":[-0.7,7,4],"to":[0,8,7],"light_emission":15,"faces":{"north":{"uv":[4,8,4.7,9],"texture":"#all","cullface":"west"},"south":{"uv":[6,8,6.7,9],"texture":"#all","cullface":"west"},"west":{"uv":[4,8,7,9],"texture":"#all","cullface":"west"},"up":{"uv":[4,8,7,8.7],"rotation":90,"texture":"#all","cullface":"west"},"down":{"uv":[4,8,7,8.7],"rotation":270,"texture":"#all","cullface":"west"}}},{"from":[-0.5,6,4],"to":[0,7,6],"light_emission":15,"faces":{"north":{"uv":[4,9,4.5,10],"texture":"#all","cullface":"west"},"south":{"uv":[5,9,5.5,10],"texture":"#all","cullface":"west"},"west":{"uv":[4,9,6,10],"texture":"#all","cullface":"west"},"down":{"uv":[4,9,6,9.5],"rotation":270,"texture":"#all","cullface":"west"}}},{"from":[-0.5,3,2],"to":[0,4,3],"light_emission":15,"faces":{"north":{"uv":[2,12,2.5,13],"texture":"#all","cullface":"west"},"west":{"uv":[2,12,3,13],"texture":"#all","cullface":"west"},"up":{"uv":[2,12,3,12.5],"rotation":270,"texture":"#all","cullface":"west"},"down":{"uv":[2,12,3,12.5],"rotation":90,"texture":"#all","cullface":"west"}}},{"from":[-0.5,2,3],"to":[0,3,5],"light_emission":15,"faces":{"north":{"uv":[3,13,3.5,14],"texture":"#all","cullface":"west"},"south":{"uv":[4,13,4.5,14],"texture":"#all","cullface":"west"},"west":{"uv":[3,13,5,14],"texture":"#all","cullface":"west"},"down":{"uv":[3,13,5,13.5],"rotation":270,"texture":"#all","cullface":"west"}}},{"from":[-0.5,3,5],"to":[0,4,7],"light_emission":15,"faces":{"south":{"uv":[6,12,6.5,13],"texture":"#all","cullface":"west"},"west":{"uv":[5,12,7,13],"texture":"#all","cullface":"west"},"up":{"uv":[5,12,7,12.5],"rotation":90,"texture":"#all","cullface":"west"},"down":{"uv":[5,12,7,12.5],"rotation":270,"texture":"#all","cullface":"west"}}},{"from":[-0.7,3,3],"to":[0,4,5],"light_emission":15,"faces":{"north":{"uv":[3,12,3.5,13],"texture":"#all","cullface":"west"},"south":{"uv":[4,12,4.5,13],"texture":"#all","cullface":"west"},"west":{"uv":[3,12,5,13],"texture":"#all","cullface":"west"},"up":{"uv":[3,12,5,12.5],"rotation":90,"texture":"#all","cullface":"west"},"down":{"uv":[3,12,5,12.5],"rotation":270,"texture":"#all","cullface":"west"}}},{"from":[-0.7,3,10],"to":[0,4,12],"light_emission":15,"faces":{"north":{"uv":[10,12,10.5,13],"texture":"#all","cullface":"west"},"south":{"uv":[11,12,11.5,13],"texture":"#all","cullface":"west"},"west":{"uv":[10,12,12,13],"texture":"#all","cullface":"west"},"up":{"uv":[10,12,12,12.5],"rotation":90,"texture":"#all","cullface":"west"},"down":{"uv":[10,12,12,12.5],"rotation":270,"texture":"#all","cullface":"west"}}},{"from":[-0.5,3,12],"to":[0,4,13],"light_emission":15,"faces":{"south":{"uv":[12,12,12.5,13],"texture":"#all","cullface":"west"},"west":{"uv":[12,12,13,13],"texture":"#all","cullface":"west"},"up":{"uv":[12,12,13,12.5],"rotation":270,"texture":"#all","cullface":"west"},"down":{"uv":[12,12,13,12.5],"rotation":90,"texture":"#all","cullface":"west"}}},{"from":[-0.5,2,10],"to":[0,3,12],"light_emission":15,"faces":{"north":{"uv":[10,13,10.5,14],"texture":"#all","cullface":"west"},"south":{"uv":[11,13,11.5,14],"texture":"#all","cullface":"west"},"west":{"uv":[10,13,12,14],"texture":"#all","cullface":"west"},"down":{"uv":[10,13,12,13.5],"rotation":270,"texture":"#all","cullface":"west"}}},{"from":[-0.5,11,1],"to":[0,12,3],"light_emission":15,"faces":{"north":{"uv":[1,4,1.5,5],"texture":"#all","cullface":"west"},"south":{"uv":[2,4,2.5,5],"texture":"#all","cullface":"west"},"west":{"uv":[1,4,3,5],"texture":"#all","cullface":"west"},"up":{"uv":[1,4,3,4.5],"rotation":90,"texture":"#all","cullface":"west"},"down":{"uv":[1,4,3,4.5],"rotation":270,"texture":"#all","cullface":"west"}}},{"from":[-0.5,13,12],"to":[0,14,14],"light_emission":15,"faces":{"north":{"uv":[12,2,12.5,3],"texture":"#all","cullface":"west"},"south":{"uv":[13,2,13.5,3],"texture":"#all","cullface":"west"},"west":{"uv":[12,2,14,3],"texture":"#all","cullface":"west"},"up":{"uv":[12,2,14,2.5],"rotation":90,"texture":"#all","cullface":"west"},"down":{"uv":[12,2,14,2.5],"rotation":270,"texture":"#all","cullface":"west"}}},{"from":[-0.5,5,13],"to":[0,6,15],"light_emission":15,"faces":{"north":{"uv":[13,10,13.5,11],"texture":"#all","cullface":"west"},"south":{"uv":[14,10,14.5,11],"texture":"#all","cullface":"west"},"west":{"uv":[13,10,15,11],"texture":"#all","cullface":"west"},"up":{"uv":[13,10,15,10.5],"rotation":90,"texture":"#all","cullface":"west"},"down":{"uv":[13,10,15,10.5],"rotation":270,"texture":"#all","cullface":"west"}}},{"from":[-0.5,1,6],"to":[0,2,8],"light_emission":15,"faces":{"north":{"uv":[6,14,6.5,15],"texture":"#all","cullface":"west"},"south":{"uv":[7,14,7.5,15],"texture":"#all","cullface":"west"},"west":{"uv":[6,14,8,15],"texture":"#all","cullface":"west"},"up":{"uv":[6,14,8,14.5],"rotation":90,"texture":"#all","cullface":"west"},"down":{"uv":[6,14,8,14.5],"rotation":270,"texture":"#all","cullface":"west"}}},{"from":[10,12,16],"to":[11,13,16.5],"light_emission":15,"faces":{"east":{"uv":[10,3,10.5,4],"texture":"#all","cullface":"south"},"south":{"uv":[10,3,11,4],"texture":"#all","cullface":"south"},"up":{"uv":[10,3,11,3.5],"rotation":180,"texture":"#all","cullface":"south"},"down":{"uv":[10,3,11,3.5],"rotation":180,"texture":"#all","cullface":"south"}}},{"from":[5,12,16],"to":[6,13,16.5],"light_emission":15,"faces":{"south":{"uv":[5,3,6,4],"texture":"#all","cullface":"south"},"west":{"uv":[5,3,5.5,4],"texture":"#all","cullface":"south"},"up":{"uv":[5,3,6,3.5],"rotation":180,"texture":"#all","cullface":"south"},"down":{"uv":[5,3,6,3.5],"rotation":180,"texture":"#all","cullface":"south"}}},{"from":[7,11,16],"to":[10,12,16.5],"light_emission":15,"faces":{"east":{"uv":[9,4,9.7,5],"texture":"#all","cullface":"south"},"south":{"uv":[7,4,10,5],"texture":"#all","cullface":"south"},"west":{"uv":[7,4,7.7,5],"texture":"#all","cullface":"south"},"down":{"uv":[7,4,10,4.7],"texture":"#all","cullface":"south"}}},{"from":[6,13,16],"to":[9,14,16.5],"light_emission":15,"faces":{"east":{"uv":[8,2,8.7,3],"texture":"#all","cullface":"south"},"south":{"uv":[6,2,9,3],"texture":"#all","cullface":"south"},"west":{"uv":[6,2,6.7,3],"texture":"#all","cullface":"south"},"up":{"uv":[6,2,9,2.7],"texture":"#all","cullface":"south"}}},{"from":[6,12,16],"to":[10,13,16.7],"light_emission":15,"faces":{"east":{"uv":[9,3,9.7,4],"texture":"#all","cullface":"south"},"south":{"uv":[6,3,10,4],"texture":"#all","cullface":"south"},"west":{"uv":[6,3,6.7,4],"texture":"#all","cullface":"south"},"up":{"uv":[6,3,10,3.7],"texture":"#all","cullface":"south"},"down":{"uv":[6,3,10,3.7],"texture":"#all","cullface":"south"}}},{"from":[11,8,16],"to":[13,9,16.7],"light_emission":15,"faces":{"east":{"uv":[12,7,12.5,8],"texture":"#all","cullface":"south"},"south":{"uv":[11,7,13,8],"texture":"#all","cullface":"south"},"west":{"uv":[11,7,11.5,8],"texture":"#all","cullface":"south"},"up":{"uv":[11,7,13,7.5],"texture":"#all","cullface":"south"},"down":{"uv":[11,7,13,7.5],"texture":"#all","cullface":"south"}}},{"from":[10,9,16],"to":[13,10,16.5],"light_emission":15,"faces":{"east":{"uv":[12,6,12.7,7],"texture":"#all","cullface":"south"},"south":{"uv":[10,6,13,7],"texture":"#all","cullface":"south"},"west":{"uv":[10,6,10.7,7],"texture":"#all","cullface":"south"},"up":{"uv":[10,6,13,6.7],"texture":"#all","cullface":"south"},"down":{"uv":[10,6,13,6.7],"texture":"#all","cullface":"south"}}},{"from":[4,8,16],"to":[7,9,16.5],"light_emission":15,"faces":{"east":{"uv":[6,7,6.7,8],"texture":"#all","cullface":"south"},"south":{"uv":[4,7,7,8],"texture":"#all","cullface":"south"},"west":{"uv":[4,7,4.7,8],"texture":"#all","cullface":"south"},"up":{"uv":[4,7,7,7.7],"texture":"#all","cullface":"south"}}},{"from":[7,7,16],"to":[8,8,16.5],"light_emission":15,"faces":{"east":{"uv":[7,8,7.5,9],"texture":"#all","cullface":"south"},"south":{"uv":[7,8,8,9],"texture":"#all","cullface":"south"},"up":{"uv":[7,8,8,8.5],"rotation":180,"texture":"#all","cullface":"south"},"down":{"uv":[7,8,8,8.5],"rotation":180,"texture":"#all","cullface":"south"}}},{"from":[3,7,16],"to":[4,8,16.5],"light_emission":15,"faces":{"south":{"uv":[3,8,4,9],"texture":"#all","cullface":"south"},"west":{"uv":[3,8,3.5,9],"texture":"#all","cullface":"south"},"up":{"uv":[3,8,4,8.5],"rotation":180,"texture":"#all","cullface":"south"},"down":{"uv":[3,8,4,8.5],"rotation":180,"texture":"#all","cullface":"south"}}},{"from":[4,7,16],"to":[7,8,16.7],"light_emission":15,"faces":{"east":{"uv":[6,8,6.7,9],"texture":"#all","cullface":"south"},"south":{"uv":[4,8,7,9],"texture":"#all","cullface":"south"},"west":{"uv":[4,8,4.7,9],"texture":"#all","cullface":"south"},"up":{"uv":[4,8,7,8.7],"texture":"#all","cullface":"south"},"down":{"uv":[4,8,7,8.7],"texture":"#all","cullface":"south"}}},{"from":[4,6,16],"to":[6,7,16.5],"light_emission":15,"faces":{"east":{"uv":[5,9,5.5,10],"texture":"#all","cullface":"south"},"south":{"uv":[4,9,6,10],"texture":"#all","cullface":"south"},"west":{"uv":[4,9,4.5,10],"texture":"#all","cullface":"south"},"down":{"uv":[4,9,6,9.5],"texture":"#all","cullface":"south"}}},{"from":[2,3,16],"to":[3,4,16.5],"light_emission":15,"faces":{"south":{"uv":[2,12,3,13],"texture":"#all","cullface":"south"},"west":{"uv":[2,12,2.5,13],"texture":"#all","cullface":"south"},"up":{"uv":[2,12,3,12.5],"rotation":180,"texture":"#all","cullface":"south"},"down":{"uv":[2,12,3,12.5],"rotation":180,"texture":"#all","cullface":"south"}}},{"from":[3,2,16],"to":[5,3,16.5],"light_emission":15,"faces":{"east":{"uv":[4,13,4.5,14],"texture":"#all","cullface":"south"},"south":{"uv":[3,13,5,14],"texture":"#all","cullface":"south"},"west":{"uv":[3,13,3.5,14],"texture":"#all","cullface":"south"},"down":{"uv":[3,13,5,13.5],"texture":"#all","cullface":"south"}}},{"from":[5,3,16],"to":[7,4,16.5],"light_emission":15,"faces":{"east":{"uv":[6,12,6.5,13],"texture":"#all","cullface":"south"},"south":{"uv":[5,12,7,13],"texture":"#all","cullface":"south"},"up":{"uv":[5,12,7,12.5],"texture":"#all","cullface":"south"},"down":{"uv":[5,12,7,12.5],"texture":"#all","cullface":"south"}}},{"from":[3,3,16],"to":[5,4,16.7],"light_emission":15,"faces":{"east":{"uv":[4,12,4.5,13],"texture":"#all","cullface":"south"},"south":{"uv":[3,12,5,13],"texture":"#all","cullface":"south"},"west":{"uv":[3,12,3.5,13],"texture":"#all","cullface":"south"},"up":{"uv":[3,12,5,12.5],"texture":"#all","cullface":"south"},"down":{"uv":[3,12,5,12.5],"texture":"#all","cullface":"south"}}},{"from":[10,3,16],"to":[12,4,16.7],"light_emission":15,"faces":{"east":{"uv":[11,12,11.5,13],"texture":"#all","cullface":"south"},"south":{"uv":[10,12,12,13],"texture":"#all","cullface":"south"},"west":{"uv":[10,12,10.5,13],"texture":"#all","cullface":"south"},"up":{"uv":[10,12,12,12.5],"texture":"#all","cullface":"south"},"down":{"uv":[10,12,12,12.5],"texture":"#all","cullface":"south"}}},{"from":[12,3,16],"to":[13,4,16.5],"light_emission":15,"faces":{"east":{"uv":[12,12,12.5,13],"texture":"#all","cullface":"south"},"south":{"uv":[12,12,13,13],"texture":"#all","cullface":"south"},"up":{"uv":[12,12,13,12.5],"rotation":180,"texture":"#all","cullface":"south"},"down":{"uv":[12,12,13,12.5],"rotation":180,"texture":"#all","cullface":"south"}}},{"from":[10,2,16],"to":[12,3,16.5],"light_emission":15,"faces":{"east":{"uv":[11,13,11.5,14],"texture":"#all","cullface":"south"},"south":{"uv":[10,13,12,14],"texture":"#all","cullface":"south"},"west":{"uv":[10,13,10.5,14],"texture":"#all","cullface":"south"},"down":{"uv":[10,13,12,13.5],"texture":"#all","cullface":"south"}}},{"from":[1,11,16],"to":[3,12,16.5],"light_emission":15,"faces":{"east":{"uv":[2,4,2.5,5],"texture":"#all","cullface":"south"},"south":{"uv":[1,4,3,5],"texture":"#all","cullface":"south"},"west":{"uv":[1,4,1.5,5],"texture":"#all","cullface":"south"},"up":{"uv":[1,4,3,4.5],"texture":"#all","cullface":"south"},"down":{"uv":[1,4,3,4.5],"texture":"#all","cullface":"south"}}},{"from":[12,13,16],"to":[14,14,16.5],"light_emission":15,"faces":{"east":{"uv":[13,2,13.5,3],"texture":"#all","cullface":"south"},"south":{"uv":[12,2,14,3],"texture":"#all","cullface":"south"},"west":{"uv":[12,2,12.5,3],"texture":"#all","cullface":"south"},"up":{"uv":[12,2,14,2.5],"texture":"#all","cullface":"south"},"down":{"uv":[12,2,14,2.5],"texture":"#all","cullface":"south"}}},{"from":[10,16,3],"to":[11,16.5,4],"light_emission":15,"faces":{"north":{"uv":[10,3,11,3.5],"texture":"#all","cullface":"up"},"east":{"uv":[10,3,10.5,4],"rotation":90,"texture":"#all","cullface":"up"},"south":{"uv":[10,3,11,3.5],"rotation":180,"texture":"#all","cullface":"up"},"up":{"uv":[10,3,11,4],"texture":"#all","cullface":"up"}}},{"from":[5,16,3],"to":[6,16.5,4],"light_emission":15,"faces":{"north":{"uv":[5,3,6,3.5],"texture":"#all","cullface":"up"},"south":{"uv":[5,3,6,3.5],"rotation":180,"texture":"#all","cullface":"up"},"west":{"uv":[5,3,5.5,4],"rotation":270,"texture":"#all","cullface":"up"},"up":{"uv":[5,3,6,4],"texture":"#all","cullface":"up"}}},{"from":[7,16,4],"to":[10,16.5,5],"light_emission":15,"faces":{"east":{"uv":[9,4,9.7,5],"rotation":90,"texture":"#all","cullface":"up"},"south":{"uv":[7,4,10,4.7],"texture":"#all","cullface":"up"},"west":{"uv":[7,4,7.7,5],"rotation":270,"texture":"#all","cullface":"up"},"up":{"uv":[7,4,10,5],"texture":"#all","cullface":"up"}}},{"from":[6,16,2],"to":[9,16.5,3],"light_emission":15,"faces":{"north":{"uv":[6,2,9,2.7],"rotation":180,"texture":"#all","cullface":"up"},"east":{"uv":[8,2,8.7,3],"rotation":90,"texture":"#all","cullface":"up"},"west":{"uv":[6,2,6.7,3],"rotation":270,"texture":"#all","cullface":"up"},"up":{"uv":[6,2,9,3],"texture":"#all","cullface":"up"}}},{"from":[6,16,3],"to":[10,16.7,4],"light_emission":15,"faces":{"north":{"uv":[6,3,10,3.7],"rotation":180,"texture":"#all","cullface":"up"},"east":{"uv":[9,3,9.7,4],"rotation":90,"texture":"#all","cullface":"up"},"south":{"uv":[6,3,10,3.7],"texture":"#all","cullface":"up"},"west":{"uv":[6,3,6.7,4],"rotation":270,"texture":"#all","cullface":"up"},"up":{"uv":[6,3,10,4],"texture":"#all","cullface":"up"}}},{"from":[11,16,7],"to":[13,16.7,8],"light_emission":15,"faces":{"north":{"uv":[11,7,13,7.5],"rotation":180,"texture":"#all","cullface":"up"},"east":{"uv":[12,7,12.5,8],"rotation":90,"texture":"#all","cullface":"up"},"south":{"uv":[11,7,13,7.5],"texture":"#all","cullface":"up"},"west":{"uv":[11,7,11.5,8],"rotation":270,"texture":"#all","cullface":"up"},"up":{"uv":[11,7,13,8],"texture":"#all","cullface":"up"}}},{"from":[10,16,6],"to":[13,16.5,7],"light_emission":15,"faces":{"north":{"uv":[10,6,13,6.7],"rotation":180,"texture":"#all","cullface":"up"},"east":{"uv":[12,6,12.7,7],"rotation":90,"texture":"#all","cullface":"up"},"south":{"uv":[10,6,13,6.7],"texture":"#all","cullface":"up"},"west":{"uv":[10,6,10.7,7],"rotation":270,"texture":"#all","cullface":"up"},"up":{"uv":[10,6,13,7],"texture":"#all","cullface":"up"}}},{"from":[4,16,7],"to":[7,16.5,8],"light_emission":15,"faces":{"north":{"uv":[4,7,7,7.7],"rotation":180,"texture":"#all","cullface":"up"},"east":{"uv":[6,7,6.7,8],"rotation":90,"texture":"#all","cullface":"up"},"west":{"uv":[4,7,4.7,8],"rotation":270,"texture":"#all","cullface":"up"},"up":{"uv":[4,7,7,8],"texture":"#all","cullface":"up"}}},{"from":[7,16,8],"to":[8,16.5,9],"light_emission":15,"faces":{"north":{"uv":[7,8,8,8.5],"texture":"#all","cullface":"up"},"east":{"uv":[7,8,7.5,9],"rotation":90,"texture":"#all","cullface":"up"},"south":{"uv":[7,8,8,8.5],"rotation":180,"texture":"#all","cullface":"up"},"up":{"uv":[7,8,8,9],"texture":"#all","cullface":"up"}}},{"from":[3,16,8],"to":[4,16.5,9],"light_emission":15,"faces":{"north":{"uv":[3,8,4,8.5],"texture":"#all","cullface":"up"},"south":{"uv":[3,8,4,8.5],"rotation":180,"texture":"#all","cullface":"up"},"west":{"uv":[3,8,3.5,9],"rotation":270,"texture":"#all","cullface":"up"},"up":{"uv":[3,8,4,9],"texture":"#all","cullface":"up"}}},{"from":[4,16,8],"to":[7,16.7,9],"light_emission":15,"faces":{"north":{"uv":[4,8,7,8.7],"rotation":180,"texture":"#all","cullface":"up"},"east":{"uv":[6,8,6.7,9],"rotation":90,"texture":"#all","cullface":"up"},"south":{"uv":[4,8,7,8.7],"texture":"#all","cullface":"up"},"west":{"uv":[4,8,4.7,9],"rotation":270,"texture":"#all","cullface":"up"},"up":{"uv":[4,8,7,9],"texture":"#all","cullface":"up"}}},{"from":[4,16,9],"to":[6,16.5,10],"light_emission":15,"faces":{"east":{"uv":[5,9,5.5,10],"rotation":90,"texture":"#all","cullface":"up"},"south":{"uv":[4,9,6,9.5],"texture":"#all","cullface":"up"},"west":{"uv":[4,9,4.5,10],"rotation":270,"texture":"#all","cullface":"up"},"up":{"uv":[4,9,6,10],"texture":"#all","cullface":"up"}}},{"from":[2,16,12],"to":[3,16.5,13],"light_emission":15,"faces":{"north":{"uv":[2,12,3,12.5],"texture":"#all","cullface":"up"},"south":{"uv":[2,12,3,12.5],"rotation":180,"texture":"#all","cullface":"up"},"west":{"uv":[2,12,2.5,13],"rotation":270,"texture":"#all","cullface":"up"},"up":{"uv":[2,12,3,13],"texture":"#all","cullface":"up"}}},{"from":[3,16,13],"to":[5,16.5,14],"light_emission":15,"faces":{"east":{"uv":[4,13,4.5,14],"rotation":90,"texture":"#all","cullface":"up"},"south":{"uv":[3,13,5,13.5],"texture":"#all","cullface":"up"},"west":{"uv":[3,13,3.5,14],"rotation":270,"texture":"#all","cullface":"up"},"up":{"uv":[3,13,5,14],"texture":"#all","cullface":"up"}}},{"from":[5,16,12],"to":[7,16.5,13],"light_emission":15,"faces":{"north":{"uv":[5,12,7,12.5],"rotation":180,"texture":"#all","cullface":"up"},"east":{"uv":[6,12,6.5,13],"rotation":90,"texture":"#all","cullface":"up"},"south":{"uv":[5,12,7,12.5],"texture":"#all","cullface":"up"},"up":{"uv":[5,12,7,13],"texture":"#all","cullface":"up"}}},{"from":[3,16,12],"to":[5,16.7,13],"light_emission":15,"faces":{"north":{"uv":[3,12,5,12.5],"rotation":180,"texture":"#all","cullface":"up"},"east":{"uv":[4,12,4.5,13],"rotation":90,"texture":"#all","cullface":"up"},"south":{"uv":[3,12,5,12.5],"texture":"#all","cullface":"up"},"west":{"uv":[3,12,3.5,13],"rotation":270,"texture":"#all","cullface":"up"},"up":{"uv":[3,12,5,13],"texture":"#all","cullface":"up"}}},{"from":[10,16,12],"to":[12,16.7,13],"light_emission":15,"faces":{"north":{"uv":[10,12,12,12.5],"rotation":180,"texture":"#all","cullface":"up"},"east":{"uv":[11,12,11.5,13],"rotation":90,"texture":"#all","cullface":"up"},"south":{"uv":[10,12,12,12.5],"texture":"#all","cullface":"up"},"west":{"uv":[10,12,10.5,13],"rotation":270,"texture":"#all","cullface":"up"},"up":{"uv":[10,12,12,13],"texture":"#all","cullface":"up"}}},{"from":[12,16,12],"to":[13,16.5,13],"light_emission":15,"faces":{"north":{"uv":[12,12,13,12.5],"texture":"#all","cullface":"up"},"east":{"uv":[12,12,12.5,13],"rotation":90,"texture":"#all","cullface":"up"},"south":{"uv":[12,12,13,12.5],"rotation":180,"texture":"#all","cullface":"up"},"up":{"uv":[12,12,13,13],"texture":"#all","cullface":"up"}}},{"from":[10,16,13],"to":[12,16.5,14],"light_emission":15,"faces":{"east":{"uv":[11,13,11.5,14],"rotation":90,"texture":"#all","cullface":"up"},"south":{"uv":[10,13,12,13.5],"texture":"#all","cullface":"up"},"west":{"uv":[10,13,10.5,14],"rotation":270,"texture":"#all","cullface":"up"},"up":{"uv":[10,13,12,14],"texture":"#all","cullface":"up"}}},{"from":[1,16,4],"to":[3,16.5,5],"light_emission":15,"faces":{"north":{"uv":[1,4,3,4.5],"rotation":180,"texture":"#all","cullface":"up"},"east":{"uv":[2,4,2.5,5],"rotation":90,"texture":"#all","cullface":"up"},"south":{"uv":[1,4,3,4.5],"texture":"#all","cullface":"up"},"west":{"uv":[1,4,1.5,5],"rotation":270,"texture":"#all","cullface":"up"},"up":{"uv":[1,4,3,5],"texture":"#all","cullface":"up"}}},{"from":[12,16,2],"to":[14,16.5,3],"light_emission":15,"faces":{"north":{"uv":[12,2,14,2.5],"rotation":180,"texture":"#all","cullface":"up"},"east":{"uv":[13,2,13.5,3],"rotation":90,"texture":"#all","cullface":"up"},"south":{"uv":[12,2,14,2.5],"texture":"#all","cullface":"up"},"west":{"uv":[12,2,12.5,3],"rotation":270,"texture":"#all","cullface":"up"},"up":{"uv":[12,2,14,3],"texture":"#all","cullface":"up"}}},{"from":[13,16,10],"to":[15,16.5,11],"light_emission":15,"faces":{"north":{"uv":[13,10,15,10.5],"rotation":180,"texture":"#all","cullface":"up"},"east":{"uv":[14,10,14.5,11],"rotation":90,"texture":"#all","cullface":"up"},"south":{"uv":[13,10,15,10.5],"texture":"#all","cullface":"up"},"west":{"uv":[13,10,13.5,11],"rotation":270,"texture":"#all","cullface":"up"},"up":{"uv":[13,10,15,11],"texture":"#all","cullface":"up"}}},{"from":[6,16,14],"to":[8,16.5,15],"light_emission":15,"faces":{"north":{"uv":[6,14,8,14.5],"rotation":180,"texture":"#all","cullface":"up"},"east":{"uv":[7,14,7.5,15],"rotation":90,"texture":"#all","cullface":"up"},"south":{"uv":[6,14,8,14.5],"texture":"#all","cullface":"up"},"west":{"uv":[6,14,6.5,15],"rotation":270,"texture":"#all","cullface":"up"},"up":{"uv":[6,14,8,15],"texture":"#all","cullface":"up"}}},{"from":[10,-0.5,12],"to":[11,0,13],"light_emission":15,"faces":{"north":{"uv":[10,3,11,3.5],"texture":"#all","cullface":"down"},"east":{"uv":[10,3,10.5,4],"rotation":270,"texture":"#all","cullface":"down"},"south":{"uv":[10,3,11,3.5],"rotation":180,"texture":"#all","cullface":"down"},"down":{"uv":[10,3,11,4],"texture":"#all","cullface":"down"}}},{"from":[5,-0.5,12],"to":[6,0,13],"light_emission":15,"faces":{"north":{"uv":[5,3,6,3.5],"texture":"#all","cullface":"down"},"south":{"uv":[5,3,6,3.5],"rotation":180,"texture":"#all","cullface":"down"},"west":{"uv":[5,3,5.5,4],"rotation":90,"texture":"#all","cullface":"down"},"down":{"uv":[5,3,6,4],"texture":"#all","cullface":"down"}}},{"from":[7,-0.5,11],"to":[10,0,12],"light_emission":15,"faces":{"north":{"uv":[7,4,10,4.7],"rotation":180,"texture":"#all","cullface":"down"},"east":{"uv":[9,4,9.7,5],"rotation":270,"texture":"#all","cullface":"down"},"west":{"uv":[7,4,7.7,5],"rotation":90,"texture":"#all","cullface":"down"},"down":{"uv":[7,4,10,5],"texture":"#all","cullface":"down"}}},{"from":[6,-0.5,13],"to":[9,0,14],"light_emission":15,"faces":{"east":{"uv":[8,2,8.7,3],"rotation":270,"texture":"#all","cullface":"down"},"south":{"uv":[6,2,9,2.7],"texture":"#all","cullface":"down"},"west":{"uv":[6,2,6.7,3],"rotation":90,"texture":"#all","cullface":"down"},"down":{"uv":[6,2,9,3],"texture":"#all","cullface":"down"}}},{"from":[6,-0.7,12],"to":[10,0,13],"light_emission":15,"faces":{"north":{"uv":[6,3,10,3.7],"rotation":180,"texture":"#all","cullface":"down"},"east":{"uv":[9,3,9.7,4],"rotation":270,"texture":"#all","cullface":"down"},"south":{"uv":[6,3,10,3.7],"texture":"#all","cullface":"down"},"west":{"uv":[6,3,6.7,4],"rotation":90,"texture":"#all","cullface":"down"},"down":{"uv":[6,3,10,4],"texture":"#all","cullface":"down"}}},{"from":[11,-0.7,8],"to":[13,0,9],"light_emission":15,"faces":{"north":{"uv":[11,7,13,7.5],"rotation":180,"texture":"#all","cullface":"down"},"east":{"uv":[12,7,12.5,8],"rotation":270,"texture":"#all","cullface":"down"},"south":{"uv":[11,7,13,7.5],"texture":"#all","cullface":"down"},"west":{"uv":[11,7,11.5,8],"rotation":90,"texture":"#all","cullface":"down"},"down":{"uv":[11,7,13,8],"texture":"#all","cullface":"down"}}},{"from":[10,-0.5,9],"to":[13,0,10],"light_emission":15,"faces":{"north":{"uv":[10,6,13,6.7],"rotation":180,"texture":"#all","cullface":"down"},"east":{"uv":[12,6,12.7,7],"rotation":270,"texture":"#all","cullface":"down"},"south":{"uv":[10,6,13,6.7],"texture":"#all","cullface":"down"},"west":{"uv":[10,6,10.7,7],"rotation":90,"texture":"#all","cullface":"down"},"down":{"uv":[10,6,13,7],"texture":"#all","cullface":"down"}}},{"from":[4,-0.5,8],"to":[7,0,9],"light_emission":15,"faces":{"east":{"uv":[6,7,6.7,8],"rotation":270,"texture":"#all","cullface":"down"},"south":{"uv":[4,7,7,7.7],"texture":"#all","cullface":"down"},"west":{"uv":[4,7,4.7,8],"rotation":90,"texture":"#all","cullface":"down"},"down":{"uv":[4,7,7,8],"texture":"#all","cullface":"down"}}},{"from":[7,-0.5,7],"to":[8,0,8],"light_emission":15,"faces":{"north":{"uv":[7,8,8,8.5],"texture":"#all","cullface":"down"},"east":{"uv":[7,8,7.5,9],"rotation":270,"texture":"#all","cullface":"down"},"south":{"uv":[7,8,8,8.5],"rotation":180,"texture":"#all","cullface":"down"},"down":{"uv":[7,8,8,9],"texture":"#all","cullface":"down"}}},{"from":[3,-0.5,7],"to":[4,0,8],"light_emission":15,"faces":{"north":{"uv":[3,8,4,8.5],"texture":"#all","cullface":"down"},"south":{"uv":[3,8,4,8.5],"rotation":180,"texture":"#all","cullface":"down"},"west":{"uv":[3,8,3.5,9],"rotation":90,"texture":"#all","cullface":"down"},"down":{"uv":[3,8,4,9],"texture":"#all","cullface":"down"}}},{"from":[4,-0.7,7],"to":[7,0,8],"light_emission":15,"faces":{"north":{"uv":[4,8,7,8.7],"rotation":180,"texture":"#all","cullface":"down"},"east":{"uv":[6,8,6.7,9],"rotation":270,"texture":"#all","cullface":"down"},"south":{"uv":[4,8,7,8.7],"texture":"#all","cullface":"down"},"west":{"uv":[4,8,4.7,9],"rotation":90,"texture":"#all","cullface":"down"},"down":{"uv":[4,8,7,9],"texture":"#all","cullface":"down"}}},{"from":[4,-0.5,6],"to":[6,0,7],"light_emission":15,"faces":{"north":{"uv":[4,9,6,9.5],"rotation":180,"texture":"#all","cullface":"down"},"east":{"uv":[5,9,5.5,10],"rotation":270,"texture":"#all","cullface":"down"},"west":{"uv":[4,9,4.5,10],"rotation":90,"texture":"#all","cullface":"down"},"down":{"uv":[4,9,6,10],"texture":"#all","cullface":"down"}}},{"from":[2,-0.5,3],"to":[3,0,4],"light_emission":15,"faces":{"north":{"uv":[2,12,3,12.5],"texture":"#all","cullface":"down"},"south":{"uv":[2,12,3,12.5],"rotation":180,"texture":"#all","cullface":"down"},"west":{"uv":[2,12,2.5,13],"rotation":90,"texture":"#all","cullface":"down"},"down":{"uv":[2,12,3,13],"texture":"#all","cullface":"down"}}},{"from":[3,-0.5,2],"to":[5,0,3],"light_emission":15,"faces":{"north":{"uv":[3,13,5,13.5],"rotation":180,"texture":"#all","cullface":"down"},"east":{"uv":[4,13,4.5,14],"rotation":270,"texture":"#all","cullface":"down"},"west":{"uv":[3,13,3.5,14],"rotation":90,"texture":"#all","cullface":"down"},"down":{"uv":[3,13,5,14],"texture":"#all","cullface":"down"}}},{"from":[5,-0.5,3],"to":[7,0,4],"light_emission":15,"faces":{"north":{"uv":[5,12,7,12.5],"rotation":180,"texture":"#all","cullface":"down"},"east":{"uv":[6,12,6.5,13],"rotation":270,"texture":"#all","cullface":"down"},"south":{"uv":[5,12,7,12.5],"texture":"#all","cullface":"down"},"down":{"uv":[5,12,7,13],"texture":"#all","cullface":"down"}}},{"from":[3,-0.7,3],"to":[5,0,4],"light_emission":15,"faces":{"north":{"uv":[3,12,5,12.5],"rotation":180,"texture":"#all","cullface":"down"},"east":{"uv":[4,12,4.5,13],"rotation":270,"texture":"#all","cullface":"down"},"south":{"uv":[3,12,5,12.5],"texture":"#all","cullface":"down"},"west":{"uv":[3,12,3.5,13],"rotation":90,"texture":"#all","cullface":"down"},"down":{"uv":[3,12,5,13],"texture":"#all","cullface":"down"}}},{"from":[10,-0.7,3],"to":[12,0,4],"light_emission":15,"faces":{"north":{"uv":[10,12,12,12.5],"rotation":180,"texture":"#all","cullface":"down"},"east":{"uv":[11,12,11.5,13],"rotation":270,"texture":"#all","cullface":"down"},"south":{"uv":[10,12,12,12.5],"texture":"#all","cullface":"down"},"west":{"uv":[10,12,10.5,13],"rotation":90,"texture":"#all","cullface":"down"},"down":{"uv":[10,12,12,13],"texture":"#all","cullface":"down"}}},{"from":[12,-0.5,3],"to":[13,0,4],"light_emission":15,"faces":{"north":{"uv":[12,12,13,12.5],"texture":"#all","cullface":"down"},"east":{"uv":[12,12,12.5,13],"rotation":270,"texture":"#all","cullface":"down"},"south":{"uv":[12,12,13,12.5],"rotation":180,"texture":"#all","cullface":"down"},"down":{"uv":[12,12,13,13],"texture":"#all","cullface":"down"}}},{"from":[10,-0.5,2],"to":[12,0,3],"light_emission":15,"faces":{"north":{"uv":[10,13,12,13.5],"rotation":180,"texture":"#all","cullface":"down"},"east":{"uv":[11,13,11.5,14],"rotation":270,"texture":"#all","cullface":"down"},"west":{"uv":[10,13,10.5,14],"rotation":90,"texture":"#all","cullface":"down"},"down":{"uv":[10,13,12,14],"texture":"#all","cullface":"down"}}},{"from":[1,-0.5,11],"to":[3,0,12],"light_emission":15,"faces":{"north":{"uv":[1,4,3,4.5],"rotation":180,"texture":"#all","cullface":"down"},"east":{"uv":[2,4,2.5,5],"rotation":270,"texture":"#all","cullface":"down"},"south":{"uv":[1,4,3,4.5],"texture":"#all","cullface":"down"},"west":{"uv":[1,4,1.5,5],"rotation":90,"texture":"#all","cullface":"down"},"down":{"uv":[1,4,3,5],"texture":"#all","cullface":"down"}}},{"from":[12,-0.5,13],"to":[14,0,14],"light_emission":15,"faces":{"north":{"uv":[12,2,14,2.5],"rotation":180,"texture":"#all","cullface":"down"},"east":{"uv":[13,2,13.5,3],"rotation":270,"texture":"#all","cullface":"down"},"south":{"uv":[12,2,14,2.5],"texture":"#all","cullface":"down"},"west":{"uv":[12,2,12.5,3],"rotation":90,"texture":"#all","cullface":"down"},"down":{"uv":[12,2,14,3],"texture":"#all","cullface":"down"}}},{"from":[13,-0.5,5],"to":[15,0,6],"light_emission":15,"faces":{"north":{"uv":[13,10,15,10.5],"rotation":180,"texture":"#all","cullface":"down"},"east":{"uv":[14,10,14.5,11],"rotation":270,"texture":"#all","cullface":"down"},"south":{"uv":[13,10,15,10.5],"texture":"#all","cullface":"down"},"west":{"uv":[13,10,13.5,11],"rotation":90,"texture":"#all","cullface":"down"},"down":{"uv":[13,10,15,11],"texture":"#all","cullface":"down"}}},{"from":[6,-0.5,1],"to":[8,0,2],"light_emission":15,"faces":{"north":{"uv":[6,14,8,14.5],"rotation":180,"texture":"#all","cullface":"down"},"east":{"uv":[7,14,7.5,15],"rotation":270,"texture":"#all","cullface":"down"},"south":{"uv":[6,14,8,14.5],"texture":"#all","cullface":"down"},"west":{"uv":[6,14,6.5,15],"rotation":90,"texture":"#all","cullface":"down"},"down":{"uv":[6,14,8,15],"texture":"#all","cullface":"down"}}},{"from":[13,5,16],"to":[15,6,16.5],"light_emission":15,"faces":{"east":{"uv":[14,10,14.5,11],"texture":"#all","cullface":"south"},"south":{"uv":[13,10,15,11],"texture":"#all","cullface":"south"},"west":{"uv":[13,10,13.5,11],"texture":"#all","cullface":"south"},"up":{"uv":[13,10,15,10.5],"texture":"#all","cullface":"south"},"down":{"uv":[13,10,15,10.5],"texture":"#all","cullface":"south"}}},{"from":[6,1,16],"to":[8,2,16.5],"light_emission":15,"faces":{"east":{"uv":[7,14,7.5,15],"texture":"#all","cullface":"south"},"south":{"uv":[6,14,8,15],"texture":"#all","cullface":"south"},"west":{"uv":[6,14,6.5,15],"texture":"#all","cullface":"south"},"up":{"uv":[6,14,8,14.5],"texture":"#all","cullface":"south"},"down":{"uv":[6,14,8,14.5],"texture":"#all","cullface":"south"}}},{"from":[16,12,5],"to":[16.5,13,6],"light_emission":15,"faces":{"north":{"uv":[10,3,10.5,4],"texture":"#all","cullface":"east"},"east":{"uv":[10,3,11,4],"texture":"#all","cullface":"east"},"up":{"uv":[10,3,11,3.5],"rotation":90,"texture":"#all","cullface":"east"},"down":{"uv":[10,3,11,3.5],"rotation":270,"texture":"#all","cullface":"east"}}},{"from":[16,12,10],"to":[16.5,13,11],"light_emission":15,"faces":{"east":{"uv":[5,3,6,4],"texture":"#all","cullface":"east"},"south":{"uv":[5,3,5.5,4],"texture":"#all","cullface":"east"},"up":{"uv":[5,3,6,3.5],"rotation":90,"texture":"#all","cullface":"east"},"down":{"uv":[5,3,6,3.5],"rotation":270,"texture":"#all","cullface":"east"}}},{"from":[16,11,6],"to":[16.5,12,9],"light_emission":15,"faces":{"north":{"uv":[9,4,9.7,5],"texture":"#all","cullface":"east"},"east":{"uv":[7,4,10,5],"texture":"#all","cullface":"east"},"south":{"uv":[7,4,7.7,5],"texture":"#all","cullface":"east"},"down":{"uv":[7,4,10,4.7],"rotation":90,"texture":"#all","cullface":"east"}}},{"from":[16,13,7],"to":[16.5,14,10],"light_emission":15,"faces":{"north":{"uv":[8,2,8.7,3],"texture":"#all","cullface":"east"},"east":{"uv":[6,2,9,3],"texture":"#all","cullface":"east"},"south":{"uv":[6,2,6.7,3],"texture":"#all","cullface":"east"},"up":{"uv":[6,2,9,2.7],"rotation":270,"texture":"#all","cullface":"east"}}},{"from":[16,12,6],"to":[16.7,13,10],"light_emission":15,"faces":{"north":{"uv":[9,3,9.7,4],"texture":"#all","cullface":"east"},"east":{"uv":[6,3,10,4],"texture":"#all","cullface":"east"},"south":{"uv":[6,3,6.7,4],"texture":"#all","cullface":"east"},"up":{"uv":[6,3,10,3.7],"rotation":270,"texture":"#all","cullface":"east"},"down":{"uv":[6,3,10,3.7],"rotation":90,"texture":"#all","cullface":"east"}}},{"from":[16,8,3],"to":[16.7,9,5],"light_emission":15,"faces":{"north":{"uv":[12,7,12.5,8],"texture":"#all","cullface":"east"},"east":{"uv":[11,7,13,8],"texture":"#all","cullface":"east"},"south":{"uv":[11,7,11.5,8],"texture":"#all","cullface":"east"},"up":{"uv":[11,7,13,7.5],"rotation":270,"texture":"#all","cullface":"east"},"down":{"uv":[11,7,13,7.5],"rotation":90,"texture":"#all","cullface":"east"}}},{"from":[16,9,3],"to":[16.5,10,6],"light_emission":15,"faces":{"north":{"uv":[12,6,12.7,7],"texture":"#all","cullface":"east"},"east":{"uv":[10,6,13,7],"texture":"#all","cullface":"east"},"south":{"uv":[10,6,10.7,7],"texture":"#all","cullface":"east"},"up":{"uv":[10,6,13,6.7],"rotation":270,"texture":"#all","cullface":"east"},"down":{"uv":[10,6,13,6.7],"rotation":90,"texture":"#all","cullface":"east"}}},{"from":[16,8,9],"to":[16.5,9,12],"light_emission":15,"faces":{"north":{"uv":[6,7,6.7,8],"texture":"#all","cullface":"east"},"east":{"uv":[4,7,7,8],"texture":"#all","cullface":"east"},"south":{"uv":[4,7,4.7,8],"texture":"#all","cullface":"east"},"up":{"uv":[4,7,7,7.7],"rotation":270,"texture":"#all","cullface":"east"}}},{"from":[16,7,8],"to":[16.5,8,9],"light_emission":15,"faces":{"north":{"uv":[7,8,7.5,9],"texture":"#all","cullface":"east"},"east":{"uv":[7,8,8,9],"texture":"#all","cullface":"east"},"up":{"uv":[7,8,8,8.5],"rotation":90,"texture":"#all","cullface":"east"},"down":{"uv":[7,8,8,8.5],"rotation":270,"texture":"#all","cullface":"east"}}},{"from":[16,7,12],"to":[16.5,8,13],"light_emission":15,"faces":{"east":{"uv":[3,8,4,9],"texture":"#all","cullface":"east"},"south":{"uv":[3,8,3.5,9],"texture":"#all","cullface":"east"},"up":{"uv":[3,8,4,8.5],"rotation":90,"texture":"#all","cullface":"east"},"down":{"uv":[3,8,4,8.5],"rotation":270,"texture":"#all","cullface":"east"}}},{"from":[16,7,9],"to":[16.7,8,12],"light_emission":15,"faces":{"north":{"uv":[6,8,6.7,9],"texture":"#all","cullface":"east"},"east":{"uv":[4,8,7,9],"texture":"#all","cullface":"east"},"south":{"uv":[4,8,4.7,9],"texture":"#all","cullface":"east"},"up":{"uv":[4,8,7,8.7],"rotation":270,"texture":"#all","cullface":"east"},"down":{"uv":[4,8,7,8.7],"rotation":90,"texture":"#all","cullface":"east"}}},{"from":[16,6,10],"to":[16.5,7,12],"light_emission":15,"faces":{"north":{"uv":[5,9,5.5,10],"texture":"#all","cullface":"east"},"east":{"uv":[4,9,6,10],"texture":"#all","cullface":"east"},"south":{"uv":[4,9,4.5,10],"texture":"#all","cullface":"east"},"down":{"uv":[4,9,6,9.5],"rotation":90,"texture":"#all","cullface":"east"}}},{"from":[16,3,13],"to":[16.5,4,14],"light_emission":15,"faces":{"east":{"uv":[2,12,3,13],"texture":"#all","cullface":"east"},"south":{"uv":[2,12,2.5,13],"texture":"#all","cullface":"east"},"up":{"uv":[2,12,3,12.5],"rotation":90,"texture":"#all","cullface":"east"},"down":{"uv":[2,12,3,12.5],"rotation":270,"texture":"#all","cullface":"east"}}},{"from":[16,2,11],"to":[16.5,3,13],"light_emission":15,"faces":{"north":{"uv":[4,13,4.5,14],"texture":"#all","cullface":"east"},"east":{"uv":[3,13,5,14],"texture":"#all","cullface":"east"},"south":{"uv":[3,13,3.5,14],"texture":"#all","cullface":"east"},"down":{"uv":[3,13,5,13.5],"rotation":90,"texture":"#all","cullface":"east"}}},{"from":[16,3,9],"to":[16.5,4,11],"light_emission":15,"faces":{"north":{"uv":[6,12,6.5,13],"texture":"#all","cullface":"east"},"east":{"uv":[5,12,7,13],"texture":"#all","cullface":"east"},"up":{"uv":[5,12,7,12.5],"rotation":270,"texture":"#all","cullface":"east"},"down":{"uv":[5,12,7,12.5],"rotation":90,"texture":"#all","cullface":"east"}}},{"from":[16,3,11],"to":[16.7,4,13],"light_emission":15,"faces":{"north":{"uv":[4,12,4.5,13],"texture":"#all","cullface":"east"},"east":{"uv":[3,12,5,13],"texture":"#all","cullface":"east"},"south":{"uv":[3,12,3.5,13],"texture":"#all","cullface":"east"},"up":{"uv":[3,12,5,12.5],"rotation":270,"texture":"#all","cullface":"east"},"down":{"uv":[3,12,5,12.5],"rotation":90,"texture":"#all","cullface":"east"}}},{"from":[16,3,4],"to":[16.7,4,6],"light_emission":15,"faces":{"north":{"uv":[11,12,11.5,13],"texture":"#all","cullface":"east"},"east":{"uv":[10,12,12,13],"texture":"#all","cullface":"east"},"south":{"uv":[10,12,10.5,13],"texture":"#all","cullface":"east"},"up":{"uv":[10,12,12,12.5],"rotation":270,"texture":"#all","cullface":"east"},"down":{"uv":[10,12,12,12.5],"rotation":90,"texture":"#all","cullface":"east"}}},{"from":[16,3,3],"to":[16.5,4,4],"light_emission":15,"faces":{"north":{"uv":[12,12,12.5,13],"texture":"#all","cullface":"east"},"east":{"uv":[12,12,13,13],"texture":"#all","cullface":"east"},"up":{"uv":[12,12,13,12.5],"rotation":90,"texture":"#all","cullface":"east"},"down":{"uv":[12,12,13,12.5],"rotation":270,"texture":"#all","cullface":"east"}}},{"from":[16,2,4],"to":[16.5,3,6],"light_emission":15,"faces":{"north":{"uv":[11,13,11.5,14],"texture":"#all","cullface":"east"},"east":{"uv":[10,13,12,14],"texture":"#all","cullface":"east"},"south":{"uv":[10,13,10.5,14],"texture":"#all","cullface":"east"},"down":{"uv":[10,13,12,13.5],"rotation":90,"texture":"#all","cullface":"east"}}},{"from":[16,11,13],"to":[16.5,12,15],"light_emission":15,"faces":{"north":{"uv":[2,4,2.5,5],"texture":"#all","cullface":"east"},"east":{"uv":[1,4,3,5],"texture":"#all","cullface":"east"},"south":{"uv":[1,4,1.5,5],"texture":"#all","cullface":"east"},"up":{"uv":[1,4,3,4.5],"rotation":270,"texture":"#all","cullface":"east"},"down":{"uv":[1,4,3,4.5],"rotation":90,"texture":"#all","cullface":"east"}}},{"from":[16,13,2],"to":[16.5,14,4],"light_emission":15,"faces":{"north":{"uv":[13,2,13.5,3],"texture":"#all","cullface":"east"},"east":{"uv":[12,2,14,3],"texture":"#all","cullface":"east"},"south":{"uv":[12,2,12.5,3],"texture":"#all","cullface":"east"},"up":{"uv":[12,2,14,2.5],"rotation":270,"texture":"#all","cullface":"east"},"down":{"uv":[12,2,14,2.5],"rotation":90,"texture":"#all","cullface":"east"}}},{"from":[16,5,1],"to":[16.5,6,3],"light_emission":15,"faces":{"north":{"uv":[14,10,14.5,11],"texture":"#all","cullface":"east"},"east":{"uv":[13,10,15,11],"texture":"#all","cullface":"east"},"south":{"uv":[13,10,13.5,11],"texture":"#all","cullface":"east"},"up":{"uv":[13,10,15,10.5],"rotation":270,"texture":"#all","cullface":"east"},"down":{"uv":[13,10,15,10.5],"rotation":90,"texture":"#all","cullface":"east"}}},{"from":[16,1,8],"to":[16.5,2,10],"light_emission":15,"faces":{"north":{"uv":[7,14,7.5,15],"texture":"#all","cullface":"east"},"east":{"uv":[6,14,8,15],"texture":"#all","cullface":"east"},"south":{"uv":[6,14,6.5,15],"texture":"#all","cullface":"east"},"up":{"uv":[6,14,8,14.5],"rotation":270,"texture":"#all","cullface":"east"},"down":{"uv":[6,14,8,14.5],"rotation":90,"texture":"#all","cullface":"east"}}},{"from":[9,3,-0.5],"to":[11,4,0],"light_emission":15,"faces":{"north":{"uv":[5,12,7,13],"texture":"#all","cullface":"north"},"west":{"uv":[6,12,6.5,13],"texture":"#all","cullface":"north"},"up":{"uv":[5,12,7,12.5],"rotation":180,"texture":"#all","cullface":"north"},"down":{"uv":[5,12,7,12.5],"rotation":180,"texture":"#all","cullface":"north"}}},{"from":[9,8,-0.5],"to":[12,9,0],"light_emission":15,"faces":{"north":{"uv":[4,7,7,8],"texture":"#all","cullface":"north"},"east":{"uv":[4,7,4.7,8],"texture":"#all","cullface":"north"},"west":{"uv":[6,7,6.7,8],"texture":"#all","cullface":"north"},"up":{"uv":[4,7,7,7.7],"rotation":180,"texture":"#all","cullface":"north"}}},{"from":[3,9,-0.5],"to":[6,10,0],"light_emission":15,"faces":{"north":{"uv":[10,6,13,7],"texture":"#all","cullface":"north"},"east":{"uv":[10,6,10.7,7],"texture":"#all","cullface":"north"},"west":{"uv":[12,6,12.7,7],"texture":"#all","cullface":"north"},"up":{"uv":[10,6,13,6.7],"rotation":180,"texture":"#all","cullface":"north"},"down":{"uv":[10,6,13,6.7],"rotation":180,"texture":"#all","cullface":"north"}}},{"from":[11,2,-0.5],"to":[13,3,0],"light_emission":15,"faces":{"north":{"uv":[3,13,5,14],"texture":"#all","cullface":"north"},"east":{"uv":[3,13,3.5,14],"texture":"#all","cullface":"north"},"west":{"uv":[4,13,4.5,14],"texture":"#all","cullface":"north"},"down":{"uv":[3,13,5,13.5],"rotation":180,"texture":"#all","cullface":"north"}}},{"from":[10,6,-0.5],"to":[12,7,0],"light_emission":15,"faces":{"north":{"uv":[4,9,6,10],"texture":"#all","cullface":"north"},"east":{"uv":[4,9,4.5,10],"texture":"#all","cullface":"north"},"west":{"uv":[5,9,5.5,10],"texture":"#all","cullface":"north"},"down":{"uv":[4,9,6,9.5],"rotation":180,"texture":"#all","cullface":"north"}}},{"from":[1,5,-0.5],"to":[3,6,0],"light_emission":15,"faces":{"north":{"uv":[13,10,15,11],"texture":"#all","cullface":"north"},"east":{"uv":[13,10,13.5,11],"texture":"#all","cullface":"north"},"west":{"uv":[14,10,14.5,11],"texture":"#all","cullface":"north"},"up":{"uv":[13,10,15,10.5],"rotation":180,"texture":"#all","cullface":"north"},"down":{"uv":[13,10,15,10.5],"rotation":180,"texture":"#all","cullface":"north"}}},{"from":[4,2,-0.5],"to":[6,3,0],"light_emission":15,"faces":{"north":{"uv":[10,13,12,14],"texture":"#all","cullface":"north"},"east":{"uv":[10,13,10.5,14],"texture":"#all","cullface":"north"},"west":{"uv":[11,13,11.5,14],"texture":"#all","cullface":"north"},"down":{"uv":[10,13,12,13.5],"rotation":180,"texture":"#all","cullface":"north"}}},{"from":[3,3,-0.5],"to":[4,4,0],"light_emission":15,"faces":{"north":{"uv":[12,12,13,13],"texture":"#all","cullface":"north"},"west":{"uv":[12,12,12.5,13],"texture":"#all","cullface":"north"},"up":{"uv":[12,12,13,12.5],"texture":"#all","cullface":"north"},"down":{"uv":[12,12,13,12.5],"texture":"#all","cullface":"north"}}},{"from":[13,3,-0.5],"to":[14,4,0],"light_emission":15,"faces":{"north":{"uv":[2,12,3,13],"texture":"#all","cullface":"north"},"east":{"uv":[2,12,2.5,13],"texture":"#all","cullface":"north"},"up":{"uv":[2,12,3,12.5],"texture":"#all","cullface":"north"},"down":{"uv":[2,12,3,12.5],"texture":"#all","cullface":"north"}}},{"from":[12,7,-0.5],"to":[13,8,0],"light_emission":15,"faces":{"north":{"uv":[3,8,4,9],"texture":"#all","cullface":"north"},"east":{"uv":[3,8,3.5,9],"texture":"#all","cullface":"north"},"up":{"uv":[3,8,4,8.5],"texture":"#all","cullface":"north"},"down":{"uv":[3,8,4,8.5],"texture":"#all","cullface":"north"}}},{"from":[8,7,-0.5],"to":[9,8,0],"light_emission":15,"faces":{"north":{"uv":[7,8,8,9],"texture":"#all","cullface":"north"},"west":{"uv":[7,8,7.5,9],"texture":"#all","cullface":"north"},"up":{"uv":[7,8,8,8.5],"texture":"#all","cullface":"north"},"down":{"uv":[7,8,8,8.5],"texture":"#all","cullface":"north"}}},{"from":[10,12,-0.5],"to":[11,13,0],"light_emission":15,"faces":{"north":{"uv":[5,3,6,4],"texture":"#all","cullface":"north"},"east":{"uv":[5,3,5.5,4],"texture":"#all","cullface":"north"},"up":{"uv":[5,3,6,3.5],"texture":"#all","cullface":"north"},"down":{"uv":[5,3,6,3.5],"texture":"#all","cullface":"north"}}},{"from":[5,12,-0.5],"to":[6,13,0],"light_emission":15,"faces":{"north":{"uv":[10,3,11,4],"texture":"#all","cullface":"north"},"west":{"uv":[10,3,10.5,4],"texture":"#all","cullface":"north"},"up":{"uv":[10,3,11,3.5],"texture":"#all","cullface":"north"},"down":{"uv":[10,3,11,3.5],"texture":"#all","cullface":"north"}}},{"from":[4,3,-0.7],"to":[6,4,0],"light_emission":15,"faces":{"north":{"uv":[10,12,12,13],"texture":"#all","cullface":"north"},"east":{"uv":[10,12,10.5,13],"texture":"#all","cullface":"north"},"west":{"uv":[11,12,11.5,13],"texture":"#all","cullface":"north"},"up":{"uv":[10,12,12,12.5],"rotation":180,"texture":"#all","cullface":"north"},"down":{"uv":[10,12,12,12.5],"rotation":180,"texture":"#all","cullface":"north"}}},{"from":[11,3,-0.7],"to":[13,4,0],"light_emission":15,"faces":{"north":{"uv":[3,12,5,13],"texture":"#all","cullface":"north"},"east":{"uv":[3,12,3.5,13],"texture":"#all","cullface":"north"},"west":{"uv":[4,12,4.5,13],"texture":"#all","cullface":"north"},"up":{"uv":[3,12,5,12.5],"rotation":180,"texture":"#all","cullface":"north"},"down":{"uv":[3,12,5,12.5],"rotation":180,"texture":"#all","cullface":"north"}}},{"from":[9,7,-0.7],"to":[12,8,0],"light_emission":15,"faces":{"north":{"uv":[4,8,7,9],"texture":"#all","cullface":"north"},"east":{"uv":[4,8,4.7,9],"texture":"#all","cullface":"north"},"west":{"uv":[6,8,6.7,9],"texture":"#all","cullface":"north"},"up":{"uv":[4,8,7,8.7],"rotation":180,"texture":"#all","cullface":"north"},"down":{"uv":[4,8,7,8.7],"rotation":180,"texture":"#all","cullface":"north"}}},{"from":[3,8,-0.7],"to":[5,9,0],"light_emission":15,"faces":{"north":{"uv":[11,7,13,8],"texture":"#all","cullface":"north"},"east":{"uv":[11,7,11.5,8],"texture":"#all","cullface":"north"},"west":{"uv":[12,7,12.5,8],"texture":"#all","cullface":"north"},"up":{"uv":[11,7,13,7.5],"rotation":180,"texture":"#all","cullface":"north"},"down":{"uv":[11,7,13,7.5],"rotation":180,"texture":"#all","cullface":"north"}}},{"from":[6,12,-0.7],"to":[10,13,0],"light_emission":15,"faces":{"north":{"uv":[6,3,10,4],"texture":"#all","cullface":"north"},"east":{"uv":[6,3,6.7,4],"texture":"#all","cullface":"north"},"west":{"uv":[9,3,9.7,4],"texture":"#all","cullface":"north"},"up":{"uv":[6,3,10,3.7],"rotation":180,"texture":"#all","cullface":"north"},"down":{"uv":[6,3,10,3.7],"rotation":180,"texture":"#all","cullface":"north"}}},{"from":[2,13,-0.5],"to":[4,14,0],"light_emission":15,"faces":{"north":{"uv":[12,2,14,3],"texture":"#all","cullface":"north"},"east":{"uv":[12,2,12.5,3],"texture":"#all","cullface":"north"},"west":{"uv":[13,2,13.5,3],"texture":"#all","cullface":"north"},"up":{"uv":[12,2,14,2.5],"rotation":180,"texture":"#all","cullface":"north"},"down":{"uv":[12,2,14,2.5],"rotation":180,"texture":"#all","cullface":"north"}}},{"from":[7,13,-0.5],"to":[10,14,0],"light_emission":15,"faces":{"north":{"uv":[6,2,9,3],"texture":"#all","cullface":"north"},"east":{"uv":[6,2,6.7,3],"texture":"#all","cullface":"north"},"west":{"uv":[8,2,8.7,3],"texture":"#all","cullface":"north"},"up":{"uv":[6,2,9,2.7],"rotation":180,"texture":"#all","cullface":"north"}}},{"from":[6,11,-0.5],"to":[9,12,0],"light_emission":15,"faces":{"north":{"uv":[7,4,10,5],"texture":"#all","cullface":"north"},"east":{"uv":[7,4,7.7,5],"texture":"#all","cullface":"north"},"west":{"uv":[9,4,9.7,5],"texture":"#all","cullface":"north"},"down":{"uv":[7,4,10,4.7],"rotation":180,"texture":"#all","cullface":"north"}}},{"from":[13,11,-0.5],"to":[15,12,0],"light_emission":15,"faces":{"north":{"uv":[1,4,3,5],"texture":"#all","cullface":"north"},"east":{"uv":[1,4,1.5,5],"texture":"#all","cullface":"north"},"west":{"uv":[2,4,2.5,5],"texture":"#all","cullface":"north"},"up":{"uv":[1,4,3,4.5],"rotation":180,"texture":"#all","cullface":"north"},"down":{"uv":[1,4,3,4.5],"rotation":180,"texture":"#all","cullface":"north"}}}]}