{"credit":"Created by Marceus","format_version":"1.21.6","parent":"block/cube_all","textures":{"particle":"block/coal_ore2","all":"block/coal_ore2"},"elements":[{"from":[0,0,0],"to":[16,16,16],"faces":{"north":{"uv":[0,0,16,16],"texture":"#all","cullface":"north"},"east":{"uv":[0,0,16,16],"texture":"#all","cullface":"east"},"south":{"uv":[0,0,16,16],"texture":"#all","cullface":"south"},"west":{"uv":[0,0,16,16],"texture":"#all","cullface":"west"},"up":{"uv":[0,0,16,16],"texture":"#all","cullface":"up"},"down":{"uv":[0,0,16,16],"texture":"#all","cullface":"down"}}},{"from":[3,11,-0.7],"to":[6,14,0],"light_emission":15,"faces":{"north":{"uv":[10,2,13,5],"texture":"#all","cullface":"north"},"east":{"uv":[10,2,10.7,5],"texture":"#all","cullface":"north"},"west":{"uv":[12,2,12.7,5],"texture":"#all","cullface":"north"},"up":{"uv":[10,2,13,2.7],"rotation":180,"texture":"#all","cullface":"north"},"down":{"uv":[10,4,13,4.7],"rotation":180,"texture":"#all","cullface":"north"}}},{"from":[-0.5,0,7],"to":[0,1,9],"light_emission":15,"faces":{"north":{"uv":[7,15,7.5,16],"texture":"#all","cullface":"west"},"south":{"uv":[8,15,8.5,16],"texture":"#all","cullface":"west"},"west":{"uv":[7,15,9,16],"texture":"#all","cullface":"west"},"down":{"uv":[7,15,9,15.5],"rotation":270,"texture":"#all","cullface":"west"}}},{"from":[-0.5,1,6],"to":[0,3,7],"light_emission":15,"faces":{"north":{"uv":[6,13,6.5,15],"texture":"#all","cullface":"west"},"west":{"uv":[6,13,7,15],"texture":"#all","cullface":"west"},"up":{"uv":[6,13,7,13.5],"rotation":270,"texture":"#all","cullface":"west"},"down":{"uv":[6,14,7,14.5],"rotation":90,"texture":"#all","cullface":"west"}}},{"from":[-0.5,13,3],"to":[0,14,5],"light_emission":15,"faces":{"north":{"uv":[3,2,3.5,3],"texture":"#all","cullface":"west"},"west":{"uv":[3,2,5,3],"texture":"#all","cullface":"west"},"up":{"uv":[3,2,5,2.5],"rotation":90,"texture":"#all","cullface":"west"}}},{"from":[-0.5,12,6],"to":[0,13,7],"light_emission":15,"faces":{"south":{"uv":[6,3,6.5,4],"texture":"#all","cullface":"west"},"west":{"uv":[6,3,7,4],"texture":"#all","cullface":"west"},"down":{"uv":[6,3,7,3.5],"rotation":90,"texture":"#all","cullface":"west"}}},{"from":[-0.7,13,5],"to":[0,14,7],"light_emission":15,"faces":{"north":{"uv":[5,2,5.5,3],"texture":"#all","cullface":"west"},"south":{"uv":[6,2,6.5,3],"texture":"#all","cullface":"west"},"west":{"uv":[5,2,7,3],"texture":"#all","cullface":"west"},"up":{"uv":[5,2,7,2.5],"rotation":90,"texture":"#all","cullface":"west"},"down":{"uv":[5,2,7,2.5],"rotation":270,"texture":"#all","cullface":"west"}}},{"from":[-0.5,13,7],"to":[0,14,8],"light_emission":15,"faces":{"south":{"uv":[7,2,7.5,3],"texture":"#all","cullface":"west"},"west":{"uv":[7,2,8,3],"texture":"#all","cullface":"west"},"up":{"uv":[7,2,8,2.5],"rotation":270,"texture":"#all","cullface":"west"},"down":{"uv":[7,2,8,2.5],"rotation":90,"texture":"#all","cullface":"west"}}},{"from":[-0.7,5,11],"to":[0,7,14],"light_emission":15,"faces":{"north":{"uv":[11,9,11.7,11],"texture":"#all","cullface":"west"},"south":{"uv":[13,9,13.7,11],"texture":"#all","cullface":"west"},"west":{"uv":[11,9,14,11],"texture":"#all","cullface":"west"},"up":{"uv":[11,9,14,9.7],"rotation":90,"texture":"#all","cullface":"west"},"down":{"uv":[11,10,14,10.7],"rotation":270,"texture":"#all","cullface":"west"}}},{"from":[-0.5,7,12],"to":[0,8,14],"light_emission":15,"faces":{"north":{"uv":[12,8,12.5,9],"texture":"#all","cullface":"west"},"south":{"uv":[13,8,13.5,9],"texture":"#all","cullface":"west"},"west":{"uv":[12,8,14,9],"texture":"#all","cullface":"west"},"up":{"uv":[12,8,14,8.5],"rotation":90,"texture":"#all","cullface":"west"}}},{"from":[-0.5,5,10],"to":[0,6,11],"light_emission":15,"faces":{"north":{"uv":[10,10,10.5,11],"texture":"#all","cullface":"west"},"west":{"uv":[10,10,11,11],"texture":"#all","cullface":"west"},"up":{"uv":[10,10,11,10.5],"rotation":270,"texture":"#all","cullface":"west"}}},{"from":[-0.5,4,10],"to":[0,5,13],"light_emission":15,"faces":{"north":{"uv":[10,11,10.5,12],"texture":"#all","cullface":"west"},"south":{"uv":[12,11,12.5,12],"texture":"#all","cullface":"west"},"west":{"uv":[10,11,13,12],"texture":"#all","cullface":"west"},"down":{"uv":[10,11,13,11.5],"rotation":270,"texture":"#all","cullface":"west"}}},{"from":[-0.7,11,3],"to":[0,13,6],"light_emission":15,"faces":{"north":{"uv":[3,3,3.7,5],"texture":"#all","cullface":"west"},"south":{"uv":[5,3,5.7,5],"texture":"#all","cullface":"west"},"west":{"uv":[3,3,6,5],"texture":"#all","cullface":"west"},"up":{"uv":[3,3,6,3.7],"rotation":90,"texture":"#all","cullface":"west"},"down":{"uv":[3,4,6,4.7],"rotation":270,"texture":"#all","cullface":"west"}}},{"from":[-0.5,9,7],"to":[0,10,8],"light_emission":15,"faces":{"north":{"uv":[7,6,7.5,7],"texture":"#all","cullface":"west"},"south":{"uv":[7,6,7.5,7],"texture":"#all","cullface":"west"},"west":{"uv":[7,6,8,7],"texture":"#all","cullface":"west"},"up":{"uv":[7,6,8,6.5],"rotation":270,"texture":"#all","cullface":"west"}}},{"from":[-0.5,8,9],"to":[0,9,10],"light_emission":15,"faces":{"south":{"uv":[9,7,9.5,8],"texture":"#all","cullface":"west"},"west":{"uv":[9,7,10,8],"texture":"#all","cullface":"west"},"up":{"uv":[9,7,10,7.5],"rotation":270,"texture":"#all","cullface":"west"},"down":{"uv":[9,7,10,7.5],"rotation":90,"texture":"#all","cullface":"west"}}},{"from":[-0.5,7,5],"to":[0,8,6],"light_emission":15,"faces":{"north":{"uv":[5,8,5.5,9],"texture":"#all","cullface":"west"},"west":{"uv":[5,8,6,9],"texture":"#all","cullface":"west"},"up":{"uv":[5,8,6,8.5],"rotation":270,"texture":"#all","cullface":"west"},"down":{"uv":[5,8,6,8.5],"rotation":90,"texture":"#all","cullface":"west"}}},{"from":[-0.5,6,6],"to":[0,7,8],"light_emission":15,"faces":{"north":{"uv":[6,9,6.5,10],"texture":"#all","cullface":"west"},"south":{"uv":[7,9,7.5,10],"texture":"#all","cullface":"west"},"west":{"uv":[6,9,8,10],"texture":"#all","cullface":"west"},"down":{"uv":[6,9,8,9.5],"rotation":270,"texture":"#all","cullface":"west"}}},{"from":[-0.7,7,6],"to":[0,9,9],"light_emission":15,"faces":{"north":{"uv":[6,7,6.7,9],"texture":"#all","cullface":"west"},"south":{"uv":[8,7,8.7,9],"texture":"#all","cullface":"west"},"west":{"uv":[6,7,9,9],"texture":"#all","cullface":"west"},"up":{"uv":[6,7,9,7.7],"rotation":90,"texture":"#all","cullface":"west"},"down":{"uv":[6,8,9,8.7],"rotation":270,"texture":"#all","cullface":"west"}}},{"from":[-0.5,10,3],"to":[0,11,5],"light_emission":15,"faces":{"north":{"uv":[3,5,3.5,6],"texture":"#all","cullface":"west"},"south":{"uv":[4,5,4.5,6],"texture":"#all","cullface":"west"},"west":{"uv":[3,5,5,6],"texture":"#all","cullface":"west"},"down":{"uv":[3,5,5,5.5],"rotation":270,"texture":"#all","cullface":"west"}}},{"from":[-0.5,3,7],"to":[0,4,9],"light_emission":15,"faces":{"north":{"uv":[7,12,7.5,13],"texture":"#all","cullface":"west"},"south":{"uv":[8,12,8.5,13],"texture":"#all","cullface":"west"},"west":{"uv":[7,12,9,13],"texture":"#all","cullface":"west"},"up":{"uv":[7,12,9,12.5],"rotation":90,"texture":"#all","cullface":"west"}}},{"from":[-0.5,1,10],"to":[0,3,11],"light_emission":15,"faces":{"south":{"uv":[10,13,10.5,15],"texture":"#all","cullface":"west"},"west":{"uv":[10,13,11,15],"texture":"#all","cullface":"west"},"up":{"uv":[10,13,11,13.5],"rotation":270,"texture":"#all","cullface":"west"},"down":{"uv":[10,14,11,14.5],"rotation":90,"texture":"#all","cullface":"west"}}},{"from":[-0.5,11,2],"to":[0,13,3],"light_emission":15,"faces":{"north":{"uv":[2,3,2.5,5],"texture":"#all","cullface":"west"},"west":{"uv":[2,3,3,5],"texture":"#all","cullface":"west"},"up":{"uv":[2,3,3,3.5],"rotation":270,"texture":"#all","cullface":"west"},"down":{"uv":[2,4,3,4.5],"rotation":90,"texture":"#all","cullface":"west"}}},{"from":[-0.7,1,7],"to":[0,3,10],"light_emission":15,"faces":{"north":{"uv":[7,13,7.7,15],"texture":"#all","cullface":"west"},"south":{"uv":[9,13,9.7,15],"texture":"#all","cullface":"west"},"west":{"uv":[7,13,10,15],"texture":"#all","cullface":"west"},"up":{"uv":[7,13,10,13.7],"rotation":90,"texture":"#all","cullface":"west"},"down":{"uv":[7,14,10,14.7],"rotation":270,"texture":"#all","cullface":"west"}}},{"from":[-0.5,10,10],"to":[0,11,13],"light_emission":15,"faces":{"north":{"uv":[10,5,10.5,6],"texture":"#all","cullface":"west"},"south":{"uv":[12,5,12.5,6],"texture":"#all","cullface":"west"},"west":{"uv":[10,5,13,6],"texture":"#all","cullface":"west"},"down":{"uv":[10,5,13,5.5],"rotation":270,"texture":"#all","cullface":"west"}}},{"from":[-0.5,14,10],"to":[0,15,13],"light_emission":15,"faces":{"north":{"uv":[10,1,10.5,2],"texture":"#all","cullface":"west"},"south":{"uv":[12,1,12.5,2],"texture":"#all","cullface":"west"},"west":{"uv":[10,1,13,2],"texture":"#all","cullface":"west"},"up":{"uv":[10,1,13,1.5],"rotation":90,"texture":"#all","cullface":"west"}}},{"from":[-0.5,11,13],"to":[0,14,14],"light_emission":15,"faces":{"south":{"uv":[13,2,13.5,5],"texture":"#all","cullface":"west"},"west":{"uv":[13,2,14,5],"texture":"#all","cullface":"west"},"up":{"uv":[13,2,14,2.5],"rotation":270,"texture":"#all","cullface":"west"},"down":{"uv":[13,4,14,4.5],"rotation":90,"texture":"#all","cullface":"west"}}},{"from":[-0.5,11,9],"to":[0,14,10],"light_emission":15,"faces":{"north":{"uv":[9,2,9.5,5],"texture":"#all","cullface":"west"},"west":{"uv":[9,2,10,5],"texture":"#all","cullface":"west"},"up":{"uv":[9,2,10,2.5],"rotation":270,"texture":"#all","cullface":"west"},"down":{"uv":[9,4,10,4.5],"rotation":90,"texture":"#all","cullface":"west"}}},{"from":[-0.7,11,10],"to":[0,14,13],"light_emission":15,"faces":{"north":{"uv":[10,2,10.7,5],"texture":"#all","cullface":"west"},"south":{"uv":[12,2,12.7,5],"texture":"#all","cullface":"west"},"west":{"uv":[10,2,13,5],"texture":"#all","cullface":"west"},"up":{"uv":[10,2,13,2.7],"rotation":90,"texture":"#all","cullface":"west"},"down":{"uv":[10,4,13,4.7],"rotation":270,"texture":"#all","cullface":"west"}}},{"from":[7,0,16],"to":[9,1,16.5],"light_emission":15,"faces":{"east":{"uv":[8,15,8.5,16],"texture":"#all","cullface":"south"},"south":{"uv":[7,15,9,16],"texture":"#all","cullface":"south"},"west":{"uv":[7,15,7.5,16],"texture":"#all","cullface":"south"},"down":{"uv":[7,15,9,15.5],"texture":"#all","cullface":"down"}}},{"from":[6,1,16],"to":[7,3,16.5],"light_emission":15,"faces":{"south":{"uv":[6,13,7,15],"texture":"#all","cullface":"south"},"west":{"uv":[6,13,6.5,15],"texture":"#all","cullface":"south"},"up":{"uv":[6,13,7,13.5],"rotation":180,"texture":"#all","cullface":"south"},"down":{"uv":[6,14,7,14.5],"rotation":180,"texture":"#all","cullface":"south"}}},{"from":[3,13,16],"to":[5,14,16.5],"light_emission":15,"faces":{"south":{"uv":[3,2,5,3],"texture":"#all","cullface":"south"},"west":{"uv":[3,2,3.5,3],"texture":"#all","cullface":"south"},"up":{"uv":[3,2,5,2.5],"texture":"#all","cullface":"south"}}},{"from":[6,12,16],"to":[7,13,16.5],"light_emission":15,"faces":{"east":{"uv":[6,3,6.5,4],"texture":"#all","cullface":"south"},"south":{"uv":[6,3,7,4],"texture":"#all","cullface":"south"},"down":{"uv":[6,3,7,3.5],"rotation":180,"texture":"#all","cullface":"south"}}},{"from":[5,13,16],"to":[7,14,16.7],"light_emission":15,"faces":{"east":{"uv":[6,2,6.5,3],"texture":"#all","cullface":"south"},"south":{"uv":[5,2,7,3],"texture":"#all","cullface":"south"},"west":{"uv":[5,2,5.5,3],"texture":"#all","cullface":"south"},"up":{"uv":[5,2,7,2.5],"texture":"#all","cullface":"south"},"down":{"uv":[5,2,7,2.5],"texture":"#all","cullface":"south"}}},{"from":[7,13,16],"to":[8,14,16.5],"light_emission":15,"faces":{"east":{"uv":[7,2,7.5,3],"texture":"#all","cullface":"south"},"south":{"uv":[7,2,8,3],"texture":"#all","cullface":"south"},"up":{"uv":[7,2,8,2.5],"rotation":180,"texture":"#all","cullface":"south"},"down":{"uv":[7,2,8,2.5],"rotation":180,"texture":"#all","cullface":"south"}}},{"from":[11,5,16],"to":[14,7,16.7],"light_emission":15,"faces":{"east":{"uv":[13,9,13.7,11],"texture":"#all","cullface":"south"},"south":{"uv":[11,9,14,11],"texture":"#all","cullface":"south"},"west":{"uv":[11,9,11.7,11],"texture":"#all","cullface":"south"},"up":{"uv":[11,9,14,9.7],"texture":"#all","cullface":"south"},"down":{"uv":[11,10,14,10.7],"texture":"#all","cullface":"south"}}},{"from":[12,7,16],"to":[14,8,16.5],"light_emission":15,"faces":{"east":{"uv":[13,8,13.5,9],"texture":"#all","cullface":"south"},"south":{"uv":[12,8,14,9],"texture":"#all","cullface":"south"},"west":{"uv":[12,8,12.5,9],"texture":"#all","cullface":"south"},"up":{"uv":[12,8,14,8.5],"texture":"#all","cullface":"south"}}},{"from":[10,5,16],"to":[11,6,16.5],"light_emission":15,"faces":{"south":{"uv":[10,10,11,11],"texture":"#all","cullface":"south"},"west":{"uv":[10,10,10.5,11],"texture":"#all","cullface":"south"},"up":{"uv":[10,10,11,10.5],"rotation":180,"texture":"#all","cullface":"south"}}},{"from":[10,4,16],"to":[13,5,16.5],"light_emission":15,"faces":{"east":{"uv":[12,11,12.5,12],"texture":"#all","cullface":"south"},"south":{"uv":[10,11,13,12],"texture":"#all","cullface":"south"},"west":{"uv":[10,11,10.5,12],"texture":"#all","cullface":"south"},"down":{"uv":[10,11,13,11.5],"texture":"#all","cullface":"south"}}},{"from":[3,11,16],"to":[6,13,16.7],"light_emission":15,"faces":{"east":{"uv":[5,3,5.7,5],"texture":"#all","cullface":"south"},"south":{"uv":[3,3,6,5],"texture":"#all","cullface":"south"},"west":{"uv":[3,3,3.7,5],"texture":"#all","cullface":"south"},"up":{"uv":[3,3,6,3.7],"texture":"#all","cullface":"south"},"down":{"uv":[3,4,6,4.7],"texture":"#all","cullface":"south"}}},{"from":[7,9,16],"to":[8,10,16.5],"light_emission":15,"faces":{"east":{"uv":[7,6,7.5,7],"texture":"#all","cullface":"south"},"south":{"uv":[7,6,8,7],"texture":"#all","cullface":"south"},"west":{"uv":[7,6,7.5,7],"texture":"#all","cullface":"south"},"up":{"uv":[7,6,8,6.5],"rotation":180,"texture":"#all","cullface":"south"}}},{"from":[9,8,16],"to":[10,9,16.5],"light_emission":15,"faces":{"east":{"uv":[9,7,9.5,8],"texture":"#all","cullface":"south"},"south":{"uv":[9,7,10,8],"texture":"#all","cullface":"south"},"up":{"uv":[9,7,10,7.5],"rotation":180,"texture":"#all","cullface":"south"},"down":{"uv":[9,7,10,7.5],"rotation":180,"texture":"#all","cullface":"south"}}},{"from":[5,7,16],"to":[6,8,16.5],"light_emission":15,"faces":{"south":{"uv":[5,8,6,9],"texture":"#all","cullface":"south"},"west":{"uv":[5,8,5.5,9],"texture":"#all","cullface":"south"},"up":{"uv":[5,8,6,8.5],"rotation":180,"texture":"#all","cullface":"south"},"down":{"uv":[5,8,6,8.5],"rotation":180,"texture":"#all","cullface":"south"}}},{"from":[6,6,16],"to":[8,7,16.5],"light_emission":15,"faces":{"east":{"uv":[7,9,7.5,10],"texture":"#all","cullface":"south"},"south":{"uv":[6,9,8,10],"texture":"#all","cullface":"south"},"west":{"uv":[6,9,6.5,10],"texture":"#all","cullface":"south"},"down":{"uv":[6,9,8,9.5],"texture":"#all","cullface":"south"}}},{"from":[6,7,16],"to":[9,9,16.7],"light_emission":15,"faces":{"east":{"uv":[8,7,8.7,9],"texture":"#all","cullface":"south"},"south":{"uv":[6,7,9,9],"texture":"#all","cullface":"south"},"west":{"uv":[6,7,6.7,9],"texture":"#all","cullface":"south"},"up":{"uv":[6,7,9,7.7],"texture":"#all","cullface":"south"},"down":{"uv":[6,8,9,8.7],"texture":"#all","cullface":"south"}}},{"from":[3,10,16],"to":[5,11,16.5],"light_emission":15,"faces":{"east":{"uv":[4,5,4.5,6],"texture":"#all","cullface":"south"},"south":{"uv":[3,5,5,6],"texture":"#all","cullface":"south"},"west":{"uv":[3,5,3.5,6],"texture":"#all","cullface":"south"},"down":{"uv":[3,5,5,5.5],"texture":"#all","cullface":"south"}}},{"from":[7,3,16],"to":[9,4,16.5],"light_emission":15,"faces":{"east":{"uv":[8,12,8.5,13],"texture":"#all","cullface":"south"},"south":{"uv":[7,12,9,13],"texture":"#all","cullface":"south"},"west":{"uv":[7,12,7.5,13],"texture":"#all","cullface":"south"},"up":{"uv":[7,12,9,12.5],"texture":"#all","cullface":"south"}}},{"from":[10,1,16],"to":[11,3,16.5],"light_emission":15,"faces":{"east":{"uv":[10,13,10.5,15],"texture":"#all","cullface":"south"},"south":{"uv":[10,13,11,15],"texture":"#all","cullface":"south"},"up":{"uv":[10,13,11,13.5],"rotation":180,"texture":"#all","cullface":"south"},"down":{"uv":[10,14,11,14.5],"rotation":180,"texture":"#all","cullface":"south"}}},{"from":[7,-0.5,0],"to":[9,0,1],"light_emission":15,"faces":{"north":{"uv":[7,15,9,15.5],"rotation":180,"texture":"#all","cullface":"down"},"east":{"uv":[8,15,8.5,16],"rotation":270,"texture":"#all","cullface":"down"},"west":{"uv":[7,15,7.5,16],"rotation":90,"texture":"#all","cullface":"down"},"down":{"uv":[7,15,9,16],"texture":"#all","cullface":"down"}}},{"from":[6,-0.5,1],"to":[7,0,3],"light_emission":15,"faces":{"north":{"uv":[6,14,7,14.5],"texture":"#all","cullface":"down"},"south":{"uv":[6,13,7,13.5],"rotation":180,"texture":"#all","cullface":"down"},"west":{"uv":[6,13,6.5,15],"rotation":90,"texture":"#all","cullface":"down"},"down":{"uv":[6,13,7,15],"texture":"#all","cullface":"down"}}},{"from":[3,-0.5,13],"to":[5,0,14],"light_emission":15,"faces":{"south":{"uv":[3,2,5,2.5],"texture":"#all","cullface":"down"},"west":{"uv":[3,2,3.5,3],"rotation":90,"texture":"#all","cullface":"down"},"down":{"uv":[3,2,5,3],"texture":"#all","cullface":"down"}}},{"from":[6,-0.5,12],"to":[7,0,13],"light_emission":15,"faces":{"north":{"uv":[6,3,7,3.5],"texture":"#all","cullface":"down"},"east":{"uv":[6,3,6.5,4],"rotation":270,"texture":"#all","cullface":"down"},"down":{"uv":[6,3,7,4],"texture":"#all","cullface":"down"}}},{"from":[5,-0.7,13],"to":[7,0,14],"light_emission":15,"faces":{"north":{"uv":[5,2,7,2.5],"rotation":180,"texture":"#all","cullface":"down"},"east":{"uv":[6,2,6.5,3],"rotation":270,"texture":"#all","cullface":"down"},"south":{"uv":[5,2,7,2.5],"texture":"#all","cullface":"down"},"west":{"uv":[5,2,5.5,3],"rotation":90,"texture":"#all","cullface":"down"},"down":{"uv":[5,2,7,3],"texture":"#all","cullface":"down"}}},{"from":[7,-0.5,13],"to":[8,0,14],"light_emission":15,"faces":{"north":{"uv":[7,2,8,2.5],"texture":"#all","cullface":"down"},"east":{"uv":[7,2,7.5,3],"rotation":270,"texture":"#all","cullface":"down"},"south":{"uv":[7,2,8,2.5],"rotation":180,"texture":"#all","cullface":"down"},"down":{"uv":[7,2,8,3],"texture":"#all","cullface":"down"}}},{"from":[11,-0.7,5],"to":[14,0,7],"light_emission":15,"faces":{"north":{"uv":[11,10,14,10.7],"rotation":180,"texture":"#all","cullface":"down"},"east":{"uv":[13,9,13.7,11],"rotation":270,"texture":"#all","cullface":"down"},"south":{"uv":[11,9,14,9.7],"texture":"#all","cullface":"down"},"west":{"uv":[11,9,11.7,11],"rotation":90,"texture":"#all","cullface":"down"},"down":{"uv":[11,9,14,11],"texture":"#all","cullface":"down"}}},{"from":[12,-0.5,7],"to":[14,0,8],"light_emission":15,"faces":{"east":{"uv":[13,8,13.5,9],"rotation":270,"texture":"#all","cullface":"down"},"south":{"uv":[12,8,14,8.5],"texture":"#all","cullface":"down"},"west":{"uv":[12,8,12.5,9],"rotation":90,"texture":"#all","cullface":"down"},"down":{"uv":[12,8,14,9],"texture":"#all","cullface":"down"}}},{"from":[10,-0.5,5],"to":[11,0,6],"light_emission":15,"faces":{"south":{"uv":[10,10,11,10.5],"rotation":180,"texture":"#all","cullface":"down"},"west":{"uv":[10,10,10.5,11],"rotation":90,"texture":"#all","cullface":"down"},"down":{"uv":[10,10,11,11],"texture":"#all","cullface":"down"}}},{"from":[10,-0.5,4],"to":[13,0,5],"light_emission":15,"faces":{"north":{"uv":[10,11,13,11.5],"rotation":180,"texture":"#all","cullface":"down"},"east":{"uv":[12,11,12.5,12],"rotation":270,"texture":"#all","cullface":"down"},"west":{"uv":[10,11,10.5,12],"rotation":90,"texture":"#all","cullface":"down"},"down":{"uv":[10,11,13,12],"texture":"#all","cullface":"down"}}},{"from":[3,-0.7,11],"to":[6,0,13],"light_emission":15,"faces":{"north":{"uv":[3,4,6,4.7],"rotation":180,"texture":"#all","cullface":"down"},"east":{"uv":[5,3,5.7,5],"rotation":270,"texture":"#all","cullface":"down"},"south":{"uv":[3,3,6,3.7],"texture":"#all","cullface":"down"},"west":{"uv":[3,3,3.7,5],"rotation":90,"texture":"#all","cullface":"down"},"down":{"uv":[3,3,6,5],"texture":"#all","cullface":"down"}}},{"from":[7,-0.5,9],"to":[8,0,10],"light_emission":15,"faces":{"east":{"uv":[7,6,7.5,7],"rotation":270,"texture":"#all","cullface":"down"},"south":{"uv":[7,6,8,6.5],"rotation":180,"texture":"#all","cullface":"down"},"west":{"uv":[7,6,7.5,7],"rotation":90,"texture":"#all","cullface":"down"},"down":{"uv":[7,6,8,7],"texture":"#all","cullface":"down"}}},{"from":[9,-0.5,8],"to":[10,0,9],"light_emission":15,"faces":{"north":{"uv":[9,7,10,7.5],"texture":"#all","cullface":"down"},"east":{"uv":[9,7,9.5,8],"rotation":270,"texture":"#all","cullface":"down"},"south":{"uv":[9,7,10,7.5],"rotation":180,"texture":"#all","cullface":"down"},"down":{"uv":[9,7,10,8],"texture":"#all","cullface":"down"}}},{"from":[5,-0.5,7],"to":[6,0,8],"light_emission":15,"faces":{"north":{"uv":[5,8,6,8.5],"texture":"#all","cullface":"down"},"south":{"uv":[5,8,6,8.5],"rotation":180,"texture":"#all","cullface":"down"},"west":{"uv":[5,8,5.5,9],"rotation":90,"texture":"#all","cullface":"down"},"down":{"uv":[5,8,6,9],"texture":"#all","cullface":"down"}}},{"from":[6,-0.5,6],"to":[8,0,7],"light_emission":15,"faces":{"north":{"uv":[6,9,8,9.5],"rotation":180,"texture":"#all","cullface":"down"},"east":{"uv":[7,9,7.5,10],"rotation":270,"texture":"#all","cullface":"down"},"west":{"uv":[6,9,6.5,10],"rotation":90,"texture":"#all","cullface":"down"},"down":{"uv":[6,9,8,10],"texture":"#all","cullface":"down"}}},{"from":[6,-0.7,7],"to":[9,0,9],"light_emission":15,"faces":{"north":{"uv":[6,8,9,8.7],"rotation":180,"texture":"#all","cullface":"down"},"east":{"uv":[8,7,8.7,9],"rotation":270,"texture":"#all","cullface":"down"},"south":{"uv":[6,7,9,7.7],"texture":"#all","cullface":"down"},"west":{"uv":[6,7,6.7,9],"rotation":90,"texture":"#all","cullface":"down"},"down":{"uv":[6,7,9,9],"texture":"#all","cullface":"down"}}},{"from":[3,-0.5,10],"to":[5,0,11],"light_emission":15,"faces":{"north":{"uv":[3,5,5,5.5],"rotation":180,"texture":"#all","cullface":"down"},"east":{"uv":[4,5,4.5,6],"rotation":270,"texture":"#all","cullface":"down"},"west":{"uv":[3,5,3.5,6],"rotation":90,"texture":"#all","cullface":"down"},"down":{"uv":[3,5,5,6],"texture":"#all","cullface":"down"}}},{"from":[7,-0.5,3],"to":[9,0,4],"light_emission":15,"faces":{"east":{"uv":[8,12,8.5,13],"rotation":270,"texture":"#all","cullface":"down"},"south":{"uv":[7,12,9,12.5],"texture":"#all","cullface":"down"},"west":{"uv":[7,12,7.5,13],"rotation":90,"texture":"#all","cullface":"down"},"down":{"uv":[7,12,9,13],"texture":"#all","cullface":"down"}}},{"from":[10,-0.5,1],"to":[11,0,3],"light_emission":15,"faces":{"north":{"uv":[10,14,11,14.5],"texture":"#all","cullface":"down"},"east":{"uv":[10,13,10.5,15],"rotation":270,"texture":"#all","cullface":"down"},"south":{"uv":[10,13,11,13.5],"rotation":180,"texture":"#all","cullface":"down"},"down":{"uv":[10,13,11,15],"texture":"#all","cullface":"down"}}},{"from":[2,-0.5,11],"to":[3,0,13],"light_emission":15,"faces":{"north":{"uv":[2,4,3,4.5],"texture":"#all","cullface":"down"},"south":{"uv":[2,3,3,3.5],"rotation":180,"texture":"#all","cullface":"down"},"west":{"uv":[2,3,2.5,5],"rotation":90,"texture":"#all","cullface":"down"},"down":{"uv":[2,3,3,5],"texture":"#all","cullface":"down"}}},{"from":[7,-0.7,1],"to":[10,0,3],"light_emission":15,"faces":{"north":{"uv":[7,14,10,14.7],"rotation":180,"texture":"#all","cullface":"down"},"east":{"uv":[9,13,9.7,15],"rotation":270,"texture":"#all","cullface":"down"},"south":{"uv":[7,13,10,13.7],"texture":"#all","cullface":"down"},"west":{"uv":[7,13,7.7,15],"rotation":90,"texture":"#all","cullface":"down"},"down":{"uv":[7,13,10,15],"texture":"#all","cullface":"down"}}},{"from":[10,-0.5,10],"to":[13,0,11],"light_emission":15,"faces":{"north":{"uv":[10,5,13,5.5],"rotation":180,"texture":"#all","cullface":"down"},"east":{"uv":[12,5,12.5,6],"rotation":270,"texture":"#all","cullface":"down"},"west":{"uv":[10,5,10.5,6],"rotation":90,"texture":"#all","cullface":"down"},"down":{"uv":[10,5,13,6],"texture":"#all","cullface":"down"}}},{"from":[10,-0.5,14],"to":[13,0,15],"light_emission":15,"faces":{"east":{"uv":[12,1,12.5,2],"rotation":270,"texture":"#all","cullface":"down"},"south":{"uv":[10,1,13,1.5],"texture":"#all","cullface":"down"},"west":{"uv":[10,1,10.5,2],"rotation":90,"texture":"#all","cullface":"down"},"down":{"uv":[10,1,13,2],"texture":"#all","cullface":"down"}}},{"from":[13,-0.5,11],"to":[14,0,14],"light_emission":15,"faces":{"north":{"uv":[13,4,14,4.5],"texture":"#all","cullface":"down"},"east":{"uv":[13,2,13.5,5],"rotation":270,"texture":"#all","cullface":"down"},"south":{"uv":[13,2,14,2.5],"rotation":180,"texture":"#all","cullface":"down"},"down":{"uv":[13,2,14,5],"texture":"#all","cullface":"down"}}},{"from":[9,-0.5,11],"to":[10,0,14],"light_emission":15,"faces":{"north":{"uv":[9,4,10,4.5],"texture":"#all","cullface":"down"},"south":{"uv":[9,2,10,2.5],"rotation":180,"texture":"#all","cullface":"down"},"west":{"uv":[9,2,9.5,5],"rotation":90,"texture":"#all","cullface":"down"},"down":{"uv":[9,2,10,5],"texture":"#all","cullface":"down"}}},{"from":[10,-0.7,11],"to":[13,0,14],"light_emission":15,"faces":{"north":{"uv":[10,4,13,4.7],"rotation":180,"texture":"#all","cullface":"down"},"east":{"uv":[12,2,12.7,5],"rotation":270,"texture":"#all","cullface":"down"},"south":{"uv":[10,2,13,2.7],"texture":"#all","cullface":"down"},"west":{"uv":[10,2,10.7,5],"rotation":90,"texture":"#all","cullface":"down"},"down":{"uv":[10,2,13,5],"texture":"#all","cullface":"down"}}},{"from":[2,11,16],"to":[3,13,16.5],"light_emission":15,"faces":{"south":{"uv":[2,3,3,5],"texture":"#all","cullface":"south"},"west":{"uv":[2,3,2.5,5],"texture":"#all","cullface":"south"},"up":{"uv":[2,3,3,3.5],"rotation":180,"texture":"#all","cullface":"south"},"down":{"uv":[2,4,3,4.5],"rotation":180,"texture":"#all","cullface":"south"}}},{"from":[7,1,16],"to":[10,3,16.7],"light_emission":15,"faces":{"east":{"uv":[9,13,9.7,15],"texture":"#all","cullface":"south"},"south":{"uv":[7,13,10,15],"texture":"#all","cullface":"south"},"west":{"uv":[7,13,7.7,15],"texture":"#all","cullface":"south"},"up":{"uv":[7,13,10,13.7],"texture":"#all","cullface":"south"},"down":{"uv":[7,14,10,14.7],"texture":"#all","cullface":"south"}}},{"from":[10,10,16],"to":[13,11,16.5],"light_emission":15,"faces":{"east":{"uv":[12,5,12.5,6],"texture":"#all","cullface":"south"},"south":{"uv":[10,5,13,6],"texture":"#all","cullface":"south"},"west":{"uv":[10,5,10.5,6],"texture":"#all","cullface":"south"},"down":{"uv":[10,5,13,5.5],"texture":"#all","cullface":"south"}}},{"from":[10,14,16],"to":[13,15,16.5],"light_emission":15,"faces":{"east":{"uv":[12,1,12.5,2],"texture":"#all","cullface":"south"},"south":{"uv":[10,1,13,2],"texture":"#all","cullface":"south"},"west":{"uv":[10,1,10.5,2],"texture":"#all","cullface":"south"},"up":{"uv":[10,1,13,1.5],"texture":"#all","cullface":"south"}}},{"from":[13,11,16],"to":[14,14,16.5],"light_emission":15,"faces":{"east":{"uv":[13,2,13.5,5],"texture":"#all","cullface":"south"},"south":{"uv":[13,2,14,5],"texture":"#all","cullface":"south"},"up":{"uv":[13,2,14,2.5],"rotation":180,"texture":"#all","cullface":"south"},"down":{"uv":[13,4,14,4.5],"rotation":180,"texture":"#all","cullface":"south"}}},{"from":[9,11,16],"to":[10,14,16.5],"light_emission":15,"faces":{"south":{"uv":[9,2,10,5],"texture":"#all","cullface":"south"},"west":{"uv":[9,2,9.5,5],"texture":"#all","cullface":"south"},"up":{"uv":[9,2,10,2.5],"rotation":180,"texture":"#all","cullface":"south"},"down":{"uv":[9,4,10,4.5],"rotation":180,"texture":"#all","cullface":"south"}}},{"from":[10,11,16],"to":[13,14,16.7],"light_emission":15,"faces":{"east":{"uv":[12,2,12.7,5],"texture":"#all","cullface":"south"},"south":{"uv":[10,2,13,5],"texture":"#all","cullface":"south"},"west":{"uv":[10,2,10.7,5],"texture":"#all","cullface":"south"},"up":{"uv":[10,2,13,2.7],"texture":"#all","cullface":"south"},"down":{"uv":[10,4,13,4.7],"texture":"#all","cullface":"south"}}},{"from":[16,0,7],"to":[16.5,1,9],"light_emission":15,"faces":{"north":{"uv":[8,15,8.5,16],"texture":"#all","cullface":"east"},"east":{"uv":[7,15,9,16],"texture":"#all","cullface":"east"},"south":{"uv":[7,15,7.5,16],"texture":"#all","cullface":"east"},"down":{"uv":[7,15,9,15.5],"rotation":90,"texture":"#all","cullface":"down"}}},{"from":[16,1,9],"to":[16.5,3,10],"light_emission":15,"faces":{"east":{"uv":[6,13,7,15],"texture":"#all","cullface":"east"},"south":{"uv":[6,13,6.5,15],"texture":"#all","cullface":"east"},"up":{"uv":[6,13,7,13.5],"rotation":90,"texture":"#all","cullface":"east"},"down":{"uv":[6,14,7,14.5],"rotation":270,"texture":"#all","cullface":"east"}}},{"from":[16,13,11],"to":[16.5,14,13],"light_emission":15,"faces":{"east":{"uv":[3,2,5,3],"texture":"#all","cullface":"east"},"south":{"uv":[3,2,3.5,3],"texture":"#all","cullface":"east"},"up":{"uv":[3,2,5,2.5],"rotation":270,"texture":"#all","cullface":"east"}}},{"from":[16,12,9],"to":[16.5,13,10],"light_emission":15,"faces":{"north":{"uv":[6,3,6.5,4],"texture":"#all","cullface":"east"},"east":{"uv":[6,3,7,4],"texture":"#all","cullface":"east"},"down":{"uv":[6,3,7,3.5],"rotation":270,"texture":"#all","cullface":"east"}}},{"from":[16,13,9],"to":[16.7,14,11],"light_emission":15,"faces":{"north":{"uv":[6,2,6.5,3],"texture":"#all","cullface":"east"},"east":{"uv":[5,2,7,3],"texture":"#all","cullface":"east"},"south":{"uv":[5,2,5.5,3],"texture":"#all","cullface":"east"},"up":{"uv":[5,2,7,2.5],"rotation":270,"texture":"#all","cullface":"east"},"down":{"uv":[5,2,7,2.5],"rotation":90,"texture":"#all","cullface":"east"}}},{"from":[16,13,8],"to":[16.5,14,9],"light_emission":15,"faces":{"north":{"uv":[7,2,7.5,3],"texture":"#all","cullface":"east"},"east":{"uv":[7,2,8,3],"texture":"#all","cullface":"east"},"up":{"uv":[7,2,8,2.5],"rotation":90,"texture":"#all","cullface":"east"},"down":{"uv":[7,2,8,2.5],"rotation":270,"texture":"#all","cullface":"east"}}},{"from":[16,5,2],"to":[16.7,7,5],"light_emission":15,"faces":{"north":{"uv":[13,9,13.7,11],"texture":"#all","cullface":"east"},"east":{"uv":[11,9,14,11],"texture":"#all","cullface":"east"},"south":{"uv":[11,9,11.7,11],"texture":"#all","cullface":"east"},"up":{"uv":[11,9,14,9.7],"rotation":270,"texture":"#all","cullface":"east"},"down":{"uv":[11,10,14,10.7],"rotation":90,"texture":"#all","cullface":"east"}}},{"from":[16,7,2],"to":[16.5,8,4],"light_emission":15,"faces":{"north":{"uv":[13,8,13.5,9],"texture":"#all","cullface":"east"},"east":{"uv":[12,8,14,9],"texture":"#all","cullface":"east"},"south":{"uv":[12,8,12.5,9],"texture":"#all","cullface":"east"},"up":{"uv":[12,8,14,8.5],"rotation":270,"texture":"#all","cullface":"east"}}},{"from":[16,5,5],"to":[16.5,6,6],"light_emission":15,"faces":{"east":{"uv":[10,10,11,11],"texture":"#all","cullface":"east"},"south":{"uv":[10,10,10.5,11],"texture":"#all","cullface":"east"},"up":{"uv":[10,10,11,10.5],"rotation":90,"texture":"#all","cullface":"east"}}},{"from":[16,4,3],"to":[16.5,5,6],"light_emission":15,"faces":{"north":{"uv":[12,11,12.5,12],"texture":"#all","cullface":"east"},"east":{"uv":[10,11,13,12],"texture":"#all","cullface":"east"},"south":{"uv":[10,11,10.5,12],"texture":"#all","cullface":"east"},"down":{"uv":[10,11,13,11.5],"rotation":90,"texture":"#all","cullface":"east"}}},{"from":[16,11,10],"to":[16.7,13,13],"light_emission":15,"faces":{"north":{"uv":[5,3,5.7,5],"texture":"#all","cullface":"east"},"east":{"uv":[3,3,6,5],"texture":"#all","cullface":"east"},"south":{"uv":[3,3,3.7,5],"texture":"#all","cullface":"east"},"up":{"uv":[3,3,6,3.7],"rotation":270,"texture":"#all","cullface":"east"},"down":{"uv":[3,4,6,4.7],"rotation":90,"texture":"#all","cullface":"east"}}},{"from":[16,9,8],"to":[16.5,10,9],"light_emission":15,"faces":{"north":{"uv":[7,6,7.5,7],"texture":"#all","cullface":"east"},"east":{"uv":[7,6,8,7],"texture":"#all","cullface":"east"},"south":{"uv":[7,6,7.5,7],"texture":"#all","cullface":"east"},"up":{"uv":[7,6,8,6.5],"rotation":90,"texture":"#all","cullface":"east"}}},{"from":[16,8,6],"to":[16.5,9,7],"light_emission":15,"faces":{"north":{"uv":[9,7,9.5,8],"texture":"#all","cullface":"east"},"east":{"uv":[9,7,10,8],"texture":"#all","cullface":"east"},"up":{"uv":[9,7,10,7.5],"rotation":90,"texture":"#all","cullface":"east"},"down":{"uv":[9,7,10,7.5],"rotation":270,"texture":"#all","cullface":"east"}}},{"from":[16,7,10],"to":[16.5,8,11],"light_emission":15,"faces":{"east":{"uv":[5,8,6,9],"texture":"#all","cullface":"east"},"south":{"uv":[5,8,5.5,9],"texture":"#all","cullface":"east"},"up":{"uv":[5,8,6,8.5],"rotation":90,"texture":"#all","cullface":"east"},"down":{"uv":[5,8,6,8.5],"rotation":270,"texture":"#all","cullface":"east"}}},{"from":[16,6,8],"to":[16.5,7,10],"light_emission":15,"faces":{"north":{"uv":[7,9,7.5,10],"texture":"#all","cullface":"east"},"east":{"uv":[6,9,8,10],"texture":"#all","cullface":"east"},"south":{"uv":[6,9,6.5,10],"texture":"#all","cullface":"east"},"down":{"uv":[6,9,8,9.5],"rotation":90,"texture":"#all","cullface":"east"}}},{"from":[16,7,7],"to":[16.7,9,10],"light_emission":15,"faces":{"north":{"uv":[8,7,8.7,9],"texture":"#all","cullface":"east"},"east":{"uv":[6,7,9,9],"texture":"#all","cullface":"east"},"south":{"uv":[6,7,6.7,9],"texture":"#all","cullface":"east"},"up":{"uv":[6,7,9,7.7],"rotation":270,"texture":"#all","cullface":"east"},"down":{"uv":[6,8,9,8.7],"rotation":90,"texture":"#all","cullface":"east"}}},{"from":[16,10,11],"to":[16.5,11,13],"light_emission":15,"faces":{"north":{"uv":[4,5,4.5,6],"texture":"#all","cullface":"east"},"east":{"uv":[3,5,5,6],"texture":"#all","cullface":"east"},"south":{"uv":[3,5,3.5,6],"texture":"#all","cullface":"east"},"down":{"uv":[3,5,5,5.5],"rotation":90,"texture":"#all","cullface":"east"}}},{"from":[16,3,7],"to":[16.5,4,9],"light_emission":15,"faces":{"north":{"uv":[8,12,8.5,13],"texture":"#all","cullface":"east"},"east":{"uv":[7,12,9,13],"texture":"#all","cullface":"east"},"south":{"uv":[7,12,7.5,13],"texture":"#all","cullface":"east"},"up":{"uv":[7,12,9,12.5],"rotation":270,"texture":"#all","cullface":"east"}}},{"from":[16,1,5],"to":[16.5,3,6],"light_emission":15,"faces":{"north":{"uv":[10,13,10.5,15],"texture":"#all","cullface":"east"},"east":{"uv":[10,13,11,15],"texture":"#all","cullface":"east"},"up":{"uv":[10,13,11,13.5],"rotation":90,"texture":"#all","cullface":"east"},"down":{"uv":[10,14,11,14.5],"rotation":270,"texture":"#all","cullface":"east"}}},{"from":[16,11,13],"to":[16.5,13,14],"light_emission":15,"faces":{"east":{"uv":[2,3,3,5],"texture":"#all","cullface":"east"},"south":{"uv":[2,3,2.5,5],"texture":"#all","cullface":"east"},"up":{"uv":[2,3,3,3.5],"rotation":90,"texture":"#all","cullface":"east"},"down":{"uv":[2,4,3,4.5],"rotation":270,"texture":"#all","cullface":"east"}}},{"from":[16,1,6],"to":[16.7,3,9],"light_emission":15,"faces":{"north":{"uv":[9,13,9.7,15],"texture":"#all","cullface":"east"},"east":{"uv":[7,13,10,15],"texture":"#all","cullface":"east"},"south":{"uv":[7,13,7.7,15],"texture":"#all","cullface":"east"},"up":{"uv":[7,13,10,13.7],"rotation":270,"texture":"#all","cullface":"east"},"down":{"uv":[7,14,10,14.7],"rotation":90,"texture":"#all","cullface":"east"}}},{"from":[16,10,3],"to":[16.5,11,6],"light_emission":15,"faces":{"north":{"uv":[12,5,12.5,6],"texture":"#all","cullface":"east"},"east":{"uv":[10,5,13,6],"texture":"#all","cullface":"east"},"south":{"uv":[10,5,10.5,6],"texture":"#all","cullface":"east"},"down":{"uv":[10,5,13,5.5],"rotation":90,"texture":"#all","cullface":"east"}}},{"from":[16,14,3],"to":[16.5,15,6],"light_emission":15,"faces":{"north":{"uv":[12,1,12.5,2],"texture":"#all","cullface":"east"},"east":{"uv":[10,1,13,2],"texture":"#all","cullface":"east"},"south":{"uv":[10,1,10.5,2],"texture":"#all","cullface":"east"},"up":{"uv":[10,1,13,1.5],"rotation":270,"texture":"#all","cullface":"east"}}},{"from":[16,11,2],"to":[16.5,14,3],"light_emission":15,"faces":{"north":{"uv":[13,2,13.5,5],"texture":"#all","cullface":"east"},"east":{"uv":[13,2,14,5],"texture":"#all","cullface":"east"},"up":{"uv":[13,2,14,2.5],"rotation":90,"texture":"#all","cullface":"east"},"down":{"uv":[13,4,14,4.5],"rotation":270,"texture":"#all","cullface":"east"}}},{"from":[16,11,6],"to":[16.5,14,7],"light_emission":15,"faces":{"east":{"uv":[9,2,10,5],"texture":"#all","cullface":"east"},"south":{"uv":[9,2,9.5,5],"texture":"#all","cullface":"east"},"up":{"uv":[9,2,10,2.5],"rotation":90,"texture":"#all","cullface":"east"},"down":{"uv":[9,4,10,4.5],"rotation":270,"texture":"#all","cullface":"east"}}},{"from":[16,11,3],"to":[16.7,14,6],"light_emission":15,"faces":{"north":{"uv":[12,2,12.7,5],"texture":"#all","cullface":"east"},"east":{"uv":[10,2,13,5],"texture":"#all","cullface":"east"},"south":{"uv":[10,2,10.7,5],"texture":"#all","cullface":"east"},"up":{"uv":[10,2,13,2.7],"rotation":270,"texture":"#all","cullface":"east"},"down":{"uv":[10,4,13,4.7],"rotation":90,"texture":"#all","cullface":"east"}}},{"from":[7,16,15],"to":[9,16.5,16],"light_emission":15,"faces":{"east":{"uv":[8,15,8.5,16],"rotation":90,"texture":"#all","cullface":"up"},"south":{"uv":[7,15,9,15.5],"texture":"#all","cullface":"up"},"west":{"uv":[7,15,7.5,16],"rotation":270,"texture":"#all","cullface":"up"},"up":{"uv":[7,15,9,16],"texture":"#all","cullface":"up"}}},{"from":[6,16,13],"to":[7,16.5,15],"light_emission":15,"faces":{"north":{"uv":[6,13,7,13.5],"texture":"#all","cullface":"up"},"south":{"uv":[6,14,7,14.5],"rotation":180,"texture":"#all","cullface":"up"},"west":{"uv":[6,13,6.5,15],"rotation":270,"texture":"#all","cullface":"up"},"up":{"uv":[6,13,7,15],"texture":"#all","cullface":"up"}}},{"from":[3,16,2],"to":[5,16.5,3],"light_emission":15,"faces":{"north":{"uv":[3,2,5,2.5],"rotation":180,"texture":"#all","cullface":"up"},"west":{"uv":[3,2,3.5,3],"rotation":270,"texture":"#all","cullface":"up"},"up":{"uv":[3,2,5,3],"texture":"#all","cullface":"up"}}},{"from":[6,16,3],"to":[7,16.5,4],"light_emission":15,"faces":{"east":{"uv":[6,3,6.5,4],"rotation":90,"texture":"#all","cullface":"up"},"south":{"uv":[6,3,7,3.5],"rotation":180,"texture":"#all","cullface":"up"},"up":{"uv":[6,3,7,4],"texture":"#all","cullface":"up"}}},{"from":[5,16,2],"to":[7,16.7,3],"light_emission":15,"faces":{"north":{"uv":[5,2,7,2.5],"rotation":180,"texture":"#all","cullface":"up"},"east":{"uv":[6,2,6.5,3],"rotation":90,"texture":"#all","cullface":"up"},"south":{"uv":[5,2,7,2.5],"texture":"#all","cullface":"up"},"west":{"uv":[5,2,5.5,3],"rotation":270,"texture":"#all","cullface":"up"},"up":{"uv":[5,2,7,3],"texture":"#all","cullface":"up"}}},{"from":[7,16,2],"to":[8,16.5,3],"light_emission":15,"faces":{"north":{"uv":[7,2,8,2.5],"texture":"#all","cullface":"up"},"east":{"uv":[7,2,7.5,3],"rotation":90,"texture":"#all","cullface":"up"},"south":{"uv":[7,2,8,2.5],"rotation":180,"texture":"#all","cullface":"up"},"up":{"uv":[7,2,8,3],"texture":"#all","cullface":"up"}}},{"from":[11,16,9],"to":[14,16.7,11],"light_emission":15,"faces":{"north":{"uv":[11,9,14,9.7],"rotation":180,"texture":"#all","cullface":"up"},"east":{"uv":[13,9,13.7,11],"rotation":90,"texture":"#all","cullface":"up"},"south":{"uv":[11,10,14,10.7],"texture":"#all","cullface":"up"},"west":{"uv":[11,9,11.7,11],"rotation":270,"texture":"#all","cullface":"up"},"up":{"uv":[11,9,14,11],"texture":"#all","cullface":"up"}}},{"from":[12,16,8],"to":[14,16.5,9],"light_emission":15,"faces":{"north":{"uv":[12,8,14,8.5],"rotation":180,"texture":"#all","cullface":"up"},"east":{"uv":[13,8,13.5,9],"rotation":90,"texture":"#all","cullface":"up"},"west":{"uv":[12,8,12.5,9],"rotation":270,"texture":"#all","cullface":"up"},"up":{"uv":[12,8,14,9],"texture":"#all","cullface":"up"}}},{"from":[10,16,10],"to":[11,16.5,11],"light_emission":15,"faces":{"north":{"uv":[10,10,11,10.5],"texture":"#all","cullface":"up"},"west":{"uv":[10,10,10.5,11],"rotation":270,"texture":"#all","cullface":"up"},"up":{"uv":[10,10,11,11],"texture":"#all","cullface":"up"}}},{"from":[10,16,11],"to":[13,16.5,12],"light_emission":15,"faces":{"east":{"uv":[12,11,12.5,12],"rotation":90,"texture":"#all","cullface":"up"},"south":{"uv":[10,11,13,11.5],"texture":"#all","cullface":"up"},"west":{"uv":[10,11,10.5,12],"rotation":270,"texture":"#all","cullface":"up"},"up":{"uv":[10,11,13,12],"texture":"#all","cullface":"up"}}},{"from":[3,16,3],"to":[6,16.7,5],"light_emission":15,"faces":{"north":{"uv":[3,3,6,3.7],"rotation":180,"texture":"#all","cullface":"up"},"east":{"uv":[5,3,5.7,5],"rotation":90,"texture":"#all","cullface":"up"},"south":{"uv":[3,4,6,4.7],"texture":"#all","cullface":"up"},"west":{"uv":[3,3,3.7,5],"rotation":270,"texture":"#all","cullface":"up"},"up":{"uv":[3,3,6,5],"texture":"#all","cullface":"up"}}},{"from":[7,16,6],"to":[8,16.5,7],"light_emission":15,"faces":{"north":{"uv":[7,6,8,6.5],"texture":"#all","cullface":"up"},"east":{"uv":[7,6,7.5,7],"rotation":90,"texture":"#all","cullface":"up"},"west":{"uv":[7,6,7.5,7],"rotation":270,"texture":"#all","cullface":"up"},"up":{"uv":[7,6,8,7],"texture":"#all","cullface":"up"}}},{"from":[9,16,7],"to":[10,16.5,8],"light_emission":15,"faces":{"north":{"uv":[9,7,10,7.5],"texture":"#all","cullface":"up"},"east":{"uv":[9,7,9.5,8],"rotation":90,"texture":"#all","cullface":"up"},"south":{"uv":[9,7,10,7.5],"rotation":180,"texture":"#all","cullface":"up"},"up":{"uv":[9,7,10,8],"texture":"#all","cullface":"up"}}},{"from":[5,16,8],"to":[6,16.5,9],"light_emission":15,"faces":{"north":{"uv":[5,8,6,8.5],"texture":"#all","cullface":"up"},"south":{"uv":[5,8,6,8.5],"rotation":180,"texture":"#all","cullface":"up"},"west":{"uv":[5,8,5.5,9],"rotation":270,"texture":"#all","cullface":"up"},"up":{"uv":[5,8,6,9],"texture":"#all","cullface":"up"}}},{"from":[6,16,9],"to":[8,16.5,10],"light_emission":15,"faces":{"east":{"uv":[7,9,7.5,10],"rotation":90,"texture":"#all","cullface":"up"},"south":{"uv":[6,9,8,9.5],"texture":"#all","cullface":"up"},"west":{"uv":[6,9,6.5,10],"rotation":270,"texture":"#all","cullface":"up"},"up":{"uv":[6,9,8,10],"texture":"#all","cullface":"up"}}},{"from":[6,16,7],"to":[9,16.7,9],"light_emission":15,"faces":{"north":{"uv":[6,7,9,7.7],"rotation":180,"texture":"#all","cullface":"up"},"east":{"uv":[8,7,8.7,9],"rotation":90,"texture":"#all","cullface":"up"},"south":{"uv":[6,8,9,8.7],"texture":"#all","cullface":"up"},"west":{"uv":[6,7,6.7,9],"rotation":270,"texture":"#all","cullface":"up"},"up":{"uv":[6,7,9,9],"texture":"#all","cullface":"up"}}},{"from":[3,16,5],"to":[5,16.5,6],"light_emission":15,"faces":{"east":{"uv":[4,5,4.5,6],"rotation":90,"texture":"#all","cullface":"up"},"south":{"uv":[3,5,5,5.5],"texture":"#all","cullface":"up"},"west":{"uv":[3,5,3.5,6],"rotation":270,"texture":"#all","cullface":"up"},"up":{"uv":[3,5,5,6],"texture":"#all","cullface":"up"}}},{"from":[7,16,12],"to":[9,16.5,13],"light_emission":15,"faces":{"north":{"uv":[7,12,9,12.5],"rotation":180,"texture":"#all","cullface":"up"},"east":{"uv":[8,12,8.5,13],"rotation":90,"texture":"#all","cullface":"up"},"west":{"uv":[7,12,7.5,13],"rotation":270,"texture":"#all","cullface":"up"},"up":{"uv":[7,12,9,13],"texture":"#all","cullface":"up"}}},{"from":[10,16,13],"to":[11,16.5,15],"light_emission":15,"faces":{"north":{"uv":[10,13,11,13.5],"texture":"#all","cullface":"up"},"east":{"uv":[10,13,10.5,15],"rotation":90,"texture":"#all","cullface":"up"},"south":{"uv":[10,14,11,14.5],"rotation":180,"texture":"#all","cullface":"up"},"up":{"uv":[10,13,11,15],"texture":"#all","cullface":"up"}}},{"from":[2,16,3],"to":[3,16.5,5],"light_emission":15,"faces":{"north":{"uv":[2,3,3,3.5],"texture":"#all","cullface":"up"},"south":{"uv":[2,4,3,4.5],"rotation":180,"texture":"#all","cullface":"up"},"west":{"uv":[2,3,2.5,5],"rotation":270,"texture":"#all","cullface":"up"},"up":{"uv":[2,3,3,5],"texture":"#all","cullface":"up"}}},{"from":[7,16,13],"to":[10,16.7,15],"light_emission":15,"faces":{"north":{"uv":[7,13,10,13.7],"rotation":180,"texture":"#all","cullface":"up"},"east":{"uv":[9,13,9.7,15],"rotation":90,"texture":"#all","cullface":"up"},"south":{"uv":[7,14,10,14.7],"texture":"#all","cullface":"up"},"west":{"uv":[7,13,7.7,15],"rotation":270,"texture":"#all","cullface":"up"},"up":{"uv":[7,13,10,15],"texture":"#all","cullface":"up"}}},{"from":[10,16,5],"to":[13,16.5,6],"light_emission":15,"faces":{"east":{"uv":[12,5,12.5,6],"rotation":90,"texture":"#all","cullface":"up"},"south":{"uv":[10,5,13,5.5],"texture":"#all","cullface":"up"},"west":{"uv":[10,5,10.5,6],"rotation":270,"texture":"#all","cullface":"up"},"up":{"uv":[10,5,13,6],"texture":"#all","cullface":"up"}}},{"from":[10,16,1],"to":[13,16.5,2],"light_emission":15,"faces":{"north":{"uv":[10,1,13,1.5],"rotation":180,"texture":"#all","cullface":"up"},"east":{"uv":[12,1,12.5,2],"rotation":90,"texture":"#all","cullface":"up"},"west":{"uv":[10,1,10.5,2],"rotation":270,"texture":"#all","cullface":"up"},"up":{"uv":[10,1,13,2],"texture":"#all","cullface":"up"}}},{"from":[13,16,2],"to":[14,16.5,5],"light_emission":15,"faces":{"north":{"uv":[13,2,14,2.5],"texture":"#all","cullface":"up"},"east":{"uv":[13,2,13.5,5],"rotation":90,"texture":"#all","cullface":"up"},"south":{"uv":[13,4,14,4.5],"rotation":180,"texture":"#all","cullface":"up"},"up":{"uv":[13,2,14,5],"texture":"#all","cullface":"up"}}},{"from":[9,16,2],"to":[10,16.5,5],"light_emission":15,"faces":{"north":{"uv":[9,2,10,2.5],"texture":"#all","cullface":"up"},"south":{"uv":[9,4,10,4.5],"rotation":180,"texture":"#all","cullface":"up"},"west":{"uv":[9,2,9.5,5],"rotation":270,"texture":"#all","cullface":"up"},"up":{"uv":[9,2,10,5],"texture":"#all","cullface":"up"}}},{"from":[10,16,2],"to":[13,16.7,5],"light_emission":15,"faces":{"north":{"uv":[10,2,13,2.7],"rotation":180,"texture":"#all","cullface":"up"},"east":{"uv":[12,2,12.7,5],"rotation":90,"texture":"#all","cullface":"up"},"south":{"uv":[10,4,13,4.7],"texture":"#all","cullface":"up"},"west":{"uv":[10,2,10.7,5],"rotation":270,"texture":"#all","cullface":"up"},"up":{"uv":[10,2,13,5],"texture":"#all","cullface":"up"}}},{"from":[6,1,-0.7],"to":[9,3,0],"light_emission":15,"faces":{"north":{"uv":[7,13,10,15],"texture":"#all","cullface":"north"},"east":{"uv":[7,13,7.7,15],"texture":"#all","cullface":"north"},"west":{"uv":[9,13,9.7,15],"texture":"#all","cullface":"north"},"up":{"uv":[7,13,10,13.7],"rotation":180,"texture":"#all","cullface":"north"},"down":{"uv":[7,14,10,14.7],"rotation":180,"texture":"#all","cullface":"north"}}},{"from":[7,7,-0.7],"to":[10,9,0],"light_emission":15,"faces":{"north":{"uv":[6,7,9,9],"texture":"#all","cullface":"north"},"east":{"uv":[6,7,6.7,9],"texture":"#all","cullface":"north"},"west":{"uv":[8,7,8.7,9],"texture":"#all","cullface":"north"},"up":{"uv":[6,7,9,7.7],"rotation":180,"texture":"#all","cullface":"north"},"down":{"uv":[6,8,9,8.7],"rotation":180,"texture":"#all","cullface":"north"}}},{"from":[10,11,-0.7],"to":[13,13,0],"light_emission":15,"faces":{"north":{"uv":[3,3,6,5],"texture":"#all","cullface":"north"},"east":{"uv":[3,3,3.7,5],"texture":"#all","cullface":"north"},"west":{"uv":[5,3,5.7,5],"texture":"#all","cullface":"north"},"up":{"uv":[3,3,6,3.7],"rotation":180,"texture":"#all","cullface":"north"},"down":{"uv":[3,4,6,4.7],"rotation":180,"texture":"#all","cullface":"north"}}},{"from":[9,13,-0.7],"to":[11,14,0],"light_emission":15,"faces":{"north":{"uv":[5,2,7,3],"texture":"#all","cullface":"north"},"east":{"uv":[5,2,5.5,3],"texture":"#all","cullface":"north"},"west":{"uv":[6,2,6.5,3],"texture":"#all","cullface":"north"},"up":{"uv":[5,2,7,2.5],"rotation":180,"texture":"#all","cullface":"north"},"down":{"uv":[5,2,7,2.5],"rotation":180,"texture":"#all","cullface":"north"}}},{"from":[2,5,-0.7],"to":[5,7,0],"light_emission":15,"faces":{"north":{"uv":[11,9,14,11],"texture":"#all","cullface":"north"},"east":{"uv":[11,9,11.7,11],"texture":"#all","cullface":"north"},"west":{"uv":[13,9,13.7,11],"texture":"#all","cullface":"north"},"up":{"uv":[11,9,14,9.7],"rotation":180,"texture":"#all","cullface":"north"},"down":{"uv":[11,10,14,10.7],"rotation":180,"texture":"#all","cullface":"north"}}},{"from":[6,11,-0.5],"to":[7,14,0],"light_emission":15,"faces":{"north":{"uv":[9,2,10,5],"texture":"#all","cullface":"north"},"east":{"uv":[9,2,9.5,5],"texture":"#all","cullface":"north"},"up":{"uv":[9,2,10,2.5],"texture":"#all","cullface":"north"},"down":{"uv":[9,4,10,4.5],"texture":"#all","cullface":"north"}}},{"from":[13,11,-0.5],"to":[14,13,0],"light_emission":15,"faces":{"north":{"uv":[2,3,3,5],"texture":"#all","cullface":"north"},"east":{"uv":[2,3,2.5,5],"texture":"#all","cullface":"north"},"up":{"uv":[2,3,3,3.5],"texture":"#all","cullface":"north"},"down":{"uv":[2,4,3,4.5],"texture":"#all","cullface":"north"}}},{"from":[5,1,-0.5],"to":[6,3,0],"light_emission":15,"faces":{"north":{"uv":[10,13,11,15],"texture":"#all","cullface":"north"},"west":{"uv":[10,13,10.5,15],"texture":"#all","cullface":"north"},"up":{"uv":[10,13,11,13.5],"texture":"#all","cullface":"north"},"down":{"uv":[10,14,11,14.5],"texture":"#all","cullface":"north"}}},{"from":[9,1,-0.5],"to":[10,3,0],"light_emission":15,"faces":{"north":{"uv":[6,13,7,15],"texture":"#all","cullface":"north"},"east":{"uv":[6,13,6.5,15],"texture":"#all","cullface":"north"},"up":{"uv":[6,13,7,13.5],"texture":"#all","cullface":"north"},"down":{"uv":[6,14,7,14.5],"texture":"#all","cullface":"north"}}},{"from":[2,11,-0.5],"to":[3,14,0],"light_emission":15,"faces":{"north":{"uv":[13,2,14,5],"texture":"#all","cullface":"north"},"west":{"uv":[13,2,13.5,5],"texture":"#all","cullface":"north"},"up":{"uv":[13,2,14,2.5],"texture":"#all","cullface":"north"},"down":{"uv":[13,4,14,4.5],"texture":"#all","cullface":"north"}}},{"from":[3,14,-0.5],"to":[6,15,0],"light_emission":15,"faces":{"north":{"uv":[10,1,13,2],"texture":"#all","cullface":"north"},"east":{"uv":[10,1,10.5,2],"texture":"#all","cullface":"north"},"west":{"uv":[12,1,12.5,2],"texture":"#all","cullface":"north"},"up":{"uv":[10,1,13,1.5],"rotation":180,"texture":"#all","cullface":"north"}}},{"from":[3,10,-0.5],"to":[6,11,0],"light_emission":15,"faces":{"north":{"uv":[10,5,13,6],"texture":"#all","cullface":"north"},"east":{"uv":[10,5,10.5,6],"texture":"#all","cullface":"north"},"west":{"uv":[12,5,12.5,6],"texture":"#all","cullface":"north"},"down":{"uv":[10,5,13,5.5],"rotation":180,"texture":"#all","cullface":"north"}}},{"from":[3,4,-0.5],"to":[6,5,0],"light_emission":15,"faces":{"north":{"uv":[10,11,13,12],"texture":"#all","cullface":"north"},"east":{"uv":[10,11,10.5,12],"texture":"#all","cullface":"north"},"west":{"uv":[12,11,12.5,12],"texture":"#all","cullface":"north"},"down":{"uv":[10,11,13,11.5],"rotation":180,"texture":"#all","cullface":"north"}}},{"from":[7,3,-0.5],"to":[9,4,0],"light_emission":15,"faces":{"north":{"uv":[7,12,9,13],"texture":"#all","cullface":"north"},"east":{"uv":[7,12,7.5,13],"texture":"#all","cullface":"north"},"west":{"uv":[8,12,8.5,13],"texture":"#all","cullface":"north"},"up":{"uv":[7,12,9,12.5],"rotation":180,"texture":"#all","cullface":"north"}}},{"from":[7,0,-0.5],"to":[9,1,0],"light_emission":15,"faces":{"north":{"uv":[7,15,9,16],"texture":"#all","cullface":"north"},"east":{"uv":[7,15,7.5,16],"texture":"#all","cullface":"north"},"west":{"uv":[8,15,8.5,16],"texture":"#all","cullface":"north"},"down":{"uv":[7,15,9,15.5],"rotation":180,"texture":"#all","cullface":"down"}}},{"from":[2,7,-0.5],"to":[4,8,0],"light_emission":15,"faces":{"north":{"uv":[12,8,14,9],"texture":"#all","cullface":"north"},"east":{"uv":[12,8,12.5,9],"texture":"#all","cullface":"north"},"west":{"uv":[13,8,13.5,9],"texture":"#all","cullface":"north"},"up":{"uv":[12,8,14,8.5],"rotation":180,"texture":"#all","cullface":"north"}}},{"from":[8,6,-0.5],"to":[10,7,0],"light_emission":15,"faces":{"north":{"uv":[6,9,8,10],"texture":"#all","cullface":"north"},"east":{"uv":[6,9,6.5,10],"texture":"#all","cullface":"north"},"west":{"uv":[7,9,7.5,10],"texture":"#all","cullface":"north"},"down":{"uv":[6,9,8,9.5],"rotation":180,"texture":"#all","cullface":"north"}}},{"from":[10,7,-0.5],"to":[11,8,0],"light_emission":15,"faces":{"north":{"uv":[5,8,6,9],"texture":"#all","cullface":"north"},"east":{"uv":[5,8,5.5,9],"texture":"#all","cullface":"north"},"up":{"uv":[5,8,6,8.5],"texture":"#all","cullface":"north"},"down":{"uv":[5,8,6,8.5],"texture":"#all","cullface":"north"}}},{"from":[8,13,-0.5],"to":[9,14,0],"light_emission":15,"faces":{"north":{"uv":[7,2,8,3],"texture":"#all","cullface":"north"},"west":{"uv":[7,2,7.5,3],"texture":"#all","cullface":"north"},"up":{"uv":[7,2,8,2.5],"texture":"#all","cullface":"north"},"down":{"uv":[7,2,8,2.5],"texture":"#all","cullface":"north"}}},{"from":[9,12,-0.5],"to":[10,13,0],"light_emission":15,"faces":{"north":{"uv":[6,3,7,4],"texture":"#all","cullface":"north"},"west":{"uv":[6,3,6.5,4],"texture":"#all","cullface":"north"},"down":{"uv":[6,3,7,3.5],"texture":"#all","cullface":"north"}}},{"from":[5,5,-0.5],"to":[6,6,0],"light_emission":15,"faces":{"north":{"uv":[10,10,11,11],"texture":"#all","cullface":"north"},"east":{"uv":[10,10,10.5,11],"texture":"#all","cullface":"north"},"up":{"uv":[10,10,11,10.5],"texture":"#all","cullface":"north"}}},{"from":[6,8,-0.5],"to":[7,9,0],"light_emission":15,"faces":{"north":{"uv":[9,7,10,8],"texture":"#all","cullface":"north"},"west":{"uv":[9,7,9.5,8],"texture":"#all","cullface":"north"},"up":{"uv":[9,7,10,7.5],"texture":"#all","cullface":"north"},"down":{"uv":[9,7,10,7.5],"texture":"#all","cullface":"north"}}},{"from":[8,9,-0.5],"to":[9,10,0],"light_emission":15,"faces":{"north":{"uv":[7,6,8,7],"texture":"#all","cullface":"north"},"east":{"uv":[7,6,7.5,7],"texture":"#all","cullface":"north"},"west":{"uv":[7,6,7.5,7],"texture":"#all","cullface":"north"},"up":{"uv":[7,6,8,6.5],"texture":"#all","cullface":"north"}}},{"from":[11,10,-0.5],"to":[13,11,0],"light_emission":15,"faces":{"north":{"uv":[3,5,5,6],"texture":"#all","cullface":"north"},"east":{"uv":[3,5,3.5,6],"texture":"#all","cullface":"north"},"west":{"uv":[4,5,4.5,6],"texture":"#all","cullface":"north"},"down":{"uv":[3,5,5,5.5],"rotation":180,"texture":"#all","cullface":"north"}}},{"from":[11,13,-0.5],"to":[13,14,0],"light_emission":15,"faces":{"north":{"uv":[3,2,5,3],"texture":"#all","cullface":"north"},"east":{"uv":[3,2,3.5,3],"texture":"#all","cullface":"north"},"up":{"uv":[3,2,5,2.5],"rotation":180,"texture":"#all","cullface":"north"}}}]}