{"credit":"Created by Marceus","format_version":"1.21.6","parent":"block/cube_all","textures":{"all":"block/copper_ore"},"elements":[{"from":[0,0,0],"to":[16,16,16],"faces":{"north":{"uv":[0,0,16,16],"texture":"#all","cullface":"north"},"east":{"uv":[0,0,16,16],"texture":"#all","cullface":"east"},"south":{"uv":[0,0,16,16],"texture":"#all","cullface":"south"},"west":{"uv":[0,0,16,16],"texture":"#all","cullface":"west"},"up":{"uv":[0,0,16,16],"texture":"#all","cullface":"up"},"down":{"uv":[0,0,16,16],"texture":"#all","cullface":"down"}}},{"from":[12,2,-0.5],"to":[14,3,0],"light_emission":15,"faces":{"north":{"uv":[2,13,4,14],"texture":"#all","cullface":"north"},"east":{"uv":[2,13,2.5,14],"texture":"#all","cullface":"north"},"west":{"uv":[3,13,3.5,14],"texture":"#all","cullface":"north"},"up":{"uv":[2,13,4,13.5],"rotation":180,"texture":"#all","cullface":"north"},"down":{"uv":[2,13,4,13.5],"rotation":180,"texture":"#all","cullface":"north"}}},{"from":[-0.5,11,4],"to":[0,12,5],"light_emission":15,"faces":{"north":{"uv":[4,4,4.5,5],"texture":"#all","cullface":"west"},"west":{"uv":[4,4,5,5],"texture":"#all","cullface":"west"},"up":{"uv":[4,4,5,4.5],"rotation":270,"texture":"#all","cullface":"west"}}},{"from":[-0.7,11,5],"to":[0,12,8],"light_emission":15,"faces":{"north":{"uv":[5,4,5.7,5],"texture":"#all","cullface":"west"},"south":{"uv":[7,4,7.7,5],"texture":"#all","cullface":"west"},"west":{"uv":[5,4,8,5],"texture":"#all","cullface":"west"},"up":{"uv":[5,4,8,4.7],"rotation":90,"texture":"#all","cullface":"west"},"down":{"uv":[5,4,8,4.7],"rotation":270,"texture":"#all","cullface":"west"}}},{"from":[-0.7,10,4],"to":[0,11,7],"light_emission":15,"faces":{"north":{"uv":[4,5,4.7,6],"texture":"#all","cullface":"west"},"south":{"uv":[6,5,6.7,6],"texture":"#all","cullface":"west"},"west":{"uv":[4,5,7,6],"texture":"#all","cullface":"west"},"up":{"uv":[4,5,7,5.7],"rotation":90,"texture":"#all","cullface":"west"},"down":{"uv":[4,5,7,5.7],"rotation":270,"texture":"#all","cullface":"west"}}},{"from":[-0.5,11,8],"to":[0,12,9],"light_emission":15,"faces":{"south":{"uv":[8,4,8.5,5],"texture":"#all","cullface":"west"},"west":{"uv":[8,4,9,5],"texture":"#all","cullface":"west"},"up":{"uv":[8,4,9,4.5],"rotation":270,"texture":"#all","cullface":"west"},"down":{"uv":[8,4,9,4.5],"rotation":90,"texture":"#all","cullface":"west"}}},{"from":[-0.5,10,3],"to":[0,11,4],"light_emission":15,"faces":{"north":{"uv":[3,5,3.5,6],"texture":"#all","cullface":"west"},"west":{"uv":[3,5,4,6],"texture":"#all","cullface":"west"},"up":{"uv":[3,5,4,5.5],"rotation":270,"texture":"#all","cullface":"west"},"down":{"uv":[3,5,4,5.5],"rotation":90,"texture":"#all","cullface":"west"}}},{"from":[-0.5,12,5],"to":[0,13,7],"light_emission":15,"faces":{"north":{"uv":[5,3,5.5,4],"texture":"#all","cullface":"west"},"south":{"uv":[6,3,6.5,4],"texture":"#all","cullface":"west"},"west":{"uv":[5,3,7,4],"texture":"#all","cullface":"west"},"up":{"uv":[5,3,7,3.5],"rotation":90,"texture":"#all","cullface":"west"}}},{"from":[-0.7,8,10],"to":[0,9,13],"light_emission":15,"faces":{"north":{"uv":[10,7,10.7,8],"texture":"#all","cullface":"west"},"south":{"uv":[12,7,12.7,8],"texture":"#all","cullface":"west"},"west":{"uv":[10,7,13,8],"texture":"#all","cullface":"west"},"up":{"uv":[10,7,13,7.7],"rotation":90,"texture":"#all","cullface":"west"},"down":{"uv":[10,7,13,7.7],"rotation":270,"texture":"#all","cullface":"west"}}},{"from":[-0.7,3,6],"to":[0,4,9],"light_emission":15,"faces":{"north":{"uv":[6,12,6.7,13],"texture":"#all","cullface":"west"},"south":{"uv":[8,12,8.7,13],"texture":"#all","cullface":"west"},"west":{"uv":[6,12,9,13],"texture":"#all","cullface":"west"},"up":{"uv":[6,12,9,12.7],"rotation":90,"texture":"#all","cullface":"west"},"down":{"uv":[6,12,9,12.7],"rotation":270,"texture":"#all","cullface":"west"}}},{"from":[-0.5,9,11],"to":[0,10,13],"light_emission":15,"faces":{"north":{"uv":[2,13,2.5,14],"texture":"#all","cullface":"west"},"south":{"uv":[3,13,3.5,14],"texture":"#all","cullface":"west"},"west":{"uv":[2,13,4,14],"texture":"#all","cullface":"west"},"up":{"uv":[2,13,4,13.5],"rotation":90,"texture":"#all","cullface":"west"}}},{"from":[-0.5,7,10],"to":[0,8,11],"light_emission":15,"faces":{"north":{"uv":[10,8,10.5,9],"texture":"#all","cullface":"west"},"west":{"uv":[10,8,11,9],"texture":"#all","cullface":"west"},"down":{"uv":[10,8,11,8.5],"rotation":90,"texture":"#all","cullface":"west"}}},{"from":[-0.5,8,9],"to":[0,9,10],"light_emission":15,"faces":{"north":{"uv":[9,7,9.5,8],"texture":"#all","cullface":"west"},"west":{"uv":[9,7,10,8],"texture":"#all","cullface":"west"},"up":{"uv":[9,7,10,7.5],"rotation":270,"texture":"#all","cullface":"west"},"down":{"uv":[9,7,10,7.5],"rotation":90,"texture":"#all","cullface":"west"}}},{"from":[-0.5,8,13],"to":[0,9,14],"light_emission":15,"faces":{"south":{"uv":[13,7,13.5,8],"texture":"#all","cullface":"west"},"west":{"uv":[13,7,14,8],"texture":"#all","cullface":"west"},"up":{"uv":[13,7,14,7.5],"rotation":270,"texture":"#all","cullface":"west"}}},{"from":[-0.5,7,14],"to":[0,8,15],"light_emission":15,"faces":{"south":{"uv":[14,8,14.5,9],"texture":"#all","cullface":"west"},"west":{"uv":[14,8,15,9],"texture":"#all","cullface":"west"},"up":{"uv":[14,8,15,8.5],"rotation":270,"texture":"#all","cullface":"west"},"down":{"uv":[14,8,15,8.5],"rotation":90,"texture":"#all","cullface":"west"}}},{"from":[-0.5,6,11],"to":[0,7,12],"light_emission":15,"faces":{"north":{"uv":[11,9,11.5,10],"texture":"#all","cullface":"west"},"south":{"uv":[11,9,11.5,10],"texture":"#all","cullface":"west"},"west":{"uv":[11,9,12,10],"texture":"#all","cullface":"west"},"down":{"uv":[11,9,12,9.5],"rotation":90,"texture":"#all","cullface":"west"}}},{"from":[-0.5,4,7],"to":[0,5,8],"light_emission":15,"faces":{"north":{"uv":[7,11,7.5,12],"texture":"#all","cullface":"west"},"south":{"uv":[7,11,7.5,12],"texture":"#all","cullface":"west"},"west":{"uv":[7,11,8,12],"texture":"#all","cullface":"west"},"up":{"uv":[7,11,8,11.5],"rotation":270,"texture":"#all","cullface":"west"}}},{"from":[-0.5,3,9],"to":[0,4,10],"light_emission":15,"faces":{"south":{"uv":[9,12,9.5,13],"texture":"#all","cullface":"west"},"west":{"uv":[9,12,10,13],"texture":"#all","cullface":"west"},"up":{"uv":[9,12,10,12.5],"rotation":270,"texture":"#all","cullface":"west"},"down":{"uv":[9,12,10,12.5],"rotation":90,"texture":"#all","cullface":"west"}}},{"from":[-0.5,3,5],"to":[0,4,6],"light_emission":15,"faces":{"north":{"uv":[5,12,5.5,13],"texture":"#all","cullface":"west"},"west":{"uv":[5,12,6,13],"texture":"#all","cullface":"west"},"up":{"uv":[5,12,6,12.5],"rotation":270,"texture":"#all","cullface":"west"},"down":{"uv":[5,12,6,12.5],"rotation":90,"texture":"#all","cullface":"west"}}},{"from":[-0.5,6,5],"to":[0,7,6],"light_emission":15,"faces":{"south":{"uv":[5,9,5.5,10],"texture":"#all","cullface":"west"},"west":{"uv":[5,9,6,10],"texture":"#all","cullface":"west"},"up":{"uv":[5,9,6,9.5],"rotation":270,"texture":"#all","cullface":"west"},"down":{"uv":[5,9,6,9.5],"rotation":90,"texture":"#all","cullface":"west"}}},{"from":[-0.5,6,1],"to":[0,7,2],"light_emission":15,"faces":{"north":{"uv":[1,9,1.5,10],"texture":"#all","cullface":"west"},"west":{"uv":[1,9,2,10],"texture":"#all","cullface":"west"},"up":{"uv":[1,9,2,9.5],"rotation":270,"texture":"#all","cullface":"west"},"down":{"uv":[1,9,2,9.5],"rotation":90,"texture":"#all","cullface":"west"}}},{"from":[-0.5,2,6],"to":[0,3,9],"light_emission":15,"faces":{"north":{"uv":[6,13,6.7,14],"texture":"#all","cullface":"west"},"south":{"uv":[8,13,8.7,14],"texture":"#all","cullface":"west"},"west":{"uv":[6,13,9,14],"texture":"#all","cullface":"west"},"down":{"uv":[6,13,9,13.7],"rotation":270,"texture":"#all","cullface":"west"}}},{"from":[-0.7,7,11],"to":[0,8,14],"light_emission":15,"faces":{"north":{"uv":[11,8,11.7,9],"texture":"#all","cullface":"west"},"south":{"uv":[13,8,13.7,9],"texture":"#all","cullface":"west"},"west":{"uv":[11,8,14,9],"texture":"#all","cullface":"west"},"up":{"uv":[11,8,14,8.7],"rotation":90,"texture":"#all","cullface":"west"},"down":{"uv":[11,8,14,8.7],"rotation":270,"texture":"#all","cullface":"west"}}},{"from":[-0.5,5,2],"to":[0,6,4],"light_emission":15,"faces":{"north":{"uv":[2,10,2.5,11],"texture":"#all","cullface":"west"},"south":{"uv":[3,10,3.5,11],"texture":"#all","cullface":"west"},"west":{"uv":[2,10,4,11],"texture":"#all","cullface":"west"},"down":{"uv":[2,10,4,10.5],"rotation":270,"texture":"#all","cullface":"west"}}},{"from":[-0.5,7,3],"to":[0,8,5],"light_emission":15,"faces":{"north":{"uv":[3,8,3.5,9],"texture":"#all","cullface":"west"},"south":{"uv":[4,8,4.5,9],"texture":"#all","cullface":"west"},"west":{"uv":[3,8,5,9],"texture":"#all","cullface":"west"},"up":{"uv":[3,8,5,8.5],"rotation":90,"texture":"#all","cullface":"west"}}},{"from":[-0.7,6,2],"to":[0,7,5],"light_emission":15,"faces":{"north":{"uv":[2,9,2.7,10],"texture":"#all","cullface":"west"},"south":{"uv":[4,9,4.7,10],"texture":"#all","cullface":"west"},"west":{"uv":[2,9,5,10],"texture":"#all","cullface":"west"},"up":{"uv":[2,9,5,9.7],"rotation":90,"texture":"#all","cullface":"west"},"down":{"uv":[2,9,5,9.7],"rotation":270,"texture":"#all","cullface":"west"}}},{"from":[-0.5,13,2],"to":[0,14,4],"light_emission":15,"faces":{"north":{"uv":[2,2,2.5,3],"texture":"#all","cullface":"west"},"south":{"uv":[3,2,3.5,3],"texture":"#all","cullface":"west"},"west":{"uv":[2,2,4,3],"texture":"#all","cullface":"west"},"up":{"uv":[2,2,4,2.5],"rotation":90,"texture":"#all","cullface":"west"},"down":{"uv":[2,2,4,2.5],"rotation":270,"texture":"#all","cullface":"west"}}},{"from":[-0.5,13,11],"to":[0,14,13],"light_emission":15,"faces":{"north":{"uv":[11,2,11.5,3],"texture":"#all","cullface":"west"},"south":{"uv":[12,2,12.5,3],"texture":"#all","cullface":"west"},"west":{"uv":[11,2,13,3],"texture":"#all","cullface":"west"},"up":{"uv":[11,2,13,2.5],"rotation":90,"texture":"#all","cullface":"west"},"down":{"uv":[11,2,13,2.5],"rotation":270,"texture":"#all","cullface":"west"}}},{"from":[-0.5,2,13],"to":[0,3,15],"light_emission":15,"faces":{"north":{"uv":[13,13,13.5,14],"texture":"#all","cullface":"west"},"south":{"uv":[14,13,14.5,14],"texture":"#all","cullface":"west"},"west":{"uv":[13,13,15,14],"texture":"#all","cullface":"west"},"up":{"uv":[13,13,15,13.5],"rotation":90,"texture":"#all","cullface":"west"},"down":{"uv":[13,13,15,13.5],"rotation":270,"texture":"#all","cullface":"west"}}},{"from":[-0.5,2,2],"to":[0,3,4],"light_emission":15,"faces":{"north":{"uv":[2,13,2.5,14],"texture":"#all","cullface":"west"},"south":{"uv":[3,13,3.5,14],"texture":"#all","cullface":"west"},"west":{"uv":[2,13,4,14],"texture":"#all","cullface":"west"},"up":{"uv":[2,13,4,13.5],"rotation":90,"texture":"#all","cullface":"west"},"down":{"uv":[2,13,4,13.5],"rotation":270,"texture":"#all","cullface":"west"}}},{"from":[4,11,16],"to":[5,12,16.5],"light_emission":15,"faces":{"south":{"uv":[4,4,5,5],"texture":"#all","cullface":"south"},"west":{"uv":[4,4,4.5,5],"texture":"#all","cullface":"south"},"up":{"uv":[4,4,5,4.5],"rotation":180,"texture":"#all","cullface":"south"}}},{"from":[5,11,16],"to":[8,12,16.7],"light_emission":15,"faces":{"east":{"uv":[7,4,7.7,5],"texture":"#all","cullface":"south"},"south":{"uv":[5,4,8,5],"texture":"#all","cullface":"south"},"west":{"uv":[5,4,5.7,5],"texture":"#all","cullface":"south"},"up":{"uv":[5,4,8,4.7],"texture":"#all","cullface":"south"},"down":{"uv":[5,4,8,4.7],"texture":"#all","cullface":"south"}}},{"from":[4,10,16],"to":[7,11,16.7],"light_emission":15,"faces":{"east":{"uv":[6,5,6.7,6],"texture":"#all","cullface":"south"},"south":{"uv":[4,5,7,6],"texture":"#all","cullface":"south"},"west":{"uv":[4,5,4.7,6],"texture":"#all","cullface":"south"},"up":{"uv":[4,5,7,5.7],"texture":"#all","cullface":"south"},"down":{"uv":[4,5,7,5.7],"texture":"#all","cullface":"south"}}},{"from":[8,11,16],"to":[9,12,16.5],"light_emission":15,"faces":{"east":{"uv":[8,4,8.5,5],"texture":"#all","cullface":"south"},"south":{"uv":[8,4,9,5],"texture":"#all","cullface":"south"},"up":{"uv":[8,4,9,4.5],"rotation":180,"texture":"#all","cullface":"south"},"down":{"uv":[8,4,9,4.5],"rotation":180,"texture":"#all","cullface":"south"}}},{"from":[3,10,16],"to":[4,11,16.5],"light_emission":15,"faces":{"south":{"uv":[3,5,4,6],"texture":"#all","cullface":"south"},"west":{"uv":[3,5,3.5,6],"texture":"#all","cullface":"south"},"up":{"uv":[3,5,4,5.5],"rotation":180,"texture":"#all","cullface":"south"},"down":{"uv":[3,5,4,5.5],"rotation":180,"texture":"#all","cullface":"south"}}},{"from":[5,12,16],"to":[7,13,16.5],"light_emission":15,"faces":{"east":{"uv":[6,3,6.5,4],"texture":"#all","cullface":"south"},"south":{"uv":[5,3,7,4],"texture":"#all","cullface":"south"},"west":{"uv":[5,3,5.5,4],"texture":"#all","cullface":"south"},"up":{"uv":[5,3,7,3.5],"texture":"#all","cullface":"south"}}},{"from":[10,8,16],"to":[13,9,16.7],"light_emission":15,"faces":{"east":{"uv":[12,7,12.7,8],"texture":"#all","cullface":"south"},"south":{"uv":[10,7,13,8],"texture":"#all","cullface":"south"},"west":{"uv":[10,7,10.7,8],"texture":"#all","cullface":"south"},"up":{"uv":[10,7,13,7.7],"texture":"#all","cullface":"south"},"down":{"uv":[10,7,13,7.7],"texture":"#all","cullface":"south"}}},{"from":[6,3,16],"to":[9,4,16.7],"light_emission":15,"faces":{"east":{"uv":[8,12,8.7,13],"texture":"#all","cullface":"south"},"south":{"uv":[6,12,9,13],"texture":"#all","cullface":"south"},"west":{"uv":[6,12,6.7,13],"texture":"#all","cullface":"south"},"up":{"uv":[6,12,9,12.7],"texture":"#all","cullface":"south"},"down":{"uv":[6,12,9,12.7],"texture":"#all","cullface":"south"}}},{"from":[11,9,16],"to":[13,10,16.5],"light_emission":15,"faces":{"east":{"uv":[3,13,3.5,14],"texture":"#all","cullface":"south"},"south":{"uv":[2,13,4,14],"texture":"#all","cullface":"south"},"west":{"uv":[2,13,2.5,14],"texture":"#all","cullface":"south"},"up":{"uv":[2,13,4,13.5],"texture":"#all","cullface":"south"}}},{"from":[10,7,16],"to":[11,8,16.5],"light_emission":15,"faces":{"south":{"uv":[10,8,11,9],"texture":"#all","cullface":"south"},"west":{"uv":[10,8,10.5,9],"texture":"#all","cullface":"south"},"down":{"uv":[10,8,11,8.5],"rotation":180,"texture":"#all","cullface":"south"}}},{"from":[9,8,16],"to":[10,9,16.5],"light_emission":15,"faces":{"south":{"uv":[9,7,10,8],"texture":"#all","cullface":"south"},"west":{"uv":[9,7,9.5,8],"texture":"#all","cullface":"south"},"up":{"uv":[9,7,10,7.5],"rotation":180,"texture":"#all","cullface":"south"},"down":{"uv":[9,7,10,7.5],"rotation":180,"texture":"#all","cullface":"south"}}},{"from":[13,8,16],"to":[14,9,16.5],"light_emission":15,"faces":{"east":{"uv":[13,7,13.5,8],"texture":"#all","cullface":"south"},"south":{"uv":[13,7,14,8],"texture":"#all","cullface":"south"},"up":{"uv":[13,7,14,7.5],"rotation":180,"texture":"#all","cullface":"south"}}},{"from":[14,7,16],"to":[15,8,16.5],"light_emission":15,"faces":{"east":{"uv":[14,8,14.5,9],"texture":"#all","cullface":"south"},"south":{"uv":[14,8,15,9],"texture":"#all","cullface":"south"},"up":{"uv":[14,8,15,8.5],"rotation":180,"texture":"#all","cullface":"south"},"down":{"uv":[14,8,15,8.5],"rotation":180,"texture":"#all","cullface":"south"}}},{"from":[11,6,16],"to":[12,7,16.5],"light_emission":15,"faces":{"east":{"uv":[11,9,11.5,10],"texture":"#all","cullface":"south"},"south":{"uv":[11,9,12,10],"texture":"#all","cullface":"south"},"west":{"uv":[11,9,11.5,10],"texture":"#all","cullface":"south"},"down":{"uv":[11,9,12,9.5],"rotation":180,"texture":"#all","cullface":"south"}}},{"from":[7,4,16],"to":[8,5,16.5],"light_emission":15,"faces":{"east":{"uv":[7,11,7.5,12],"texture":"#all","cullface":"south"},"south":{"uv":[7,11,8,12],"texture":"#all","cullface":"south"},"west":{"uv":[7,11,7.5,12],"texture":"#all","cullface":"south"},"up":{"uv":[7,11,8,11.5],"rotation":180,"texture":"#all","cullface":"south"}}},{"from":[9,3,16],"to":[10,4,16.5],"light_emission":15,"faces":{"east":{"uv":[9,12,9.5,13],"texture":"#all","cullface":"south"},"south":{"uv":[9,12,10,13],"texture":"#all","cullface":"south"},"up":{"uv":[9,12,10,12.5],"rotation":180,"texture":"#all","cullface":"south"},"down":{"uv":[9,12,10,12.5],"rotation":180,"texture":"#all","cullface":"south"}}},{"from":[5,3,16],"to":[6,4,16.5],"light_emission":15,"faces":{"south":{"uv":[5,12,6,13],"texture":"#all","cullface":"south"},"west":{"uv":[5,12,5.5,13],"texture":"#all","cullface":"south"},"up":{"uv":[5,12,6,12.5],"rotation":180,"texture":"#all","cullface":"south"},"down":{"uv":[5,12,6,12.5],"rotation":180,"texture":"#all","cullface":"south"}}},{"from":[5,6,16],"to":[6,7,16.5],"light_emission":15,"faces":{"east":{"uv":[5,9,5.5,10],"texture":"#all","cullface":"south"},"south":{"uv":[5,9,6,10],"texture":"#all","cullface":"south"},"up":{"uv":[5,9,6,9.5],"rotation":180,"texture":"#all","cullface":"south"},"down":{"uv":[5,9,6,9.5],"rotation":180,"texture":"#all","cullface":"south"}}},{"from":[1,6,16],"to":[2,7,16.5],"light_emission":15,"faces":{"south":{"uv":[1,9,2,10],"texture":"#all","cullface":"south"},"west":{"uv":[1,9,1.5,10],"texture":"#all","cullface":"south"},"up":{"uv":[1,9,2,9.5],"rotation":180,"texture":"#all","cullface":"south"},"down":{"uv":[1,9,2,9.5],"rotation":180,"texture":"#all","cullface":"south"}}},{"from":[6,2,16],"to":[9,3,16.5],"light_emission":15,"faces":{"east":{"uv":[8,13,8.7,14],"texture":"#all","cullface":"south"},"south":{"uv":[6,13,9,14],"texture":"#all","cullface":"south"},"west":{"uv":[6,13,6.7,14],"texture":"#all","cullface":"south"},"down":{"uv":[6,13,9,13.7],"texture":"#all","cullface":"south"}}},{"from":[11,7,16],"to":[14,8,16.7],"light_emission":15,"faces":{"east":{"uv":[13,8,13.7,9],"texture":"#all","cullface":"south"},"south":{"uv":[11,8,14,9],"texture":"#all","cullface":"south"},"west":{"uv":[11,8,11.7,9],"texture":"#all","cullface":"south"},"up":{"uv":[11,8,14,8.7],"texture":"#all","cullface":"south"},"down":{"uv":[11,8,14,8.7],"texture":"#all","cullface":"south"}}},{"from":[2,5,16],"to":[4,6,16.5],"light_emission":15,"faces":{"east":{"uv":[3,10,3.5,11],"texture":"#all","cullface":"south"},"south":{"uv":[2,10,4,11],"texture":"#all","cullface":"south"},"west":{"uv":[2,10,2.5,11],"texture":"#all","cullface":"south"},"down":{"uv":[2,10,4,10.5],"texture":"#all","cullface":"south"}}},{"from":[3,7,16],"to":[5,8,16.5],"light_emission":15,"faces":{"east":{"uv":[4,8,4.5,9],"texture":"#all","cullface":"south"},"south":{"uv":[3,8,5,9],"texture":"#all","cullface":"south"},"west":{"uv":[3,8,3.5,9],"texture":"#all","cullface":"south"},"up":{"uv":[3,8,5,8.5],"texture":"#all","cullface":"south"}}},{"from":[2,6,16],"to":[5,7,16.7],"light_emission":15,"faces":{"east":{"uv":[4,9,4.7,10],"texture":"#all","cullface":"south"},"south":{"uv":[2,9,5,10],"texture":"#all","cullface":"south"},"west":{"uv":[2,9,2.7,10],"texture":"#all","cullface":"south"},"up":{"uv":[2,9,5,9.7],"texture":"#all","cullface":"south"},"down":{"uv":[2,9,5,9.7],"texture":"#all","cullface":"south"}}},{"from":[2,13,16],"to":[4,14,16.5],"light_emission":15,"faces":{"east":{"uv":[3,2,3.5,3],"texture":"#all","cullface":"south"},"south":{"uv":[2,2,4,3],"texture":"#all","cullface":"south"},"west":{"uv":[2,2,2.5,3],"texture":"#all","cullface":"south"},"up":{"uv":[2,2,4,2.5],"texture":"#all","cullface":"south"},"down":{"uv":[2,2,4,2.5],"texture":"#all","cullface":"south"}}},{"from":[11,13,16],"to":[13,14,16.5],"light_emission":15,"faces":{"east":{"uv":[12,2,12.5,3],"texture":"#all","cullface":"south"},"south":{"uv":[11,2,13,3],"texture":"#all","cullface":"south"},"west":{"uv":[11,2,11.5,3],"texture":"#all","cullface":"south"},"up":{"uv":[11,2,13,2.5],"texture":"#all","cullface":"south"},"down":{"uv":[11,2,13,2.5],"texture":"#all","cullface":"south"}}},{"from":[13,2,16],"to":[15,3,16.5],"light_emission":15,"faces":{"east":{"uv":[14,13,14.5,14],"texture":"#all","cullface":"south"},"south":{"uv":[13,13,15,14],"texture":"#all","cullface":"south"},"west":{"uv":[13,13,13.5,14],"texture":"#all","cullface":"south"},"up":{"uv":[13,13,15,13.5],"texture":"#all","cullface":"south"},"down":{"uv":[13,13,15,13.5],"texture":"#all","cullface":"south"}}},{"from":[2,2,16],"to":[4,3,16.5],"light_emission":15,"faces":{"east":{"uv":[3,13,3.5,14],"texture":"#all","cullface":"south"},"south":{"uv":[2,13,4,14],"texture":"#all","cullface":"south"},"west":{"uv":[2,13,2.5,14],"texture":"#all","cullface":"south"},"up":{"uv":[2,13,4,13.5],"texture":"#all","cullface":"south"},"down":{"uv":[2,13,4,13.5],"texture":"#all","cullface":"south"}}},{"from":[16,11,11],"to":[16.5,12,12],"light_emission":15,"faces":{"east":{"uv":[4,4,5,5],"texture":"#all","cullface":"east"},"south":{"uv":[4,4,4.5,5],"texture":"#all","cullface":"east"},"up":{"uv":[4,4,5,4.5],"rotation":90,"texture":"#all","cullface":"east"}}},{"from":[16,11,8],"to":[16.7,12,11],"light_emission":15,"faces":{"north":{"uv":[7,4,7.7,5],"texture":"#all","cullface":"east"},"east":{"uv":[5,4,8,5],"texture":"#all","cullface":"east"},"south":{"uv":[5,4,5.7,5],"texture":"#all","cullface":"east"},"up":{"uv":[5,4,8,4.7],"rotation":270,"texture":"#all","cullface":"east"},"down":{"uv":[5,4,8,4.7],"rotation":90,"texture":"#all","cullface":"east"}}},{"from":[16,10,9],"to":[16.7,11,12],"light_emission":15,"faces":{"north":{"uv":[6,5,6.7,6],"texture":"#all","cullface":"east"},"east":{"uv":[4,5,7,6],"texture":"#all","cullface":"east"},"south":{"uv":[4,5,4.7,6],"texture":"#all","cullface":"east"},"up":{"uv":[4,5,7,5.7],"rotation":270,"texture":"#all","cullface":"east"},"down":{"uv":[4,5,7,5.7],"rotation":90,"texture":"#all","cullface":"east"}}},{"from":[16,11,7],"to":[16.5,12,8],"light_emission":15,"faces":{"north":{"uv":[8,4,8.5,5],"texture":"#all","cullface":"east"},"east":{"uv":[8,4,9,5],"texture":"#all","cullface":"east"},"up":{"uv":[8,4,9,4.5],"rotation":90,"texture":"#all","cullface":"east"},"down":{"uv":[8,4,9,4.5],"rotation":270,"texture":"#all","cullface":"east"}}},{"from":[16,10,12],"to":[16.5,11,13],"light_emission":15,"faces":{"east":{"uv":[3,5,4,6],"texture":"#all","cullface":"east"},"south":{"uv":[3,5,3.5,6],"texture":"#all","cullface":"east"},"up":{"uv":[3,5,4,5.5],"rotation":90,"texture":"#all","cullface":"east"},"down":{"uv":[3,5,4,5.5],"rotation":270,"texture":"#all","cullface":"east"}}},{"from":[16,12,9],"to":[16.5,13,11],"light_emission":15,"faces":{"north":{"uv":[6,3,6.5,4],"texture":"#all","cullface":"east"},"east":{"uv":[5,3,7,4],"texture":"#all","cullface":"east"},"south":{"uv":[5,3,5.5,4],"texture":"#all","cullface":"east"},"up":{"uv":[5,3,7,3.5],"rotation":270,"texture":"#all","cullface":"east"}}},{"from":[16,8,3],"to":[16.7,9,6],"light_emission":15,"faces":{"north":{"uv":[12,7,12.7,8],"texture":"#all","cullface":"east"},"east":{"uv":[10,7,13,8],"texture":"#all","cullface":"east"},"south":{"uv":[10,7,10.7,8],"texture":"#all","cullface":"east"},"up":{"uv":[10,7,13,7.7],"rotation":270,"texture":"#all","cullface":"east"},"down":{"uv":[10,7,13,7.7],"rotation":90,"texture":"#all","cullface":"east"}}},{"from":[16,3,7],"to":[16.7,4,10],"light_emission":15,"faces":{"north":{"uv":[8,12,8.7,13],"texture":"#all","cullface":"east"},"east":{"uv":[6,12,9,13],"texture":"#all","cullface":"east"},"south":{"uv":[6,12,6.7,13],"texture":"#all","cullface":"east"},"up":{"uv":[6,12,9,12.7],"rotation":270,"texture":"#all","cullface":"east"},"down":{"uv":[6,12,9,12.7],"rotation":90,"texture":"#all","cullface":"east"}}},{"from":[16,9,3],"to":[16.5,10,5],"light_emission":15,"faces":{"north":{"uv":[3,13,3.5,14],"texture":"#all","cullface":"east"},"east":{"uv":[2,13,4,14],"texture":"#all","cullface":"east"},"south":{"uv":[2,13,2.5,14],"texture":"#all","cullface":"east"},"up":{"uv":[2,13,4,13.5],"rotation":270,"texture":"#all","cullface":"east"}}},{"from":[16,7,5],"to":[16.5,8,6],"light_emission":15,"faces":{"east":{"uv":[10,8,11,9],"texture":"#all","cullface":"east"},"south":{"uv":[10,8,10.5,9],"texture":"#all","cullface":"east"},"down":{"uv":[10,8,11,8.5],"rotation":270,"texture":"#all","cullface":"east"}}},{"from":[16,8,6],"to":[16.5,9,7],"light_emission":15,"faces":{"east":{"uv":[9,7,10,8],"texture":"#all","cullface":"east"},"south":{"uv":[9,7,9.5,8],"texture":"#all","cullface":"east"},"up":{"uv":[9,7,10,7.5],"rotation":90,"texture":"#all","cullface":"east"},"down":{"uv":[9,7,10,7.5],"rotation":270,"texture":"#all","cullface":"east"}}},{"from":[16,8,2],"to":[16.5,9,3],"light_emission":15,"faces":{"north":{"uv":[13,7,13.5,8],"texture":"#all","cullface":"east"},"east":{"uv":[13,7,14,8],"texture":"#all","cullface":"east"},"up":{"uv":[13,7,14,7.5],"rotation":90,"texture":"#all","cullface":"east"}}},{"from":[16,7,1],"to":[16.5,8,2],"light_emission":15,"faces":{"north":{"uv":[14,8,14.5,9],"texture":"#all","cullface":"east"},"east":{"uv":[14,8,15,9],"texture":"#all","cullface":"east"},"up":{"uv":[14,8,15,8.5],"rotation":90,"texture":"#all","cullface":"east"},"down":{"uv":[14,8,15,8.5],"rotation":270,"texture":"#all","cullface":"east"}}},{"from":[16,6,4],"to":[16.5,7,5],"light_emission":15,"faces":{"north":{"uv":[11,9,11.5,10],"texture":"#all","cullface":"east"},"east":{"uv":[11,9,12,10],"texture":"#all","cullface":"east"},"south":{"uv":[11,9,11.5,10],"texture":"#all","cullface":"east"},"down":{"uv":[11,9,12,9.5],"rotation":270,"texture":"#all","cullface":"east"}}},{"from":[16,4,8],"to":[16.5,5,9],"light_emission":15,"faces":{"north":{"uv":[7,11,7.5,12],"texture":"#all","cullface":"east"},"east":{"uv":[7,11,8,12],"texture":"#all","cullface":"east"},"south":{"uv":[7,11,7.5,12],"texture":"#all","cullface":"east"},"up":{"uv":[7,11,8,11.5],"rotation":90,"texture":"#all","cullface":"east"}}},{"from":[16,3,6],"to":[16.5,4,7],"light_emission":15,"faces":{"north":{"uv":[9,12,9.5,13],"texture":"#all","cullface":"east"},"east":{"uv":[9,12,10,13],"texture":"#all","cullface":"east"},"up":{"uv":[9,12,10,12.5],"rotation":90,"texture":"#all","cullface":"east"},"down":{"uv":[9,12,10,12.5],"rotation":270,"texture":"#all","cullface":"east"}}},{"from":[16,3,10],"to":[16.5,4,11],"light_emission":15,"faces":{"east":{"uv":[5,12,6,13],"texture":"#all","cullface":"east"},"south":{"uv":[5,12,5.5,13],"texture":"#all","cullface":"east"},"up":{"uv":[5,12,6,12.5],"rotation":90,"texture":"#all","cullface":"east"},"down":{"uv":[5,12,6,12.5],"rotation":270,"texture":"#all","cullface":"east"}}},{"from":[16,6,10],"to":[16.5,7,11],"light_emission":15,"faces":{"north":{"uv":[5,9,5.5,10],"texture":"#all","cullface":"east"},"east":{"uv":[5,9,6,10],"texture":"#all","cullface":"east"},"up":{"uv":[5,9,6,9.5],"rotation":90,"texture":"#all","cullface":"east"},"down":{"uv":[5,9,6,9.5],"rotation":270,"texture":"#all","cullface":"east"}}},{"from":[16,6,14],"to":[16.5,7,15],"light_emission":15,"faces":{"east":{"uv":[1,9,2,10],"texture":"#all","cullface":"east"},"south":{"uv":[1,9,1.5,10],"texture":"#all","cullface":"east"},"up":{"uv":[1,9,2,9.5],"rotation":90,"texture":"#all","cullface":"east"},"down":{"uv":[1,9,2,9.5],"rotation":270,"texture":"#all","cullface":"east"}}},{"from":[16,2,7],"to":[16.5,3,10],"light_emission":15,"faces":{"north":{"uv":[8,13,8.7,14],"texture":"#all","cullface":"east"},"east":{"uv":[6,13,9,14],"texture":"#all","cullface":"east"},"south":{"uv":[6,13,6.7,14],"texture":"#all","cullface":"east"},"down":{"uv":[6,13,9,13.7],"rotation":90,"texture":"#all","cullface":"east"}}},{"from":[16,7,2],"to":[16.7,8,5],"light_emission":15,"faces":{"north":{"uv":[13,8,13.7,9],"texture":"#all","cullface":"east"},"east":{"uv":[11,8,14,9],"texture":"#all","cullface":"east"},"south":{"uv":[11,8,11.7,9],"texture":"#all","cullface":"east"},"up":{"uv":[11,8,14,8.7],"rotation":270,"texture":"#all","cullface":"east"},"down":{"uv":[11,8,14,8.7],"rotation":90,"texture":"#all","cullface":"east"}}},{"from":[16,5,12],"to":[16.5,6,14],"light_emission":15,"faces":{"north":{"uv":[3,10,3.5,11],"texture":"#all","cullface":"east"},"east":{"uv":[2,10,4,11],"texture":"#all","cullface":"east"},"south":{"uv":[2,10,2.5,11],"texture":"#all","cullface":"east"},"down":{"uv":[2,10,4,10.5],"rotation":90,"texture":"#all","cullface":"east"}}},{"from":[16,7,11],"to":[16.5,8,13],"light_emission":15,"faces":{"north":{"uv":[4,8,4.5,9],"texture":"#all","cullface":"east"},"east":{"uv":[3,8,5,9],"texture":"#all","cullface":"east"},"south":{"uv":[3,8,3.5,9],"texture":"#all","cullface":"east"},"up":{"uv":[3,8,5,8.5],"rotation":270,"texture":"#all","cullface":"east"}}},{"from":[16,6,11],"to":[16.7,7,14],"light_emission":15,"faces":{"north":{"uv":[4,9,4.7,10],"texture":"#all","cullface":"east"},"east":{"uv":[2,9,5,10],"texture":"#all","cullface":"east"},"south":{"uv":[2,9,2.7,10],"texture":"#all","cullface":"east"},"up":{"uv":[2,9,5,9.7],"rotation":270,"texture":"#all","cullface":"east"},"down":{"uv":[2,9,5,9.7],"rotation":90,"texture":"#all","cullface":"east"}}},{"from":[16,13,12],"to":[16.5,14,14],"light_emission":15,"faces":{"north":{"uv":[3,2,3.5,3],"texture":"#all","cullface":"east"},"east":{"uv":[2,2,4,3],"texture":"#all","cullface":"east"},"south":{"uv":[2,2,2.5,3],"texture":"#all","cullface":"east"},"up":{"uv":[2,2,4,2.5],"rotation":270,"texture":"#all","cullface":"east"},"down":{"uv":[2,2,4,2.5],"rotation":90,"texture":"#all","cullface":"east"}}},{"from":[16,13,3],"to":[16.5,14,5],"light_emission":15,"faces":{"north":{"uv":[12,2,12.5,3],"texture":"#all","cullface":"east"},"east":{"uv":[11,2,13,3],"texture":"#all","cullface":"east"},"south":{"uv":[11,2,11.5,3],"texture":"#all","cullface":"east"},"up":{"uv":[11,2,13,2.5],"rotation":270,"texture":"#all","cullface":"east"},"down":{"uv":[11,2,13,2.5],"rotation":90,"texture":"#all","cullface":"east"}}},{"from":[16,2,1],"to":[16.5,3,3],"light_emission":15,"faces":{"north":{"uv":[14,13,14.5,14],"texture":"#all","cullface":"east"},"east":{"uv":[13,13,15,14],"texture":"#all","cullface":"east"},"south":{"uv":[13,13,13.5,14],"texture":"#all","cullface":"east"},"up":{"uv":[13,13,15,13.5],"rotation":270,"texture":"#all","cullface":"east"},"down":{"uv":[13,13,15,13.5],"rotation":90,"texture":"#all","cullface":"east"}}},{"from":[16,2,12],"to":[16.5,3,14],"light_emission":15,"faces":{"north":{"uv":[3,13,3.5,14],"texture":"#all","cullface":"east"},"east":{"uv":[2,13,4,14],"texture":"#all","cullface":"east"},"south":{"uv":[2,13,2.5,14],"texture":"#all","cullface":"east"},"up":{"uv":[2,13,4,13.5],"rotation":270,"texture":"#all","cullface":"east"},"down":{"uv":[2,13,4,13.5],"rotation":90,"texture":"#all","cullface":"east"}}},{"from":[4,16,4],"to":[5,16.5,5],"light_emission":15,"faces":{"north":{"uv":[4,4,5,4.5],"texture":"#all","cullface":"up"},"west":{"uv":[4,4,4.5,5],"rotation":270,"texture":"#all","cullface":"up"},"up":{"uv":[4,4,5,5],"texture":"#all","cullface":"up"}}},{"from":[5,16,4],"to":[8,16.7,5],"light_emission":15,"faces":{"north":{"uv":[5,4,8,4.7],"rotation":180,"texture":"#all","cullface":"up"},"east":{"uv":[7,4,7.7,5],"rotation":90,"texture":"#all","cullface":"up"},"south":{"uv":[5,4,8,4.7],"texture":"#all","cullface":"up"},"west":{"uv":[5,4,5.7,5],"rotation":270,"texture":"#all","cullface":"up"},"up":{"uv":[5,4,8,5],"texture":"#all","cullface":"up"}}},{"from":[4,16,5],"to":[7,16.7,6],"light_emission":15,"faces":{"north":{"uv":[4,5,7,5.7],"rotation":180,"texture":"#all","cullface":"up"},"east":{"uv":[6,5,6.7,6],"rotation":90,"texture":"#all","cullface":"up"},"south":{"uv":[4,5,7,5.7],"texture":"#all","cullface":"up"},"west":{"uv":[4,5,4.7,6],"rotation":270,"texture":"#all","cullface":"up"},"up":{"uv":[4,5,7,6],"texture":"#all","cullface":"up"}}},{"from":[8,16,4],"to":[9,16.5,5],"light_emission":15,"faces":{"north":{"uv":[8,4,9,4.5],"texture":"#all","cullface":"up"},"east":{"uv":[8,4,8.5,5],"rotation":90,"texture":"#all","cullface":"up"},"south":{"uv":[8,4,9,4.5],"rotation":180,"texture":"#all","cullface":"up"},"up":{"uv":[8,4,9,5],"texture":"#all","cullface":"up"}}},{"from":[3,16,5],"to":[4,16.5,6],"light_emission":15,"faces":{"north":{"uv":[3,5,4,5.5],"texture":"#all","cullface":"up"},"south":{"uv":[3,5,4,5.5],"rotation":180,"texture":"#all","cullface":"up"},"west":{"uv":[3,5,3.5,6],"rotation":270,"texture":"#all","cullface":"up"},"up":{"uv":[3,5,4,6],"texture":"#all","cullface":"up"}}},{"from":[5,16,3],"to":[7,16.5,4],"light_emission":15,"faces":{"north":{"uv":[5,3,7,3.5],"rotation":180,"texture":"#all","cullface":"up"},"east":{"uv":[6,3,6.5,4],"rotation":90,"texture":"#all","cullface":"up"},"west":{"uv":[5,3,5.5,4],"rotation":270,"texture":"#all","cullface":"up"},"up":{"uv":[5,3,7,4],"texture":"#all","cullface":"up"}}},{"from":[10,16,7],"to":[13,16.7,8],"light_emission":15,"faces":{"north":{"uv":[10,7,13,7.7],"rotation":180,"texture":"#all","cullface":"up"},"east":{"uv":[12,7,12.7,8],"rotation":90,"texture":"#all","cullface":"up"},"south":{"uv":[10,7,13,7.7],"texture":"#all","cullface":"up"},"west":{"uv":[10,7,10.7,8],"rotation":270,"texture":"#all","cullface":"up"},"up":{"uv":[10,7,13,8],"texture":"#all","cullface":"up"}}},{"from":[6,16,12],"to":[9,16.7,13],"light_emission":15,"faces":{"north":{"uv":[6,12,9,12.7],"rotation":180,"texture":"#all","cullface":"up"},"east":{"uv":[8,12,8.7,13],"rotation":90,"texture":"#all","cullface":"up"},"south":{"uv":[6,12,9,12.7],"texture":"#all","cullface":"up"},"west":{"uv":[6,12,6.7,13],"rotation":270,"texture":"#all","cullface":"up"},"up":{"uv":[6,12,9,13],"texture":"#all","cullface":"up"}}},{"from":[11,16,6],"to":[13,16.5,7],"light_emission":15,"faces":{"north":{"uv":[2,13,4,13.5],"rotation":180,"texture":"#all","cullface":"up"},"east":{"uv":[3,13,3.5,14],"rotation":90,"texture":"#all","cullface":"up"},"west":{"uv":[2,13,2.5,14],"rotation":270,"texture":"#all","cullface":"up"},"up":{"uv":[2,13,4,14],"texture":"#all","cullface":"up"}}},{"from":[10,16,8],"to":[11,16.5,9],"light_emission":15,"faces":{"south":{"uv":[10,8,11,8.5],"rotation":180,"texture":"#all","cullface":"up"},"west":{"uv":[10,8,10.5,9],"rotation":270,"texture":"#all","cullface":"up"},"up":{"uv":[10,8,11,9],"texture":"#all","cullface":"up"}}},{"from":[9,16,7],"to":[10,16.5,8],"light_emission":15,"faces":{"north":{"uv":[9,7,10,7.5],"texture":"#all","cullface":"up"},"south":{"uv":[9,7,10,7.5],"rotation":180,"texture":"#all","cullface":"up"},"west":{"uv":[9,7,9.5,8],"rotation":270,"texture":"#all","cullface":"up"},"up":{"uv":[9,7,10,8],"texture":"#all","cullface":"up"}}},{"from":[13,16,7],"to":[14,16.5,8],"light_emission":15,"faces":{"north":{"uv":[13,7,14,7.5],"texture":"#all","cullface":"up"},"east":{"uv":[13,7,13.5,8],"rotation":90,"texture":"#all","cullface":"up"},"up":{"uv":[13,7,14,8],"texture":"#all","cullface":"up"}}},{"from":[14,16,8],"to":[15,16.5,9],"light_emission":15,"faces":{"north":{"uv":[14,8,15,8.5],"texture":"#all","cullface":"up"},"east":{"uv":[14,8,14.5,9],"rotation":90,"texture":"#all","cullface":"up"},"south":{"uv":[14,8,15,8.5],"rotation":180,"texture":"#all","cullface":"up"},"up":{"uv":[14,8,15,9],"texture":"#all","cullface":"up"}}},{"from":[11,16,9],"to":[12,16.5,10],"light_emission":15,"faces":{"east":{"uv":[11,9,11.5,10],"rotation":90,"texture":"#all","cullface":"up"},"south":{"uv":[11,9,12,9.5],"rotation":180,"texture":"#all","cullface":"up"},"west":{"uv":[11,9,11.5,10],"rotation":270,"texture":"#all","cullface":"up"},"up":{"uv":[11,9,12,10],"texture":"#all","cullface":"up"}}},{"from":[7,16,11],"to":[8,16.5,12],"light_emission":15,"faces":{"north":{"uv":[7,11,8,11.5],"texture":"#all","cullface":"up"},"east":{"uv":[7,11,7.5,12],"rotation":90,"texture":"#all","cullface":"up"},"west":{"uv":[7,11,7.5,12],"rotation":270,"texture":"#all","cullface":"up"},"up":{"uv":[7,11,8,12],"texture":"#all","cullface":"up"}}},{"from":[9,16,12],"to":[10,16.5,13],"light_emission":15,"faces":{"north":{"uv":[9,12,10,12.5],"texture":"#all","cullface":"up"},"east":{"uv":[9,12,9.5,13],"rotation":90,"texture":"#all","cullface":"up"},"south":{"uv":[9,12,10,12.5],"rotation":180,"texture":"#all","cullface":"up"},"up":{"uv":[9,12,10,13],"texture":"#all","cullface":"up"}}},{"from":[5,16,12],"to":[6,16.5,13],"light_emission":15,"faces":{"north":{"uv":[5,12,6,12.5],"texture":"#all","cullface":"up"},"south":{"uv":[5,12,6,12.5],"rotation":180,"texture":"#all","cullface":"up"},"west":{"uv":[5,12,5.5,13],"rotation":270,"texture":"#all","cullface":"up"},"up":{"uv":[5,12,6,13],"texture":"#all","cullface":"up"}}},{"from":[5,16,9],"to":[6,16.5,10],"light_emission":15,"faces":{"north":{"uv":[5,9,6,9.5],"texture":"#all","cullface":"up"},"east":{"uv":[5,9,5.5,10],"rotation":90,"texture":"#all","cullface":"up"},"south":{"uv":[5,9,6,9.5],"rotation":180,"texture":"#all","cullface":"up"},"up":{"uv":[5,9,6,10],"texture":"#all","cullface":"up"}}},{"from":[1,16,9],"to":[2,16.5,10],"light_emission":15,"faces":{"north":{"uv":[1,9,2,9.5],"texture":"#all","cullface":"up"},"south":{"uv":[1,9,2,9.5],"rotation":180,"texture":"#all","cullface":"up"},"west":{"uv":[1,9,1.5,10],"rotation":270,"texture":"#all","cullface":"up"},"up":{"uv":[1,9,2,10],"texture":"#all","cullface":"up"}}},{"from":[6,16,13],"to":[9,16.5,14],"light_emission":15,"faces":{"east":{"uv":[8,13,8.7,14],"rotation":90,"texture":"#all","cullface":"up"},"south":{"uv":[6,13,9,13.7],"texture":"#all","cullface":"up"},"west":{"uv":[6,13,6.7,14],"rotation":270,"texture":"#all","cullface":"up"},"up":{"uv":[6,13,9,14],"texture":"#all","cullface":"up"}}},{"from":[11,16,8],"to":[14,16.7,9],"light_emission":15,"faces":{"north":{"uv":[11,8,14,8.7],"rotation":180,"texture":"#all","cullface":"up"},"east":{"uv":[13,8,13.7,9],"rotation":90,"texture":"#all","cullface":"up"},"south":{"uv":[11,8,14,8.7],"texture":"#all","cullface":"up"},"west":{"uv":[11,8,11.7,9],"rotation":270,"texture":"#all","cullface":"up"},"up":{"uv":[11,8,14,9],"texture":"#all","cullface":"up"}}},{"from":[2,16,10],"to":[4,16.5,11],"light_emission":15,"faces":{"east":{"uv":[3,10,3.5,11],"rotation":90,"texture":"#all","cullface":"up"},"south":{"uv":[2,10,4,10.5],"texture":"#all","cullface":"up"},"west":{"uv":[2,10,2.5,11],"rotation":270,"texture":"#all","cullface":"up"},"up":{"uv":[2,10,4,11],"texture":"#all","cullface":"up"}}},{"from":[3,16,8],"to":[5,16.5,9],"light_emission":15,"faces":{"north":{"uv":[3,8,5,8.5],"rotation":180,"texture":"#all","cullface":"up"},"east":{"uv":[4,8,4.5,9],"rotation":90,"texture":"#all","cullface":"up"},"west":{"uv":[3,8,3.5,9],"rotation":270,"texture":"#all","cullface":"up"},"up":{"uv":[3,8,5,9],"texture":"#all","cullface":"up"}}},{"from":[2,16,9],"to":[5,16.7,10],"light_emission":15,"faces":{"north":{"uv":[2,9,5,9.7],"rotation":180,"texture":"#all","cullface":"up"},"east":{"uv":[4,9,4.7,10],"rotation":90,"texture":"#all","cullface":"up"},"south":{"uv":[2,9,5,9.7],"texture":"#all","cullface":"up"},"west":{"uv":[2,9,2.7,10],"rotation":270,"texture":"#all","cullface":"up"},"up":{"uv":[2,9,5,10],"texture":"#all","cullface":"up"}}},{"from":[2,16,2],"to":[4,16.5,3],"light_emission":15,"faces":{"north":{"uv":[2,2,4,2.5],"rotation":180,"texture":"#all","cullface":"up"},"east":{"uv":[3,2,3.5,3],"rotation":90,"texture":"#all","cullface":"up"},"south":{"uv":[2,2,4,2.5],"texture":"#all","cullface":"up"},"west":{"uv":[2,2,2.5,3],"rotation":270,"texture":"#all","cullface":"up"},"up":{"uv":[2,2,4,3],"texture":"#all","cullface":"up"}}},{"from":[11,16,2],"to":[13,16.5,3],"light_emission":15,"faces":{"north":{"uv":[11,2,13,2.5],"rotation":180,"texture":"#all","cullface":"up"},"east":{"uv":[12,2,12.5,3],"rotation":90,"texture":"#all","cullface":"up"},"south":{"uv":[11,2,13,2.5],"texture":"#all","cullface":"up"},"west":{"uv":[11,2,11.5,3],"rotation":270,"texture":"#all","cullface":"up"},"up":{"uv":[11,2,13,3],"texture":"#all","cullface":"up"}}},{"from":[13,16,13],"to":[15,16.5,14],"light_emission":15,"faces":{"north":{"uv":[13,13,15,13.5],"rotation":180,"texture":"#all","cullface":"up"},"east":{"uv":[14,13,14.5,14],"rotation":90,"texture":"#all","cullface":"up"},"south":{"uv":[13,13,15,13.5],"texture":"#all","cullface":"up"},"west":{"uv":[13,13,13.5,14],"rotation":270,"texture":"#all","cullface":"up"},"up":{"uv":[13,13,15,14],"texture":"#all","cullface":"up"}}},{"from":[2,16,13],"to":[4,16.5,14],"light_emission":15,"faces":{"north":{"uv":[2,13,4,13.5],"rotation":180,"texture":"#all","cullface":"up"},"east":{"uv":[3,13,3.5,14],"rotation":90,"texture":"#all","cullface":"up"},"south":{"uv":[2,13,4,13.5],"texture":"#all","cullface":"up"},"west":{"uv":[2,13,2.5,14],"rotation":270,"texture":"#all","cullface":"up"},"up":{"uv":[2,13,4,14],"texture":"#all","cullface":"up"}}},{"from":[4,-0.5,11],"to":[5,0,12],"light_emission":15,"faces":{"south":{"uv":[4,4,5,4.5],"rotation":180,"texture":"#all","cullface":"down"},"west":{"uv":[4,4,4.5,5],"rotation":90,"texture":"#all","cullface":"down"},"down":{"uv":[4,4,5,5],"texture":"#all","cullface":"down"}}},{"from":[5,-0.7,11],"to":[8,0,12],"light_emission":15,"faces":{"north":{"uv":[5,4,8,4.7],"rotation":180,"texture":"#all","cullface":"down"},"east":{"uv":[7,4,7.7,5],"rotation":270,"texture":"#all","cullface":"down"},"south":{"uv":[5,4,8,4.7],"texture":"#all","cullface":"down"},"west":{"uv":[5,4,5.7,5],"rotation":90,"texture":"#all","cullface":"down"},"down":{"uv":[5,4,8,5],"texture":"#all","cullface":"down"}}},{"from":[4,-0.7,10],"to":[7,0,11],"light_emission":15,"faces":{"north":{"uv":[4,5,7,5.7],"rotation":180,"texture":"#all","cullface":"down"},"east":{"uv":[6,5,6.7,6],"rotation":270,"texture":"#all","cullface":"down"},"south":{"uv":[4,5,7,5.7],"texture":"#all","cullface":"down"},"west":{"uv":[4,5,4.7,6],"rotation":90,"texture":"#all","cullface":"down"},"down":{"uv":[4,5,7,6],"texture":"#all","cullface":"down"}}},{"from":[8,-0.5,11],"to":[9,0,12],"light_emission":15,"faces":{"north":{"uv":[8,4,9,4.5],"texture":"#all","cullface":"down"},"east":{"uv":[8,4,8.5,5],"rotation":270,"texture":"#all","cullface":"down"},"south":{"uv":[8,4,9,4.5],"rotation":180,"texture":"#all","cullface":"down"},"down":{"uv":[8,4,9,5],"texture":"#all","cullface":"down"}}},{"from":[3,-0.5,10],"to":[4,0,11],"light_emission":15,"faces":{"north":{"uv":[3,5,4,5.5],"texture":"#all","cullface":"down"},"south":{"uv":[3,5,4,5.5],"rotation":180,"texture":"#all","cullface":"down"},"west":{"uv":[3,5,3.5,6],"rotation":90,"texture":"#all","cullface":"down"},"down":{"uv":[3,5,4,6],"texture":"#all","cullface":"down"}}},{"from":[5,-0.5,12],"to":[7,0,13],"light_emission":15,"faces":{"east":{"uv":[6,3,6.5,4],"rotation":270,"texture":"#all","cullface":"down"},"south":{"uv":[5,3,7,3.5],"texture":"#all","cullface":"down"},"west":{"uv":[5,3,5.5,4],"rotation":90,"texture":"#all","cullface":"down"},"down":{"uv":[5,3,7,4],"texture":"#all","cullface":"down"}}},{"from":[10,-0.7,8],"to":[13,0,9],"light_emission":15,"faces":{"north":{"uv":[10,7,13,7.7],"rotation":180,"texture":"#all","cullface":"down"},"east":{"uv":[12,7,12.7,8],"rotation":270,"texture":"#all","cullface":"down"},"south":{"uv":[10,7,13,7.7],"texture":"#all","cullface":"down"},"west":{"uv":[10,7,10.7,8],"rotation":90,"texture":"#all","cullface":"down"},"down":{"uv":[10,7,13,8],"texture":"#all","cullface":"down"}}},{"from":[6,-0.7,3],"to":[9,0,4],"light_emission":15,"faces":{"north":{"uv":[6,12,9,12.7],"rotation":180,"texture":"#all","cullface":"down"},"east":{"uv":[8,12,8.7,13],"rotation":270,"texture":"#all","cullface":"down"},"south":{"uv":[6,12,9,12.7],"texture":"#all","cullface":"down"},"west":{"uv":[6,12,6.7,13],"rotation":90,"texture":"#all","cullface":"down"},"down":{"uv":[6,12,9,13],"texture":"#all","cullface":"down"}}},{"from":[11,-0.5,9],"to":[13,0,10],"light_emission":15,"faces":{"east":{"uv":[3,13,3.5,14],"rotation":270,"texture":"#all","cullface":"down"},"south":{"uv":[2,13,4,13.5],"texture":"#all","cullface":"down"},"west":{"uv":[2,13,2.5,14],"rotation":90,"texture":"#all","cullface":"down"},"down":{"uv":[2,13,4,14],"texture":"#all","cullface":"down"}}},{"from":[10,-0.5,7],"to":[11,0,8],"light_emission":15,"faces":{"north":{"uv":[10,8,11,8.5],"texture":"#all","cullface":"down"},"west":{"uv":[10,8,10.5,9],"rotation":90,"texture":"#all","cullface":"down"},"down":{"uv":[10,8,11,9],"texture":"#all","cullface":"down"}}},{"from":[9,-0.5,8],"to":[10,0,9],"light_emission":15,"faces":{"north":{"uv":[9,7,10,7.5],"texture":"#all","cullface":"down"},"south":{"uv":[9,7,10,7.5],"rotation":180,"texture":"#all","cullface":"down"},"west":{"uv":[9,7,9.5,8],"rotation":90,"texture":"#all","cullface":"down"},"down":{"uv":[9,7,10,8],"texture":"#all","cullface":"down"}}},{"from":[13,-0.5,8],"to":[14,0,9],"light_emission":15,"faces":{"east":{"uv":[13,7,13.5,8],"rotation":270,"texture":"#all","cullface":"down"},"south":{"uv":[13,7,14,7.5],"rotation":180,"texture":"#all","cullface":"down"},"down":{"uv":[13,7,14,8],"texture":"#all","cullface":"down"}}},{"from":[14,-0.5,7],"to":[15,0,8],"light_emission":15,"faces":{"north":{"uv":[14,8,15,8.5],"texture":"#all","cullface":"down"},"east":{"uv":[14,8,14.5,9],"rotation":270,"texture":"#all","cullface":"down"},"south":{"uv":[14,8,15,8.5],"rotation":180,"texture":"#all","cullface":"down"},"down":{"uv":[14,8,15,9],"texture":"#all","cullface":"down"}}},{"from":[11,-0.5,6],"to":[12,0,7],"light_emission":15,"faces":{"north":{"uv":[11,9,12,9.5],"texture":"#all","cullface":"down"},"east":{"uv":[11,9,11.5,10],"rotation":270,"texture":"#all","cullface":"down"},"west":{"uv":[11,9,11.5,10],"rotation":90,"texture":"#all","cullface":"down"},"down":{"uv":[11,9,12,10],"texture":"#all","cullface":"down"}}},{"from":[7,-0.5,4],"to":[8,0,5],"light_emission":15,"faces":{"east":{"uv":[7,11,7.5,12],"rotation":270,"texture":"#all","cullface":"down"},"south":{"uv":[7,11,8,11.5],"rotation":180,"texture":"#all","cullface":"down"},"west":{"uv":[7,11,7.5,12],"rotation":90,"texture":"#all","cullface":"down"},"down":{"uv":[7,11,8,12],"texture":"#all","cullface":"down"}}},{"from":[9,-0.5,3],"to":[10,0,4],"light_emission":15,"faces":{"north":{"uv":[9,12,10,12.5],"texture":"#all","cullface":"down"},"east":{"uv":[9,12,9.5,13],"rotation":270,"texture":"#all","cullface":"down"},"south":{"uv":[9,12,10,12.5],"rotation":180,"texture":"#all","cullface":"down"},"down":{"uv":[9,12,10,13],"texture":"#all","cullface":"down"}}},{"from":[5,-0.5,3],"to":[6,0,4],"light_emission":15,"faces":{"north":{"uv":[5,12,6,12.5],"texture":"#all","cullface":"down"},"south":{"uv":[5,12,6,12.5],"rotation":180,"texture":"#all","cullface":"down"},"west":{"uv":[5,12,5.5,13],"rotation":90,"texture":"#all","cullface":"down"},"down":{"uv":[5,12,6,13],"texture":"#all","cullface":"down"}}},{"from":[5,-0.5,6],"to":[6,0,7],"light_emission":15,"faces":{"north":{"uv":[5,9,6,9.5],"texture":"#all","cullface":"down"},"east":{"uv":[5,9,5.5,10],"rotation":270,"texture":"#all","cullface":"down"},"south":{"uv":[5,9,6,9.5],"rotation":180,"texture":"#all","cullface":"down"},"down":{"uv":[5,9,6,10],"texture":"#all","cullface":"down"}}},{"from":[1,-0.5,6],"to":[2,0,7],"light_emission":15,"faces":{"north":{"uv":[1,9,2,9.5],"texture":"#all","cullface":"down"},"south":{"uv":[1,9,2,9.5],"rotation":180,"texture":"#all","cullface":"down"},"west":{"uv":[1,9,1.5,10],"rotation":90,"texture":"#all","cullface":"down"},"down":{"uv":[1,9,2,10],"texture":"#all","cullface":"down"}}},{"from":[6,-0.5,2],"to":[9,0,3],"light_emission":15,"faces":{"north":{"uv":[6,13,9,13.7],"rotation":180,"texture":"#all","cullface":"down"},"east":{"uv":[8,13,8.7,14],"rotation":270,"texture":"#all","cullface":"down"},"west":{"uv":[6,13,6.7,14],"rotation":90,"texture":"#all","cullface":"down"},"down":{"uv":[6,13,9,14],"texture":"#all","cullface":"down"}}},{"from":[11,-0.7,7],"to":[14,0,8],"light_emission":15,"faces":{"north":{"uv":[11,8,14,8.7],"rotation":180,"texture":"#all","cullface":"down"},"east":{"uv":[13,8,13.7,9],"rotation":270,"texture":"#all","cullface":"down"},"south":{"uv":[11,8,14,8.7],"texture":"#all","cullface":"down"},"west":{"uv":[11,8,11.7,9],"rotation":90,"texture":"#all","cullface":"down"},"down":{"uv":[11,8,14,9],"texture":"#all","cullface":"down"}}},{"from":[2,-0.5,5],"to":[4,0,6],"light_emission":15,"faces":{"north":{"uv":[2,10,4,10.5],"rotation":180,"texture":"#all","cullface":"down"},"east":{"uv":[3,10,3.5,11],"rotation":270,"texture":"#all","cullface":"down"},"west":{"uv":[2,10,2.5,11],"rotation":90,"texture":"#all","cullface":"down"},"down":{"uv":[2,10,4,11],"texture":"#all","cullface":"down"}}},{"from":[3,-0.5,7],"to":[5,0,8],"light_emission":15,"faces":{"east":{"uv":[4,8,4.5,9],"rotation":270,"texture":"#all","cullface":"down"},"south":{"uv":[3,8,5,8.5],"texture":"#all","cullface":"down"},"west":{"uv":[3,8,3.5,9],"rotation":90,"texture":"#all","cullface":"down"},"down":{"uv":[3,8,5,9],"texture":"#all","cullface":"down"}}},{"from":[2,-0.7,6],"to":[5,0,7],"light_emission":15,"faces":{"north":{"uv":[2,9,5,9.7],"rotation":180,"texture":"#all","cullface":"down"},"east":{"uv":[4,9,4.7,10],"rotation":270,"texture":"#all","cullface":"down"},"south":{"uv":[2,9,5,9.7],"texture":"#all","cullface":"down"},"west":{"uv":[2,9,2.7,10],"rotation":90,"texture":"#all","cullface":"down"},"down":{"uv":[2,9,5,10],"texture":"#all","cullface":"down"}}},{"from":[2,-0.5,13],"to":[4,0,14],"light_emission":15,"faces":{"north":{"uv":[2,2,4,2.5],"rotation":180,"texture":"#all","cullface":"down"},"east":{"uv":[3,2,3.5,3],"rotation":270,"texture":"#all","cullface":"down"},"south":{"uv":[2,2,4,2.5],"texture":"#all","cullface":"down"},"west":{"uv":[2,2,2.5,3],"rotation":90,"texture":"#all","cullface":"down"},"down":{"uv":[2,2,4,3],"texture":"#all","cullface":"down"}}},{"from":[11,-0.5,13],"to":[13,0,14],"light_emission":15,"faces":{"north":{"uv":[11,2,13,2.5],"rotation":180,"texture":"#all","cullface":"down"},"east":{"uv":[12,2,12.5,3],"rotation":270,"texture":"#all","cullface":"down"},"south":{"uv":[11,2,13,2.5],"texture":"#all","cullface":"down"},"west":{"uv":[11,2,11.5,3],"rotation":90,"texture":"#all","cullface":"down"},"down":{"uv":[11,2,13,3],"texture":"#all","cullface":"down"}}},{"from":[13,-0.5,2],"to":[15,0,3],"light_emission":15,"faces":{"north":{"uv":[13,13,15,13.5],"rotation":180,"texture":"#all","cullface":"down"},"east":{"uv":[14,13,14.5,14],"rotation":270,"texture":"#all","cullface":"down"},"south":{"uv":[13,13,15,13.5],"texture":"#all","cullface":"down"},"west":{"uv":[13,13,13.5,14],"rotation":90,"texture":"#all","cullface":"down"},"down":{"uv":[13,13,15,14],"texture":"#all","cullface":"down"}}},{"from":[2,-0.5,2],"to":[4,0,3],"light_emission":15,"faces":{"north":{"uv":[2,13,4,13.5],"rotation":180,"texture":"#all","cullface":"down"},"east":{"uv":[3,13,3.5,14],"rotation":270,"texture":"#all","cullface":"down"},"south":{"uv":[2,13,4,13.5],"texture":"#all","cullface":"down"},"west":{"uv":[2,13,2.5,14],"rotation":90,"texture":"#all","cullface":"down"},"down":{"uv":[2,13,4,14],"texture":"#all","cullface":"down"}}},{"from":[1,2,-0.5],"to":[3,3,0],"light_emission":15,"faces":{"north":{"uv":[13,13,15,14],"texture":"#all","cullface":"north"},"east":{"uv":[13,13,13.5,14],"texture":"#all","cullface":"north"},"west":{"uv":[14,13,14.5,14],"texture":"#all","cullface":"north"},"up":{"uv":[13,13,15,13.5],"rotation":180,"texture":"#all","cullface":"north"},"down":{"uv":[13,13,15,13.5],"rotation":180,"texture":"#all","cullface":"north"}}},{"from":[3,9,-0.5],"to":[5,10,0],"light_emission":15,"faces":{"north":{"uv":[2,13,4,14],"texture":"#all","cullface":"north"},"east":{"uv":[2,13,2.5,14],"texture":"#all","cullface":"north"},"west":{"uv":[3,13,3.5,14],"texture":"#all","cullface":"north"},"up":{"uv":[2,13,4,13.5],"rotation":180,"texture":"#all","cullface":"north"}}},{"from":[9,12,-0.5],"to":[11,13,0],"light_emission":15,"faces":{"north":{"uv":[5,3,7,4],"texture":"#all","cullface":"north"},"east":{"uv":[5,3,5.5,4],"texture":"#all","cullface":"north"},"west":{"uv":[6,3,6.5,4],"texture":"#all","cullface":"north"},"up":{"uv":[5,3,7,3.5],"rotation":180,"texture":"#all","cullface":"north"}}},{"from":[3,13,-0.5],"to":[5,14,0],"light_emission":15,"faces":{"north":{"uv":[11,2,13,3],"texture":"#all","cullface":"north"},"east":{"uv":[11,2,11.5,3],"texture":"#all","cullface":"north"},"west":{"uv":[12,2,12.5,3],"texture":"#all","cullface":"north"},"up":{"uv":[11,2,13,2.5],"rotation":180,"texture":"#all","cullface":"north"},"down":{"uv":[11,2,13,2.5],"rotation":180,"texture":"#all","cullface":"north"}}},{"from":[12,13,-0.5],"to":[14,14,0],"light_emission":15,"faces":{"north":{"uv":[2,2,4,3],"texture":"#all","cullface":"north"},"east":{"uv":[2,2,2.5,3],"texture":"#all","cullface":"north"},"west":{"uv":[3,2,3.5,3],"texture":"#all","cullface":"north"},"up":{"uv":[2,2,4,2.5],"rotation":180,"texture":"#all","cullface":"north"},"down":{"uv":[2,2,4,2.5],"rotation":180,"texture":"#all","cullface":"north"}}},{"from":[11,7,-0.5],"to":[13,8,0],"light_emission":15,"faces":{"north":{"uv":[3,8,5,9],"texture":"#all","cullface":"north"},"east":{"uv":[3,8,3.5,9],"texture":"#all","cullface":"north"},"west":{"uv":[4,8,4.5,9],"texture":"#all","cullface":"north"},"up":{"uv":[3,8,5,8.5],"rotation":180,"texture":"#all","cullface":"north"}}},{"from":[12,5,-0.5],"to":[14,6,0],"light_emission":15,"faces":{"north":{"uv":[2,10,4,11],"texture":"#all","cullface":"north"},"east":{"uv":[2,10,2.5,11],"texture":"#all","cullface":"north"},"west":{"uv":[3,10,3.5,11],"texture":"#all","cullface":"north"},"down":{"uv":[2,10,4,10.5],"rotation":180,"texture":"#all","cullface":"north"}}},{"from":[11,6,-0.7],"to":[14,7,0],"light_emission":15,"faces":{"north":{"uv":[2,9,5,10],"texture":"#all","cullface":"north"},"east":{"uv":[2,9,2.7,10],"texture":"#all","cullface":"north"},"west":{"uv":[4,9,4.7,10],"texture":"#all","cullface":"north"},"up":{"uv":[2,9,5,9.7],"rotation":180,"texture":"#all","cullface":"north"},"down":{"uv":[2,9,5,9.7],"rotation":180,"texture":"#all","cullface":"north"}}},{"from":[2,7,-0.7],"to":[5,8,0],"light_emission":15,"faces":{"north":{"uv":[11,8,14,9],"texture":"#all","cullface":"north"},"east":{"uv":[11,8,11.7,9],"texture":"#all","cullface":"north"},"west":{"uv":[13,8,13.7,9],"texture":"#all","cullface":"north"},"up":{"uv":[11,8,14,8.7],"rotation":180,"texture":"#all","cullface":"north"},"down":{"uv":[11,8,14,8.7],"rotation":180,"texture":"#all","cullface":"north"}}},{"from":[3,8,-0.7],"to":[6,9,0],"light_emission":15,"faces":{"north":{"uv":[10,7,13,8],"texture":"#all","cullface":"north"},"east":{"uv":[10,7,10.7,8],"texture":"#all","cullface":"north"},"west":{"uv":[12,7,12.7,8],"texture":"#all","cullface":"north"},"up":{"uv":[10,7,13,7.7],"rotation":180,"texture":"#all","cullface":"north"},"down":{"uv":[10,7,13,7.7],"rotation":180,"texture":"#all","cullface":"north"}}},{"from":[9,10,-0.7],"to":[12,11,0],"light_emission":15,"faces":{"north":{"uv":[4,5,7,6],"texture":"#all","cullface":"north"},"east":{"uv":[4,5,4.7,6],"texture":"#all","cullface":"north"},"west":{"uv":[6,5,6.7,6],"texture":"#all","cullface":"north"},"up":{"uv":[4,5,7,5.7],"rotation":180,"texture":"#all","cullface":"north"},"down":{"uv":[4,5,7,5.7],"rotation":180,"texture":"#all","cullface":"north"}}},{"from":[8,11,-0.7],"to":[11,12,0],"light_emission":15,"faces":{"north":{"uv":[5,4,8,5],"texture":"#all","cullface":"north"},"east":{"uv":[5,4,5.7,5],"texture":"#all","cullface":"north"},"west":{"uv":[7,4,7.7,5],"texture":"#all","cullface":"north"},"up":{"uv":[5,4,8,4.7],"rotation":180,"texture":"#all","cullface":"north"},"down":{"uv":[5,4,8,4.7],"rotation":180,"texture":"#all","cullface":"north"}}},{"from":[7,3,-0.7],"to":[10,4,0],"light_emission":15,"faces":{"north":{"uv":[6,12,9,13],"texture":"#all","cullface":"north"},"east":{"uv":[6,12,6.7,13],"texture":"#all","cullface":"north"},"west":{"uv":[8,12,8.7,13],"texture":"#all","cullface":"north"},"up":{"uv":[6,12,9,12.7],"rotation":180,"texture":"#all","cullface":"north"},"down":{"uv":[6,12,9,12.7],"rotation":180,"texture":"#all","cullface":"north"}}},{"from":[7,2,-0.5],"to":[10,3,0],"light_emission":15,"faces":{"north":{"uv":[6,13,9,14],"texture":"#all","cullface":"north"},"east":{"uv":[6,13,6.7,14],"texture":"#all","cullface":"north"},"west":{"uv":[8,13,8.7,14],"texture":"#all","cullface":"north"},"down":{"uv":[6,13,9,13.7],"rotation":180,"texture":"#all","cullface":"north"}}},{"from":[14,6,-0.5],"to":[15,7,0],"light_emission":15,"faces":{"north":{"uv":[1,9,2,10],"texture":"#all","cullface":"north"},"east":{"uv":[1,9,1.5,10],"texture":"#all","cullface":"north"},"up":{"uv":[1,9,2,9.5],"texture":"#all","cullface":"north"},"down":{"uv":[1,9,2,9.5],"texture":"#all","cullface":"north"}}},{"from":[12,10,-0.5],"to":[13,11,0],"light_emission":15,"faces":{"north":{"uv":[3,5,4,6],"texture":"#all","cullface":"north"},"east":{"uv":[3,5,3.5,6],"texture":"#all","cullface":"north"},"up":{"uv":[3,5,4,5.5],"texture":"#all","cullface":"north"},"down":{"uv":[3,5,4,5.5],"texture":"#all","cullface":"north"}}},{"from":[11,11,-0.5],"to":[12,12,0],"light_emission":15,"faces":{"north":{"uv":[4,4,5,5],"texture":"#all","cullface":"north"},"east":{"uv":[4,4,4.5,5],"texture":"#all","cullface":"north"},"up":{"uv":[4,4,5,4.5],"texture":"#all","cullface":"north"}}},{"from":[7,11,-0.5],"to":[8,12,0],"light_emission":15,"faces":{"north":{"uv":[8,4,9,5],"texture":"#all","cullface":"north"},"west":{"uv":[8,4,8.5,5],"texture":"#all","cullface":"north"},"up":{"uv":[8,4,9,4.5],"texture":"#all","cullface":"north"},"down":{"uv":[8,4,9,4.5],"texture":"#all","cullface":"north"}}},{"from":[10,6,-0.5],"to":[11,7,0],"light_emission":15,"faces":{"north":{"uv":[5,9,6,10],"texture":"#all","cullface":"north"},"west":{"uv":[5,9,5.5,10],"texture":"#all","cullface":"north"},"up":{"uv":[5,9,6,9.5],"texture":"#all","cullface":"north"},"down":{"uv":[5,9,6,9.5],"texture":"#all","cullface":"north"}}},{"from":[10,3,-0.5],"to":[11,4,0],"light_emission":15,"faces":{"north":{"uv":[5,12,6,13],"texture":"#all","cullface":"north"},"east":{"uv":[5,12,5.5,13],"texture":"#all","cullface":"north"},"up":{"uv":[5,12,6,12.5],"texture":"#all","cullface":"north"},"down":{"uv":[5,12,6,12.5],"texture":"#all","cullface":"north"}}},{"from":[6,3,-0.5],"to":[7,4,0],"light_emission":15,"faces":{"north":{"uv":[9,12,10,13],"texture":"#all","cullface":"north"},"west":{"uv":[9,12,9.5,13],"texture":"#all","cullface":"north"},"up":{"uv":[9,12,10,12.5],"texture":"#all","cullface":"north"},"down":{"uv":[9,12,10,12.5],"texture":"#all","cullface":"north"}}},{"from":[8,4,-0.5],"to":[9,5,0],"light_emission":15,"faces":{"north":{"uv":[7,11,8,12],"texture":"#all","cullface":"north"},"east":{"uv":[7,11,7.5,12],"texture":"#all","cullface":"north"},"west":{"uv":[7,11,7.5,12],"texture":"#all","cullface":"north"},"up":{"uv":[7,11,8,11.5],"texture":"#all","cullface":"north"}}},{"from":[4,6,-0.5],"to":[5,7,0],"light_emission":15,"faces":{"north":{"uv":[11,9,12,10],"texture":"#all","cullface":"north"},"east":{"uv":[11,9,11.5,10],"texture":"#all","cullface":"north"},"west":{"uv":[11,9,11.5,10],"texture":"#all","cullface":"north"},"down":{"uv":[11,9,12,9.5],"texture":"#all","cullface":"north"}}},{"from":[1,7,-0.5],"to":[2,8,0],"light_emission":15,"faces":{"north":{"uv":[14,8,15,9],"texture":"#all","cullface":"north"},"west":{"uv":[14,8,14.5,9],"texture":"#all","cullface":"north"},"up":{"uv":[14,8,15,8.5],"texture":"#all","cullface":"north"},"down":{"uv":[14,8,15,8.5],"texture":"#all","cullface":"north"}}},{"from":[2,8,-0.5],"to":[3,9,0],"light_emission":15,"faces":{"north":{"uv":[13,7,14,8],"texture":"#all","cullface":"north"},"west":{"uv":[13,7,13.5,8],"texture":"#all","cullface":"north"},"up":{"uv":[13,7,14,7.5],"texture":"#all","cullface":"north"}}},{"from":[6,8,-0.5],"to":[7,9,0],"light_emission":15,"faces":{"north":{"uv":[9,7,10,8],"texture":"#all","cullface":"north"},"east":{"uv":[9,7,9.5,8],"texture":"#all","cullface":"north"},"up":{"uv":[9,7,10,7.5],"texture":"#all","cullface":"north"},"down":{"uv":[9,7,10,7.5],"texture":"#all","cullface":"north"}}},{"from":[5,7,-0.5],"to":[6,8,0],"light_emission":15,"faces":{"north":{"uv":[10,8,11,9],"texture":"#all","cullface":"north"},"east":{"uv":[10,8,10.5,9],"texture":"#all","cullface":"north"},"down":{"uv":[10,8,11,8.5],"texture":"#all","cullface":"north"}}}]}