{"credit":"Created by Marceus","format_version":"1.21.6","parent":"block/cube_all","textures":{"all":"block/copper_ore1"},"elements":[{"from":[0,0,0],"to":[16,16,16],"faces":{"north":{"uv":[0,0,16,16],"texture":"#all","cullface":"north"},"east":{"uv":[0,0,16,16],"texture":"#all","cullface":"east"},"south":{"uv":[0,0,16,16],"texture":"#all","cullface":"south"},"west":{"uv":[0,0,16,16],"texture":"#all","cullface":"west"},"up":{"uv":[0,0,16,16],"texture":"#all","cullface":"up"},"down":{"uv":[0,0,16,16],"texture":"#all","cullface":"down"}}},{"from":[4,12,-0.5],"to":[6,13,0],"light_emission":15,"faces":{"north":{"uv":[10,3,12,4],"texture":"#all","cullface":"north"},"east":{"uv":[10,3,10.5,4],"texture":"#all","cullface":"north"},"west":{"uv":[11,3,11.5,4],"texture":"#all","cullface":"north"},"up":{"uv":[10,3,12,3.5],"rotation":180,"texture":"#all","cullface":"north"},"down":{"uv":[10,3,12,3.5],"rotation":180,"texture":"#all","cullface":"north"}}},{"from":[2,8,-0.7],"to":[4,9,0],"light_emission":15,"faces":{"north":{"uv":[12,7,14,8],"texture":"#all","cullface":"north"},"east":{"uv":[12,7,12.5,8],"texture":"#all","cullface":"north"},"west":{"uv":[13,7,13.5,8],"texture":"#all","cullface":"north"},"up":{"uv":[12,7,14,7.5],"rotation":180,"texture":"#all","cullface":"north"},"down":{"uv":[12,7,14,7.5],"rotation":180,"texture":"#all","cullface":"north"}}},{"from":[8,9,-0.5],"to":[10,10,0],"light_emission":15,"faces":{"north":{"uv":[6,6,8,7],"texture":"#all","cullface":"north"},"east":{"uv":[6,6,6.5,7],"texture":"#all","cullface":"north"},"west":{"uv":[7,6,7.5,7],"texture":"#all","cullface":"north"},"up":{"uv":[6,6,8,6.5],"rotation":180,"texture":"#all","cullface":"north"},"down":{"uv":[6,6,8,6.5],"rotation":180,"texture":"#all","cullface":"north"}}},{"from":[11,13,-0.5],"to":[13,14,0],"light_emission":15,"faces":{"north":{"uv":[3,2,5,3],"texture":"#all","cullface":"north"},"east":{"uv":[3,2,3.5,3],"texture":"#all","cullface":"north"},"west":{"uv":[4,2,4.5,3],"texture":"#all","cullface":"north"},"up":{"uv":[3,2,5,2.5],"rotation":180,"texture":"#all","cullface":"north"}}},{"from":[9,1,-0.5],"to":[10,2,0],"light_emission":15,"faces":{"north":{"uv":[6,14,7,15],"texture":"#all","cullface":"north"},"east":{"uv":[6,14,6.5,15],"texture":"#all","cullface":"north"},"west":{"uv":[6,14,6.5,15],"texture":"#all","cullface":"north"},"up":{"uv":[6,14,7,14.5],"texture":"#all","cullface":"north"},"down":{"uv":[6,14,7,14.5],"texture":"#all","cullface":"north"}}},{"from":[5,7,-0.5],"to":[6,8,0],"light_emission":15,"faces":{"north":{"uv":[10,8,11,9],"texture":"#all","cullface":"north"},"east":{"uv":[10,8,10.5,9],"texture":"#all","cullface":"north"},"up":{"uv":[10,8,11,8.5],"texture":"#all","cullface":"north"},"down":{"uv":[10,8,11,8.5],"texture":"#all","cullface":"north"}}},{"from":[2,7,-0.5],"to":[3,8,0],"light_emission":15,"faces":{"north":{"uv":[13,8,14,9],"texture":"#all","cullface":"north"},"west":{"uv":[13,8,13.5,9],"texture":"#all","cullface":"north"},"down":{"uv":[13,8,14,8.5],"texture":"#all","cullface":"north"}}},{"from":[2,9,-0.5],"to":[3,10,0],"light_emission":15,"faces":{"north":{"uv":[13,6,14,7],"texture":"#all","cullface":"north"},"east":{"uv":[13,6,13.5,7],"texture":"#all","cullface":"north"},"west":{"uv":[13,6,13.5,7],"texture":"#all","cullface":"north"},"up":{"uv":[13,6,14,6.5],"texture":"#all","cullface":"north"}}},{"from":[4,8,-0.5],"to":[5,9,0],"light_emission":15,"faces":{"north":{"uv":[11,7,12,8],"texture":"#all","cullface":"north"},"east":{"uv":[11,7,11.5,8],"texture":"#all","cullface":"north"},"up":{"uv":[11,7,12,7.5],"texture":"#all","cullface":"north"}}},{"from":[5,5,-0.7],"to":[6,6,0],"light_emission":15,"faces":{"north":{"uv":[10,10,11,11],"texture":"#all","cullface":"north"},"east":{"uv":[10,10,10.5,11],"texture":"#all","cullface":"north"},"up":{"uv":[10,10,11,10.5],"texture":"#all","cullface":"north"},"down":{"uv":[10,10,11,10.5],"texture":"#all","cullface":"north"}}},{"from":[9,12,-0.5],"to":[10,13,0],"light_emission":15,"faces":{"north":{"uv":[6,3,7,4],"texture":"#all","cullface":"north"},"west":{"uv":[6,3,6.5,4],"texture":"#all","cullface":"north"},"up":{"uv":[6,3,7,3.5],"texture":"#all","cullface":"north"},"down":{"uv":[6,3,7,3.5],"texture":"#all","cullface":"north"}}},{"from":[12,12,-0.5],"to":[13,13,0],"light_emission":15,"faces":{"north":{"uv":[3,3,4,4],"texture":"#all","cullface":"north"},"east":{"uv":[3,3,3.5,4],"texture":"#all","cullface":"north"},"down":{"uv":[3,3,4,3.5],"texture":"#all","cullface":"north"}}},{"from":[9,10,-0.5],"to":[10,11,0],"light_emission":15,"faces":{"north":{"uv":[6,5,7,6],"texture":"#all","cullface":"north"},"west":{"uv":[6,5,6.5,6],"texture":"#all","cullface":"north"},"up":{"uv":[6,5,7,5.5],"texture":"#all","cullface":"north"}}},{"from":[11,3,-0.5],"to":[12,5,0],"light_emission":15,"faces":{"north":{"uv":[4,11,5,13],"texture":"#all","cullface":"north"},"west":{"uv":[4,11,4.5,13],"texture":"#all","cullface":"north"},"up":{"uv":[4,11,5,11.5],"texture":"#all","cullface":"north"},"down":{"uv":[4,12,5,12.5],"texture":"#all","cullface":"north"}}},{"from":[12,3,-0.7],"to":[13,5,0],"light_emission":15,"faces":{"north":{"uv":[3,11,4,13],"texture":"#all","cullface":"north"},"east":{"uv":[3,11,3.5,13],"texture":"#all","cullface":"north"},"west":{"uv":[3,11,3.5,13],"texture":"#all","cullface":"north"},"up":{"uv":[3,11,4,11.5],"texture":"#all","cullface":"north"},"down":{"uv":[3,12,4,12.5],"texture":"#all","cullface":"north"}}},{"from":[12,5,-0.5],"to":[13,6,0],"light_emission":15,"faces":{"north":{"uv":[3,10,4,11],"texture":"#all","cullface":"north"},"east":{"uv":[3,10,3.5,11],"texture":"#all","cullface":"north"},"west":{"uv":[3,10,3.5,11],"texture":"#all","cullface":"north"},"up":{"uv":[3,10,4,10.5],"texture":"#all","cullface":"north"}}},{"from":[13,4,-0.5],"to":[14,5,0],"light_emission":15,"faces":{"north":{"uv":[2,11,3,12],"texture":"#all","cullface":"north"},"east":{"uv":[2,11,2.5,12],"texture":"#all","cullface":"north"},"up":{"uv":[2,11,3,11.5],"texture":"#all","cullface":"north"},"down":{"uv":[2,11,3,11.5],"texture":"#all","cullface":"north"}}},{"from":[10,10,-0.7],"to":[12,13,0],"light_emission":15,"faces":{"north":{"uv":[4,3,6,6],"texture":"#all","cullface":"north"},"east":{"uv":[4,3,4.7,6],"texture":"#all","cullface":"north"},"west":{"uv":[5,3,5.7,6],"texture":"#all","cullface":"north"},"up":{"uv":[4,3,6,3.7],"rotation":180,"texture":"#all","cullface":"north"},"down":{"uv":[4,5,6,5.7],"rotation":180,"texture":"#all","cullface":"north"}}},{"from":[3,5,-0.7],"to":[5,8,0],"light_emission":15,"faces":{"north":{"uv":[11,8,13,11],"texture":"#all","cullface":"north"},"east":{"uv":[11,8,11.7,11],"texture":"#all","cullface":"north"},"west":{"uv":[12,8,12.7,11],"texture":"#all","cullface":"north"},"up":{"uv":[11,8,13,8.7],"rotation":180,"texture":"#all","cullface":"north"},"down":{"uv":[11,10,13,10.7],"rotation":180,"texture":"#all","cullface":"north"}}},{"from":[4,4,-0.5],"to":[8,5,0],"light_emission":15,"faces":{"north":{"uv":[8,11,12,12],"texture":"#all","cullface":"north"},"east":{"uv":[8,11,8.5,12],"texture":"#all","cullface":"north"},"west":{"uv":[11,11,11.5,12],"texture":"#all","cullface":"north"},"up":{"uv":[8,11,12,11.5],"rotation":180,"texture":"#all","cullface":"north"},"down":{"uv":[8,11,12,11.5],"rotation":180,"texture":"#all","cullface":"north"}}},{"from":[-0.5,12,10],"to":[0,13,12],"light_emission":15,"faces":{"north":{"uv":[10,3,10.5,4],"texture":"#all","cullface":"west"},"south":{"uv":[11,3,11.5,4],"texture":"#all","cullface":"west"},"west":{"uv":[10,3,12,4],"texture":"#all","cullface":"west"},"up":{"uv":[10,3,12,3.5],"rotation":90,"texture":"#all","cullface":"west"},"down":{"uv":[10,3,12,3.5],"rotation":270,"texture":"#all","cullface":"west"}}},{"from":[11,8,16],"to":[12,9,16.5],"light_emission":15,"faces":{"south":{"uv":[11,7,12,8],"texture":"#all","cullface":"south"},"west":{"uv":[11,7,11.5,8],"texture":"#all","cullface":"south"},"up":{"uv":[11,7,12,7.5],"rotation":180,"texture":"#all","cullface":"south"}}},{"from":[13,9,16],"to":[14,10,16.5],"light_emission":15,"faces":{"east":{"uv":[13,6,13.5,7],"texture":"#all","cullface":"south"},"south":{"uv":[13,6,14,7],"texture":"#all","cullface":"south"},"west":{"uv":[13,6,13.5,7],"texture":"#all","cullface":"south"},"up":{"uv":[13,6,14,6.5],"rotation":180,"texture":"#all","cullface":"south"}}},{"from":[12,8,16],"to":[14,9,16.7],"light_emission":15,"faces":{"east":{"uv":[13,7,13.5,8],"texture":"#all","cullface":"south"},"south":{"uv":[12,7,14,8],"texture":"#all","cullface":"south"},"west":{"uv":[12,7,12.5,8],"texture":"#all","cullface":"south"},"up":{"uv":[12,7,14,7.5],"texture":"#all","cullface":"south"},"down":{"uv":[12,7,14,7.5],"texture":"#all","cullface":"south"}}},{"from":[13,7,16],"to":[14,8,16.5],"light_emission":15,"faces":{"east":{"uv":[13,8,13.5,9],"texture":"#all","cullface":"south"},"south":{"uv":[13,8,14,9],"texture":"#all","cullface":"south"},"down":{"uv":[13,8,14,8.5],"rotation":180,"texture":"#all","cullface":"south"}}},{"from":[10,7,16],"to":[11,8,16.5],"light_emission":15,"faces":{"south":{"uv":[10,8,11,9],"texture":"#all","cullface":"south"},"west":{"uv":[10,8,10.5,9],"texture":"#all","cullface":"south"},"up":{"uv":[10,8,11,8.5],"rotation":180,"texture":"#all","cullface":"south"},"down":{"uv":[10,8,11,8.5],"rotation":180,"texture":"#all","cullface":"south"}}},{"from":[8,4,16],"to":[12,5,16.5],"light_emission":15,"faces":{"east":{"uv":[11,11,11.5,12],"texture":"#all","cullface":"south"},"south":{"uv":[8,11,12,12],"texture":"#all","cullface":"south"},"west":{"uv":[8,11,8.5,12],"texture":"#all","cullface":"south"},"up":{"uv":[8,11,12,11.5],"texture":"#all","cullface":"south"},"down":{"uv":[8,11,12,11.5],"texture":"#all","cullface":"south"}}},{"from":[10,5,16],"to":[11,6,16.7],"light_emission":15,"faces":{"south":{"uv":[10,10,11,11],"texture":"#all","cullface":"south"},"west":{"uv":[10,10,10.5,11],"texture":"#all","cullface":"south"},"up":{"uv":[10,10,11,10.5],"rotation":180,"texture":"#all","cullface":"south"},"down":{"uv":[10,10,11,10.5],"rotation":180,"texture":"#all","cullface":"south"}}},{"from":[11,5,16],"to":[13,8,16.7],"light_emission":15,"faces":{"east":{"uv":[12,8,12.7,11],"texture":"#all","cullface":"south"},"south":{"uv":[11,8,13,11],"texture":"#all","cullface":"south"},"west":{"uv":[11,8,11.7,11],"texture":"#all","cullface":"south"},"up":{"uv":[11,8,13,8.7],"texture":"#all","cullface":"south"},"down":{"uv":[11,10,13,10.7],"texture":"#all","cullface":"south"}}},{"from":[4,10,16],"to":[6,13,16.7],"light_emission":15,"faces":{"east":{"uv":[5,3,5.7,6],"texture":"#all","cullface":"south"},"south":{"uv":[4,3,6,6],"texture":"#all","cullface":"south"},"west":{"uv":[4,3,4.7,6],"texture":"#all","cullface":"south"},"up":{"uv":[4,3,6,3.7],"texture":"#all","cullface":"south"},"down":{"uv":[4,5,6,5.7],"texture":"#all","cullface":"south"}}},{"from":[3,12,16],"to":[4,13,16.5],"light_emission":15,"faces":{"south":{"uv":[3,3,4,4],"texture":"#all","cullface":"south"},"west":{"uv":[3,3,3.5,4],"texture":"#all","cullface":"south"},"down":{"uv":[3,3,4,3.5],"rotation":180,"texture":"#all","cullface":"south"}}},{"from":[3,13,16],"to":[5,14,16.5],"light_emission":15,"faces":{"east":{"uv":[4,2,4.5,3],"texture":"#all","cullface":"south"},"south":{"uv":[3,2,5,3],"texture":"#all","cullface":"south"},"west":{"uv":[3,2,3.5,3],"texture":"#all","cullface":"south"},"up":{"uv":[3,2,5,2.5],"texture":"#all","cullface":"south"}}},{"from":[6,10,16],"to":[7,11,16.5],"light_emission":15,"faces":{"east":{"uv":[6,5,6.5,6],"texture":"#all","cullface":"south"},"south":{"uv":[6,5,7,6],"texture":"#all","cullface":"south"},"up":{"uv":[6,5,7,5.5],"rotation":180,"texture":"#all","cullface":"south"}}},{"from":[6,9,16],"to":[8,10,16.5],"light_emission":15,"faces":{"east":{"uv":[7,6,7.5,7],"texture":"#all","cullface":"south"},"south":{"uv":[6,6,8,7],"texture":"#all","cullface":"south"},"west":{"uv":[6,6,6.5,7],"texture":"#all","cullface":"south"},"up":{"uv":[6,6,8,6.5],"texture":"#all","cullface":"south"},"down":{"uv":[6,6,8,6.5],"texture":"#all","cullface":"south"}}},{"from":[6,12,16],"to":[7,13,16.5],"light_emission":15,"faces":{"east":{"uv":[6,3,6.5,4],"texture":"#all","cullface":"south"},"south":{"uv":[6,3,7,4],"texture":"#all","cullface":"south"},"up":{"uv":[6,3,7,3.5],"rotation":180,"texture":"#all","cullface":"south"},"down":{"uv":[6,3,7,3.5],"rotation":180,"texture":"#all","cullface":"south"}}},{"from":[4,3,16],"to":[5,5,16.5],"light_emission":15,"faces":{"east":{"uv":[4,11,4.5,13],"texture":"#all","cullface":"south"},"south":{"uv":[4,11,5,13],"texture":"#all","cullface":"south"},"up":{"uv":[4,11,5,11.5],"rotation":180,"texture":"#all","cullface":"south"},"down":{"uv":[4,12,5,12.5],"rotation":180,"texture":"#all","cullface":"south"}}},{"from":[3,3,16],"to":[4,5,16.7],"light_emission":15,"faces":{"east":{"uv":[3,11,3.5,13],"texture":"#all","cullface":"south"},"south":{"uv":[3,11,4,13],"texture":"#all","cullface":"south"},"west":{"uv":[3,11,3.5,13],"texture":"#all","cullface":"south"},"up":{"uv":[3,11,4,11.5],"rotation":180,"texture":"#all","cullface":"south"},"down":{"uv":[3,12,4,12.5],"rotation":180,"texture":"#all","cullface":"south"}}},{"from":[3,5,16],"to":[4,6,16.5],"light_emission":15,"faces":{"east":{"uv":[3,10,3.5,11],"texture":"#all","cullface":"south"},"south":{"uv":[3,10,4,11],"texture":"#all","cullface":"south"},"west":{"uv":[3,10,3.5,11],"texture":"#all","cullface":"south"},"up":{"uv":[3,10,4,10.5],"rotation":180,"texture":"#all","cullface":"south"}}},{"from":[2,4,16],"to":[3,5,16.5],"light_emission":15,"faces":{"south":{"uv":[2,11,3,12],"texture":"#all","cullface":"south"},"west":{"uv":[2,11,2.5,12],"texture":"#all","cullface":"south"},"up":{"uv":[2,11,3,11.5],"rotation":180,"texture":"#all","cullface":"south"},"down":{"uv":[2,11,3,11.5],"rotation":180,"texture":"#all","cullface":"south"}}},{"from":[6,1,16],"to":[7,2,16.5],"light_emission":15,"faces":{"east":{"uv":[6,14,6.5,15],"texture":"#all","cullface":"south"},"south":{"uv":[6,14,7,15],"texture":"#all","cullface":"south"},"west":{"uv":[6,14,6.5,15],"texture":"#all","cullface":"south"},"up":{"uv":[6,14,7,14.5],"rotation":180,"texture":"#all","cullface":"south"},"down":{"uv":[6,14,7,14.5],"rotation":180,"texture":"#all","cullface":"south"}}},{"from":[10,12,16],"to":[12,13,16.5],"light_emission":15,"faces":{"east":{"uv":[11,3,11.5,4],"texture":"#all","cullface":"south"},"south":{"uv":[10,3,12,4],"texture":"#all","cullface":"south"},"west":{"uv":[10,3,10.5,4],"texture":"#all","cullface":"south"},"up":{"uv":[10,3,12,3.5],"texture":"#all","cullface":"south"},"down":{"uv":[10,3,12,3.5],"texture":"#all","cullface":"south"}}},{"from":[16,8,4],"to":[16.5,9,5],"light_emission":15,"faces":{"east":{"uv":[11,7,12,8],"texture":"#all","cullface":"east"},"south":{"uv":[11,7,11.5,8],"texture":"#all","cullface":"east"},"up":{"uv":[11,7,12,7.5],"rotation":90,"texture":"#all","cullface":"east"}}},{"from":[16,9,2],"to":[16.5,10,3],"light_emission":15,"faces":{"north":{"uv":[13,6,13.5,7],"texture":"#all","cullface":"east"},"east":{"uv":[13,6,14,7],"texture":"#all","cullface":"east"},"south":{"uv":[13,6,13.5,7],"texture":"#all","cullface":"east"},"up":{"uv":[13,6,14,6.5],"rotation":90,"texture":"#all","cullface":"east"}}},{"from":[16,8,2],"to":[16.7,9,4],"light_emission":15,"faces":{"north":{"uv":[13,7,13.5,8],"texture":"#all","cullface":"east"},"east":{"uv":[12,7,14,8],"texture":"#all","cullface":"east"},"south":{"uv":[12,7,12.5,8],"texture":"#all","cullface":"east"},"up":{"uv":[12,7,14,7.5],"rotation":270,"texture":"#all","cullface":"east"},"down":{"uv":[12,7,14,7.5],"rotation":90,"texture":"#all","cullface":"east"}}},{"from":[16,7,2],"to":[16.5,8,3],"light_emission":15,"faces":{"north":{"uv":[13,8,13.5,9],"texture":"#all","cullface":"east"},"east":{"uv":[13,8,14,9],"texture":"#all","cullface":"east"},"down":{"uv":[13,8,14,8.5],"rotation":270,"texture":"#all","cullface":"east"}}},{"from":[16,7,5],"to":[16.5,8,6],"light_emission":15,"faces":{"east":{"uv":[10,8,11,9],"texture":"#all","cullface":"east"},"south":{"uv":[10,8,10.5,9],"texture":"#all","cullface":"east"},"up":{"uv":[10,8,11,8.5],"rotation":90,"texture":"#all","cullface":"east"},"down":{"uv":[10,8,11,8.5],"rotation":270,"texture":"#all","cullface":"east"}}},{"from":[16,4,4],"to":[16.5,5,8],"light_emission":15,"faces":{"north":{"uv":[11,11,11.5,12],"texture":"#all","cullface":"east"},"east":{"uv":[8,11,12,12],"texture":"#all","cullface":"east"},"south":{"uv":[8,11,8.5,12],"texture":"#all","cullface":"east"},"up":{"uv":[8,11,12,11.5],"rotation":270,"texture":"#all","cullface":"east"},"down":{"uv":[8,11,12,11.5],"rotation":90,"texture":"#all","cullface":"east"}}},{"from":[16,5,5],"to":[16.7,6,6],"light_emission":15,"faces":{"east":{"uv":[10,10,11,11],"texture":"#all","cullface":"east"},"south":{"uv":[10,10,10.5,11],"texture":"#all","cullface":"east"},"up":{"uv":[10,10,11,10.5],"rotation":90,"texture":"#all","cullface":"east"},"down":{"uv":[10,10,11,10.5],"rotation":270,"texture":"#all","cullface":"east"}}},{"from":[16,5,3],"to":[16.7,8,5],"light_emission":15,"faces":{"north":{"uv":[12,8,12.7,11],"texture":"#all","cullface":"east"},"east":{"uv":[11,8,13,11],"texture":"#all","cullface":"east"},"south":{"uv":[11,8,11.7,11],"texture":"#all","cullface":"east"},"up":{"uv":[11,8,13,8.7],"rotation":270,"texture":"#all","cullface":"east"},"down":{"uv":[11,10,13,10.7],"rotation":90,"texture":"#all","cullface":"east"}}},{"from":[16,10,10],"to":[16.7,13,12],"light_emission":15,"faces":{"north":{"uv":[5,3,5.7,6],"texture":"#all","cullface":"east"},"east":{"uv":[4,3,6,6],"texture":"#all","cullface":"east"},"south":{"uv":[4,3,4.7,6],"texture":"#all","cullface":"east"},"up":{"uv":[4,3,6,3.7],"rotation":270,"texture":"#all","cullface":"east"},"down":{"uv":[4,5,6,5.7],"rotation":90,"texture":"#all","cullface":"east"}}},{"from":[16,12,12],"to":[16.5,13,13],"light_emission":15,"faces":{"east":{"uv":[3,3,4,4],"texture":"#all","cullface":"east"},"south":{"uv":[3,3,3.5,4],"texture":"#all","cullface":"east"},"down":{"uv":[3,3,4,3.5],"rotation":270,"texture":"#all","cullface":"east"}}},{"from":[16,13,11],"to":[16.5,14,13],"light_emission":15,"faces":{"north":{"uv":[4,2,4.5,3],"texture":"#all","cullface":"east"},"east":{"uv":[3,2,5,3],"texture":"#all","cullface":"east"},"south":{"uv":[3,2,3.5,3],"texture":"#all","cullface":"east"},"up":{"uv":[3,2,5,2.5],"rotation":270,"texture":"#all","cullface":"east"}}},{"from":[16,10,9],"to":[16.5,11,10],"light_emission":15,"faces":{"north":{"uv":[6,5,6.5,6],"texture":"#all","cullface":"east"},"east":{"uv":[6,5,7,6],"texture":"#all","cullface":"east"},"up":{"uv":[6,5,7,5.5],"rotation":90,"texture":"#all","cullface":"east"}}},{"from":[16,9,8],"to":[16.5,10,10],"light_emission":15,"faces":{"north":{"uv":[7,6,7.5,7],"texture":"#all","cullface":"east"},"east":{"uv":[6,6,8,7],"texture":"#all","cullface":"east"},"south":{"uv":[6,6,6.5,7],"texture":"#all","cullface":"east"},"up":{"uv":[6,6,8,6.5],"rotation":270,"texture":"#all","cullface":"east"},"down":{"uv":[6,6,8,6.5],"rotation":90,"texture":"#all","cullface":"east"}}},{"from":[16,12,9],"to":[16.5,13,10],"light_emission":15,"faces":{"north":{"uv":[6,3,6.5,4],"texture":"#all","cullface":"east"},"east":{"uv":[6,3,7,4],"texture":"#all","cullface":"east"},"up":{"uv":[6,3,7,3.5],"rotation":90,"texture":"#all","cullface":"east"},"down":{"uv":[6,3,7,3.5],"rotation":270,"texture":"#all","cullface":"east"}}},{"from":[16,3,11],"to":[16.5,5,12],"light_emission":15,"faces":{"north":{"uv":[4,11,4.5,13],"texture":"#all","cullface":"east"},"east":{"uv":[4,11,5,13],"texture":"#all","cullface":"east"},"up":{"uv":[4,11,5,11.5],"rotation":90,"texture":"#all","cullface":"east"},"down":{"uv":[4,12,5,12.5],"rotation":270,"texture":"#all","cullface":"east"}}},{"from":[16,3,12],"to":[16.7,5,13],"light_emission":15,"faces":{"north":{"uv":[3,11,3.5,13],"texture":"#all","cullface":"east"},"east":{"uv":[3,11,4,13],"texture":"#all","cullface":"east"},"south":{"uv":[3,11,3.5,13],"texture":"#all","cullface":"east"},"up":{"uv":[3,11,4,11.5],"rotation":90,"texture":"#all","cullface":"east"},"down":{"uv":[3,12,4,12.5],"rotation":270,"texture":"#all","cullface":"east"}}},{"from":[16,5,12],"to":[16.5,6,13],"light_emission":15,"faces":{"north":{"uv":[3,10,3.5,11],"texture":"#all","cullface":"east"},"east":{"uv":[3,10,4,11],"texture":"#all","cullface":"east"},"south":{"uv":[3,10,3.5,11],"texture":"#all","cullface":"east"},"up":{"uv":[3,10,4,10.5],"rotation":90,"texture":"#all","cullface":"east"}}},{"from":[16,4,13],"to":[16.5,5,14],"light_emission":15,"faces":{"east":{"uv":[2,11,3,12],"texture":"#all","cullface":"east"},"south":{"uv":[2,11,2.5,12],"texture":"#all","cullface":"east"},"up":{"uv":[2,11,3,11.5],"rotation":90,"texture":"#all","cullface":"east"},"down":{"uv":[2,11,3,11.5],"rotation":270,"texture":"#all","cullface":"east"}}},{"from":[16,1,9],"to":[16.5,2,10],"light_emission":15,"faces":{"north":{"uv":[6,14,6.5,15],"texture":"#all","cullface":"east"},"east":{"uv":[6,14,7,15],"texture":"#all","cullface":"east"},"south":{"uv":[6,14,6.5,15],"texture":"#all","cullface":"east"},"up":{"uv":[6,14,7,14.5],"rotation":90,"texture":"#all","cullface":"east"},"down":{"uv":[6,14,7,14.5],"rotation":270,"texture":"#all","cullface":"east"}}},{"from":[16,12,4],"to":[16.5,13,6],"light_emission":15,"faces":{"north":{"uv":[11,3,11.5,4],"texture":"#all","cullface":"east"},"east":{"uv":[10,3,12,4],"texture":"#all","cullface":"east"},"south":{"uv":[10,3,10.5,4],"texture":"#all","cullface":"east"},"up":{"uv":[10,3,12,3.5],"rotation":270,"texture":"#all","cullface":"east"},"down":{"uv":[10,3,12,3.5],"rotation":90,"texture":"#all","cullface":"east"}}},{"from":[11,16,7],"to":[12,16.5,8],"light_emission":15,"faces":{"north":{"uv":[11,7,12,7.5],"texture":"#all","cullface":"up"},"west":{"uv":[11,7,11.5,8],"rotation":270,"texture":"#all","cullface":"up"},"up":{"uv":[11,7,12,8],"texture":"#all","cullface":"up"}}},{"from":[13,16,6],"to":[14,16.5,7],"light_emission":15,"faces":{"north":{"uv":[13,6,14,6.5],"texture":"#all","cullface":"up"},"east":{"uv":[13,6,13.5,7],"rotation":90,"texture":"#all","cullface":"up"},"west":{"uv":[13,6,13.5,7],"rotation":270,"texture":"#all","cullface":"up"},"up":{"uv":[13,6,14,7],"texture":"#all","cullface":"up"}}},{"from":[12,16,7],"to":[14,16.7,8],"light_emission":15,"faces":{"north":{"uv":[12,7,14,7.5],"rotation":180,"texture":"#all","cullface":"up"},"east":{"uv":[13,7,13.5,8],"rotation":90,"texture":"#all","cullface":"up"},"south":{"uv":[12,7,14,7.5],"texture":"#all","cullface":"up"},"west":{"uv":[12,7,12.5,8],"rotation":270,"texture":"#all","cullface":"up"},"up":{"uv":[12,7,14,8],"texture":"#all","cullface":"up"}}},{"from":[13,16,8],"to":[14,16.5,9],"light_emission":15,"faces":{"east":{"uv":[13,8,13.5,9],"rotation":90,"texture":"#all","cullface":"up"},"south":{"uv":[13,8,14,8.5],"rotation":180,"texture":"#all","cullface":"up"},"up":{"uv":[13,8,14,9],"texture":"#all","cullface":"up"}}},{"from":[10,16,8],"to":[11,16.5,9],"light_emission":15,"faces":{"north":{"uv":[10,8,11,8.5],"texture":"#all","cullface":"up"},"south":{"uv":[10,8,11,8.5],"rotation":180,"texture":"#all","cullface":"up"},"west":{"uv":[10,8,10.5,9],"rotation":270,"texture":"#all","cullface":"up"},"up":{"uv":[10,8,11,9],"texture":"#all","cullface":"up"}}},{"from":[8,16,11],"to":[12,16.5,12],"light_emission":15,"faces":{"north":{"uv":[8,11,12,11.5],"rotation":180,"texture":"#all","cullface":"up"},"east":{"uv":[11,11,11.5,12],"rotation":90,"texture":"#all","cullface":"up"},"south":{"uv":[8,11,12,11.5],"texture":"#all","cullface":"up"},"west":{"uv":[8,11,8.5,12],"rotation":270,"texture":"#all","cullface":"up"},"up":{"uv":[8,11,12,12],"texture":"#all","cullface":"up"}}},{"from":[10,16,10],"to":[11,16.7,11],"light_emission":15,"faces":{"north":{"uv":[10,10,11,10.5],"texture":"#all","cullface":"up"},"south":{"uv":[10,10,11,10.5],"rotation":180,"texture":"#all","cullface":"up"},"west":{"uv":[10,10,10.5,11],"rotation":270,"texture":"#all","cullface":"up"},"up":{"uv":[10,10,11,11],"texture":"#all","cullface":"up"}}},{"from":[11,16,8],"to":[13,16.7,11],"light_emission":15,"faces":{"north":{"uv":[11,8,13,8.7],"rotation":180,"texture":"#all","cullface":"up"},"east":{"uv":[12,8,12.7,11],"rotation":90,"texture":"#all","cullface":"up"},"south":{"uv":[11,10,13,10.7],"texture":"#all","cullface":"up"},"west":{"uv":[11,8,11.7,11],"rotation":270,"texture":"#all","cullface":"up"},"up":{"uv":[11,8,13,11],"texture":"#all","cullface":"up"}}},{"from":[4,16,3],"to":[6,16.7,6],"light_emission":15,"faces":{"north":{"uv":[4,3,6,3.7],"rotation":180,"texture":"#all","cullface":"up"},"east":{"uv":[5,3,5.7,6],"rotation":90,"texture":"#all","cullface":"up"},"south":{"uv":[4,5,6,5.7],"texture":"#all","cullface":"up"},"west":{"uv":[4,3,4.7,6],"rotation":270,"texture":"#all","cullface":"up"},"up":{"uv":[4,3,6,6],"texture":"#all","cullface":"up"}}},{"from":[3,16,3],"to":[4,16.5,4],"light_emission":15,"faces":{"south":{"uv":[3,3,4,3.5],"rotation":180,"texture":"#all","cullface":"up"},"west":{"uv":[3,3,3.5,4],"rotation":270,"texture":"#all","cullface":"up"},"up":{"uv":[3,3,4,4],"texture":"#all","cullface":"up"}}},{"from":[3,16,2],"to":[5,16.5,3],"light_emission":15,"faces":{"north":{"uv":[3,2,5,2.5],"rotation":180,"texture":"#all","cullface":"up"},"east":{"uv":[4,2,4.5,3],"rotation":90,"texture":"#all","cullface":"up"},"west":{"uv":[3,2,3.5,3],"rotation":270,"texture":"#all","cullface":"up"},"up":{"uv":[3,2,5,3],"texture":"#all","cullface":"up"}}},{"from":[6,16,5],"to":[7,16.5,6],"light_emission":15,"faces":{"north":{"uv":[6,5,7,5.5],"texture":"#all","cullface":"up"},"east":{"uv":[6,5,6.5,6],"rotation":90,"texture":"#all","cullface":"up"},"up":{"uv":[6,5,7,6],"texture":"#all","cullface":"up"}}},{"from":[6,16,6],"to":[8,16.5,7],"light_emission":15,"faces":{"north":{"uv":[6,6,8,6.5],"rotation":180,"texture":"#all","cullface":"up"},"east":{"uv":[7,6,7.5,7],"rotation":90,"texture":"#all","cullface":"up"},"south":{"uv":[6,6,8,6.5],"texture":"#all","cullface":"up"},"west":{"uv":[6,6,6.5,7],"rotation":270,"texture":"#all","cullface":"up"},"up":{"uv":[6,6,8,7],"texture":"#all","cullface":"up"}}},{"from":[6,16,3],"to":[7,16.5,4],"light_emission":15,"faces":{"north":{"uv":[6,3,7,3.5],"texture":"#all","cullface":"up"},"east":{"uv":[6,3,6.5,4],"rotation":90,"texture":"#all","cullface":"up"},"south":{"uv":[6,3,7,3.5],"rotation":180,"texture":"#all","cullface":"up"},"up":{"uv":[6,3,7,4],"texture":"#all","cullface":"up"}}},{"from":[4,16,11],"to":[5,16.5,13],"light_emission":15,"faces":{"north":{"uv":[4,11,5,11.5],"texture":"#all","cullface":"up"},"east":{"uv":[4,11,4.5,13],"rotation":90,"texture":"#all","cullface":"up"},"south":{"uv":[4,12,5,12.5],"rotation":180,"texture":"#all","cullface":"up"},"up":{"uv":[4,11,5,13],"texture":"#all","cullface":"up"}}},{"from":[3,16,11],"to":[4,16.7,13],"light_emission":15,"faces":{"north":{"uv":[3,11,4,11.5],"texture":"#all","cullface":"up"},"east":{"uv":[3,11,3.5,13],"rotation":90,"texture":"#all","cullface":"up"},"south":{"uv":[3,12,4,12.5],"rotation":180,"texture":"#all","cullface":"up"},"west":{"uv":[3,11,3.5,13],"rotation":270,"texture":"#all","cullface":"up"},"up":{"uv":[3,11,4,13],"texture":"#all","cullface":"up"}}},{"from":[3,16,10],"to":[4,16.5,11],"light_emission":15,"faces":{"north":{"uv":[3,10,4,10.5],"texture":"#all","cullface":"up"},"east":{"uv":[3,10,3.5,11],"rotation":90,"texture":"#all","cullface":"up"},"west":{"uv":[3,10,3.5,11],"rotation":270,"texture":"#all","cullface":"up"},"up":{"uv":[3,10,4,11],"texture":"#all","cullface":"up"}}},{"from":[2,16,11],"to":[3,16.5,12],"light_emission":15,"faces":{"north":{"uv":[2,11,3,11.5],"texture":"#all","cullface":"up"},"south":{"uv":[2,11,3,11.5],"rotation":180,"texture":"#all","cullface":"up"},"west":{"uv":[2,11,2.5,12],"rotation":270,"texture":"#all","cullface":"up"},"up":{"uv":[2,11,3,12],"texture":"#all","cullface":"up"}}},{"from":[6,16,14],"to":[7,16.5,15],"light_emission":15,"faces":{"north":{"uv":[6,14,7,14.5],"texture":"#all","cullface":"up"},"east":{"uv":[6,14,6.5,15],"rotation":90,"texture":"#all","cullface":"up"},"south":{"uv":[6,14,7,14.5],"rotation":180,"texture":"#all","cullface":"up"},"west":{"uv":[6,14,6.5,15],"rotation":270,"texture":"#all","cullface":"up"},"up":{"uv":[6,14,7,15],"texture":"#all","cullface":"up"}}},{"from":[10,16,3],"to":[12,16.5,4],"light_emission":15,"faces":{"north":{"uv":[10,3,12,3.5],"rotation":180,"texture":"#all","cullface":"up"},"east":{"uv":[11,3,11.5,4],"rotation":90,"texture":"#all","cullface":"up"},"south":{"uv":[10,3,12,3.5],"texture":"#all","cullface":"up"},"west":{"uv":[10,3,10.5,4],"rotation":270,"texture":"#all","cullface":"up"},"up":{"uv":[10,3,12,4],"texture":"#all","cullface":"up"}}},{"from":[11,-0.5,8],"to":[12,0,9],"light_emission":15,"faces":{"south":{"uv":[11,7,12,7.5],"rotation":180,"texture":"#all","cullface":"down"},"west":{"uv":[11,7,11.5,8],"rotation":90,"texture":"#all","cullface":"down"},"down":{"uv":[11,7,12,8],"texture":"#all","cullface":"down"}}},{"from":[13,-0.5,9],"to":[14,0,10],"light_emission":15,"faces":{"east":{"uv":[13,6,13.5,7],"rotation":270,"texture":"#all","cullface":"down"},"south":{"uv":[13,6,14,6.5],"rotation":180,"texture":"#all","cullface":"down"},"west":{"uv":[13,6,13.5,7],"rotation":90,"texture":"#all","cullface":"down"},"down":{"uv":[13,6,14,7],"texture":"#all","cullface":"down"}}},{"from":[12,-0.7,8],"to":[14,0,9],"light_emission":15,"faces":{"north":{"uv":[12,7,14,7.5],"rotation":180,"texture":"#all","cullface":"down"},"east":{"uv":[13,7,13.5,8],"rotation":270,"texture":"#all","cullface":"down"},"south":{"uv":[12,7,14,7.5],"texture":"#all","cullface":"down"},"west":{"uv":[12,7,12.5,8],"rotation":90,"texture":"#all","cullface":"down"},"down":{"uv":[12,7,14,8],"texture":"#all","cullface":"down"}}},{"from":[13,-0.5,7],"to":[14,0,8],"light_emission":15,"faces":{"north":{"uv":[13,8,14,8.5],"texture":"#all","cullface":"down"},"east":{"uv":[13,8,13.5,9],"rotation":270,"texture":"#all","cullface":"down"},"down":{"uv":[13,8,14,9],"texture":"#all","cullface":"down"}}},{"from":[10,-0.5,7],"to":[11,0,8],"light_emission":15,"faces":{"north":{"uv":[10,8,11,8.5],"texture":"#all","cullface":"down"},"south":{"uv":[10,8,11,8.5],"rotation":180,"texture":"#all","cullface":"down"},"west":{"uv":[10,8,10.5,9],"rotation":90,"texture":"#all","cullface":"down"},"down":{"uv":[10,8,11,9],"texture":"#all","cullface":"down"}}},{"from":[8,-0.5,4],"to":[12,0,5],"light_emission":15,"faces":{"north":{"uv":[8,11,12,11.5],"rotation":180,"texture":"#all","cullface":"down"},"east":{"uv":[11,11,11.5,12],"rotation":270,"texture":"#all","cullface":"down"},"south":{"uv":[8,11,12,11.5],"texture":"#all","cullface":"down"},"west":{"uv":[8,11,8.5,12],"rotation":90,"texture":"#all","cullface":"down"},"down":{"uv":[8,11,12,12],"texture":"#all","cullface":"down"}}},{"from":[10,-0.7,5],"to":[11,0,6],"light_emission":15,"faces":{"north":{"uv":[10,10,11,10.5],"texture":"#all","cullface":"down"},"south":{"uv":[10,10,11,10.5],"rotation":180,"texture":"#all","cullface":"down"},"west":{"uv":[10,10,10.5,11],"rotation":90,"texture":"#all","cullface":"down"},"down":{"uv":[10,10,11,11],"texture":"#all","cullface":"down"}}},{"from":[11,-0.7,5],"to":[13,0,8],"light_emission":15,"faces":{"north":{"uv":[11,10,13,10.7],"rotation":180,"texture":"#all","cullface":"down"},"east":{"uv":[12,8,12.7,11],"rotation":270,"texture":"#all","cullface":"down"},"south":{"uv":[11,8,13,8.7],"texture":"#all","cullface":"down"},"west":{"uv":[11,8,11.7,11],"rotation":90,"texture":"#all","cullface":"down"},"down":{"uv":[11,8,13,11],"texture":"#all","cullface":"down"}}},{"from":[4,-0.7,10],"to":[6,0,13],"light_emission":15,"faces":{"north":{"uv":[4,5,6,5.7],"rotation":180,"texture":"#all","cullface":"down"},"east":{"uv":[5,3,5.7,6],"rotation":270,"texture":"#all","cullface":"down"},"south":{"uv":[4,3,6,3.7],"texture":"#all","cullface":"down"},"west":{"uv":[4,3,4.7,6],"rotation":90,"texture":"#all","cullface":"down"},"down":{"uv":[4,3,6,6],"texture":"#all","cullface":"down"}}},{"from":[3,-0.5,12],"to":[4,0,13],"light_emission":15,"faces":{"north":{"uv":[3,3,4,3.5],"texture":"#all","cullface":"down"},"west":{"uv":[3,3,3.5,4],"rotation":90,"texture":"#all","cullface":"down"},"down":{"uv":[3,3,4,4],"texture":"#all","cullface":"down"}}},{"from":[3,-0.5,13],"to":[5,0,14],"light_emission":15,"faces":{"east":{"uv":[4,2,4.5,3],"rotation":270,"texture":"#all","cullface":"down"},"south":{"uv":[3,2,5,2.5],"texture":"#all","cullface":"down"},"west":{"uv":[3,2,3.5,3],"rotation":90,"texture":"#all","cullface":"down"},"down":{"uv":[3,2,5,3],"texture":"#all","cullface":"down"}}},{"from":[6,-0.5,10],"to":[7,0,11],"light_emission":15,"faces":{"east":{"uv":[6,5,6.5,6],"rotation":270,"texture":"#all","cullface":"down"},"south":{"uv":[6,5,7,5.5],"rotation":180,"texture":"#all","cullface":"down"},"down":{"uv":[6,5,7,6],"texture":"#all","cullface":"down"}}},{"from":[6,-0.5,9],"to":[8,0,10],"light_emission":15,"faces":{"north":{"uv":[6,6,8,6.5],"rotation":180,"texture":"#all","cullface":"down"},"east":{"uv":[7,6,7.5,7],"rotation":270,"texture":"#all","cullface":"down"},"south":{"uv":[6,6,8,6.5],"texture":"#all","cullface":"down"},"west":{"uv":[6,6,6.5,7],"rotation":90,"texture":"#all","cullface":"down"},"down":{"uv":[6,6,8,7],"texture":"#all","cullface":"down"}}},{"from":[6,-0.5,12],"to":[7,0,13],"light_emission":15,"faces":{"north":{"uv":[6,3,7,3.5],"texture":"#all","cullface":"down"},"east":{"uv":[6,3,6.5,4],"rotation":270,"texture":"#all","cullface":"down"},"south":{"uv":[6,3,7,3.5],"rotation":180,"texture":"#all","cullface":"down"},"down":{"uv":[6,3,7,4],"texture":"#all","cullface":"down"}}},{"from":[4,-0.5,3],"to":[5,0,5],"light_emission":15,"faces":{"north":{"uv":[4,12,5,12.5],"texture":"#all","cullface":"down"},"east":{"uv":[4,11,4.5,13],"rotation":270,"texture":"#all","cullface":"down"},"south":{"uv":[4,11,5,11.5],"rotation":180,"texture":"#all","cullface":"down"},"down":{"uv":[4,11,5,13],"texture":"#all","cullface":"down"}}},{"from":[3,-0.7,3],"to":[4,0,5],"light_emission":15,"faces":{"north":{"uv":[3,12,4,12.5],"texture":"#all","cullface":"down"},"east":{"uv":[3,11,3.5,13],"rotation":270,"texture":"#all","cullface":"down"},"south":{"uv":[3,11,4,11.5],"rotation":180,"texture":"#all","cullface":"down"},"west":{"uv":[3,11,3.5,13],"rotation":90,"texture":"#all","cullface":"down"},"down":{"uv":[3,11,4,13],"texture":"#all","cullface":"down"}}},{"from":[3,-0.5,5],"to":[4,0,6],"light_emission":15,"faces":{"east":{"uv":[3,10,3.5,11],"rotation":270,"texture":"#all","cullface":"down"},"south":{"uv":[3,10,4,10.5],"rotation":180,"texture":"#all","cullface":"down"},"west":{"uv":[3,10,3.5,11],"rotation":90,"texture":"#all","cullface":"down"},"down":{"uv":[3,10,4,11],"texture":"#all","cullface":"down"}}},{"from":[2,-0.5,4],"to":[3,0,5],"light_emission":15,"faces":{"north":{"uv":[2,11,3,11.5],"texture":"#all","cullface":"down"},"south":{"uv":[2,11,3,11.5],"rotation":180,"texture":"#all","cullface":"down"},"west":{"uv":[2,11,2.5,12],"rotation":90,"texture":"#all","cullface":"down"},"down":{"uv":[2,11,3,12],"texture":"#all","cullface":"down"}}},{"from":[6,-0.5,1],"to":[7,0,2],"light_emission":15,"faces":{"north":{"uv":[6,14,7,14.5],"texture":"#all","cullface":"down"},"east":{"uv":[6,14,6.5,15],"rotation":270,"texture":"#all","cullface":"down"},"south":{"uv":[6,14,7,14.5],"rotation":180,"texture":"#all","cullface":"down"},"west":{"uv":[6,14,6.5,15],"rotation":90,"texture":"#all","cullface":"down"},"down":{"uv":[6,14,7,15],"texture":"#all","cullface":"down"}}},{"from":[10,-0.5,12],"to":[12,0,13],"light_emission":15,"faces":{"north":{"uv":[10,3,12,3.5],"rotation":180,"texture":"#all","cullface":"down"},"east":{"uv":[11,3,11.5,4],"rotation":270,"texture":"#all","cullface":"down"},"south":{"uv":[10,3,12,3.5],"texture":"#all","cullface":"down"},"west":{"uv":[10,3,10.5,4],"rotation":90,"texture":"#all","cullface":"down"},"down":{"uv":[10,3,12,4],"texture":"#all","cullface":"down"}}},{"from":[-0.5,1,6],"to":[0,2,7],"light_emission":15,"faces":{"north":{"uv":[6,14,6.5,15],"texture":"#all","cullface":"west"},"south":{"uv":[6,14,6.5,15],"texture":"#all","cullface":"west"},"west":{"uv":[6,14,7,15],"texture":"#all","cullface":"west"},"up":{"uv":[6,14,7,14.5],"rotation":270,"texture":"#all","cullface":"west"},"down":{"uv":[6,14,7,14.5],"rotation":90,"texture":"#all","cullface":"west"}}},{"from":[-0.5,4,2],"to":[0,5,3],"light_emission":15,"faces":{"north":{"uv":[2,11,2.5,12],"texture":"#all","cullface":"west"},"west":{"uv":[2,11,3,12],"texture":"#all","cullface":"west"},"up":{"uv":[2,11,3,11.5],"rotation":270,"texture":"#all","cullface":"west"},"down":{"uv":[2,11,3,11.5],"rotation":90,"texture":"#all","cullface":"west"}}},{"from":[-0.5,5,3],"to":[0,6,4],"light_emission":15,"faces":{"north":{"uv":[3,10,3.5,11],"texture":"#all","cullface":"west"},"south":{"uv":[3,10,3.5,11],"texture":"#all","cullface":"west"},"west":{"uv":[3,10,4,11],"texture":"#all","cullface":"west"},"up":{"uv":[3,10,4,10.5],"rotation":270,"texture":"#all","cullface":"west"}}},{"from":[-0.7,3,3],"to":[0,5,4],"light_emission":15,"faces":{"north":{"uv":[3,11,3.5,13],"texture":"#all","cullface":"west"},"south":{"uv":[3,11,3.5,13],"texture":"#all","cullface":"west"},"west":{"uv":[3,11,4,13],"texture":"#all","cullface":"west"},"up":{"uv":[3,11,4,11.5],"rotation":270,"texture":"#all","cullface":"west"},"down":{"uv":[3,12,4,12.5],"rotation":90,"texture":"#all","cullface":"west"}}},{"from":[-0.5,3,4],"to":[0,5,5],"light_emission":15,"faces":{"south":{"uv":[4,11,4.5,13],"texture":"#all","cullface":"west"},"west":{"uv":[4,11,5,13],"texture":"#all","cullface":"west"},"up":{"uv":[4,11,5,11.5],"rotation":270,"texture":"#all","cullface":"west"},"down":{"uv":[4,12,5,12.5],"rotation":90,"texture":"#all","cullface":"west"}}},{"from":[-0.5,12,6],"to":[0,13,7],"light_emission":15,"faces":{"south":{"uv":[6,3,6.5,4],"texture":"#all","cullface":"west"},"west":{"uv":[6,3,7,4],"texture":"#all","cullface":"west"},"up":{"uv":[6,3,7,3.5],"rotation":270,"texture":"#all","cullface":"west"},"down":{"uv":[6,3,7,3.5],"rotation":90,"texture":"#all","cullface":"west"}}},{"from":[-0.5,9,6],"to":[0,10,8],"light_emission":15,"faces":{"north":{"uv":[6,6,6.5,7],"texture":"#all","cullface":"west"},"south":{"uv":[7,6,7.5,7],"texture":"#all","cullface":"west"},"west":{"uv":[6,6,8,7],"texture":"#all","cullface":"west"},"up":{"uv":[6,6,8,6.5],"rotation":90,"texture":"#all","cullface":"west"},"down":{"uv":[6,6,8,6.5],"rotation":270,"texture":"#all","cullface":"west"}}},{"from":[-0.5,10,6],"to":[0,11,7],"light_emission":15,"faces":{"south":{"uv":[6,5,6.5,6],"texture":"#all","cullface":"west"},"west":{"uv":[6,5,7,6],"texture":"#all","cullface":"west"},"up":{"uv":[6,5,7,5.5],"rotation":270,"texture":"#all","cullface":"west"}}},{"from":[-0.5,13,3],"to":[0,14,5],"light_emission":15,"faces":{"north":{"uv":[3,2,3.5,3],"texture":"#all","cullface":"west"},"south":{"uv":[4,2,4.5,3],"texture":"#all","cullface":"west"},"west":{"uv":[3,2,5,3],"texture":"#all","cullface":"west"},"up":{"uv":[3,2,5,2.5],"rotation":90,"texture":"#all","cullface":"west"}}},{"from":[-0.5,12,3],"to":[0,13,4],"light_emission":15,"faces":{"north":{"uv":[3,3,3.5,4],"texture":"#all","cullface":"west"},"west":{"uv":[3,3,4,4],"texture":"#all","cullface":"west"},"down":{"uv":[3,3,4,3.5],"rotation":90,"texture":"#all","cullface":"west"}}},{"from":[-0.7,10,4],"to":[0,13,6],"light_emission":15,"faces":{"north":{"uv":[4,3,4.7,6],"texture":"#all","cullface":"west"},"south":{"uv":[5,3,5.7,6],"texture":"#all","cullface":"west"},"west":{"uv":[4,3,6,6],"texture":"#all","cullface":"west"},"up":{"uv":[4,3,6,3.7],"rotation":90,"texture":"#all","cullface":"west"},"down":{"uv":[4,5,6,5.7],"rotation":270,"texture":"#all","cullface":"west"}}},{"from":[-0.7,5,11],"to":[0,8,13],"light_emission":15,"faces":{"north":{"uv":[11,8,11.7,11],"texture":"#all","cullface":"west"},"south":{"uv":[12,8,12.7,11],"texture":"#all","cullface":"west"},"west":{"uv":[11,8,13,11],"texture":"#all","cullface":"west"},"up":{"uv":[11,8,13,8.7],"rotation":90,"texture":"#all","cullface":"west"},"down":{"uv":[11,10,13,10.7],"rotation":270,"texture":"#all","cullface":"west"}}},{"from":[-0.7,5,10],"to":[0,6,11],"light_emission":15,"faces":{"north":{"uv":[10,10,10.5,11],"texture":"#all","cullface":"west"},"west":{"uv":[10,10,11,11],"texture":"#all","cullface":"west"},"up":{"uv":[10,10,11,10.5],"rotation":270,"texture":"#all","cullface":"west"},"down":{"uv":[10,10,11,10.5],"rotation":90,"texture":"#all","cullface":"west"}}},{"from":[-0.5,4,8],"to":[0,5,12],"light_emission":15,"faces":{"north":{"uv":[8,11,8.5,12],"texture":"#all","cullface":"west"},"south":{"uv":[11,11,11.5,12],"texture":"#all","cullface":"west"},"west":{"uv":[8,11,12,12],"texture":"#all","cullface":"west"},"up":{"uv":[8,11,12,11.5],"rotation":90,"texture":"#all","cullface":"west"},"down":{"uv":[8,11,12,11.5],"rotation":270,"texture":"#all","cullface":"west"}}},{"from":[-0.5,7,10],"to":[0,8,11],"light_emission":15,"faces":{"north":{"uv":[10,8,10.5,9],"texture":"#all","cullface":"west"},"west":{"uv":[10,8,11,9],"texture":"#all","cullface":"west"},"up":{"uv":[10,8,11,8.5],"rotation":270,"texture":"#all","cullface":"west"},"down":{"uv":[10,8,11,8.5],"rotation":90,"texture":"#all","cullface":"west"}}},{"from":[-0.5,7,13],"to":[0,8,14],"light_emission":15,"faces":{"south":{"uv":[13,8,13.5,9],"texture":"#all","cullface":"west"},"west":{"uv":[13,8,14,9],"texture":"#all","cullface":"west"},"down":{"uv":[13,8,14,8.5],"rotation":90,"texture":"#all","cullface":"west"}}},{"from":[-0.7,8,12],"to":[0,9,14],"light_emission":15,"faces":{"north":{"uv":[12,7,12.5,8],"texture":"#all","cullface":"west"},"south":{"uv":[13,7,13.5,8],"texture":"#all","cullface":"west"},"west":{"uv":[12,7,14,8],"texture":"#all","cullface":"west"},"up":{"uv":[12,7,14,7.5],"rotation":90,"texture":"#all","cullface":"west"},"down":{"uv":[12,7,14,7.5],"rotation":270,"texture":"#all","cullface":"west"}}},{"from":[-0.5,9,13],"to":[0,10,14],"light_emission":15,"faces":{"north":{"uv":[13,6,13.5,7],"texture":"#all","cullface":"west"},"south":{"uv":[13,6,13.5,7],"texture":"#all","cullface":"west"},"west":{"uv":[13,6,14,7],"texture":"#all","cullface":"west"},"up":{"uv":[13,6,14,6.5],"rotation":270,"texture":"#all","cullface":"west"}}},{"from":[-0.5,8,11],"to":[0,9,12],"light_emission":15,"faces":{"north":{"uv":[11,7,11.5,8],"texture":"#all","cullface":"west"},"west":{"uv":[11,7,12,8],"texture":"#all","cullface":"west"},"up":{"uv":[11,7,12,7.5],"rotation":270,"texture":"#all","cullface":"west"}}}]}