{"credit":"Created by Marceus","format_version":"1.21.6","parent":"block/cube_all","textures":{"all":"block/copper_ore2"},"elements":[{"from":[0,0,0],"to":[16,16,16],"faces":{"north":{"uv":[0,0,16,16],"texture":"#all","cullface":"north"},"east":{"uv":[0,0,16,16],"texture":"#all","cullface":"east"},"south":{"uv":[0,0,16,16],"texture":"#all","cullface":"south"},"west":{"uv":[0,0,16,16],"texture":"#all","cullface":"west"},"up":{"uv":[0,0,16,16],"texture":"#all","cullface":"up"},"down":{"uv":[0,0,16,16],"texture":"#all","cullface":"down"}}},{"from":[13,12,-0.5],"to":[14,14,0],"light_emission":15,"faces":{"north":{"uv":[2,2,3,4],"texture":"#all","cullface":"north"},"east":{"uv":[2,2,2.5,4],"texture":"#all","cullface":"north"},"up":{"uv":[2,2,3,2.5],"texture":"#all","cullface":"north"},"down":{"uv":[2,3,3,3.5],"texture":"#all","cullface":"north"}}},{"from":[13,6,-0.5],"to":[14,8,0],"light_emission":15,"faces":{"north":{"uv":[2,8,2.5,10],"texture":"#all","cullface":"north"},"west":{"uv":[2,8,2.5,10],"texture":"#all","cullface":"north"},"up":{"uv":[2,8,3,8.5],"texture":"#all","cullface":"north"},"down":{"uv":[2,9,3,9.5],"texture":"#all","cullface":"north"}}},{"from":[11,2,-0.5],"to":[12,4,0],"light_emission":15,"faces":{"north":{"uv":[4,12,5,14],"texture":"#all","cullface":"north"},"east":{"uv":[4,12,4.5,14],"texture":"#all","cullface":"north"},"up":{"uv":[4,12,5,12.5],"texture":"#all","cullface":"north"}}},{"from":[9,2,-0.7],"to":[11,4,0],"light_emission":15,"faces":{"north":{"uv":[5,12,7,14],"texture":"#all","cullface":"north"},"east":{"uv":[5,12,5.7,14],"texture":"#all","cullface":"north"},"west":{"uv":[6,12,6.7,14],"texture":"#all","cullface":"north"},"up":{"uv":[5,12,7,12.7],"rotation":180,"texture":"#all","cullface":"north"},"down":{"uv":[5,13,7,13.7],"rotation":180,"texture":"#all","cullface":"north"}}},{"from":[5,5,-0.7],"to":[7,7,0],"light_emission":15,"faces":{"north":{"uv":[9,9,11,11],"texture":"#all","cullface":"north"},"east":{"uv":[9,9,9.7,11],"texture":"#all","cullface":"north"},"west":{"uv":[10,9,10.7,11],"texture":"#all","cullface":"north"},"up":{"uv":[9,9,11,9.7],"rotation":180,"texture":"#all","cullface":"north"},"down":{"uv":[9,10,11,10.7],"rotation":180,"texture":"#all","cullface":"north"}}},{"from":[14,6,-0.7],"to":[15,8,0],"light_emission":15,"faces":{"north":{"uv":[1,8,2,10],"texture":"#all","cullface":"north"},"east":{"uv":[1,8,1.5,10],"texture":"#all","cullface":"north"},"west":{"uv":[1,8,1.5,10],"texture":"#all","cullface":"north"},"up":{"uv":[1,8,2,8.5],"texture":"#all","cullface":"north"},"down":{"uv":[1,9,2,9.5],"texture":"#all","cullface":"north"}}},{"from":[14,8,-0.5],"to":[15,9,0],"light_emission":15,"faces":{"north":{"uv":[1,7,2,8],"texture":"#all","cullface":"north"},"east":{"uv":[1,7,1.5,8],"texture":"#all","cullface":"north"},"west":{"uv":[1,7,1.5,8],"texture":"#all","cullface":"north"},"up":{"uv":[1,7,2,7.5],"texture":"#all","cullface":"north"}}},{"from":[15,7,-0.5],"to":[16,8,0],"light_emission":15,"faces":{"north":{"uv":[0,8,1,9],"texture":"#all","cullface":"north"},"east":{"uv":[0,8,0.5,9],"texture":"#all","cullface":"north"},"up":{"uv":[0,8,1,8.5],"texture":"#all","cullface":"north"},"down":{"uv":[0,8,1,8.5],"texture":"#all","cullface":"north"}}},{"from":[7,6,-0.5],"to":[8,7,0],"light_emission":15,"faces":{"north":{"uv":[8,9,9,10],"texture":"#all","cullface":"north"},"east":{"uv":[8,9,8.5,10],"texture":"#all","cullface":"north"},"up":{"uv":[8,9,9,9.5],"texture":"#all","cullface":"north"},"down":{"uv":[8,9,9,9.5],"texture":"#all","cullface":"north"}}},{"from":[9,4,-0.5],"to":[11,5,0],"light_emission":15,"faces":{"north":{"uv":[5,11,7,12],"texture":"#all","cullface":"north"},"east":{"uv":[5,11,5.5,12],"texture":"#all","cullface":"north"},"west":{"uv":[6,11,6.5,12],"texture":"#all","cullface":"north"},"up":{"uv":[5,11,7,11.5],"rotation":180,"texture":"#all","cullface":"north"}}},{"from":[7,3,-0.5],"to":[9,4,0],"light_emission":15,"faces":{"north":{"uv":[7,12,9,13],"texture":"#all","cullface":"north"},"west":{"uv":[8,12,8.5,13],"texture":"#all","cullface":"north"},"up":{"uv":[7,12,9,12.5],"rotation":180,"texture":"#all","cullface":"north"},"down":{"uv":[7,12,9,12.5],"rotation":180,"texture":"#all","cullface":"north"}}},{"from":[11,1,-0.5],"to":[13,2,0],"light_emission":15,"faces":{"north":{"uv":[3,14,5,15],"texture":"#all","cullface":"north"},"east":{"uv":[3,14,3.5,15],"texture":"#all","cullface":"north"},"west":{"uv":[4,14,4.5,15],"texture":"#all","cullface":"north"},"up":{"uv":[3,14,5,14.5],"rotation":180,"texture":"#all","cullface":"north"},"down":{"uv":[3,14,5,14.5],"rotation":180,"texture":"#all","cullface":"north"}}},{"from":[9,9,-0.5],"to":[11,10,0],"light_emission":15,"faces":{"north":{"uv":[5,6,7,7],"texture":"#all","cullface":"north"},"east":{"uv":[5,6,5.5,7],"texture":"#all","cullface":"north"},"west":{"uv":[6,6,6.5,7],"texture":"#all","cullface":"north"},"up":{"uv":[5,6,7,6.5],"rotation":180,"texture":"#all","cullface":"north"},"down":{"uv":[5,6,7,6.5],"rotation":180,"texture":"#all","cullface":"north"}}},{"from":[6,7,-0.5],"to":[7,8,0],"light_emission":15,"faces":{"north":{"uv":[9,8,10,9],"texture":"#all","cullface":"north"},"east":{"uv":[9,8,9.5,9],"texture":"#all","cullface":"north"},"west":{"uv":[9,8,9.5,9],"texture":"#all","cullface":"north"},"up":{"uv":[9,8,10,8.5],"texture":"#all","cullface":"north"}}},{"from":[4,6,-0.5],"to":[5,7,0],"light_emission":15,"faces":{"north":{"uv":[11,9,12,10],"texture":"#all","cullface":"north"},"west":{"uv":[11,9,11.5,10],"texture":"#all","cullface":"north"},"up":{"uv":[11,9,12,9.5],"texture":"#all","cullface":"north"}}},{"from":[4,4,-0.5],"to":[5,5,0],"light_emission":15,"faces":{"north":{"uv":[11,11,12,12],"texture":"#all","cullface":"north"},"east":{"uv":[11,11,11.5,12],"texture":"#all","cullface":"north"},"west":{"uv":[11,11,11.5,12],"texture":"#all","cullface":"north"},"down":{"uv":[11,11,12,11.5],"texture":"#all","cullface":"north"}}},{"from":[10,10,-0.5],"to":[11,11,0],"light_emission":15,"faces":{"north":{"uv":[5,5,6,6],"texture":"#all","cullface":"north"},"west":{"uv":[5,5,5.5,6],"texture":"#all","cullface":"north"},"up":{"uv":[5,5,6,5.5],"texture":"#all","cullface":"north"}}},{"from":[2,11,-0.5],"to":[3,12,0],"light_emission":15,"faces":{"north":{"uv":[13,4,14,5],"texture":"#all","cullface":"north"},"west":{"uv":[13,4,13.5,5],"texture":"#all","cullface":"north"},"up":{"uv":[13,4,14,4.5],"texture":"#all","cullface":"north"},"down":{"uv":[13,4,14,4.5],"texture":"#all","cullface":"north"}}},{"from":[12,14,-0.5],"to":[13,15,0],"light_emission":15,"faces":{"north":{"uv":[3,1,4,2],"texture":"#all","cullface":"north"},"east":{"uv":[3,1,3.5,2],"texture":"#all","cullface":"north"},"west":{"uv":[3,1,3.5,2],"texture":"#all","cullface":"north"},"up":{"uv":[3,1,4,1.5],"texture":"#all","cullface":"north"}}},{"from":[5,12,-0.5],"to":[6,13,0],"light_emission":15,"faces":{"north":{"uv":[10,3,11,4],"texture":"#all","cullface":"north"},"east":{"uv":[10,3,10.5,4],"texture":"#all","cullface":"north"},"up":{"uv":[10,3,11,3.5],"texture":"#all","cullface":"north"},"down":{"uv":[10,3,11,3.5],"texture":"#all","cullface":"north"}}},{"from":[4,13,-0.5],"to":[5,14,0],"light_emission":15,"faces":{"north":{"uv":[11,2,12,3],"texture":"#all","cullface":"north"},"east":{"uv":[11,2,11.5,3],"texture":"#all","cullface":"north"},"west":{"uv":[11,2,11.5,3],"texture":"#all","cullface":"north"},"up":{"uv":[11,2,12,2.5],"texture":"#all","cullface":"north"}}},{"from":[4,11,-0.5],"to":[5,12,0],"light_emission":15,"faces":{"north":{"uv":[11,4,12,5],"texture":"#all","cullface":"north"},"east":{"uv":[11,4,11.5,5],"texture":"#all","cullface":"north"},"down":{"uv":[11,4,12,4.5],"texture":"#all","cullface":"north"}}},{"from":[11,10,-0.7],"to":[13,13,0],"light_emission":15,"faces":{"north":{"uv":[3,3,5,6],"texture":"#all","cullface":"north"},"east":{"uv":[3,3,3.7,6],"texture":"#all","cullface":"north"},"west":{"uv":[4,3,4.7,6],"texture":"#all","cullface":"north"},"up":{"uv":[3,3,5,3.7],"rotation":180,"texture":"#all","cullface":"north"},"down":{"uv":[3,5,5,5.7],"rotation":180,"texture":"#all","cullface":"north"}}},{"from":[12,13,-0.7],"to":[13,14,0],"light_emission":15,"faces":{"north":{"uv":[3,2,4,3],"texture":"#all","cullface":"north"},"east":{"uv":[3,2,3.5,3],"texture":"#all","cullface":"north"},"west":{"uv":[3,2,3.5,3],"texture":"#all","cullface":"north"},"up":{"uv":[3,2,4,2.5],"texture":"#all","cullface":"north"}}},{"from":[3,12,-0.5],"to":[4,13,0],"light_emission":15,"faces":{"north":{"uv":[12,3,13,4],"texture":"#all","cullface":"north"},"west":{"uv":[12,3,12.5,4],"texture":"#all","cullface":"north"},"up":{"uv":[12,3,13,3.5],"texture":"#all","cullface":"north"}}},{"from":[3,11,-0.7],"to":[4,12,0],"light_emission":15,"faces":{"north":{"uv":[12,4,13,5],"texture":"#all","cullface":"north"},"east":{"uv":[12,4,12.5,5],"texture":"#all","cullface":"north"},"west":{"uv":[12,4,12.5,5],"texture":"#all","cullface":"north"},"up":{"uv":[12,4,13,4.5],"texture":"#all","cullface":"north"},"down":{"uv":[12,4,13,4.5],"texture":"#all","cullface":"north"}}},{"from":[-0.5,12,12],"to":[0,13,13],"light_emission":15,"faces":{"south":{"uv":[12,3,12.5,4],"texture":"#all","cullface":"west"},"west":{"uv":[12,3,13,4],"texture":"#all","cullface":"west"},"up":{"uv":[12,3,13,3.5],"rotation":270,"texture":"#all","cullface":"west"}}},{"from":[-0.5,6,2],"to":[0,8,3],"light_emission":15,"faces":{"south":{"uv":[2,8,2.5,10],"texture":"#all","cullface":"west"},"west":{"uv":[2,8,2.5,10],"texture":"#all","cullface":"west"},"up":{"uv":[2,8,3,8.5],"rotation":270,"texture":"#all","cullface":"west"},"down":{"uv":[2,9,3,9.5],"rotation":90,"texture":"#all","cullface":"west"}}},{"from":[-0.5,9,5],"to":[0,10,7],"light_emission":15,"faces":{"north":{"uv":[5,6,5.5,7],"texture":"#all","cullface":"west"},"south":{"uv":[6,6,6.5,7],"texture":"#all","cullface":"west"},"west":{"uv":[5,6,7,7],"texture":"#all","cullface":"west"},"up":{"uv":[5,6,7,6.5],"rotation":90,"texture":"#all","cullface":"west"},"down":{"uv":[5,6,7,6.5],"rotation":270,"texture":"#all","cullface":"west"}}},{"from":[-0.5,11,13],"to":[0,12,14],"light_emission":15,"faces":{"south":{"uv":[13,4,13.5,5],"texture":"#all","cullface":"west"},"west":{"uv":[13,4,14,5],"texture":"#all","cullface":"west"},"up":{"uv":[13,4,14,4.5],"rotation":270,"texture":"#all","cullface":"west"},"down":{"uv":[13,4,14,4.5],"rotation":90,"texture":"#all","cullface":"west"}}},{"from":[-0.5,14,3],"to":[0,15,4],"light_emission":15,"faces":{"north":{"uv":[3,1,3.5,2],"texture":"#all","cullface":"west"},"south":{"uv":[3,1,3.5,2],"texture":"#all","cullface":"west"},"west":{"uv":[3,1,4,2],"texture":"#all","cullface":"west"},"up":{"uv":[3,1,4,1.5],"rotation":270,"texture":"#all","cullface":"west"}}},{"from":[-0.7,10,3],"to":[0,13,5],"light_emission":15,"faces":{"north":{"uv":[3,3,3.7,6],"texture":"#all","cullface":"west"},"south":{"uv":[4,3,4.7,6],"texture":"#all","cullface":"west"},"west":{"uv":[3,3,5,6],"texture":"#all","cullface":"west"},"up":{"uv":[3,3,5,3.7],"rotation":90,"texture":"#all","cullface":"west"},"down":{"uv":[3,5,5,5.7],"rotation":270,"texture":"#all","cullface":"west"}}},{"from":[-0.5,11,11],"to":[0,12,12],"light_emission":15,"faces":{"north":{"uv":[11,4,11.5,5],"texture":"#all","cullface":"west"},"west":{"uv":[11,4,12,5],"texture":"#all","cullface":"west"},"down":{"uv":[11,4,12,4.5],"rotation":90,"texture":"#all","cullface":"west"}}},{"from":[-0.5,13,11],"to":[0,14,12],"light_emission":15,"faces":{"north":{"uv":[11,2,11.5,3],"texture":"#all","cullface":"west"},"south":{"uv":[11,2,11.5,3],"texture":"#all","cullface":"west"},"west":{"uv":[11,2,12,3],"texture":"#all","cullface":"west"},"up":{"uv":[11,2,12,2.5],"rotation":270,"texture":"#all","cullface":"west"}}},{"from":[-0.5,12,10],"to":[0,13,11],"light_emission":15,"faces":{"north":{"uv":[10,3,10.5,4],"texture":"#all","cullface":"west"},"west":{"uv":[10,3,11,4],"texture":"#all","cullface":"west"},"up":{"uv":[10,3,11,3.5],"rotation":270,"texture":"#all","cullface":"west"},"down":{"uv":[10,3,11,3.5],"rotation":90,"texture":"#all","cullface":"west"}}},{"from":[-0.7,12,11],"to":[0,13,12],"light_emission":15,"faces":{"north":{"uv":[11,3,11.5,4],"texture":"#all","cullface":"west"},"south":{"uv":[11,3,11.5,4],"texture":"#all","cullface":"west"},"west":{"uv":[11,3,12,4],"texture":"#all","cullface":"west"},"up":{"uv":[11,3,12,3.5],"rotation":270,"texture":"#all","cullface":"west"},"down":{"uv":[11,3,12,3.5],"rotation":90,"texture":"#all","cullface":"west"}}},{"from":[-0.5,10,5],"to":[0,11,6],"light_emission":15,"faces":{"south":{"uv":[5,5,5.5,6],"texture":"#all","cullface":"west"},"west":{"uv":[5,5,6,6],"texture":"#all","cullface":"west"},"up":{"uv":[5,5,6,5.5],"rotation":270,"texture":"#all","cullface":"west"}}},{"from":[-0.7,13,3],"to":[0,14,4],"light_emission":15,"faces":{"north":{"uv":[3,2,3.5,3],"texture":"#all","cullface":"west"},"south":{"uv":[3,2,3.5,3],"texture":"#all","cullface":"west"},"west":{"uv":[3,2,4,3],"texture":"#all","cullface":"west"},"up":{"uv":[3,2,4,2.5],"rotation":270,"texture":"#all","cullface":"west"}}},{"from":[-0.5,10,12],"to":[0,11,13],"light_emission":15,"faces":{"north":{"uv":[12,5,12.5,6],"texture":"#all","cullface":"west"},"south":{"uv":[12,5,12.5,6],"texture":"#all","cullface":"west"},"west":{"uv":[12,5,13,6],"texture":"#all","cullface":"west"},"down":{"uv":[12,5,13,5.5],"rotation":90,"texture":"#all","cullface":"west"}}},{"from":[-0.7,5,11],"to":[0,6,12],"light_emission":15,"faces":{"south":{"uv":[11,10,11.5,11],"texture":"#all","cullface":"west"},"west":{"uv":[11,10,12,11],"texture":"#all","cullface":"west"},"up":{"uv":[11,10,12,10.5],"rotation":270,"texture":"#all","cullface":"west"},"down":{"uv":[11,10,12,10.5],"rotation":90,"texture":"#all","cullface":"west"}}},{"from":[-0.5,5,12],"to":[0,6,13],"light_emission":15,"faces":{"south":{"uv":[12,10,12.5,11],"texture":"#all","cullface":"west"},"west":{"uv":[12,10,13,11],"texture":"#all","cullface":"west"},"up":{"uv":[12,10,13,10.5],"rotation":270,"texture":"#all","cullface":"west"},"down":{"uv":[12,10,13,10.5],"rotation":90,"texture":"#all","cullface":"west"}}},{"from":[-0.5,4,11],"to":[0,5,12],"light_emission":15,"faces":{"north":{"uv":[11,11,11.5,12],"texture":"#all","cullface":"west"},"south":{"uv":[11,11,11.5,12],"texture":"#all","cullface":"west"},"west":{"uv":[11,11,12,12],"texture":"#all","cullface":"west"},"down":{"uv":[11,11,12,11.5],"rotation":90,"texture":"#all","cullface":"west"}}},{"from":[-0.5,6,11],"to":[0,7,12],"light_emission":15,"faces":{"south":{"uv":[11,9,11.5,10],"texture":"#all","cullface":"west"},"west":{"uv":[11,9,12,10],"texture":"#all","cullface":"west"},"up":{"uv":[11,9,12,9.5],"rotation":270,"texture":"#all","cullface":"west"}}},{"from":[-0.5,7,9],"to":[0,8,10],"light_emission":15,"faces":{"north":{"uv":[9,8,9.5,9],"texture":"#all","cullface":"west"},"south":{"uv":[9,8,9.5,9],"texture":"#all","cullface":"west"},"west":{"uv":[9,8,10,9],"texture":"#all","cullface":"west"},"up":{"uv":[9,8,10,8.5],"rotation":270,"texture":"#all","cullface":"west"}}},{"from":[-0.5,6,8],"to":[0,7,9],"light_emission":15,"faces":{"north":{"uv":[8,9,8.5,10],"texture":"#all","cullface":"west"},"west":{"uv":[8,9,9,10],"texture":"#all","cullface":"west"},"up":{"uv":[8,9,9,9.5],"rotation":270,"texture":"#all","cullface":"west"},"down":{"uv":[8,9,9,9.5],"rotation":90,"texture":"#all","cullface":"west"}}},{"from":[-0.7,5,9],"to":[0,7,11],"light_emission":15,"faces":{"north":{"uv":[9,9,9.7,11],"texture":"#all","cullface":"west"},"south":{"uv":[10,9,10.7,11],"texture":"#all","cullface":"west"},"west":{"uv":[9,9,11,11],"texture":"#all","cullface":"west"},"up":{"uv":[9,9,11,9.7],"rotation":90,"texture":"#all","cullface":"west"},"down":{"uv":[9,10,11,10.7],"rotation":270,"texture":"#all","cullface":"west"}}},{"from":[-0.7,2,5],"to":[0,4,7],"light_emission":15,"faces":{"north":{"uv":[5,12,5.7,14],"texture":"#all","cullface":"west"},"south":{"uv":[6,12,6.7,14],"texture":"#all","cullface":"west"},"west":{"uv":[5,12,7,14],"texture":"#all","cullface":"west"},"up":{"uv":[5,12,7,12.7],"rotation":90,"texture":"#all","cullface":"west"},"down":{"uv":[5,13,7,13.7],"rotation":270,"texture":"#all","cullface":"west"}}},{"from":[-0.5,2,4],"to":[0,4,5],"light_emission":15,"faces":{"north":{"uv":[4,12,4.5,14],"texture":"#all","cullface":"west"},"west":{"uv":[4,12,5,14],"texture":"#all","cullface":"west"},"up":{"uv":[4,12,5,12.5],"rotation":270,"texture":"#all","cullface":"west"}}},{"from":[-0.5,1,3],"to":[0,2,5],"light_emission":15,"faces":{"north":{"uv":[3,14,3.5,15],"texture":"#all","cullface":"west"},"south":{"uv":[4,14,4.5,15],"texture":"#all","cullface":"west"},"west":{"uv":[3,14,5,15],"texture":"#all","cullface":"west"},"up":{"uv":[3,14,5,14.5],"rotation":90,"texture":"#all","cullface":"west"},"down":{"uv":[3,14,5,14.5],"rotation":270,"texture":"#all","cullface":"west"}}},{"from":[-0.5,3,7],"to":[0,4,9],"light_emission":15,"faces":{"south":{"uv":[8,12,8.5,13],"texture":"#all","cullface":"west"},"west":{"uv":[7,12,9,13],"texture":"#all","cullface":"west"},"up":{"uv":[7,12,9,12.5],"rotation":90,"texture":"#all","cullface":"west"},"down":{"uv":[7,12,9,12.5],"rotation":270,"texture":"#all","cullface":"west"}}},{"from":[-0.5,4,5],"to":[0,5,7],"light_emission":15,"faces":{"north":{"uv":[5,11,5.5,12],"texture":"#all","cullface":"west"},"south":{"uv":[6,11,6.5,12],"texture":"#all","cullface":"west"},"west":{"uv":[5,11,7,12],"texture":"#all","cullface":"west"},"up":{"uv":[5,11,7,11.5],"rotation":90,"texture":"#all","cullface":"west"}}},{"from":[-0.5,12,2],"to":[0,14,3],"light_emission":15,"faces":{"north":{"uv":[2,2,2.5,4],"texture":"#all","cullface":"west"},"west":{"uv":[2,2,3,4],"texture":"#all","cullface":"west"},"up":{"uv":[2,2,3,2.5],"rotation":270,"texture":"#all","cullface":"west"},"down":{"uv":[2,3,3,3.5],"rotation":90,"texture":"#all","cullface":"west"}}},{"from":[-0.7,6,1],"to":[0,8,2],"light_emission":15,"faces":{"north":{"uv":[1,8,1.5,10],"texture":"#all","cullface":"west"},"south":{"uv":[1,8,1.5,10],"texture":"#all","cullface":"west"},"west":{"uv":[1,8,2,10],"texture":"#all","cullface":"west"},"up":{"uv":[1,8,2,8.5],"rotation":270,"texture":"#all","cullface":"west"},"down":{"uv":[1,9,2,9.5],"rotation":90,"texture":"#all","cullface":"west"}}},{"from":[-0.5,8,1],"to":[0,9,2],"light_emission":15,"faces":{"north":{"uv":[1,7,1.5,8],"texture":"#all","cullface":"west"},"south":{"uv":[1,7,1.5,8],"texture":"#all","cullface":"west"},"west":{"uv":[1,7,2,8],"texture":"#all","cullface":"west"},"up":{"uv":[1,7,2,7.5],"rotation":270,"texture":"#all","cullface":"west"}}},{"from":[-0.5,7,0],"to":[0,8,1],"light_emission":15,"faces":{"north":{"uv":[0,8,0.5,9],"texture":"#all","cullface":"west"},"west":{"uv":[0,8,1,9],"texture":"#all","cullface":"west"},"up":{"uv":[0,8,1,8.5],"rotation":270,"texture":"#all","cullface":"west"},"down":{"uv":[0,8,1,8.5],"rotation":90,"texture":"#all","cullface":"west"}}},{"from":[-0.7,11,12],"to":[0,12,13],"light_emission":15,"faces":{"north":{"uv":[12,4,12.5,5],"texture":"#all","cullface":"west"},"south":{"uv":[12,4,12.5,5],"texture":"#all","cullface":"west"},"west":{"uv":[12,4,13,5],"texture":"#all","cullface":"west"},"up":{"uv":[12,4,13,4.5],"rotation":270,"texture":"#all","cullface":"west"},"down":{"uv":[12,4,13,4.5],"rotation":90,"texture":"#all","cullface":"west"}}},{"from":[12,12,16],"to":[13,13,16.5],"light_emission":15,"faces":{"east":{"uv":[12,3,12.5,4],"texture":"#all","cullface":"south"},"south":{"uv":[12,3,13,4],"texture":"#all","cullface":"south"},"up":{"uv":[12,3,13,3.5],"rotation":180,"texture":"#all","cullface":"south"}}},{"from":[2,6,16],"to":[3,8,16.5],"light_emission":15,"faces":{"east":{"uv":[2,8,2.5,10],"texture":"#all","cullface":"south"},"south":{"uv":[2,8,3,10],"texture":"#all","cullface":"south"},"up":{"uv":[2,8,3,8.5],"rotation":180,"texture":"#all","cullface":"south"},"down":{"uv":[2,9,3,9.5],"rotation":180,"texture":"#all","cullface":"south"}}},{"from":[5,9,16],"to":[7,10,16.5],"light_emission":15,"faces":{"east":{"uv":[6,6,6.5,7],"texture":"#all","cullface":"south"},"south":{"uv":[5,6,7,7],"texture":"#all","cullface":"south"},"west":{"uv":[5,6,5.5,7],"texture":"#all","cullface":"south"},"up":{"uv":[5,6,7,6.5],"texture":"#all","cullface":"south"},"down":{"uv":[5,6,7,6.5],"texture":"#all","cullface":"south"}}},{"from":[13,11,16],"to":[14,12,16.5],"light_emission":15,"faces":{"east":{"uv":[13,4,13.5,5],"texture":"#all","cullface":"south"},"south":{"uv":[13,4,14,5],"texture":"#all","cullface":"south"},"up":{"uv":[13,4,14,4.5],"rotation":180,"texture":"#all","cullface":"south"},"down":{"uv":[13,4,14,4.5],"rotation":180,"texture":"#all","cullface":"south"}}},{"from":[3,14,16],"to":[4,15,16.5],"light_emission":15,"faces":{"east":{"uv":[3,1,3.5,2],"texture":"#all","cullface":"south"},"south":{"uv":[3,1,4,2],"texture":"#all","cullface":"south"},"west":{"uv":[3,1,3.5,2],"texture":"#all","cullface":"south"},"up":{"uv":[3,1,4,1.5],"rotation":180,"texture":"#all","cullface":"south"}}},{"from":[3,10,16],"to":[5,13,16.7],"light_emission":15,"faces":{"east":{"uv":[4,3,4.7,6],"texture":"#all","cullface":"south"},"south":{"uv":[3,3,5,6],"texture":"#all","cullface":"south"},"west":{"uv":[3,3,3.7,6],"texture":"#all","cullface":"south"},"up":{"uv":[3,3,5,3.7],"texture":"#all","cullface":"south"},"down":{"uv":[3,5,5,5.7],"texture":"#all","cullface":"south"}}},{"from":[11,11,16],"to":[12,12,16.5],"light_emission":15,"faces":{"south":{"uv":[11,4,12,5],"texture":"#all","cullface":"south"},"west":{"uv":[11,4,11.5,5],"texture":"#all","cullface":"south"},"down":{"uv":[11,4,12,4.5],"rotation":180,"texture":"#all","cullface":"south"}}},{"from":[11,13,16],"to":[12,14,16.5],"light_emission":15,"faces":{"east":{"uv":[11,2,11.5,3],"texture":"#all","cullface":"south"},"south":{"uv":[11,2,12,3],"texture":"#all","cullface":"south"},"west":{"uv":[11,2,11.5,3],"texture":"#all","cullface":"south"},"up":{"uv":[11,2,12,2.5],"rotation":180,"texture":"#all","cullface":"south"}}},{"from":[10,12,16],"to":[11,13,16.5],"light_emission":15,"faces":{"south":{"uv":[10,3,11,4],"texture":"#all","cullface":"south"},"west":{"uv":[10,3,10.5,4],"texture":"#all","cullface":"south"},"up":{"uv":[10,3,11,3.5],"rotation":180,"texture":"#all","cullface":"south"},"down":{"uv":[10,3,11,3.5],"rotation":180,"texture":"#all","cullface":"south"}}},{"from":[11,12,16],"to":[12,13,16.7],"light_emission":15,"faces":{"east":{"uv":[11,3,11.5,4],"texture":"#all","cullface":"south"},"south":{"uv":[11,3,12,4],"texture":"#all","cullface":"south"},"west":{"uv":[11,3,11.5,4],"texture":"#all","cullface":"south"},"up":{"uv":[11,3,12,3.5],"rotation":180,"texture":"#all","cullface":"south"},"down":{"uv":[11,3,12,3.5],"rotation":180,"texture":"#all","cullface":"south"}}},{"from":[5,10,16],"to":[6,11,16.5],"light_emission":15,"faces":{"east":{"uv":[5,5,5.5,6],"texture":"#all","cullface":"south"},"south":{"uv":[5,5,6,6],"texture":"#all","cullface":"south"},"up":{"uv":[5,5,6,5.5],"rotation":180,"texture":"#all","cullface":"south"}}},{"from":[3,13,16],"to":[4,14,16.7],"light_emission":15,"faces":{"east":{"uv":[3,2,3.5,3],"texture":"#all","cullface":"south"},"south":{"uv":[3,2,4,3],"texture":"#all","cullface":"south"},"west":{"uv":[3,2,3.5,3],"texture":"#all","cullface":"south"},"up":{"uv":[3,2,4,2.5],"rotation":180,"texture":"#all","cullface":"south"}}},{"from":[12,10,16],"to":[13,11,16.5],"light_emission":15,"faces":{"east":{"uv":[12,5,12.5,6],"texture":"#all","cullface":"south"},"south":{"uv":[12,5,13,6],"texture":"#all","cullface":"south"},"west":{"uv":[12,5,12.5,6],"texture":"#all","cullface":"south"},"down":{"uv":[12,5,13,5.5],"rotation":180,"texture":"#all","cullface":"south"}}},{"from":[11,5,16],"to":[12,6,16.7],"light_emission":15,"faces":{"east":{"uv":[11,10,11.5,11],"texture":"#all","cullface":"south"},"south":{"uv":[11,10,12,11],"texture":"#all","cullface":"south"},"up":{"uv":[11,10,12,10.5],"rotation":180,"texture":"#all","cullface":"south"},"down":{"uv":[11,10,12,10.5],"rotation":180,"texture":"#all","cullface":"south"}}},{"from":[12,5,16],"to":[13,6,16.5],"light_emission":15,"faces":{"east":{"uv":[12,10,12.5,11],"texture":"#all","cullface":"south"},"south":{"uv":[12,10,13,11],"texture":"#all","cullface":"south"},"up":{"uv":[12,10,13,10.5],"rotation":180,"texture":"#all","cullface":"south"},"down":{"uv":[12,10,13,10.5],"rotation":180,"texture":"#all","cullface":"south"}}},{"from":[11,4,16],"to":[12,5,16.5],"light_emission":15,"faces":{"east":{"uv":[11,11,11.5,12],"texture":"#all","cullface":"south"},"south":{"uv":[11,11,12,12],"texture":"#all","cullface":"south"},"west":{"uv":[11,11,11.5,12],"texture":"#all","cullface":"south"},"down":{"uv":[11,11,12,11.5],"rotation":180,"texture":"#all","cullface":"south"}}},{"from":[11,6,16],"to":[12,7,16.5],"light_emission":15,"faces":{"east":{"uv":[11,9,11.5,10],"texture":"#all","cullface":"south"},"south":{"uv":[11,9,12,10],"texture":"#all","cullface":"south"},"up":{"uv":[11,9,12,9.5],"rotation":180,"texture":"#all","cullface":"south"}}},{"from":[9,7,16],"to":[10,8,16.5],"light_emission":15,"faces":{"east":{"uv":[9,8,9.5,9],"texture":"#all","cullface":"south"},"south":{"uv":[9,8,10,9],"texture":"#all","cullface":"south"},"west":{"uv":[9,8,9.5,9],"texture":"#all","cullface":"south"},"up":{"uv":[9,8,10,8.5],"rotation":180,"texture":"#all","cullface":"south"}}},{"from":[8,6,16],"to":[9,7,16.5],"light_emission":15,"faces":{"south":{"uv":[8,9,9,10],"texture":"#all","cullface":"south"},"west":{"uv":[8,9,8.5,10],"texture":"#all","cullface":"south"},"up":{"uv":[8,9,9,9.5],"rotation":180,"texture":"#all","cullface":"south"},"down":{"uv":[8,9,9,9.5],"rotation":180,"texture":"#all","cullface":"south"}}},{"from":[9,5,16],"to":[11,7,16.7],"light_emission":15,"faces":{"east":{"uv":[10,9,10.7,11],"texture":"#all","cullface":"south"},"south":{"uv":[9,9,11,11],"texture":"#all","cullface":"south"},"west":{"uv":[9,9,9.7,11],"texture":"#all","cullface":"south"},"up":{"uv":[9,9,11,9.7],"texture":"#all","cullface":"south"},"down":{"uv":[9,10,11,10.7],"texture":"#all","cullface":"south"}}},{"from":[5,2,16],"to":[7,4,16.7],"light_emission":15,"faces":{"east":{"uv":[6,12,6.7,14],"texture":"#all","cullface":"south"},"south":{"uv":[5,12,7,14],"texture":"#all","cullface":"south"},"west":{"uv":[5,12,5.7,14],"texture":"#all","cullface":"south"},"up":{"uv":[5,12,7,12.7],"texture":"#all","cullface":"south"},"down":{"uv":[5,13,7,13.7],"texture":"#all","cullface":"south"}}},{"from":[4,2,16],"to":[5,4,16.5],"light_emission":15,"faces":{"south":{"uv":[4,12,5,14],"texture":"#all","cullface":"south"},"west":{"uv":[4,12,4.5,14],"texture":"#all","cullface":"south"},"up":{"uv":[4,12,5,12.5],"rotation":180,"texture":"#all","cullface":"south"}}},{"from":[3,1,16],"to":[5,2,16.5],"light_emission":15,"faces":{"east":{"uv":[4,14,4.5,15],"texture":"#all","cullface":"south"},"south":{"uv":[3,14,5,15],"texture":"#all","cullface":"south"},"west":{"uv":[3,14,3.5,15],"texture":"#all","cullface":"south"},"up":{"uv":[3,14,5,14.5],"texture":"#all","cullface":"south"},"down":{"uv":[3,14,5,14.5],"texture":"#all","cullface":"south"}}},{"from":[7,3,16],"to":[9,4,16.5],"light_emission":15,"faces":{"east":{"uv":[8,12,8.5,13],"texture":"#all","cullface":"south"},"south":{"uv":[7,12,9,13],"texture":"#all","cullface":"south"},"up":{"uv":[7,12,9,12.5],"texture":"#all","cullface":"south"},"down":{"uv":[7,12,9,12.5],"texture":"#all","cullface":"south"}}},{"from":[5,4,16],"to":[7,5,16.5],"light_emission":15,"faces":{"east":{"uv":[6,11,6.5,12],"texture":"#all","cullface":"south"},"south":{"uv":[5,11,7,12],"texture":"#all","cullface":"south"},"west":{"uv":[5,11,5.5,12],"texture":"#all","cullface":"south"},"up":{"uv":[5,11,7,11.5],"texture":"#all","cullface":"south"}}},{"from":[2,12,16],"to":[3,14,16.5],"light_emission":15,"faces":{"south":{"uv":[2,2,3,4],"texture":"#all","cullface":"south"},"west":{"uv":[2,2,2.5,4],"texture":"#all","cullface":"south"},"up":{"uv":[2,2,3,2.5],"rotation":180,"texture":"#all","cullface":"south"},"down":{"uv":[2,3,3,3.5],"rotation":180,"texture":"#all","cullface":"south"}}},{"from":[1,6,16],"to":[2,8,16.7],"light_emission":15,"faces":{"east":{"uv":[1,8,1.5,10],"texture":"#all","cullface":"south"},"south":{"uv":[1,8,2,10],"texture":"#all","cullface":"south"},"west":{"uv":[1,8,1.5,10],"texture":"#all","cullface":"south"},"up":{"uv":[1,8,2,8.5],"rotation":180,"texture":"#all","cullface":"south"},"down":{"uv":[1,9,2,9.5],"rotation":180,"texture":"#all","cullface":"south"}}},{"from":[1,8,16],"to":[2,9,16.5],"light_emission":15,"faces":{"east":{"uv":[1,7,1.5,8],"texture":"#all","cullface":"south"},"south":{"uv":[1,7,2,8],"texture":"#all","cullface":"south"},"west":{"uv":[1,7,1.5,8],"texture":"#all","cullface":"south"},"up":{"uv":[1,7,2,7.5],"rotation":180,"texture":"#all","cullface":"south"}}},{"from":[0,7,16],"to":[1,8,16.5],"light_emission":15,"faces":{"south":{"uv":[0,8,1,9],"texture":"#all","cullface":"south"},"west":{"uv":[0,8,0.5,9],"texture":"#all","cullface":"west"},"up":{"uv":[0,8,1,8.5],"rotation":180,"texture":"#all","cullface":"south"},"down":{"uv":[0,8,1,8.5],"rotation":180,"texture":"#all","cullface":"south"}}},{"from":[12,11,16],"to":[13,12,16.7],"light_emission":15,"faces":{"east":{"uv":[12,4,12.5,5],"texture":"#all","cullface":"south"},"south":{"uv":[12,4,13,5],"texture":"#all","cullface":"south"},"west":{"uv":[12,4,12.5,5],"texture":"#all","cullface":"south"},"up":{"uv":[12,4,13,4.5],"rotation":180,"texture":"#all","cullface":"south"},"down":{"uv":[12,4,13,4.5],"rotation":180,"texture":"#all","cullface":"south"}}},{"from":[16,12,3],"to":[16.5,13,4],"light_emission":15,"faces":{"north":{"uv":[12,3,12.5,4],"texture":"#all","cullface":"east"},"east":{"uv":[12,3,13,4],"texture":"#all","cullface":"east"},"up":{"uv":[12,3,13,3.5],"rotation":90,"texture":"#all","cullface":"east"}}},{"from":[16,6,13],"to":[16.5,8,14],"light_emission":15,"faces":{"north":{"uv":[2,8,3,10],"texture":"#all","cullface":"east"},"east":{"uv":[2,8,2.5,10],"texture":"#all","cullface":"east"},"up":{"uv":[2,8,3,8.5],"rotation":180,"texture":"#all","cullface":"east"},"down":{"uv":[2,9,3,9.5],"rotation":180,"texture":"#all","cullface":"east"}}},{"from":[16,9,9],"to":[16.5,10,11],"light_emission":15,"faces":{"north":{"uv":[6,6,6.5,7],"texture":"#all","cullface":"east"},"east":{"uv":[5,6,7,7],"texture":"#all","cullface":"east"},"south":{"uv":[5,6,5.5,7],"texture":"#all","cullface":"east"},"up":{"uv":[5,6,7,6.5],"rotation":270,"texture":"#all","cullface":"east"},"down":{"uv":[5,6,7,6.5],"rotation":90,"texture":"#all","cullface":"east"}}},{"from":[16,11,2],"to":[16.5,12,3],"light_emission":15,"faces":{"north":{"uv":[13,4,13.5,5],"texture":"#all","cullface":"east"},"east":{"uv":[13,4,14,5],"texture":"#all","cullface":"east"},"up":{"uv":[13,4,14,4.5],"rotation":90,"texture":"#all","cullface":"east"},"down":{"uv":[13,4,14,4.5],"rotation":270,"texture":"#all","cullface":"east"}}},{"from":[16,14,12],"to":[16.5,15,13],"light_emission":15,"faces":{"north":{"uv":[3,1,3.5,2],"texture":"#all","cullface":"east"},"east":{"uv":[3,1,4,2],"texture":"#all","cullface":"east"},"south":{"uv":[3,1,3.5,2],"texture":"#all","cullface":"east"},"up":{"uv":[3,1,4,1.5],"rotation":90,"texture":"#all","cullface":"east"}}},{"from":[16,10,11],"to":[16.7,13,13],"light_emission":15,"faces":{"north":{"uv":[4,3,4.7,6],"texture":"#all","cullface":"east"},"east":{"uv":[3,3,5,6],"texture":"#all","cullface":"east"},"south":{"uv":[3,3,3.7,6],"texture":"#all","cullface":"east"},"up":{"uv":[3,3,5,3.7],"rotation":270,"texture":"#all","cullface":"east"},"down":{"uv":[3,5,5,5.7],"rotation":90,"texture":"#all","cullface":"east"}}},{"from":[16,11,4],"to":[16.5,12,5],"light_emission":15,"faces":{"east":{"uv":[11,4,12,5],"texture":"#all","cullface":"east"},"south":{"uv":[11,4,11.5,5],"texture":"#all","cullface":"east"},"down":{"uv":[11,4,12,4.5],"rotation":270,"texture":"#all","cullface":"east"}}},{"from":[16,13,4],"to":[16.5,14,5],"light_emission":15,"faces":{"north":{"uv":[11,2,11.5,3],"texture":"#all","cullface":"east"},"east":{"uv":[11,2,12,3],"texture":"#all","cullface":"east"},"south":{"uv":[11,2,11.5,3],"texture":"#all","cullface":"east"},"up":{"uv":[11,2,12,2.5],"rotation":90,"texture":"#all","cullface":"east"}}},{"from":[16,12,5],"to":[16.5,13,6],"light_emission":15,"faces":{"east":{"uv":[10,3,11,4],"texture":"#all","cullface":"east"},"south":{"uv":[10,3,10.5,4],"texture":"#all","cullface":"east"},"up":{"uv":[10,3,11,3.5],"rotation":90,"texture":"#all","cullface":"east"},"down":{"uv":[10,3,11,3.5],"rotation":270,"texture":"#all","cullface":"east"}}},{"from":[16,12,4],"to":[16.7,13,5],"light_emission":15,"faces":{"north":{"uv":[11,3,11.5,4],"texture":"#all","cullface":"east"},"east":{"uv":[11,3,12,4],"texture":"#all","cullface":"east"},"south":{"uv":[11,3,11.5,4],"texture":"#all","cullface":"east"},"up":{"uv":[11,3,12,3.5],"rotation":90,"texture":"#all","cullface":"east"},"down":{"uv":[11,3,12,3.5],"rotation":270,"texture":"#all","cullface":"east"}}},{"from":[16,10,10],"to":[16.5,11,11],"light_emission":15,"faces":{"north":{"uv":[5,5,5.5,6],"texture":"#all","cullface":"east"},"east":{"uv":[5,5,6,6],"texture":"#all","cullface":"east"},"up":{"uv":[5,5,6,5.5],"rotation":90,"texture":"#all","cullface":"east"}}},{"from":[16,13,12],"to":[16.7,14,13],"light_emission":15,"faces":{"north":{"uv":[3,2,3.5,3],"texture":"#all","cullface":"east"},"east":{"uv":[3,2,4,3],"texture":"#all","cullface":"east"},"south":{"uv":[3,2,3.5,3],"texture":"#all","cullface":"east"},"up":{"uv":[3,2,4,2.5],"rotation":90,"texture":"#all","cullface":"east"}}},{"from":[16,10,3],"to":[16.5,11,4],"light_emission":15,"faces":{"north":{"uv":[12,5,12.5,6],"texture":"#all","cullface":"east"},"east":{"uv":[12,5,13,6],"texture":"#all","cullface":"east"},"south":{"uv":[12,5,12.5,6],"texture":"#all","cullface":"east"},"down":{"uv":[12,5,13,5.5],"rotation":270,"texture":"#all","cullface":"east"}}},{"from":[16,5,4],"to":[16.7,6,5],"light_emission":15,"faces":{"north":{"uv":[11,10,11.5,11],"texture":"#all","cullface":"east"},"east":{"uv":[11,10,12,11],"texture":"#all","cullface":"east"},"up":{"uv":[11,10,12,10.5],"rotation":90,"texture":"#all","cullface":"east"},"down":{"uv":[11,10,12,10.5],"rotation":270,"texture":"#all","cullface":"east"}}},{"from":[16,5,3],"to":[16.5,6,4],"light_emission":15,"faces":{"north":{"uv":[12,10,12.5,11],"texture":"#all","cullface":"east"},"east":{"uv":[12,10,13,11],"texture":"#all","cullface":"east"},"up":{"uv":[12,10,13,10.5],"rotation":90,"texture":"#all","cullface":"east"},"down":{"uv":[12,10,13,10.5],"rotation":270,"texture":"#all","cullface":"east"}}},{"from":[16,4,4],"to":[16.5,5,5],"light_emission":15,"faces":{"north":{"uv":[11,11,11.5,12],"texture":"#all","cullface":"east"},"east":{"uv":[11,11,12,12],"texture":"#all","cullface":"east"},"south":{"uv":[11,11,11.5,12],"texture":"#all","cullface":"east"},"down":{"uv":[11,11,12,11.5],"rotation":270,"texture":"#all","cullface":"east"}}},{"from":[16,6,4],"to":[16.5,7,5],"light_emission":15,"faces":{"north":{"uv":[11,9,11.5,10],"texture":"#all","cullface":"east"},"east":{"uv":[11,9,12,10],"texture":"#all","cullface":"east"},"up":{"uv":[11,9,12,9.5],"rotation":90,"texture":"#all","cullface":"east"}}},{"from":[16,7,6],"to":[16.5,8,7],"light_emission":15,"faces":{"north":{"uv":[9,8,9.5,9],"texture":"#all","cullface":"east"},"east":{"uv":[9,8,10,9],"texture":"#all","cullface":"east"},"south":{"uv":[9,8,9.5,9],"texture":"#all","cullface":"east"},"up":{"uv":[9,8,10,8.5],"rotation":90,"texture":"#all","cullface":"east"}}},{"from":[16,6,7],"to":[16.5,7,8],"light_emission":15,"faces":{"east":{"uv":[8,9,9,10],"texture":"#all","cullface":"east"},"south":{"uv":[8,9,8.5,10],"texture":"#all","cullface":"east"},"up":{"uv":[8,9,9,9.5],"rotation":90,"texture":"#all","cullface":"east"},"down":{"uv":[8,9,9,9.5],"rotation":270,"texture":"#all","cullface":"east"}}},{"from":[16,5,5],"to":[16.7,7,7],"light_emission":15,"faces":{"north":{"uv":[10,9,10.7,11],"texture":"#all","cullface":"east"},"east":{"uv":[9,9,11,11],"texture":"#all","cullface":"east"},"south":{"uv":[9,9,9.7,11],"texture":"#all","cullface":"east"},"up":{"uv":[9,9,11,9.7],"rotation":270,"texture":"#all","cullface":"east"},"down":{"uv":[9,10,11,10.7],"rotation":90,"texture":"#all","cullface":"east"}}},{"from":[16,2,9],"to":[16.7,4,11],"light_emission":15,"faces":{"north":{"uv":[6,12,6.7,14],"texture":"#all","cullface":"east"},"east":{"uv":[5,12,7,14],"texture":"#all","cullface":"east"},"south":{"uv":[5,12,5.7,14],"texture":"#all","cullface":"east"},"up":{"uv":[5,12,7,12.7],"rotation":270,"texture":"#all","cullface":"east"},"down":{"uv":[5,13,7,13.7],"rotation":90,"texture":"#all","cullface":"east"}}},{"from":[16,2,11],"to":[16.5,4,12],"light_emission":15,"faces":{"east":{"uv":[4,12,5,14],"texture":"#all","cullface":"east"},"south":{"uv":[4,12,4.5,14],"texture":"#all","cullface":"east"},"up":{"uv":[4,12,5,12.5],"rotation":90,"texture":"#all","cullface":"east"}}},{"from":[16,1,11],"to":[16.5,2,13],"light_emission":15,"faces":{"north":{"uv":[4,14,4.5,15],"texture":"#all","cullface":"east"},"east":{"uv":[3,14,5,15],"texture":"#all","cullface":"east"},"south":{"uv":[3,14,3.5,15],"texture":"#all","cullface":"east"},"up":{"uv":[3,14,5,14.5],"rotation":270,"texture":"#all","cullface":"east"},"down":{"uv":[3,14,5,14.5],"rotation":90,"texture":"#all","cullface":"east"}}},{"from":[16,3,7],"to":[16.5,4,9],"light_emission":15,"faces":{"north":{"uv":[8,12,8.5,13],"texture":"#all","cullface":"east"},"east":{"uv":[7,12,9,13],"texture":"#all","cullface":"east"},"up":{"uv":[7,12,9,12.5],"rotation":270,"texture":"#all","cullface":"east"},"down":{"uv":[7,12,9,12.5],"rotation":90,"texture":"#all","cullface":"east"}}},{"from":[16,4,9],"to":[16.5,5,11],"light_emission":15,"faces":{"north":{"uv":[6,11,6.5,12],"texture":"#all","cullface":"east"},"east":{"uv":[5,11,7,12],"texture":"#all","cullface":"east"},"south":{"uv":[5,11,5.5,12],"texture":"#all","cullface":"east"},"up":{"uv":[5,11,7,11.5],"rotation":270,"texture":"#all","cullface":"east"}}},{"from":[16,12,13],"to":[16.5,14,14],"light_emission":15,"faces":{"east":{"uv":[2,2,3,4],"texture":"#all","cullface":"east"},"south":{"uv":[2,2,2.5,4],"texture":"#all","cullface":"east"},"up":{"uv":[2,2,3,2.5],"rotation":90,"texture":"#all","cullface":"east"},"down":{"uv":[2,3,3,3.5],"rotation":270,"texture":"#all","cullface":"east"}}},{"from":[16,6,14],"to":[16.7,8,15],"light_emission":15,"faces":{"north":{"uv":[1,8,1.5,10],"texture":"#all","cullface":"east"},"east":{"uv":[1,8,2,10],"texture":"#all","cullface":"east"},"south":{"uv":[1,8,1.5,10],"texture":"#all","cullface":"east"},"up":{"uv":[1,8,2,8.5],"rotation":90,"texture":"#all","cullface":"east"},"down":{"uv":[1,9,2,9.5],"rotation":270,"texture":"#all","cullface":"east"}}},{"from":[16,8,14],"to":[16.5,9,15],"light_emission":15,"faces":{"north":{"uv":[1,7,1.5,8],"texture":"#all","cullface":"east"},"east":{"uv":[1,7,2,8],"texture":"#all","cullface":"east"},"south":{"uv":[1,7,1.5,8],"texture":"#all","cullface":"east"},"up":{"uv":[1,7,2,7.5],"rotation":90,"texture":"#all","cullface":"east"}}},{"from":[16,7,15],"to":[16.5,8,16],"light_emission":15,"faces":{"east":{"uv":[0,8,1,9],"texture":"#all","cullface":"east"},"south":{"uv":[0,8,0.5,9],"texture":"#all","cullface":"east"},"up":{"uv":[0,8,1,8.5],"rotation":90,"texture":"#all","cullface":"east"},"down":{"uv":[0,8,1,8.5],"rotation":270,"texture":"#all","cullface":"east"}}},{"from":[16,11,3],"to":[16.7,12,4],"light_emission":15,"faces":{"north":{"uv":[12,4,12.5,5],"texture":"#all","cullface":"east"},"east":{"uv":[12,4,13,5],"texture":"#all","cullface":"east"},"south":{"uv":[12,4,12.5,5],"texture":"#all","cullface":"east"},"up":{"uv":[12,4,13,4.5],"rotation":90,"texture":"#all","cullface":"east"},"down":{"uv":[12,4,13,4.5],"rotation":270,"texture":"#all","cullface":"east"}}},{"from":[12,16,3],"to":[13,16.5,4],"light_emission":15,"faces":{"north":{"uv":[12,3,13,3.5],"texture":"#all","cullface":"up"},"east":{"uv":[12,3,12.5,4],"rotation":90,"texture":"#all","cullface":"up"},"up":{"uv":[12,3,13,4],"texture":"#all","cullface":"up"}}},{"from":[2,16,8],"to":[3,16.5,10],"light_emission":15,"faces":{"north":{"uv":[2,8,3,8.5],"texture":"#all","cullface":"up"},"east":{"uv":[2,8,2.5,10],"rotation":90,"texture":"#all","cullface":"up"},"south":{"uv":[2,9,3,9.5],"rotation":180,"texture":"#all","cullface":"up"},"up":{"uv":[2,8,2.5,10],"texture":"#all","cullface":"up"}}},{"from":[5,16,6],"to":[7,16.5,7],"light_emission":15,"faces":{"north":{"uv":[5,6,7,6.5],"rotation":180,"texture":"#all","cullface":"up"},"east":{"uv":[6,6,6.5,7],"rotation":90,"texture":"#all","cullface":"up"},"south":{"uv":[5,6,7,6.5],"texture":"#all","cullface":"up"},"west":{"uv":[5,6,5.5,7],"rotation":270,"texture":"#all","cullface":"up"},"up":{"uv":[5,6,7,7],"texture":"#all","cullface":"up"}}},{"from":[13,16,4],"to":[14,16.5,5],"light_emission":15,"faces":{"north":{"uv":[13,4,14,4.5],"texture":"#all","cullface":"up"},"east":{"uv":[13,4,13.5,5],"rotation":90,"texture":"#all","cullface":"up"},"south":{"uv":[13,4,14,4.5],"rotation":180,"texture":"#all","cullface":"up"},"up":{"uv":[13,4,14,5],"texture":"#all","cullface":"up"}}},{"from":[3,16,1],"to":[4,16.5,2],"light_emission":15,"faces":{"north":{"uv":[3,1,4,1.5],"texture":"#all","cullface":"up"},"east":{"uv":[3,1,3.5,2],"rotation":90,"texture":"#all","cullface":"up"},"west":{"uv":[3,1,3.5,2],"rotation":270,"texture":"#all","cullface":"up"},"up":{"uv":[3,1,4,2],"texture":"#all","cullface":"up"}}},{"from":[3,16,3],"to":[5,16.7,6],"light_emission":15,"faces":{"north":{"uv":[3,3,5,3.7],"rotation":180,"texture":"#all","cullface":"up"},"east":{"uv":[4,3,4.7,6],"rotation":90,"texture":"#all","cullface":"up"},"south":{"uv":[3,5,5,5.7],"texture":"#all","cullface":"up"},"west":{"uv":[3,3,3.7,6],"rotation":270,"texture":"#all","cullface":"up"},"up":{"uv":[3,3,5,6],"texture":"#all","cullface":"up"}}},{"from":[11,16,4],"to":[12,16.5,5],"light_emission":15,"faces":{"south":{"uv":[11,4,12,4.5],"rotation":180,"texture":"#all","cullface":"up"},"west":{"uv":[11,4,11.5,5],"rotation":270,"texture":"#all","cullface":"up"},"up":{"uv":[11,4,12,5],"texture":"#all","cullface":"up"}}},{"from":[11,16,2],"to":[12,16.5,3],"light_emission":15,"faces":{"north":{"uv":[11,2,12,2.5],"texture":"#all","cullface":"up"},"east":{"uv":[11,2,11.5,3],"rotation":90,"texture":"#all","cullface":"up"},"west":{"uv":[11,2,11.5,3],"rotation":270,"texture":"#all","cullface":"up"},"up":{"uv":[11,2,12,3],"texture":"#all","cullface":"up"}}},{"from":[10,16,3],"to":[11,16.5,4],"light_emission":15,"faces":{"north":{"uv":[10,3,11,3.5],"texture":"#all","cullface":"up"},"south":{"uv":[10,3,11,3.5],"rotation":180,"texture":"#all","cullface":"up"},"west":{"uv":[10,3,10.5,4],"rotation":270,"texture":"#all","cullface":"up"},"up":{"uv":[10,3,11,4],"texture":"#all","cullface":"up"}}},{"from":[11,16,3],"to":[12,16.7,4],"light_emission":15,"faces":{"north":{"uv":[11,3,12,3.5],"texture":"#all","cullface":"up"},"east":{"uv":[11,3,11.5,4],"rotation":90,"texture":"#all","cullface":"up"},"south":{"uv":[11,3,12,3.5],"rotation":180,"texture":"#all","cullface":"up"},"west":{"uv":[11,3,11.5,4],"rotation":270,"texture":"#all","cullface":"up"},"up":{"uv":[11,3,12,4],"texture":"#all","cullface":"up"}}},{"from":[5,16,5],"to":[6,16.5,6],"light_emission":15,"faces":{"north":{"uv":[5,5,6,5.5],"texture":"#all","cullface":"up"},"east":{"uv":[5,5,5.5,6],"rotation":90,"texture":"#all","cullface":"up"},"up":{"uv":[5,5,6,6],"texture":"#all","cullface":"up"}}},{"from":[3,16,2],"to":[4,16.7,3],"light_emission":15,"faces":{"north":{"uv":[3,2,4,2.5],"texture":"#all","cullface":"up"},"east":{"uv":[3,2,3.5,3],"rotation":90,"texture":"#all","cullface":"up"},"west":{"uv":[3,2,3.5,3],"rotation":270,"texture":"#all","cullface":"up"},"up":{"uv":[3,2,4,3],"texture":"#all","cullface":"up"}}},{"from":[12,16,5],"to":[13,16.5,6],"light_emission":15,"faces":{"east":{"uv":[12,5,12.5,6],"rotation":90,"texture":"#all","cullface":"up"},"south":{"uv":[12,5,13,5.5],"rotation":180,"texture":"#all","cullface":"up"},"west":{"uv":[12,5,12.5,6],"rotation":270,"texture":"#all","cullface":"up"},"up":{"uv":[12,5,13,6],"texture":"#all","cullface":"up"}}},{"from":[11,16,10],"to":[12,16.7,11],"light_emission":15,"faces":{"north":{"uv":[11,10,12,10.5],"texture":"#all","cullface":"up"},"east":{"uv":[11,10,11.5,11],"rotation":90,"texture":"#all","cullface":"up"},"south":{"uv":[11,10,12,10.5],"rotation":180,"texture":"#all","cullface":"up"},"up":{"uv":[11,10,12,11],"texture":"#all","cullface":"up"}}},{"from":[12,16,10],"to":[13,16.5,11],"light_emission":15,"faces":{"north":{"uv":[12,10,13,10.5],"texture":"#all","cullface":"up"},"east":{"uv":[12,10,12.5,11],"rotation":90,"texture":"#all","cullface":"up"},"south":{"uv":[12,10,13,10.5],"rotation":180,"texture":"#all","cullface":"up"},"up":{"uv":[12,10,13,11],"texture":"#all","cullface":"up"}}},{"from":[11,16,11],"to":[12,16.5,12],"light_emission":15,"faces":{"east":{"uv":[11,11,11.5,12],"rotation":90,"texture":"#all","cullface":"up"},"south":{"uv":[11,11,12,11.5],"rotation":180,"texture":"#all","cullface":"up"},"west":{"uv":[11,11,11.5,12],"rotation":270,"texture":"#all","cullface":"up"},"up":{"uv":[11,11,12,12],"texture":"#all","cullface":"up"}}},{"from":[11,16,9],"to":[12,16.5,10],"light_emission":15,"faces":{"north":{"uv":[11,9,12,9.5],"texture":"#all","cullface":"up"},"east":{"uv":[11,9,11.5,10],"rotation":90,"texture":"#all","cullface":"up"},"up":{"uv":[11,9,12,10],"texture":"#all","cullface":"up"}}},{"from":[9,16,8],"to":[10,16.5,9],"light_emission":15,"faces":{"north":{"uv":[9,8,10,8.5],"texture":"#all","cullface":"up"},"east":{"uv":[9,8,9.5,9],"rotation":90,"texture":"#all","cullface":"up"},"west":{"uv":[9,8,9.5,9],"rotation":270,"texture":"#all","cullface":"up"},"up":{"uv":[9,8,10,9],"texture":"#all","cullface":"up"}}},{"from":[8,16,9],"to":[9,16.5,10],"light_emission":15,"faces":{"north":{"uv":[8,9,9,9.5],"texture":"#all","cullface":"up"},"south":{"uv":[8,9,9,9.5],"rotation":180,"texture":"#all","cullface":"up"},"west":{"uv":[8,9,8.5,10],"rotation":270,"texture":"#all","cullface":"up"},"up":{"uv":[8,9,9,10],"texture":"#all","cullface":"up"}}},{"from":[9,16,9],"to":[11,16.7,11],"light_emission":15,"faces":{"north":{"uv":[9,9,11,9.7],"rotation":180,"texture":"#all","cullface":"up"},"east":{"uv":[10,9,10.7,11],"rotation":90,"texture":"#all","cullface":"up"},"south":{"uv":[9,10,11,10.7],"texture":"#all","cullface":"up"},"west":{"uv":[9,9,9.7,11],"rotation":270,"texture":"#all","cullface":"up"},"up":{"uv":[9,9,11,11],"texture":"#all","cullface":"up"}}},{"from":[5,16,12],"to":[7,16.7,14],"light_emission":15,"faces":{"north":{"uv":[5,12,7,12.7],"rotation":180,"texture":"#all","cullface":"up"},"east":{"uv":[6,12,6.7,14],"rotation":90,"texture":"#all","cullface":"up"},"south":{"uv":[5,13,7,13.7],"texture":"#all","cullface":"up"},"west":{"uv":[5,12,5.7,14],"rotation":270,"texture":"#all","cullface":"up"},"up":{"uv":[5,12,7,14],"texture":"#all","cullface":"up"}}},{"from":[4,16,12],"to":[5,16.5,14],"light_emission":15,"faces":{"north":{"uv":[4,12,5,12.5],"texture":"#all","cullface":"up"},"west":{"uv":[4,12,4.5,14],"rotation":270,"texture":"#all","cullface":"up"},"up":{"uv":[4,12,5,14],"texture":"#all","cullface":"up"}}},{"from":[3,16,14],"to":[5,16.5,15],"light_emission":15,"faces":{"north":{"uv":[3,14,5,14.5],"rotation":180,"texture":"#all","cullface":"up"},"east":{"uv":[4,14,4.5,15],"rotation":90,"texture":"#all","cullface":"up"},"south":{"uv":[3,14,5,14.5],"texture":"#all","cullface":"up"},"west":{"uv":[3,14,3.5,15],"rotation":270,"texture":"#all","cullface":"up"},"up":{"uv":[3,14,5,15],"texture":"#all","cullface":"up"}}},{"from":[7,16,12],"to":[9,16.5,13],"light_emission":15,"faces":{"north":{"uv":[7,12,9,12.5],"rotation":180,"texture":"#all","cullface":"up"},"east":{"uv":[8,12,8.5,13],"rotation":90,"texture":"#all","cullface":"up"},"south":{"uv":[7,12,9,12.5],"texture":"#all","cullface":"up"},"up":{"uv":[7,12,9,13],"texture":"#all","cullface":"up"}}},{"from":[5,16,11],"to":[7,16.5,12],"light_emission":15,"faces":{"north":{"uv":[5,11,7,11.5],"rotation":180,"texture":"#all","cullface":"up"},"east":{"uv":[6,11,6.5,12],"rotation":90,"texture":"#all","cullface":"up"},"west":{"uv":[5,11,5.5,12],"rotation":270,"texture":"#all","cullface":"up"},"up":{"uv":[5,11,7,12],"texture":"#all","cullface":"up"}}},{"from":[2,16,2],"to":[3,16.5,4],"light_emission":15,"faces":{"north":{"uv":[2,2,3,2.5],"texture":"#all","cullface":"up"},"south":{"uv":[2,3,3,3.5],"rotation":180,"texture":"#all","cullface":"up"},"west":{"uv":[2,2,2.5,4],"rotation":270,"texture":"#all","cullface":"up"},"up":{"uv":[2,2,3,4],"texture":"#all","cullface":"up"}}},{"from":[1,16,8],"to":[2,16.7,10],"light_emission":15,"faces":{"north":{"uv":[1,8,2,8.5],"texture":"#all","cullface":"up"},"east":{"uv":[1,8,1.5,10],"rotation":90,"texture":"#all","cullface":"up"},"south":{"uv":[1,9,2,9.5],"rotation":180,"texture":"#all","cullface":"up"},"west":{"uv":[1,8,1.5,10],"rotation":270,"texture":"#all","cullface":"up"},"up":{"uv":[1,8,2,10],"texture":"#all","cullface":"up"}}},{"from":[1,16,7],"to":[2,16.5,8],"light_emission":15,"faces":{"north":{"uv":[1,7,2,7.5],"texture":"#all","cullface":"up"},"east":{"uv":[1,7,1.5,8],"rotation":90,"texture":"#all","cullface":"up"},"west":{"uv":[1,7,1.5,8],"rotation":270,"texture":"#all","cullface":"up"},"up":{"uv":[1,7,2,8],"texture":"#all","cullface":"up"}}},{"from":[0,16,8],"to":[1,16.5,9],"light_emission":15,"faces":{"north":{"uv":[0,8,1,8.5],"texture":"#all","cullface":"up"},"south":{"uv":[0,8,1,8.5],"rotation":180,"texture":"#all","cullface":"up"},"west":{"uv":[0,8,0.5,9],"rotation":270,"texture":"#all","cullface":"west"},"up":{"uv":[0,8,1,9],"texture":"#all","cullface":"up"}}},{"from":[12,16,4],"to":[13,16.7,5],"light_emission":15,"faces":{"north":{"uv":[12,4,13,4.5],"texture":"#all","cullface":"up"},"east":{"uv":[12,4,12.5,5],"rotation":90,"texture":"#all","cullface":"up"},"south":{"uv":[12,4,13,4.5],"rotation":180,"texture":"#all","cullface":"up"},"west":{"uv":[12,4,12.5,5],"rotation":270,"texture":"#all","cullface":"up"},"up":{"uv":[12,4,13,5],"texture":"#all","cullface":"up"}}},{"from":[12,-0.5,12],"to":[13,0,13],"light_emission":15,"faces":{"east":{"uv":[12,3,12.5,4],"rotation":270,"texture":"#all","cullface":"down"},"south":{"uv":[12,3,13,3.5],"rotation":180,"texture":"#all","cullface":"down"},"down":{"uv":[12,3,13,4],"texture":"#all","cullface":"down"}}},{"from":[2,-0.5,6],"to":[3,0,8],"light_emission":15,"faces":{"north":{"uv":[2,8,3,8.5],"texture":"#all","cullface":"down"},"east":{"uv":[2,8,2.5,10],"rotation":90,"texture":"#all","cullface":"down"},"south":{"uv":[2,9,3,9.5],"rotation":180,"texture":"#all","cullface":"down"},"down":{"uv":[2,8,3,10],"rotation":180,"texture":"#all","cullface":"down"}}},{"from":[5,-0.5,9],"to":[7,0,10],"light_emission":15,"faces":{"north":{"uv":[5,6,7,6.5],"rotation":180,"texture":"#all","cullface":"down"},"east":{"uv":[6,6,6.5,7],"rotation":270,"texture":"#all","cullface":"down"},"south":{"uv":[5,6,7,6.5],"texture":"#all","cullface":"down"},"west":{"uv":[5,6,5.5,7],"rotation":90,"texture":"#all","cullface":"down"},"down":{"uv":[5,6,7,7],"texture":"#all","cullface":"down"}}},{"from":[13,-0.5,11],"to":[14,0,12],"light_emission":15,"faces":{"north":{"uv":[13,4,14,4.5],"texture":"#all","cullface":"down"},"east":{"uv":[13,4,13.5,5],"rotation":270,"texture":"#all","cullface":"down"},"south":{"uv":[13,4,14,4.5],"rotation":180,"texture":"#all","cullface":"down"},"down":{"uv":[13,4,14,5],"texture":"#all","cullface":"down"}}},{"from":[3,-0.5,14],"to":[4,0,15],"light_emission":15,"faces":{"east":{"uv":[3,1,3.5,2],"rotation":270,"texture":"#all","cullface":"down"},"south":{"uv":[3,1,4,1.5],"rotation":180,"texture":"#all","cullface":"down"},"west":{"uv":[3,1,3.5,2],"rotation":90,"texture":"#all","cullface":"down"},"down":{"uv":[3,1,4,2],"texture":"#all","cullface":"down"}}},{"from":[3,-0.7,10],"to":[5,0,13],"light_emission":15,"faces":{"north":{"uv":[3,5,5,5.7],"rotation":180,"texture":"#all","cullface":"down"},"east":{"uv":[4,3,4.7,6],"rotation":270,"texture":"#all","cullface":"down"},"south":{"uv":[3,3,5,3.7],"texture":"#all","cullface":"down"},"west":{"uv":[3,3,3.7,6],"rotation":90,"texture":"#all","cullface":"down"},"down":{"uv":[3,3,5,6],"texture":"#all","cullface":"down"}}},{"from":[11,-0.5,11],"to":[12,0,12],"light_emission":15,"faces":{"north":{"uv":[11,4,12,4.5],"texture":"#all","cullface":"down"},"west":{"uv":[11,4,11.5,5],"rotation":90,"texture":"#all","cullface":"down"},"down":{"uv":[11,4,12,5],"texture":"#all","cullface":"down"}}},{"from":[11,-0.5,13],"to":[12,0,14],"light_emission":15,"faces":{"east":{"uv":[11,2,11.5,3],"rotation":270,"texture":"#all","cullface":"down"},"south":{"uv":[11,2,12,2.5],"rotation":180,"texture":"#all","cullface":"down"},"west":{"uv":[11,2,11.5,3],"rotation":90,"texture":"#all","cullface":"down"},"down":{"uv":[11,2,12,3],"texture":"#all","cullface":"down"}}},{"from":[10,-0.5,12],"to":[11,0,13],"light_emission":15,"faces":{"north":{"uv":[10,3,11,3.5],"texture":"#all","cullface":"down"},"south":{"uv":[10,3,11,3.5],"rotation":180,"texture":"#all","cullface":"down"},"west":{"uv":[10,3,10.5,4],"rotation":90,"texture":"#all","cullface":"down"},"down":{"uv":[10,3,11,4],"texture":"#all","cullface":"down"}}},{"from":[11,-0.7,12],"to":[12,0,13],"light_emission":15,"faces":{"north":{"uv":[11,3,12,3.5],"texture":"#all","cullface":"down"},"east":{"uv":[11,3,11.5,4],"rotation":270,"texture":"#all","cullface":"down"},"south":{"uv":[11,3,12,3.5],"rotation":180,"texture":"#all","cullface":"down"},"west":{"uv":[11,3,11.5,4],"rotation":90,"texture":"#all","cullface":"down"},"down":{"uv":[11,3,12,4],"texture":"#all","cullface":"down"}}},{"from":[5,-0.5,10],"to":[6,0,11],"light_emission":15,"faces":{"east":{"uv":[5,5,5.5,6],"rotation":270,"texture":"#all","cullface":"down"},"south":{"uv":[5,5,6,5.5],"rotation":180,"texture":"#all","cullface":"down"},"down":{"uv":[5,5,6,6],"texture":"#all","cullface":"down"}}},{"from":[3,-0.7,13],"to":[4,0,14],"light_emission":15,"faces":{"east":{"uv":[3,2,3.5,3],"rotation":270,"texture":"#all","cullface":"down"},"south":{"uv":[3,2,4,2.5],"rotation":180,"texture":"#all","cullface":"down"},"west":{"uv":[3,2,3.5,3],"rotation":90,"texture":"#all","cullface":"down"},"down":{"uv":[3,2,4,3],"texture":"#all","cullface":"down"}}},{"from":[12,-0.5,10],"to":[13,0,11],"light_emission":15,"faces":{"north":{"uv":[12,5,13,5.5],"texture":"#all","cullface":"down"},"east":{"uv":[12,5,12.5,6],"rotation":270,"texture":"#all","cullface":"down"},"west":{"uv":[12,5,12.5,6],"rotation":90,"texture":"#all","cullface":"down"},"down":{"uv":[12,5,13,6],"texture":"#all","cullface":"down"}}},{"from":[11,-0.7,5],"to":[12,0,6],"light_emission":15,"faces":{"north":{"uv":[11,10,12,10.5],"texture":"#all","cullface":"down"},"east":{"uv":[11,10,11.5,11],"rotation":270,"texture":"#all","cullface":"down"},"south":{"uv":[11,10,12,10.5],"rotation":180,"texture":"#all","cullface":"down"},"down":{"uv":[11,10,12,11],"texture":"#all","cullface":"down"}}},{"from":[12,-0.5,5],"to":[13,0,6],"light_emission":15,"faces":{"north":{"uv":[12,10,13,10.5],"texture":"#all","cullface":"down"},"east":{"uv":[12,10,12.5,11],"rotation":270,"texture":"#all","cullface":"down"},"south":{"uv":[12,10,13,10.5],"rotation":180,"texture":"#all","cullface":"down"},"down":{"uv":[12,10,13,11],"texture":"#all","cullface":"down"}}},{"from":[11,-0.5,4],"to":[12,0,5],"light_emission":15,"faces":{"north":{"uv":[11,11,12,11.5],"texture":"#all","cullface":"down"},"east":{"uv":[11,11,11.5,12],"rotation":270,"texture":"#all","cullface":"down"},"west":{"uv":[11,11,11.5,12],"rotation":90,"texture":"#all","cullface":"down"},"down":{"uv":[11,11,12,12],"texture":"#all","cullface":"down"}}},{"from":[11,-0.5,6],"to":[12,0,7],"light_emission":15,"faces":{"east":{"uv":[11,9,11.5,10],"rotation":270,"texture":"#all","cullface":"down"},"south":{"uv":[11,9,12,9.5],"rotation":180,"texture":"#all","cullface":"down"},"down":{"uv":[11,9,12,10],"texture":"#all","cullface":"down"}}},{"from":[9,-0.5,7],"to":[10,0,8],"light_emission":15,"faces":{"east":{"uv":[9,8,9.5,9],"rotation":270,"texture":"#all","cullface":"down"},"south":{"uv":[9,8,10,8.5],"rotation":180,"texture":"#all","cullface":"down"},"west":{"uv":[9,8,9.5,9],"rotation":90,"texture":"#all","cullface":"down"},"down":{"uv":[9,8,10,9],"texture":"#all","cullface":"down"}}},{"from":[8,-0.5,6],"to":[9,0,7],"light_emission":15,"faces":{"north":{"uv":[8,9,9,9.5],"texture":"#all","cullface":"down"},"south":{"uv":[8,9,9,9.5],"rotation":180,"texture":"#all","cullface":"down"},"west":{"uv":[8,9,8.5,10],"rotation":90,"texture":"#all","cullface":"down"},"down":{"uv":[8,9,9,10],"texture":"#all","cullface":"down"}}},{"from":[9,-0.7,5],"to":[11,0,7],"light_emission":15,"faces":{"north":{"uv":[9,10,11,10.7],"rotation":180,"texture":"#all","cullface":"down"},"east":{"uv":[10,9,10.7,11],"rotation":270,"texture":"#all","cullface":"down"},"south":{"uv":[9,9,11,9.7],"texture":"#all","cullface":"down"},"west":{"uv":[9,9,9.7,11],"rotation":90,"texture":"#all","cullface":"down"},"down":{"uv":[9,9,11,11],"texture":"#all","cullface":"down"}}},{"from":[5,-0.7,2],"to":[7,0,4],"light_emission":15,"faces":{"north":{"uv":[5,13,7,13.7],"rotation":180,"texture":"#all","cullface":"down"},"east":{"uv":[6,12,6.7,14],"rotation":270,"texture":"#all","cullface":"down"},"south":{"uv":[5,12,7,12.7],"texture":"#all","cullface":"down"},"west":{"uv":[5,12,5.7,14],"rotation":90,"texture":"#all","cullface":"down"},"down":{"uv":[5,12,7,14],"texture":"#all","cullface":"down"}}},{"from":[4,-0.5,2],"to":[5,0,4],"light_emission":15,"faces":{"south":{"uv":[4,12,5,12.5],"rotation":180,"texture":"#all","cullface":"down"},"west":{"uv":[4,12,4.5,14],"rotation":90,"texture":"#all","cullface":"down"},"down":{"uv":[4,12,5,14],"texture":"#all","cullface":"down"}}},{"from":[3,-0.5,1],"to":[5,0,2],"light_emission":15,"faces":{"north":{"uv":[3,14,5,14.5],"rotation":180,"texture":"#all","cullface":"down"},"east":{"uv":[4,14,4.5,15],"rotation":270,"texture":"#all","cullface":"down"},"south":{"uv":[3,14,5,14.5],"texture":"#all","cullface":"down"},"west":{"uv":[3,14,3.5,15],"rotation":90,"texture":"#all","cullface":"down"},"down":{"uv":[3,14,5,15],"texture":"#all","cullface":"down"}}},{"from":[7,-0.5,3],"to":[9,0,4],"light_emission":15,"faces":{"north":{"uv":[7,12,9,12.5],"rotation":180,"texture":"#all","cullface":"down"},"east":{"uv":[8,12,8.5,13],"rotation":270,"texture":"#all","cullface":"down"},"south":{"uv":[7,12,9,12.5],"texture":"#all","cullface":"down"},"down":{"uv":[7,12,9,13],"texture":"#all","cullface":"down"}}},{"from":[5,-0.5,4],"to":[7,0,5],"light_emission":15,"faces":{"east":{"uv":[6,11,6.5,12],"rotation":270,"texture":"#all","cullface":"down"},"south":{"uv":[5,11,7,11.5],"texture":"#all","cullface":"down"},"west":{"uv":[5,11,5.5,12],"rotation":90,"texture":"#all","cullface":"down"},"down":{"uv":[5,11,7,12],"texture":"#all","cullface":"down"}}},{"from":[2,-0.5,12],"to":[3,0,14],"light_emission":15,"faces":{"north":{"uv":[2,3,3,3.5],"texture":"#all","cullface":"down"},"south":{"uv":[2,2,3,2.5],"rotation":180,"texture":"#all","cullface":"down"},"west":{"uv":[2,2,2.5,4],"rotation":90,"texture":"#all","cullface":"down"},"down":{"uv":[2,2,3,4],"texture":"#all","cullface":"down"}}},{"from":[1,-0.7,6],"to":[2,0,8],"light_emission":15,"faces":{"north":{"uv":[1,9,2,9.5],"texture":"#all","cullface":"down"},"east":{"uv":[1,8,1.5,10],"rotation":270,"texture":"#all","cullface":"down"},"south":{"uv":[1,8,2,8.5],"rotation":180,"texture":"#all","cullface":"down"},"west":{"uv":[1,8,1.5,10],"rotation":90,"texture":"#all","cullface":"down"},"down":{"uv":[1,8,2,10],"texture":"#all","cullface":"down"}}},{"from":[1,-0.5,8],"to":[2,0,9],"light_emission":15,"faces":{"east":{"uv":[1,7,1.5,8],"rotation":270,"texture":"#all","cullface":"down"},"south":{"uv":[1,7,2,7.5],"rotation":180,"texture":"#all","cullface":"down"},"west":{"uv":[1,7,1.5,8],"rotation":90,"texture":"#all","cullface":"down"},"down":{"uv":[1,7,2,8],"texture":"#all","cullface":"down"}}},{"from":[0,-0.5,7],"to":[1,0,8],"light_emission":15,"faces":{"north":{"uv":[0,8,1,8.5],"texture":"#all","cullface":"down"},"south":{"uv":[0,8,1,8.5],"rotation":180,"texture":"#all","cullface":"down"},"west":{"uv":[0,8,0.5,9],"rotation":90,"texture":"#all","cullface":"west"},"down":{"uv":[0,8,1,9],"texture":"#all","cullface":"down"}}},{"from":[12,-0.7,11],"to":[13,0,12],"light_emission":15,"faces":{"north":{"uv":[12,4,13,4.5],"texture":"#all","cullface":"down"},"east":{"uv":[12,4,12.5,5],"rotation":270,"texture":"#all","cullface":"down"},"south":{"uv":[12,4,13,4.5],"rotation":180,"texture":"#all","cullface":"down"},"west":{"uv":[12,4,12.5,5],"rotation":90,"texture":"#all","cullface":"down"},"down":{"uv":[12,4,13,5],"texture":"#all","cullface":"down"}}},{"from":[4,12,-0.7],"to":[5,13,0],"light_emission":15,"faces":{"north":{"uv":[11,3,12,4],"texture":"#all","cullface":"north"},"east":{"uv":[11,3,11.5,4],"texture":"#all","cullface":"north"},"west":{"uv":[11,3,11.5,4],"texture":"#all","cullface":"north"},"up":{"uv":[11,3,12,3.5],"texture":"#all","cullface":"north"},"down":{"uv":[11,3,12,3.5],"texture":"#all","cullface":"north"}}},{"from":[3,10,-0.5],"to":[4,11,0],"light_emission":15,"faces":{"north":{"uv":[12,5,13,6],"texture":"#all","cullface":"north"},"east":{"uv":[12,5,12.5,6],"texture":"#all","cullface":"north"},"west":{"uv":[12,5,12.5,6],"texture":"#all","cullface":"north"},"down":{"uv":[12,5,13,5.5],"texture":"#all","cullface":"north"}}},{"from":[3,5,-0.5],"to":[4,6,0],"light_emission":15,"faces":{"north":{"uv":[12,10,13,11],"texture":"#all","cullface":"north"},"west":{"uv":[12,10,12.5,11],"texture":"#all","cullface":"north"},"up":{"uv":[12,10,13,10.5],"texture":"#all","cullface":"north"},"down":{"uv":[12,10,13,10.5],"texture":"#all","cullface":"north"}}},{"from":[4,5,-0.7],"to":[5,6,0],"light_emission":15,"faces":{"north":{"uv":[11,10,12,11],"texture":"#all","cullface":"north"},"west":{"uv":[11,10,11.5,11],"texture":"#all","cullface":"north"},"up":{"uv":[11,10,12,10.5],"texture":"#all","cullface":"north"},"down":{"uv":[11,10,12,10.5],"texture":"#all","cullface":"north"}}}]}