{"credit":"Created by Marceus","format_version":"1.21.6","parent":"block/cube_all","textures":{"0":"block/deepslate_redstone_ore1","particle":"block/deepslate_redstone_ore1"},"elements":[{"from":[0,0,0],"to":[16,16,16],"faces":{"north":{"uv":[0,0,16,16],"texture":"#0","cullface":"north"},"east":{"uv":[0,0,16,16],"texture":"#0","cullface":"east"},"south":{"uv":[0,0,16,16],"texture":"#0","cullface":"south"},"west":{"uv":[0,0,16,16],"texture":"#0","cullface":"west"},"up":{"uv":[0,0,16,16],"texture":"#0","cullface":"up"},"down":{"uv":[0,0,16,16],"texture":"#0","cullface":"down"}}},{"from":[8,2,-0.5],"to":[9,3,0],"light_emission":15,"faces":{"north":{"uv":[7,13,8,14],"texture":"#0","cullface":"north"},"east":{"uv":[7,13,7.5,14],"texture":"#0","cullface":"north"},"west":{"uv":[7,13,7.5,14],"texture":"#0","cullface":"north"},"up":{"uv":[7,13,8,13.5],"texture":"#0","cullface":"north"}}},{"from":[7,1,-0.7],"to":[10,2,0],"light_emission":15,"faces":{"north":{"uv":[6,14,9,15],"texture":"#0","cullface":"north"},"east":{"uv":[6,14,6.7,15],"texture":"#0","cullface":"north"},"west":{"uv":[8,14,8.7,15],"texture":"#0","cullface":"north"},"up":{"uv":[6,14,9,14.7],"rotation":180,"texture":"#0","cullface":"north"},"down":{"uv":[6,14,9,14.7],"rotation":180,"texture":"#0","cullface":"north"}}},{"from":[-0.7,11,12],"to":[0,13,14],"light_emission":15,"faces":{"north":{"uv":[12,3,12.7,5],"texture":"#0","cullface":"west"},"south":{"uv":[13,3,13.7,5],"texture":"#0","cullface":"west"},"west":{"uv":[12,3,14,5],"texture":"#0","cullface":"west"},"up":{"uv":[12,3,14,3.7],"rotation":90,"texture":"#0","cullface":"west"},"down":{"uv":[12,4,14,4.7],"rotation":270,"texture":"#0","cullface":"west"}}},{"from":[-0.7,11,3],"to":[0,13,5],"light_emission":15,"faces":{"north":{"uv":[3,3,3.7,5],"texture":"#0","cullface":"west"},"south":{"uv":[4,3,4.7,5],"texture":"#0","cullface":"west"},"west":{"uv":[3,3,5,5],"texture":"#0","cullface":"west"},"up":{"uv":[3,3,5,3.7],"rotation":90,"texture":"#0","cullface":"west"},"down":{"uv":[3,4,5,4.7],"rotation":270,"texture":"#0","cullface":"west"}}},{"from":[-0.5,12,8],"to":[0,14,10],"light_emission":15,"faces":{"north":{"uv":[8,2,8.7,4],"texture":"#0","cullface":"west"},"south":{"uv":[9,2,9.7,4],"texture":"#0","cullface":"west"},"west":{"uv":[8,2,10,4],"texture":"#0","cullface":"west"},"up":{"uv":[8,2,10,2.7],"rotation":90,"texture":"#0","cullface":"west"},"down":{"uv":[8,3,10,3.7],"rotation":270,"texture":"#0","cullface":"west"}}},{"from":[-0.7,5,6],"to":[0,7,9],"light_emission":15,"faces":{"north":{"uv":[6,9,6.5,11],"texture":"#0","cullface":"west"},"south":{"uv":[8,9,8.5,11],"texture":"#0","cullface":"west"},"west":{"uv":[6,9,9,11],"texture":"#0","cullface":"west"},"up":{"uv":[6,9,9,9.5],"rotation":90,"texture":"#0","cullface":"west"},"down":{"uv":[6,10,9,10.5],"rotation":270,"texture":"#0","cullface":"west"}}},{"from":[-0.5,13,3],"to":[0,14,4],"light_emission":15,"faces":{"north":{"uv":[3,2,3.5,3],"texture":"#0","cullface":"west"},"south":{"uv":[3,2,3.5,3],"texture":"#0","cullface":"west"},"west":{"uv":[3,2,4,3],"texture":"#0","cullface":"west"},"up":{"uv":[3,2,4,2.5],"rotation":270,"texture":"#0","cullface":"west"}}},{"from":[-0.5,11,11],"to":[0,12,12],"light_emission":15,"faces":{"north":{"uv":[11,4,11.5,5],"texture":"#0","cullface":"west"},"west":{"uv":[11,4,12,5],"texture":"#0","cullface":"west"},"up":{"uv":[11,4,12,4.5],"rotation":270,"texture":"#0","cullface":"west"},"down":{"uv":[11,4,12,4.5],"rotation":90,"texture":"#0","cullface":"west"}}},{"from":[-0.5,9,10],"to":[0,10,11],"light_emission":15,"faces":{"north":{"uv":[10,6,10.5,7],"texture":"#0","cullface":"west"},"south":{"uv":[10,6,10.5,7],"texture":"#0","cullface":"west"},"west":{"uv":[10,6,11,7],"texture":"#0","cullface":"west"},"up":{"uv":[10,6,11,6.5],"rotation":270,"texture":"#0","cullface":"west"},"down":{"uv":[10,6,11,6.5],"rotation":90,"texture":"#0","cullface":"west"}}},{"from":[-0.5,7,8],"to":[0,8,9],"light_emission":15,"faces":{"north":{"uv":[8,8,8.5,9],"texture":"#0","cullface":"west"},"south":{"uv":[8,8,8.5,9],"texture":"#0","cullface":"west"},"west":{"uv":[8,8,9,9],"texture":"#0","cullface":"west"},"up":{"uv":[8,8,9,8.5],"rotation":270,"texture":"#0","cullface":"west"}}},{"from":[-0.5,6,9],"to":[0,7,10],"light_emission":15,"faces":{"south":{"uv":[9,9,9.5,10],"texture":"#0","cullface":"west"},"west":{"uv":[9,9,10,10],"texture":"#0","cullface":"west"},"up":{"uv":[9,9,10,9.5],"rotation":270,"texture":"#0","cullface":"west"},"down":{"uv":[9,9,10,9.5],"rotation":90,"texture":"#0","cullface":"west"}}},{"from":[-0.5,2,2],"to":[0,3,4],"light_emission":15,"faces":{"north":{"uv":[2,13,2.5,14],"texture":"#0","cullface":"west"},"south":{"uv":[3,13,3.5,14],"texture":"#0","cullface":"west"},"west":{"uv":[2,13,4,14],"texture":"#0","cullface":"west"},"up":{"uv":[2,13,4,13.5],"rotation":90,"texture":"#0","cullface":"west"},"down":{"uv":[2,13,4,13.5],"rotation":270,"texture":"#0","cullface":"west"}}},{"from":[-0.5,5,4],"to":[0,6,5],"light_emission":15,"faces":{"north":{"uv":[4,10,4.5,11],"texture":"#0","cullface":"west"},"south":{"uv":[4,10,4.5,11],"texture":"#0","cullface":"west"},"west":{"uv":[4,10,5,11],"texture":"#0","cullface":"west"},"up":{"uv":[4,10,5,10.5],"rotation":270,"texture":"#0","cullface":"west"},"down":{"uv":[4,10,5,10.5],"rotation":90,"texture":"#0","cullface":"west"}}},{"from":[-0.5,3,13],"to":[0,4,14],"light_emission":15,"faces":{"south":{"uv":[13,12,13.5,13],"texture":"#0","cullface":"west"},"west":{"uv":[13,12,14,13],"texture":"#0","cullface":"west"},"up":{"uv":[13,12,14,12.5],"rotation":270,"texture":"#0","cullface":"west"},"down":{"uv":[13,12,14,12.5],"rotation":90,"texture":"#0","cullface":"west"}}},{"from":[-0.5,4,12],"to":[0,5,13],"light_emission":15,"faces":{"north":{"uv":[12,11,12.5,12],"texture":"#0","cullface":"west"},"south":{"uv":[12,11,12.5,12],"texture":"#0","cullface":"west"},"west":{"uv":[12,11,13,12],"texture":"#0","cullface":"west"},"up":{"uv":[12,11,13,11.5],"rotation":270,"texture":"#0","cullface":"west"}}},{"from":[-0.5,3,11],"to":[0,4,12],"light_emission":15,"faces":{"north":{"uv":[11,12,11.5,13],"texture":"#0","cullface":"west"},"west":{"uv":[11,12,12,13],"texture":"#0","cullface":"west"},"up":{"uv":[11,12,12,12.5],"rotation":270,"texture":"#0","cullface":"west"},"down":{"uv":[11,12,12,12.5],"rotation":90,"texture":"#0","cullface":"west"}}},{"from":[-0.5,2,12],"to":[0,3,13],"light_emission":15,"faces":{"north":{"uv":[12,13,12.5,14],"texture":"#0","cullface":"west"},"south":{"uv":[12,13,12.5,14],"texture":"#0","cullface":"west"},"west":{"uv":[12,13,13,14],"texture":"#0","cullface":"west"},"down":{"uv":[12,13,13,13.5],"rotation":90,"texture":"#0","cullface":"west"}}},{"from":[-0.7,3,12],"to":[0,4,13],"light_emission":15,"faces":{"north":{"uv":[12,12,12.7,13],"texture":"#0","cullface":"west"},"south":{"uv":[12,12,12.7,13],"texture":"#0","cullface":"west"},"west":{"uv":[12,12,13,13],"texture":"#0","cullface":"west"},"up":{"uv":[12,12,13,12.7],"rotation":270,"texture":"#0","cullface":"west"},"down":{"uv":[12,12,13,12.7],"rotation":90,"texture":"#0","cullface":"west"}}},{"from":[-0.5,2,7],"to":[0,3,8],"light_emission":15,"faces":{"north":{"uv":[7,13,7.5,14],"texture":"#0","cullface":"west"},"south":{"uv":[7,13,7.5,14],"texture":"#0","cullface":"west"},"west":{"uv":[7,13,8,14],"texture":"#0","cullface":"west"},"up":{"uv":[7,13,8,13.5],"rotation":270,"texture":"#0","cullface":"west"}}},{"from":[-0.7,1,6],"to":[0,2,9],"light_emission":15,"faces":{"north":{"uv":[6,14,6.7,15],"texture":"#0","cullface":"west"},"south":{"uv":[8,14,8.7,15],"texture":"#0","cullface":"west"},"west":{"uv":[6,14,9,15],"texture":"#0","cullface":"west"},"up":{"uv":[6,14,9,14.7],"rotation":90,"texture":"#0","cullface":"west"},"down":{"uv":[6,14,9,14.7],"rotation":270,"texture":"#0","cullface":"west"}}},{"from":[12,11,16],"to":[14,13,16.7],"light_emission":15,"faces":{"east":{"uv":[13,3,13.7,5],"texture":"#0","cullface":"south"},"south":{"uv":[12,3,14,5],"texture":"#0","cullface":"south"},"west":{"uv":[12,3,12.7,5],"texture":"#0","cullface":"south"},"up":{"uv":[12,3,14,3.7],"texture":"#0","cullface":"south"},"down":{"uv":[12,4,14,4.7],"texture":"#0","cullface":"south"}}},{"from":[3,11,16],"to":[5,13,16.7],"light_emission":15,"faces":{"east":{"uv":[4,3,4.7,5],"texture":"#0","cullface":"south"},"south":{"uv":[3,3,5,5],"texture":"#0","cullface":"south"},"west":{"uv":[3,3,3.7,5],"texture":"#0","cullface":"south"},"up":{"uv":[3,3,5,3.7],"texture":"#0","cullface":"south"},"down":{"uv":[3,4,5,4.7],"texture":"#0","cullface":"south"}}},{"from":[8,12,16],"to":[10,14,16.5],"light_emission":15,"faces":{"east":{"uv":[9,2,9.7,4],"texture":"#0","cullface":"south"},"south":{"uv":[8,2,10,4],"texture":"#0","cullface":"south"},"west":{"uv":[8,2,8.7,4],"texture":"#0","cullface":"south"},"up":{"uv":[8,2,10,2.7],"texture":"#0","cullface":"south"},"down":{"uv":[8,3,10,3.7],"texture":"#0","cullface":"south"}}},{"from":[6,5,16],"to":[9,7,16.7],"light_emission":15,"faces":{"east":{"uv":[8,9,8.5,11],"texture":"#0","cullface":"south"},"south":{"uv":[6,9,9,11],"texture":"#0","cullface":"south"},"west":{"uv":[6,9,6.5,11],"texture":"#0","cullface":"south"},"up":{"uv":[6,9,9,9.5],"texture":"#0","cullface":"south"},"down":{"uv":[6,10,9,10.5],"texture":"#0","cullface":"south"}}},{"from":[3,13,16],"to":[4,14,16.5],"light_emission":15,"faces":{"east":{"uv":[3,2,3.5,3],"texture":"#0","cullface":"south"},"south":{"uv":[3,2,4,3],"texture":"#0","cullface":"south"},"west":{"uv":[3,2,3.5,3],"texture":"#0","cullface":"south"},"up":{"uv":[3,2,4,2.5],"rotation":180,"texture":"#0","cullface":"south"}}},{"from":[11,11,16],"to":[12,12,16.5],"light_emission":15,"faces":{"south":{"uv":[11,4,12,5],"texture":"#0","cullface":"south"},"west":{"uv":[11,4,11.5,5],"texture":"#0","cullface":"south"},"up":{"uv":[11,4,12,4.5],"rotation":180,"texture":"#0","cullface":"south"},"down":{"uv":[11,4,12,4.5],"rotation":180,"texture":"#0","cullface":"south"}}},{"from":[10,9,16],"to":[11,10,16.5],"light_emission":15,"faces":{"east":{"uv":[10,6,10.5,7],"texture":"#0","cullface":"south"},"south":{"uv":[10,6,11,7],"texture":"#0","cullface":"south"},"west":{"uv":[10,6,10.5,7],"texture":"#0","cullface":"south"},"up":{"uv":[10,6,11,6.5],"rotation":180,"texture":"#0","cullface":"south"},"down":{"uv":[10,6,11,6.5],"rotation":180,"texture":"#0","cullface":"south"}}},{"from":[8,7,16],"to":[9,8,16.5],"light_emission":15,"faces":{"east":{"uv":[8,8,8.5,9],"texture":"#0","cullface":"south"},"south":{"uv":[8,8,9,9],"texture":"#0","cullface":"south"},"west":{"uv":[8,8,8.5,9],"texture":"#0","cullface":"south"},"up":{"uv":[8,8,9,8.5],"rotation":180,"texture":"#0","cullface":"south"}}},{"from":[9,6,16],"to":[10,7,16.5],"light_emission":15,"faces":{"east":{"uv":[9,9,9.5,10],"texture":"#0","cullface":"south"},"south":{"uv":[9,9,10,10],"texture":"#0","cullface":"south"},"up":{"uv":[9,9,10,9.5],"rotation":180,"texture":"#0","cullface":"south"},"down":{"uv":[9,9,10,9.5],"rotation":180,"texture":"#0","cullface":"south"}}},{"from":[2,2,16],"to":[4,3,16.5],"light_emission":15,"faces":{"east":{"uv":[3,13,3.5,14],"texture":"#0","cullface":"south"},"south":{"uv":[2,13,4,14],"texture":"#0","cullface":"south"},"west":{"uv":[2,13,2.5,14],"texture":"#0","cullface":"south"},"up":{"uv":[2,13,4,13.5],"texture":"#0","cullface":"south"},"down":{"uv":[2,13,4,13.5],"texture":"#0","cullface":"south"}}},{"from":[4,5,16],"to":[5,6,16.5],"light_emission":15,"faces":{"east":{"uv":[4,10,4.5,11],"texture":"#0","cullface":"south"},"south":{"uv":[4,10,5,11],"texture":"#0","cullface":"south"},"west":{"uv":[4,10,4.5,11],"texture":"#0","cullface":"south"},"up":{"uv":[4,10,5,10.5],"rotation":180,"texture":"#0","cullface":"south"},"down":{"uv":[4,10,5,10.5],"rotation":180,"texture":"#0","cullface":"south"}}},{"from":[13,3,16],"to":[14,4,16.5],"light_emission":15,"faces":{"east":{"uv":[13,12,13.5,13],"texture":"#0","cullface":"south"},"south":{"uv":[13,12,14,13],"texture":"#0","cullface":"south"},"up":{"uv":[13,12,14,12.5],"rotation":180,"texture":"#0","cullface":"south"},"down":{"uv":[13,12,14,12.5],"rotation":180,"texture":"#0","cullface":"south"}}},{"from":[12,4,16],"to":[13,5,16.5],"light_emission":15,"faces":{"east":{"uv":[12,11,12.5,12],"texture":"#0","cullface":"south"},"south":{"uv":[12,11,13,12],"texture":"#0","cullface":"south"},"west":{"uv":[12,11,12.5,12],"texture":"#0","cullface":"south"},"up":{"uv":[12,11,13,11.5],"rotation":180,"texture":"#0","cullface":"south"}}},{"from":[11,3,16],"to":[12,4,16.5],"light_emission":15,"faces":{"south":{"uv":[11,12,12,13],"texture":"#0","cullface":"south"},"west":{"uv":[11,12,11.5,13],"texture":"#0","cullface":"south"},"up":{"uv":[11,12,12,12.5],"rotation":180,"texture":"#0","cullface":"south"},"down":{"uv":[11,12,12,12.5],"rotation":180,"texture":"#0","cullface":"south"}}},{"from":[12,2,16],"to":[13,3,16.5],"light_emission":15,"faces":{"east":{"uv":[12,13,12.5,14],"texture":"#0","cullface":"south"},"south":{"uv":[12,13,13,14],"texture":"#0","cullface":"south"},"west":{"uv":[12,13,12.5,14],"texture":"#0","cullface":"south"},"down":{"uv":[12,13,13,13.5],"rotation":180,"texture":"#0","cullface":"south"}}},{"from":[12,3,16],"to":[13,4,16.7],"light_emission":15,"faces":{"east":{"uv":[12,12,12.7,13],"texture":"#0","cullface":"south"},"south":{"uv":[12,12,13,13],"texture":"#0","cullface":"south"},"west":{"uv":[12,12,12.7,13],"texture":"#0","cullface":"south"},"up":{"uv":[12,12,13,12.7],"rotation":180,"texture":"#0","cullface":"south"},"down":{"uv":[12,12,13,12.7],"rotation":180,"texture":"#0","cullface":"south"}}},{"from":[7,2,16],"to":[8,3,16.5],"light_emission":15,"faces":{"east":{"uv":[7,13,7.5,14],"texture":"#0","cullface":"south"},"south":{"uv":[7,13,8,14],"texture":"#0","cullface":"south"},"west":{"uv":[7,13,7.5,14],"texture":"#0","cullface":"south"},"up":{"uv":[7,13,8,13.5],"rotation":180,"texture":"#0","cullface":"south"}}},{"from":[6,1,16],"to":[9,2,16.7],"light_emission":15,"faces":{"east":{"uv":[8,14,8.7,15],"texture":"#0","cullface":"south"},"south":{"uv":[6,14,9,15],"texture":"#0","cullface":"south"},"west":{"uv":[6,14,6.7,15],"texture":"#0","cullface":"south"},"up":{"uv":[6,14,9,14.7],"texture":"#0","cullface":"south"},"down":{"uv":[6,14,9,14.7],"texture":"#0","cullface":"south"}}},{"from":[16,11,2],"to":[16.7,13,4],"light_emission":15,"faces":{"north":{"uv":[13,3,13.7,5],"texture":"#0","cullface":"east"},"east":{"uv":[12,3,14,5],"texture":"#0","cullface":"east"},"south":{"uv":[12,3,12.7,5],"texture":"#0","cullface":"east"},"up":{"uv":[12,3,14,3.7],"rotation":270,"texture":"#0","cullface":"east"},"down":{"uv":[12,4,14,4.7],"rotation":90,"texture":"#0","cullface":"east"}}},{"from":[16,11,11],"to":[16.7,13,13],"light_emission":15,"faces":{"north":{"uv":[4,3,4.7,5],"texture":"#0","cullface":"east"},"east":{"uv":[3,3,5,5],"texture":"#0","cullface":"east"},"south":{"uv":[3,3,3.7,5],"texture":"#0","cullface":"east"},"up":{"uv":[3,3,5,3.7],"rotation":270,"texture":"#0","cullface":"east"},"down":{"uv":[3,4,5,4.7],"rotation":90,"texture":"#0","cullface":"east"}}},{"from":[16,12,6],"to":[16.5,14,8],"light_emission":15,"faces":{"north":{"uv":[9,2,9.7,4],"texture":"#0","cullface":"east"},"east":{"uv":[8,2,10,4],"texture":"#0","cullface":"east"},"south":{"uv":[8,2,8.7,4],"texture":"#0","cullface":"east"},"up":{"uv":[8,2,10,2.7],"rotation":270,"texture":"#0","cullface":"east"},"down":{"uv":[8,3,10,3.7],"rotation":90,"texture":"#0","cullface":"east"}}},{"from":[16,5,7],"to":[16.7,7,10],"light_emission":15,"faces":{"north":{"uv":[8,9,8.5,11],"texture":"#0","cullface":"east"},"east":{"uv":[6,9,9,11],"texture":"#0","cullface":"east"},"south":{"uv":[6,9,6.5,11],"texture":"#0","cullface":"east"},"up":{"uv":[6,9,9,9.5],"rotation":270,"texture":"#0","cullface":"east"},"down":{"uv":[6,10,9,10.5],"rotation":90,"texture":"#0","cullface":"east"}}},{"from":[16,13,12],"to":[16.5,14,13],"light_emission":15,"faces":{"north":{"uv":[3,2,3.5,3],"texture":"#0","cullface":"east"},"east":{"uv":[3,2,4,3],"texture":"#0","cullface":"east"},"south":{"uv":[3,2,3.5,3],"texture":"#0","cullface":"east"},"up":{"uv":[3,2,4,2.5],"rotation":90,"texture":"#0","cullface":"east"}}},{"from":[16,11,4],"to":[16.5,12,5],"light_emission":15,"faces":{"east":{"uv":[11,4,12,5],"texture":"#0","cullface":"east"},"south":{"uv":[11,4,11.5,5],"texture":"#0","cullface":"east"},"up":{"uv":[11,4,12,4.5],"rotation":90,"texture":"#0","cullface":"east"},"down":{"uv":[11,4,12,4.5],"rotation":270,"texture":"#0","cullface":"east"}}},{"from":[16,9,5],"to":[16.5,10,6],"light_emission":15,"faces":{"north":{"uv":[10,6,10.5,7],"texture":"#0","cullface":"east"},"east":{"uv":[10,6,11,7],"texture":"#0","cullface":"east"},"south":{"uv":[10,6,10.5,7],"texture":"#0","cullface":"east"},"up":{"uv":[10,6,11,6.5],"rotation":90,"texture":"#0","cullface":"east"},"down":{"uv":[10,6,11,6.5],"rotation":270,"texture":"#0","cullface":"east"}}},{"from":[16,7,7],"to":[16.5,8,8],"light_emission":15,"faces":{"north":{"uv":[8,8,8.5,9],"texture":"#0","cullface":"east"},"east":{"uv":[8,8,9,9],"texture":"#0","cullface":"east"},"south":{"uv":[8,8,8.5,9],"texture":"#0","cullface":"east"},"up":{"uv":[8,8,9,8.5],"rotation":90,"texture":"#0","cullface":"east"}}},{"from":[16,6,6],"to":[16.5,7,7],"light_emission":15,"faces":{"north":{"uv":[9,9,9.5,10],"texture":"#0","cullface":"east"},"east":{"uv":[9,9,10,10],"texture":"#0","cullface":"east"},"up":{"uv":[9,9,10,9.5],"rotation":90,"texture":"#0","cullface":"east"},"down":{"uv":[9,9,10,9.5],"rotation":270,"texture":"#0","cullface":"east"}}},{"from":[16,2,12],"to":[16.5,3,14],"light_emission":15,"faces":{"north":{"uv":[3,13,3.5,14],"texture":"#0","cullface":"east"},"east":{"uv":[2,13,4,14],"texture":"#0","cullface":"east"},"south":{"uv":[2,13,2.5,14],"texture":"#0","cullface":"east"},"up":{"uv":[2,13,4,13.5],"rotation":270,"texture":"#0","cullface":"east"},"down":{"uv":[2,13,4,13.5],"rotation":90,"texture":"#0","cullface":"east"}}},{"from":[16,5,11],"to":[16.5,6,12],"light_emission":15,"faces":{"north":{"uv":[4,10,4.5,11],"texture":"#0","cullface":"east"},"east":{"uv":[4,10,5,11],"texture":"#0","cullface":"east"},"south":{"uv":[4,10,4.5,11],"texture":"#0","cullface":"east"},"up":{"uv":[4,10,5,10.5],"rotation":90,"texture":"#0","cullface":"east"},"down":{"uv":[4,10,5,10.5],"rotation":270,"texture":"#0","cullface":"east"}}},{"from":[16,3,2],"to":[16.5,4,3],"light_emission":15,"faces":{"north":{"uv":[13,12,13.5,13],"texture":"#0","cullface":"east"},"east":{"uv":[13,12,14,13],"texture":"#0","cullface":"east"},"up":{"uv":[13,12,14,12.5],"rotation":90,"texture":"#0","cullface":"east"},"down":{"uv":[13,12,14,12.5],"rotation":270,"texture":"#0","cullface":"east"}}},{"from":[16,4,3],"to":[16.5,5,4],"light_emission":15,"faces":{"north":{"uv":[12,11,12.5,12],"texture":"#0","cullface":"east"},"east":{"uv":[12,11,13,12],"texture":"#0","cullface":"east"},"south":{"uv":[12,11,12.5,12],"texture":"#0","cullface":"east"},"up":{"uv":[12,11,13,11.5],"rotation":90,"texture":"#0","cullface":"east"}}},{"from":[16,3,4],"to":[16.5,4,5],"light_emission":15,"faces":{"east":{"uv":[11,12,12,13],"texture":"#0","cullface":"east"},"south":{"uv":[11,12,11.5,13],"texture":"#0","cullface":"east"},"up":{"uv":[11,12,12,12.5],"rotation":90,"texture":"#0","cullface":"east"},"down":{"uv":[11,12,12,12.5],"rotation":270,"texture":"#0","cullface":"east"}}},{"from":[16,2,3],"to":[16.5,3,4],"light_emission":15,"faces":{"north":{"uv":[12,13,12.5,14],"texture":"#0","cullface":"east"},"east":{"uv":[12,13,13,14],"texture":"#0","cullface":"east"},"south":{"uv":[12,13,12.5,14],"texture":"#0","cullface":"east"},"down":{"uv":[12,13,13,13.5],"rotation":270,"texture":"#0","cullface":"east"}}},{"from":[16,3,3],"to":[16.7,4,4],"light_emission":15,"faces":{"north":{"uv":[12,12,12.7,13],"texture":"#0","cullface":"east"},"east":{"uv":[12,12,13,13],"texture":"#0","cullface":"east"},"south":{"uv":[12,12,12.7,13],"texture":"#0","cullface":"east"},"up":{"uv":[12,12,13,12.7],"rotation":90,"texture":"#0","cullface":"east"},"down":{"uv":[12,12,13,12.7],"rotation":270,"texture":"#0","cullface":"east"}}},{"from":[16,2,8],"to":[16.5,3,9],"light_emission":15,"faces":{"north":{"uv":[7,13,7.5,14],"texture":"#0","cullface":"east"},"east":{"uv":[7,13,8,14],"texture":"#0","cullface":"east"},"south":{"uv":[7,13,7.5,14],"texture":"#0","cullface":"east"},"up":{"uv":[7,13,8,13.5],"rotation":90,"texture":"#0","cullface":"east"}}},{"from":[16,1,7],"to":[16.7,2,10],"light_emission":15,"faces":{"north":{"uv":[8,14,8.7,15],"texture":"#0","cullface":"east"},"east":{"uv":[6,14,9,15],"texture":"#0","cullface":"east"},"south":{"uv":[6,14,6.7,15],"texture":"#0","cullface":"east"},"up":{"uv":[6,14,9,14.7],"rotation":270,"texture":"#0","cullface":"east"},"down":{"uv":[6,14,9,14.7],"rotation":90,"texture":"#0","cullface":"east"}}},{"from":[12,16,3],"to":[14,16.7,5],"light_emission":15,"faces":{"north":{"uv":[12,3,14,3.7],"rotation":180,"texture":"#0","cullface":"up"},"east":{"uv":[13,3,13.7,5],"rotation":90,"texture":"#0","cullface":"up"},"south":{"uv":[12,4,14,4.7],"texture":"#0","cullface":"up"},"west":{"uv":[12,3,12.7,5],"rotation":270,"texture":"#0","cullface":"up"},"up":{"uv":[12,3,14,5],"texture":"#0","cullface":"up"}}},{"from":[3,16,3],"to":[5,16.7,5],"light_emission":15,"faces":{"north":{"uv":[3,3,5,3.7],"rotation":180,"texture":"#0","cullface":"up"},"east":{"uv":[4,3,4.7,5],"rotation":90,"texture":"#0","cullface":"up"},"south":{"uv":[3,4,5,4.7],"texture":"#0","cullface":"up"},"west":{"uv":[3,3,3.7,5],"rotation":270,"texture":"#0","cullface":"up"},"up":{"uv":[3,3,5,5],"texture":"#0","cullface":"up"}}},{"from":[8,16,2],"to":[10,16.5,4],"light_emission":15,"faces":{"north":{"uv":[8,2,10,2.7],"rotation":180,"texture":"#0","cullface":"up"},"east":{"uv":[9,2,9.7,4],"rotation":90,"texture":"#0","cullface":"up"},"south":{"uv":[8,3,10,3.7],"texture":"#0","cullface":"up"},"west":{"uv":[8,2,8.7,4],"rotation":270,"texture":"#0","cullface":"up"},"up":{"uv":[8,2,10,4],"texture":"#0","cullface":"up"}}},{"from":[6,16,9],"to":[9,16.7,11],"light_emission":15,"faces":{"north":{"uv":[6,9,9,9.5],"rotation":180,"texture":"#0","cullface":"up"},"east":{"uv":[8,9,8.5,11],"rotation":90,"texture":"#0","cullface":"up"},"south":{"uv":[6,10,9,10.5],"texture":"#0","cullface":"up"},"west":{"uv":[6,9,6.5,11],"rotation":270,"texture":"#0","cullface":"up"},"up":{"uv":[6,9,9,11],"texture":"#0","cullface":"up"}}},{"from":[3,16,2],"to":[4,16.5,3],"light_emission":15,"faces":{"north":{"uv":[3,2,4,2.5],"texture":"#0","cullface":"up"},"east":{"uv":[3,2,3.5,3],"rotation":90,"texture":"#0","cullface":"up"},"west":{"uv":[3,2,3.5,3],"rotation":270,"texture":"#0","cullface":"up"},"up":{"uv":[3,2,4,3],"texture":"#0","cullface":"up"}}},{"from":[11,16,4],"to":[12,16.5,5],"light_emission":15,"faces":{"north":{"uv":[11,4,12,4.5],"texture":"#0","cullface":"up"},"south":{"uv":[11,4,12,4.5],"rotation":180,"texture":"#0","cullface":"up"},"west":{"uv":[11,4,11.5,5],"rotation":270,"texture":"#0","cullface":"up"},"up":{"uv":[11,4,12,5],"texture":"#0","cullface":"up"}}},{"from":[10,16,6],"to":[11,16.5,7],"light_emission":15,"faces":{"north":{"uv":[10,6,11,6.5],"texture":"#0","cullface":"up"},"east":{"uv":[10,6,10.5,7],"rotation":90,"texture":"#0","cullface":"up"},"south":{"uv":[10,6,11,6.5],"rotation":180,"texture":"#0","cullface":"up"},"west":{"uv":[10,6,10.5,7],"rotation":270,"texture":"#0","cullface":"up"},"up":{"uv":[10,6,11,7],"texture":"#0","cullface":"up"}}},{"from":[8,16,8],"to":[9,16.5,9],"light_emission":15,"faces":{"north":{"uv":[8,8,9,8.5],"texture":"#0","cullface":"up"},"east":{"uv":[8,8,8.5,9],"rotation":90,"texture":"#0","cullface":"up"},"west":{"uv":[8,8,8.5,9],"rotation":270,"texture":"#0","cullface":"up"},"up":{"uv":[8,8,9,9],"texture":"#0","cullface":"up"}}},{"from":[9,16,9],"to":[10,16.5,10],"light_emission":15,"faces":{"north":{"uv":[9,9,10,9.5],"texture":"#0","cullface":"up"},"east":{"uv":[9,9,9.5,10],"rotation":90,"texture":"#0","cullface":"up"},"south":{"uv":[9,9,10,9.5],"rotation":180,"texture":"#0","cullface":"up"},"up":{"uv":[9,9,10,10],"texture":"#0","cullface":"up"}}},{"from":[2,16,13],"to":[4,16.5,14],"light_emission":15,"faces":{"north":{"uv":[2,13,4,13.5],"rotation":180,"texture":"#0","cullface":"up"},"east":{"uv":[3,13,3.5,14],"rotation":90,"texture":"#0","cullface":"up"},"south":{"uv":[2,13,4,13.5],"texture":"#0","cullface":"up"},"west":{"uv":[2,13,2.5,14],"rotation":270,"texture":"#0","cullface":"up"},"up":{"uv":[2,13,4,14],"texture":"#0","cullface":"up"}}},{"from":[4,16,10],"to":[5,16.5,11],"light_emission":15,"faces":{"north":{"uv":[4,10,5,10.5],"texture":"#0","cullface":"up"},"east":{"uv":[4,10,4.5,11],"rotation":90,"texture":"#0","cullface":"up"},"south":{"uv":[4,10,5,10.5],"rotation":180,"texture":"#0","cullface":"up"},"west":{"uv":[4,10,4.5,11],"rotation":270,"texture":"#0","cullface":"up"},"up":{"uv":[4,10,5,11],"texture":"#0","cullface":"up"}}},{"from":[13,16,12],"to":[14,16.5,13],"light_emission":15,"faces":{"north":{"uv":[13,12,14,12.5],"texture":"#0","cullface":"up"},"east":{"uv":[13,12,13.5,13],"rotation":90,"texture":"#0","cullface":"up"},"south":{"uv":[13,12,14,12.5],"rotation":180,"texture":"#0","cullface":"up"},"up":{"uv":[13,12,14,13],"texture":"#0","cullface":"up"}}},{"from":[12,16,11],"to":[13,16.5,12],"light_emission":15,"faces":{"north":{"uv":[12,11,13,11.5],"texture":"#0","cullface":"up"},"east":{"uv":[12,11,12.5,12],"rotation":90,"texture":"#0","cullface":"up"},"west":{"uv":[12,11,12.5,12],"rotation":270,"texture":"#0","cullface":"up"},"up":{"uv":[12,11,13,12],"texture":"#0","cullface":"up"}}},{"from":[11,16,12],"to":[12,16.5,13],"light_emission":15,"faces":{"north":{"uv":[11,12,12,12.5],"texture":"#0","cullface":"up"},"south":{"uv":[11,12,12,12.5],"rotation":180,"texture":"#0","cullface":"up"},"west":{"uv":[11,12,11.5,13],"rotation":270,"texture":"#0","cullface":"up"},"up":{"uv":[11,12,12,13],"texture":"#0","cullface":"up"}}},{"from":[12,16,13],"to":[13,16.5,14],"light_emission":15,"faces":{"east":{"uv":[12,13,12.5,14],"rotation":90,"texture":"#0","cullface":"up"},"south":{"uv":[12,13,13,13.5],"rotation":180,"texture":"#0","cullface":"up"},"west":{"uv":[12,13,12.5,14],"rotation":270,"texture":"#0","cullface":"up"},"up":{"uv":[12,13,13,14],"texture":"#0","cullface":"up"}}},{"from":[12,16,12],"to":[13,16.7,13],"light_emission":15,"faces":{"north":{"uv":[12,12,13,12.7],"texture":"#0","cullface":"up"},"east":{"uv":[12,12,12.7,13],"rotation":90,"texture":"#0","cullface":"up"},"south":{"uv":[12,12,13,12.7],"rotation":180,"texture":"#0","cullface":"up"},"west":{"uv":[12,12,12.7,13],"rotation":270,"texture":"#0","cullface":"up"},"up":{"uv":[12,12,13,13],"texture":"#0","cullface":"up"}}},{"from":[7,16,13],"to":[8,16.5,14],"light_emission":15,"faces":{"north":{"uv":[7,13,8,13.5],"texture":"#0","cullface":"up"},"east":{"uv":[7,13,7.5,14],"rotation":90,"texture":"#0","cullface":"up"},"west":{"uv":[7,13,7.5,14],"rotation":270,"texture":"#0","cullface":"up"},"up":{"uv":[7,13,8,14],"texture":"#0","cullface":"up"}}},{"from":[6,16,14],"to":[9,16.7,15],"light_emission":15,"faces":{"north":{"uv":[6,14,9,14.7],"rotation":180,"texture":"#0","cullface":"up"},"east":{"uv":[8,14,8.7,15],"rotation":90,"texture":"#0","cullface":"up"},"south":{"uv":[6,14,9,14.7],"texture":"#0","cullface":"up"},"west":{"uv":[6,14,6.7,15],"rotation":270,"texture":"#0","cullface":"up"},"up":{"uv":[6,14,9,15],"texture":"#0","cullface":"up"}}},{"from":[12,-0.7,11],"to":[14,0,13],"light_emission":15,"faces":{"north":{"uv":[12,4,14,4.7],"rotation":180,"texture":"#0","cullface":"down"},"east":{"uv":[13,3,13.7,5],"rotation":270,"texture":"#0","cullface":"down"},"south":{"uv":[12,3,14,3.7],"texture":"#0","cullface":"down"},"west":{"uv":[12,3,12.7,5],"rotation":90,"texture":"#0","cullface":"down"},"down":{"uv":[12,3,14,5],"texture":"#0","cullface":"down"}}},{"from":[3,-0.7,11],"to":[5,0,13],"light_emission":15,"faces":{"north":{"uv":[3,4,5,4.7],"rotation":180,"texture":"#0","cullface":"down"},"east":{"uv":[4,3,4.7,5],"rotation":270,"texture":"#0","cullface":"down"},"south":{"uv":[3,3,5,3.7],"texture":"#0","cullface":"down"},"west":{"uv":[3,3,3.7,5],"rotation":90,"texture":"#0","cullface":"down"},"down":{"uv":[3,3,5,5],"texture":"#0","cullface":"down"}}},{"from":[8,-0.5,12],"to":[10,0,14],"light_emission":15,"faces":{"north":{"uv":[8,3,10,3.7],"rotation":180,"texture":"#0","cullface":"down"},"east":{"uv":[9,2,9.7,4],"rotation":270,"texture":"#0","cullface":"down"},"south":{"uv":[8,2,10,2.7],"texture":"#0","cullface":"down"},"west":{"uv":[8,2,8.7,4],"rotation":90,"texture":"#0","cullface":"down"},"down":{"uv":[8,2,10,4],"texture":"#0","cullface":"down"}}},{"from":[6,-0.7,5],"to":[9,0,7],"light_emission":15,"faces":{"north":{"uv":[6,10,9,10.5],"rotation":180,"texture":"#0","cullface":"down"},"east":{"uv":[8,9,8.5,11],"rotation":270,"texture":"#0","cullface":"down"},"south":{"uv":[6,9,9,9.5],"texture":"#0","cullface":"down"},"west":{"uv":[6,9,6.5,11],"rotation":90,"texture":"#0","cullface":"down"},"down":{"uv":[6,9,9,11],"texture":"#0","cullface":"down"}}},{"from":[3,-0.5,13],"to":[4,0,14],"light_emission":15,"faces":{"east":{"uv":[3,2,3.5,3],"rotation":270,"texture":"#0","cullface":"down"},"south":{"uv":[3,2,4,2.5],"rotation":180,"texture":"#0","cullface":"down"},"west":{"uv":[3,2,3.5,3],"rotation":90,"texture":"#0","cullface":"down"},"down":{"uv":[3,2,4,3],"texture":"#0","cullface":"down"}}},{"from":[11,-0.5,11],"to":[12,0,12],"light_emission":15,"faces":{"north":{"uv":[11,4,12,4.5],"texture":"#0","cullface":"down"},"south":{"uv":[11,4,12,4.5],"rotation":180,"texture":"#0","cullface":"down"},"west":{"uv":[11,4,11.5,5],"rotation":90,"texture":"#0","cullface":"down"},"down":{"uv":[11,4,12,5],"texture":"#0","cullface":"down"}}},{"from":[10,-0.5,9],"to":[11,0,10],"light_emission":15,"faces":{"north":{"uv":[10,6,11,6.5],"texture":"#0","cullface":"down"},"east":{"uv":[10,6,10.5,7],"rotation":270,"texture":"#0","cullface":"down"},"south":{"uv":[10,6,11,6.5],"rotation":180,"texture":"#0","cullface":"down"},"west":{"uv":[10,6,10.5,7],"rotation":90,"texture":"#0","cullface":"down"},"down":{"uv":[10,6,11,7],"texture":"#0","cullface":"down"}}},{"from":[8,-0.5,7],"to":[9,0,8],"light_emission":15,"faces":{"east":{"uv":[8,8,8.5,9],"rotation":270,"texture":"#0","cullface":"down"},"south":{"uv":[8,8,9,8.5],"rotation":180,"texture":"#0","cullface":"down"},"west":{"uv":[8,8,8.5,9],"rotation":90,"texture":"#0","cullface":"down"},"down":{"uv":[8,8,9,9],"texture":"#0","cullface":"down"}}},{"from":[9,-0.5,6],"to":[10,0,7],"light_emission":15,"faces":{"north":{"uv":[9,9,10,9.5],"texture":"#0","cullface":"down"},"east":{"uv":[9,9,9.5,10],"rotation":270,"texture":"#0","cullface":"down"},"south":{"uv":[9,9,10,9.5],"rotation":180,"texture":"#0","cullface":"down"},"down":{"uv":[9,9,10,10],"texture":"#0","cullface":"down"}}},{"from":[2,-0.5,2],"to":[4,0,3],"light_emission":15,"faces":{"north":{"uv":[2,13,4,13.5],"rotation":180,"texture":"#0","cullface":"down"},"east":{"uv":[3,13,3.5,14],"rotation":270,"texture":"#0","cullface":"down"},"south":{"uv":[2,13,4,13.5],"texture":"#0","cullface":"down"},"west":{"uv":[2,13,2.5,14],"rotation":90,"texture":"#0","cullface":"down"},"down":{"uv":[2,13,4,14],"texture":"#0","cullface":"down"}}},{"from":[4,-0.5,5],"to":[5,0,6],"light_emission":15,"faces":{"north":{"uv":[4,10,5,10.5],"texture":"#0","cullface":"down"},"east":{"uv":[4,10,4.5,11],"rotation":270,"texture":"#0","cullface":"down"},"south":{"uv":[4,10,5,10.5],"rotation":180,"texture":"#0","cullface":"down"},"west":{"uv":[4,10,4.5,11],"rotation":90,"texture":"#0","cullface":"down"},"down":{"uv":[4,10,5,11],"texture":"#0","cullface":"down"}}},{"from":[13,-0.5,3],"to":[14,0,4],"light_emission":15,"faces":{"north":{"uv":[13,12,14,12.5],"texture":"#0","cullface":"down"},"east":{"uv":[13,12,13.5,13],"rotation":270,"texture":"#0","cullface":"down"},"south":{"uv":[13,12,14,12.5],"rotation":180,"texture":"#0","cullface":"down"},"down":{"uv":[13,12,14,13],"texture":"#0","cullface":"down"}}},{"from":[12,-0.5,4],"to":[13,0,5],"light_emission":15,"faces":{"east":{"uv":[12,11,12.5,12],"rotation":270,"texture":"#0","cullface":"down"},"south":{"uv":[12,11,13,11.5],"rotation":180,"texture":"#0","cullface":"down"},"west":{"uv":[12,11,12.5,12],"rotation":90,"texture":"#0","cullface":"down"},"down":{"uv":[12,11,13,12],"texture":"#0","cullface":"down"}}},{"from":[11,-0.5,3],"to":[12,0,4],"light_emission":15,"faces":{"north":{"uv":[11,12,12,12.5],"texture":"#0","cullface":"down"},"south":{"uv":[11,12,12,12.5],"rotation":180,"texture":"#0","cullface":"down"},"west":{"uv":[11,12,11.5,13],"rotation":90,"texture":"#0","cullface":"down"},"down":{"uv":[11,12,12,13],"texture":"#0","cullface":"down"}}},{"from":[12,-0.5,2],"to":[13,0,3],"light_emission":15,"faces":{"north":{"uv":[12,13,13,13.5],"texture":"#0","cullface":"down"},"east":{"uv":[12,13,12.5,14],"rotation":270,"texture":"#0","cullface":"down"},"west":{"uv":[12,13,12.5,14],"rotation":90,"texture":"#0","cullface":"down"},"down":{"uv":[12,13,13,14],"texture":"#0","cullface":"down"}}},{"from":[12,-0.7,3],"to":[13,0,4],"light_emission":15,"faces":{"north":{"uv":[12,12,13,12.7],"texture":"#0","cullface":"down"},"east":{"uv":[12,12,12.7,13],"rotation":270,"texture":"#0","cullface":"down"},"south":{"uv":[12,12,13,12.7],"rotation":180,"texture":"#0","cullface":"down"},"west":{"uv":[12,12,12.7,13],"rotation":90,"texture":"#0","cullface":"down"},"down":{"uv":[12,12,13,13],"texture":"#0","cullface":"down"}}},{"from":[7,-0.5,2],"to":[8,0,3],"light_emission":15,"faces":{"east":{"uv":[7,13,7.5,14],"rotation":270,"texture":"#0","cullface":"down"},"south":{"uv":[7,13,8,13.5],"rotation":180,"texture":"#0","cullface":"down"},"west":{"uv":[7,13,7.5,14],"rotation":90,"texture":"#0","cullface":"down"},"down":{"uv":[7,13,8,14],"texture":"#0","cullface":"down"}}},{"from":[6,-0.7,1],"to":[9,0,2],"light_emission":15,"faces":{"north":{"uv":[6,14,9,14.7],"rotation":180,"texture":"#0","cullface":"down"},"east":{"uv":[8,14,8.7,15],"rotation":270,"texture":"#0","cullface":"down"},"south":{"uv":[6,14,9,14.7],"texture":"#0","cullface":"down"},"west":{"uv":[6,14,6.7,15],"rotation":90,"texture":"#0","cullface":"down"},"down":{"uv":[6,14,9,15],"texture":"#0","cullface":"down"}}},{"from":[3,3,-0.7],"to":[4,4,0],"light_emission":15,"faces":{"north":{"uv":[12,12,13,13],"texture":"#0","cullface":"north"},"east":{"uv":[12,12,12.7,13],"texture":"#0","cullface":"north"},"west":{"uv":[12,12,12.7,13],"texture":"#0","cullface":"north"},"up":{"uv":[12,12,13,12.7],"texture":"#0","cullface":"north"},"down":{"uv":[12,12,13,12.7],"texture":"#0","cullface":"north"}}},{"from":[3,2,-0.5],"to":[4,3,0],"light_emission":15,"faces":{"north":{"uv":[12,13,13,14],"texture":"#0","cullface":"north"},"east":{"uv":[12,13,12.5,14],"texture":"#0","cullface":"north"},"west":{"uv":[12,13,12.5,14],"texture":"#0","cullface":"north"},"down":{"uv":[12,13,13,13.5],"texture":"#0","cullface":"north"}}},{"from":[4,3,-0.5],"to":[5,4,0],"light_emission":15,"faces":{"north":{"uv":[11,12,12,13],"texture":"#0","cullface":"north"},"east":{"uv":[11,12,11.5,13],"texture":"#0","cullface":"north"},"up":{"uv":[11,12,12,12.5],"texture":"#0","cullface":"north"},"down":{"uv":[11,12,12,12.5],"texture":"#0","cullface":"north"}}},{"from":[3,4,-0.5],"to":[4,5,0],"light_emission":15,"faces":{"north":{"uv":[12,11,13,12],"texture":"#0","cullface":"north"},"east":{"uv":[12,11,12.5,12],"texture":"#0","cullface":"north"},"west":{"uv":[12,11,12.5,12],"texture":"#0","cullface":"north"},"up":{"uv":[12,11,13,11.5],"texture":"#0","cullface":"north"}}},{"from":[2,3,-0.5],"to":[3,4,0],"light_emission":15,"faces":{"north":{"uv":[13,12,14,13],"texture":"#0","cullface":"north"},"west":{"uv":[13,12,13.5,13],"texture":"#0","cullface":"north"},"up":{"uv":[13,12,14,12.5],"texture":"#0","cullface":"north"},"down":{"uv":[13,12,14,12.5],"texture":"#0","cullface":"north"}}},{"from":[11,5,-0.5],"to":[12,6,0],"light_emission":15,"faces":{"north":{"uv":[4,10,5,11],"texture":"#0","cullface":"north"},"east":{"uv":[4,10,4.5,11],"texture":"#0","cullface":"north"},"west":{"uv":[4,10,4.5,11],"texture":"#0","cullface":"north"},"up":{"uv":[4,10,5,10.5],"texture":"#0","cullface":"north"},"down":{"uv":[4,10,5,10.5],"texture":"#0","cullface":"north"}}},{"from":[6,6,-0.5],"to":[7,7,0],"light_emission":15,"faces":{"north":{"uv":[9,9,10,10],"texture":"#0","cullface":"north"},"west":{"uv":[9,9,9.5,10],"texture":"#0","cullface":"north"},"up":{"uv":[9,9,10,9.5],"texture":"#0","cullface":"north"},"down":{"uv":[9,9,10,9.5],"texture":"#0","cullface":"north"}}},{"from":[7,7,-0.5],"to":[8,8,0],"light_emission":15,"faces":{"north":{"uv":[8,8,9,9],"texture":"#0","cullface":"north"},"east":{"uv":[8,8,8.5,9],"texture":"#0","cullface":"north"},"west":{"uv":[8,8,8.5,9],"texture":"#0","cullface":"north"},"up":{"uv":[8,8,9,8.5],"texture":"#0","cullface":"north"}}},{"from":[5,9,-0.5],"to":[6,10,0],"light_emission":15,"faces":{"north":{"uv":[10,6,11,7],"texture":"#0","cullface":"north"},"east":{"uv":[10,6,10.5,7],"texture":"#0","cullface":"north"},"west":{"uv":[10,6,10.5,7],"texture":"#0","cullface":"north"},"up":{"uv":[10,6,11,6.5],"texture":"#0","cullface":"north"},"down":{"uv":[10,6,11,6.5],"texture":"#0","cullface":"north"}}},{"from":[4,11,-0.5],"to":[5,12,0],"light_emission":15,"faces":{"north":{"uv":[11,4,12,5],"texture":"#0","cullface":"north"},"east":{"uv":[11,4,11.5,5],"texture":"#0","cullface":"north"},"up":{"uv":[11,4,12,4.5],"texture":"#0","cullface":"north"},"down":{"uv":[11,4,12,4.5],"texture":"#0","cullface":"north"}}},{"from":[12,13,-0.5],"to":[13,14,0],"light_emission":15,"faces":{"north":{"uv":[3,2,4,3],"texture":"#0","cullface":"north"},"east":{"uv":[3,2,3.5,3],"texture":"#0","cullface":"north"},"west":{"uv":[3,2,3.5,3],"texture":"#0","cullface":"north"},"up":{"uv":[3,2,4,2.5],"texture":"#0","cullface":"north"}}},{"from":[7,5,-0.7],"to":[10,7,0],"light_emission":15,"faces":{"north":{"uv":[6,9,9,11],"texture":"#0","cullface":"north"},"east":{"uv":[6,9,6.5,11],"texture":"#0","cullface":"north"},"west":{"uv":[8,9,8.5,11],"texture":"#0","cullface":"north"},"up":{"uv":[6,9,9,9.5],"rotation":180,"texture":"#0","cullface":"north"},"down":{"uv":[6,10,9,10.5],"rotation":180,"texture":"#0","cullface":"north"}}},{"from":[6,12,-0.5],"to":[8,14,0],"light_emission":15,"faces":{"north":{"uv":[8,2,10,4],"texture":"#0","cullface":"north"},"east":{"uv":[8,2,8.7,4],"texture":"#0","cullface":"north"},"west":{"uv":[9,2,9.7,4],"texture":"#0","cullface":"north"},"up":{"uv":[8,2,10,2.7],"rotation":180,"texture":"#0","cullface":"north"},"down":{"uv":[8,3,10,3.7],"rotation":180,"texture":"#0","cullface":"north"}}},{"from":[11,11,-0.7],"to":[13,13,0],"light_emission":15,"faces":{"north":{"uv":[3,3,5,5],"texture":"#0","cullface":"north"},"east":{"uv":[3,3,3.7,5],"texture":"#0","cullface":"north"},"west":{"uv":[4,3,4.7,5],"texture":"#0","cullface":"north"},"up":{"uv":[3,3,5,3.7],"rotation":180,"texture":"#0","cullface":"north"},"down":{"uv":[3,4,5,4.7],"rotation":180,"texture":"#0","cullface":"north"}}},{"from":[2,11,-0.7],"to":[4,13,0],"light_emission":15,"faces":{"north":{"uv":[12,3,14,5],"texture":"#0","cullface":"north"},"east":{"uv":[12,3,12.7,5],"texture":"#0","cullface":"north"},"west":{"uv":[13,3,13.7,5],"texture":"#0","cullface":"north"},"up":{"uv":[12,3,14,3.7],"rotation":180,"texture":"#0","cullface":"north"},"down":{"uv":[12,4,14,4.7],"rotation":180,"texture":"#0","cullface":"north"}}},{"from":[12,2,-0.5],"to":[14,3,0],"light_emission":15,"faces":{"north":{"uv":[2,13,4,14],"texture":"#0","cullface":"north"},"east":{"uv":[2,13,2.5,14],"texture":"#0","cullface":"north"},"west":{"uv":[3,13,3.5,14],"texture":"#0","cullface":"north"},"up":{"uv":[2,13,4,13.5],"rotation":180,"texture":"#0","cullface":"north"},"down":{"uv":[2,13,4,13.5],"rotation":180,"texture":"#0","cullface":"north"}}}]}