{"credit":"Created by Marceus","format_version":"1.21.6","parent":"block/cube_all","textures":{"all":"block/deepslate_iron_ore1"},"elements":[{"from":[0,0,0],"to":[16,16,16],"faces":{"north":{"uv":[0,0,16,16],"texture":"#all","cullface":"north"},"east":{"uv":[0,0,16,16],"texture":"#all","cullface":"east"},"south":{"uv":[0,0,16,16],"texture":"#all","cullface":"south"},"west":{"uv":[0,0,16,16],"texture":"#all","cullface":"west"},"up":{"uv":[0,0,16,16],"texture":"#all","cullface":"up"},"down":{"uv":[0,0,16,16],"texture":"#all","cullface":"down"}}},{"from":[7,3,-0.5],"to":[8,5,0],"light_emission":15,"faces":{"north":{"uv":[8,11,9,13],"texture":"#all","cullface":"north"},"west":{"uv":[8,11,8.5,13],"texture":"#all","cullface":"north"},"up":{"uv":[8,11,9,11.5],"texture":"#all","cullface":"north"},"down":{"uv":[8,12,9,12.5],"texture":"#all","cullface":"north"}}},{"from":[8,3,-0.7],"to":[9,5,0],"light_emission":15,"faces":{"north":{"uv":[7,11,8,13],"texture":"#all","cullface":"north"},"east":{"uv":[7,11,7.5,13],"texture":"#all","cullface":"north"},"west":{"uv":[7,11,7.5,13],"texture":"#all","cullface":"north"},"up":{"uv":[7,11,8,11.5],"texture":"#all","cullface":"north"},"down":{"uv":[7,12,8,12.5],"texture":"#all","cullface":"north"}}},{"from":[8,5,-0.5],"to":[9,6,0],"light_emission":15,"faces":{"north":{"uv":[7,10,8,11],"texture":"#all","cullface":"north"},"east":{"uv":[7,10,7.5,11],"texture":"#all","cullface":"north"},"west":{"uv":[7,10,7.5,11],"texture":"#all","cullface":"north"},"up":{"uv":[7,10,8,10.5],"texture":"#all","cullface":"north"}}},{"from":[9,4,-0.5],"to":[10,5,0],"light_emission":15,"faces":{"north":{"uv":[6,11,7,12],"texture":"#all","cullface":"north"},"east":{"uv":[6,11,6.5,12],"texture":"#all","cullface":"north"},"up":{"uv":[6,11,7,11.5],"texture":"#all","cullface":"north"},"down":{"uv":[6,11,7,11.5],"texture":"#all","cullface":"north"}}},{"from":[14,7,-0.5],"to":[15,8,0],"light_emission":15,"faces":{"north":{"uv":[1,8,2,9],"texture":"#all","cullface":"north"},"east":{"uv":[1,8,1.5,9],"texture":"#all","cullface":"north"},"up":{"uv":[1,8,2,8.5],"texture":"#all","cullface":"north"},"down":{"uv":[1,8,2,8.5],"texture":"#all","cullface":"north"}}},{"from":[2,13,-0.5],"to":[4,14,0],"light_emission":15,"faces":{"north":{"uv":[12,2,14,3],"texture":"#all","cullface":"north"},"east":{"uv":[12,2,12.5,3],"texture":"#all","cullface":"north"},"down":{"uv":[12,2,14,2.5],"rotation":180,"texture":"#all","cullface":"north"}}},{"from":[2,14,-0.7],"to":[4,15,0],"light_emission":15,"faces":{"north":{"uv":[12,1,14,2],"texture":"#all","cullface":"north"},"east":{"uv":[12,1,12.5,2],"texture":"#all","cullface":"north"},"west":{"uv":[13,1,13.5,2],"texture":"#all","cullface":"north"},"up":{"uv":[12,1,14,1.5],"rotation":180,"texture":"#all","cullface":"north"},"down":{"uv":[12,1,14,1.5],"rotation":180,"texture":"#all","cullface":"north"}}},{"from":[4,14,-0.5],"to":[5,15,0],"light_emission":15,"faces":{"north":{"uv":[11,1,12,2],"rotation":270,"texture":"#all","cullface":"north"},"east":{"uv":[11,1,12,1.5],"rotation":90,"texture":"#all","cullface":"north"},"up":{"uv":[11,1,11.5,2],"rotation":90,"texture":"#all","cullface":"north"},"down":{"uv":[11,1,11.5,2],"rotation":90,"texture":"#all","cullface":"north"}}},{"from":[4,9,-0.7],"to":[5,11,0],"light_emission":15,"faces":{"north":{"uv":[11,5,12,7],"texture":"#all","cullface":"north"},"east":{"uv":[11,5,11.5,7],"texture":"#all","cullface":"north"},"west":{"uv":[11,5,11.5,7],"texture":"#all","cullface":"north"},"up":{"uv":[11,5,12,5.5],"texture":"#all","cullface":"north"},"down":{"uv":[11,6,12,6.5],"texture":"#all","cullface":"north"}}},{"from":[3,9,-0.5],"to":[4,11,0],"light_emission":15,"faces":{"north":{"uv":[12,5,13,7],"texture":"#all","cullface":"north"},"west":{"uv":[12,5,12.5,7],"texture":"#all","cullface":"north"},"up":{"uv":[12,5,13,5.5],"texture":"#all","cullface":"north"},"down":{"uv":[12,6,13,6.5],"texture":"#all","cullface":"north"}}},{"from":[5,10,-0.5],"to":[6,11,0],"light_emission":15,"faces":{"north":{"uv":[10,5,11,6],"texture":"#all","cullface":"north"},"east":{"uv":[10,5,10.5,6],"texture":"#all","cullface":"north"},"up":{"uv":[10,5,11,5.5],"texture":"#all","cullface":"north"}}},{"from":[5,8,-0.5],"to":[8,9,0],"light_emission":15,"faces":{"north":{"uv":[8,7,11,8],"texture":"#all","cullface":"north"},"east":{"uv":[8,7,8.7,8],"texture":"#all","cullface":"north"},"down":{"uv":[8,7,11,7.7],"rotation":180,"texture":"#all","cullface":"north"}}},{"from":[5,9,-0.7],"to":[6,10,0],"light_emission":15,"faces":{"north":{"uv":[10,6,11,7],"texture":"#all","cullface":"north"},"east":{"uv":[10,6,10.7,7],"texture":"#all","cullface":"north"},"up":{"uv":[10,6,11,6.7],"texture":"#all","cullface":"north"},"down":{"uv":[10,6,11,6.7],"texture":"#all","cullface":"north"}}},{"from":[4,8,-0.5],"to":[5,9,0],"light_emission":15,"faces":{"north":{"uv":[11,7,12,8],"texture":"#all","cullface":"north"},"west":{"uv":[11,7,11.5,8],"texture":"#all","cullface":"north"},"down":{"uv":[11,7,12,7.5],"texture":"#all","cullface":"north"}}},{"from":[6,9,-0.5],"to":[8,10,0],"light_emission":15,"faces":{"north":{"uv":[8,6,10,7],"texture":"#all","cullface":"north"},"east":{"uv":[8,6,8.5,7],"texture":"#all","cullface":"north"},"up":{"uv":[8,6,10,6.5],"rotation":180,"texture":"#all","cullface":"north"}}},{"from":[5,3,-0.7],"to":[6,4,0],"light_emission":15,"faces":{"north":{"uv":[10,12,11,13],"texture":"#all","cullface":"north"},"east":{"uv":[10,12,10.7,13],"texture":"#all","cullface":"north"},"west":{"uv":[10,12,10.7,13],"texture":"#all","cullface":"north"},"up":{"uv":[10,12,11,12.7],"texture":"#all","cullface":"north"},"down":{"uv":[10,12,11,12.7],"texture":"#all","cullface":"north"}}},{"from":[3,4,-0.5],"to":[4,6,0],"light_emission":15,"faces":{"north":{"uv":[12,10,13,12],"texture":"#all","cullface":"north"},"west":{"uv":[12,10,12.5,12],"texture":"#all","cullface":"north"},"up":{"uv":[12,10,13,10.5],"texture":"#all","cullface":"north"},"down":{"uv":[12,11,13,11.5],"texture":"#all","cullface":"north"}}},{"from":[4,3,-0.5],"to":[5,4,0],"light_emission":15,"faces":{"north":{"uv":[11,12,12,13],"texture":"#all","cullface":"north"},"west":{"uv":[11,12,11.5,13],"texture":"#all","cullface":"north"},"down":{"uv":[11,12,12,12.5],"texture":"#all","cullface":"north"}}},{"from":[4,4,-0.7],"to":[5,6,0],"light_emission":15,"faces":{"north":{"uv":[11,10,12,12],"texture":"#all","cullface":"north"},"east":{"uv":[11,10,11.5,12],"texture":"#all","cullface":"north"},"west":{"uv":[11,10,11.5,12],"texture":"#all","cullface":"north"},"up":{"uv":[11,10,12,10.5],"texture":"#all","cullface":"north"},"down":{"uv":[11,11,12,11.5],"texture":"#all","cullface":"north"}}},{"from":[5,4,-0.5],"to":[6,6,0],"light_emission":15,"faces":{"north":{"uv":[10,10,11,12],"texture":"#all","cullface":"north"},"east":{"uv":[10,10,10.5,12],"texture":"#all","cullface":"north"},"up":{"uv":[10,10,11,10.5],"texture":"#all","cullface":"north"}}},{"from":[11,7,-0.5],"to":[12,8,0],"light_emission":15,"faces":{"north":{"uv":[4,8,5,9],"texture":"#all","cullface":"north"},"west":{"uv":[4,8,4.5,9],"texture":"#all","cullface":"north"},"up":{"uv":[4,8,5,8.5],"texture":"#all","cullface":"north"},"down":{"uv":[4,8,5,8.5],"texture":"#all","cullface":"north"}}},{"from":[-0.5,13,14],"to":[0,14,15],"light_emission":15,"faces":{"south":{"uv":[14,2,14.5,3],"texture":"#all","cullface":"west"},"west":{"uv":[14,2,15,3],"texture":"#all","cullface":"west"},"up":{"uv":[14,2,15,2.5],"rotation":270,"texture":"#all","cullface":"west"},"down":{"uv":[14,2,15,2.5],"rotation":90,"texture":"#all","cullface":"west"}}},{"from":[-0.5,13,12],"to":[0,14,14],"light_emission":15,"faces":{"north":{"uv":[12,2,12.5,3],"texture":"#all","cullface":"west"},"west":{"uv":[12,2,14,3],"texture":"#all","cullface":"west"},"down":{"uv":[12,2,14,2.5],"rotation":270,"texture":"#all","cullface":"west"}}},{"from":[-0.7,14,12],"to":[0,15,14],"light_emission":15,"faces":{"north":{"uv":[12,1,12.5,2],"texture":"#all","cullface":"west"},"south":{"uv":[13,1,13.5,2],"texture":"#all","cullface":"west"},"west":{"uv":[12,1,14,2],"texture":"#all","cullface":"west"},"up":{"uv":[12,1,14,1.5],"rotation":90,"texture":"#all","cullface":"west"},"down":{"uv":[12,1,14,1.5],"rotation":270,"texture":"#all","cullface":"west"}}},{"from":[-0.5,14,11],"to":[0,15,12],"light_emission":15,"faces":{"north":{"uv":[11,1,12,1.5],"rotation":90,"texture":"#all","cullface":"west"},"west":{"uv":[11,1,12,2],"rotation":270,"texture":"#all","cullface":"west"},"up":{"uv":[11,1,11.5,2],"texture":"#all","cullface":"west"},"down":{"uv":[11,1,11.5,2],"rotation":180,"texture":"#all","cullface":"west"}}},{"from":[-0.5,7,1],"to":[0,8,2],"light_emission":15,"faces":{"north":{"uv":[1,8,1.5,9],"texture":"#all","cullface":"west"},"west":{"uv":[1,8,2,9],"texture":"#all","cullface":"west"},"up":{"uv":[1,8,2,8.5],"rotation":270,"texture":"#all","cullface":"west"},"down":{"uv":[1,8,2,8.5],"rotation":90,"texture":"#all","cullface":"west"}}},{"from":[-0.5,12,7],"to":[0,13,8],"light_emission":15,"faces":{"south":{"uv":[7,3,7.5,4],"texture":"#all","cullface":"west"},"west":{"uv":[7,3,8,4],"texture":"#all","cullface":"west"},"up":{"uv":[7,3,8,3.5],"rotation":270,"texture":"#all","cullface":"west"},"down":{"uv":[7,3,8,3.5],"rotation":90,"texture":"#all","cullface":"west"}}},{"from":[-0.5,13,4],"to":[0,14,7],"light_emission":15,"faces":{"north":{"uv":[4,2,4.7,3],"texture":"#all","cullface":"west"},"south":{"uv":[6,2,6.7,3],"texture":"#all","cullface":"west"},"west":{"uv":[4,2,7,3],"texture":"#all","cullface":"west"},"up":{"uv":[4,2,7,2.7],"rotation":90,"texture":"#all","cullface":"west"}}},{"from":[-0.5,12,6],"to":[0,13,7],"light_emission":15,"faces":{"west":{"uv":[6,3,7,4],"texture":"#all","cullface":"west"},"down":{"uv":[6,3,7,3.5],"rotation":90,"texture":"#all","cullface":"west"}}},{"from":[-0.5,11,3],"to":[0,12,6],"light_emission":15,"faces":{"north":{"uv":[3,4,3.7,5],"texture":"#all","cullface":"west"},"south":{"uv":[5,4,5.7,5],"texture":"#all","cullface":"west"},"west":{"uv":[3,4,6,5],"texture":"#all","cullface":"west"},"down":{"uv":[3,4,6,4.7],"rotation":270,"texture":"#all","cullface":"west"}}},{"from":[-0.7,12,3],"to":[0,13,6],"light_emission":15,"faces":{"north":{"uv":[3,3,3.7,4],"texture":"#all","cullface":"west"},"south":{"uv":[5,3,5.7,4],"texture":"#all","cullface":"west"},"west":{"uv":[3,3,6,4],"texture":"#all","cullface":"west"},"up":{"uv":[3,3,6,3.7],"rotation":90,"texture":"#all","cullface":"west"},"down":{"uv":[3,3,6,3.7],"rotation":270,"texture":"#all","cullface":"west"}}},{"from":[-0.5,12,2],"to":[0,13,3],"light_emission":15,"faces":{"north":{"uv":[2,3,2.5,4],"texture":"#all","cullface":"west"},"west":{"uv":[2,3,3,4],"texture":"#all","cullface":"west"},"up":{"uv":[2,3,3,3.5],"rotation":270,"texture":"#all","cullface":"west"},"down":{"uv":[2,3,3,3.5],"rotation":90,"texture":"#all","cullface":"west"}}},{"from":[-0.5,2,5],"to":[0,3,6],"light_emission":15,"faces":{"south":{"uv":[5,13,5.5,14],"texture":"#all","cullface":"west"},"west":{"uv":[5,13,6,14],"texture":"#all","cullface":"west"},"up":{"uv":[5,13,6,13.5],"rotation":270,"texture":"#all","cullface":"west"},"down":{"uv":[5,13,6,13.5],"rotation":90,"texture":"#all","cullface":"west"}}},{"from":[-0.5,2,3],"to":[0,3,4],"light_emission":15,"faces":{"north":{"uv":[3,13,3.5,14],"texture":"#all","cullface":"west"},"west":{"uv":[3,13,4,14],"texture":"#all","cullface":"west"},"down":{"uv":[3,13,4,13.5],"rotation":90,"texture":"#all","cullface":"west"}}},{"from":[-0.7,2,4],"to":[0,3,5],"light_emission":15,"faces":{"north":{"uv":[4,13,4.7,14],"texture":"#all","cullface":"west"},"south":{"uv":[4,13,4.7,14],"texture":"#all","cullface":"west"},"west":{"uv":[4,13,5,14],"texture":"#all","cullface":"west"},"up":{"uv":[4,13,5,13.7],"rotation":270,"texture":"#all","cullface":"west"},"down":{"uv":[4,13,5,13.7],"rotation":90,"texture":"#all","cullface":"west"}}},{"from":[-0.5,3,3],"to":[0,4,5],"light_emission":15,"faces":{"north":{"uv":[3,12,3.5,13],"texture":"#all","cullface":"west"},"south":{"uv":[4,12,4.5,13],"texture":"#all","cullface":"west"},"west":{"uv":[3,12,5,13],"texture":"#all","cullface":"west"},"up":{"uv":[3,12,5,12.5],"rotation":90,"texture":"#all","cullface":"west"}}},{"from":[-0.5,8,3],"to":[0,9,4],"light_emission":15,"faces":{"north":{"uv":[3,7,3.5,8],"texture":"#all","cullface":"west"},"south":{"uv":[3,7,3.5,8],"texture":"#all","cullface":"west"},"west":{"uv":[3,7,4,8],"texture":"#all","cullface":"west"},"up":{"uv":[3,7,4,7.5],"rotation":270,"texture":"#all","cullface":"west"}}},{"from":[-0.7,6,3],"to":[0,8,4],"light_emission":15,"faces":{"north":{"uv":[3,8,3.5,10],"texture":"#all","cullface":"west"},"south":{"uv":[3,8,3.5,10],"texture":"#all","cullface":"west"},"west":{"uv":[3,8,4,10],"texture":"#all","cullface":"west"},"up":{"uv":[3,8,4,8.5],"rotation":270,"texture":"#all","cullface":"west"},"down":{"uv":[3,9,4,9.5],"rotation":90,"texture":"#all","cullface":"west"}}},{"from":[-0.5,6,2],"to":[0,8,3],"light_emission":15,"faces":{"north":{"uv":[2,8,2.5,10],"texture":"#all","cullface":"west"},"west":{"uv":[2,8,3,10],"texture":"#all","cullface":"west"},"up":{"uv":[2,8,3,8.5],"rotation":270,"texture":"#all","cullface":"west"},"down":{"uv":[2,9,3,9.5],"rotation":90,"texture":"#all","cullface":"west"}}},{"from":[-0.7,9,11],"to":[0,11,12],"light_emission":15,"faces":{"north":{"uv":[11,5,11.5,7],"texture":"#all","cullface":"west"},"south":{"uv":[11,5,11.5,7],"texture":"#all","cullface":"west"},"west":{"uv":[11,5,12,7],"texture":"#all","cullface":"west"},"up":{"uv":[11,5,12,5.5],"rotation":270,"texture":"#all","cullface":"west"},"down":{"uv":[11,6,12,6.5],"rotation":90,"texture":"#all","cullface":"west"}}},{"from":[-0.5,9,12],"to":[0,11,13],"light_emission":15,"faces":{"south":{"uv":[12,5,12.5,7],"texture":"#all","cullface":"west"},"west":{"uv":[12,5,13,7],"texture":"#all","cullface":"west"},"up":{"uv":[12,5,13,5.5],"rotation":270,"texture":"#all","cullface":"west"},"down":{"uv":[12,6,13,6.5],"rotation":90,"texture":"#all","cullface":"west"}}},{"from":[-0.5,10,10],"to":[0,11,11],"light_emission":15,"faces":{"north":{"uv":[10,5,10.5,6],"texture":"#all","cullface":"west"},"west":{"uv":[10,5,11,6],"texture":"#all","cullface":"west"},"up":{"uv":[10,5,11,5.5],"rotation":270,"texture":"#all","cullface":"west"}}},{"from":[-0.5,8,8],"to":[0,9,11],"light_emission":15,"faces":{"north":{"uv":[8,7,8.7,8],"texture":"#all","cullface":"west"},"west":{"uv":[8,7,11,8],"texture":"#all","cullface":"west"},"down":{"uv":[8,7,11,7.7],"rotation":270,"texture":"#all","cullface":"west"}}},{"from":[-0.7,9,10],"to":[0,10,11],"light_emission":15,"faces":{"north":{"uv":[10,6,10.7,7],"texture":"#all","cullface":"west"},"west":{"uv":[10,6,11,7],"texture":"#all","cullface":"west"},"up":{"uv":[10,6,11,6.7],"rotation":270,"texture":"#all","cullface":"west"},"down":{"uv":[10,6,11,6.7],"rotation":90,"texture":"#all","cullface":"west"}}},{"from":[-0.5,8,11],"to":[0,9,12],"light_emission":15,"faces":{"south":{"uv":[11,7,11.5,8],"texture":"#all","cullface":"west"},"west":{"uv":[11,7,12,8],"texture":"#all","cullface":"west"},"down":{"uv":[11,7,12,7.5],"rotation":90,"texture":"#all","cullface":"west"}}},{"from":[-0.5,9,8],"to":[0,10,10],"light_emission":15,"faces":{"north":{"uv":[8,6,8.5,7],"texture":"#all","cullface":"west"},"west":{"uv":[8,6,10,7],"texture":"#all","cullface":"west"},"up":{"uv":[8,6,10,6.5],"rotation":90,"texture":"#all","cullface":"west"}}},{"from":[-0.7,3,10],"to":[0,4,11],"light_emission":15,"faces":{"north":{"uv":[10,12,10.7,13],"texture":"#all","cullface":"west"},"south":{"uv":[10,12,10.7,13],"texture":"#all","cullface":"west"},"west":{"uv":[10,12,11,13],"texture":"#all","cullface":"west"},"up":{"uv":[10,12,11,12.7],"rotation":270,"texture":"#all","cullface":"west"},"down":{"uv":[10,12,11,12.7],"rotation":90,"texture":"#all","cullface":"west"}}},{"from":[-0.5,4,12],"to":[0,6,13],"light_emission":15,"faces":{"south":{"uv":[12,10,12.5,12],"texture":"#all","cullface":"west"},"west":{"uv":[12,10,13,12],"texture":"#all","cullface":"west"},"up":{"uv":[12,10,13,10.5],"rotation":270,"texture":"#all","cullface":"west"},"down":{"uv":[12,11,13,11.5],"rotation":90,"texture":"#all","cullface":"west"}}},{"from":[-0.5,3,11],"to":[0,4,12],"light_emission":15,"faces":{"south":{"uv":[11,12,11.5,13],"texture":"#all","cullface":"west"},"west":{"uv":[11,12,12,13],"texture":"#all","cullface":"west"},"down":{"uv":[11,12,12,12.5],"rotation":90,"texture":"#all","cullface":"west"}}},{"from":[-0.7,4,11],"to":[0,6,12],"light_emission":15,"faces":{"north":{"uv":[11,10,11.5,12],"texture":"#all","cullface":"west"},"south":{"uv":[11,10,11.5,12],"texture":"#all","cullface":"west"},"west":{"uv":[11,10,12,12],"texture":"#all","cullface":"west"},"up":{"uv":[11,10,12,10.5],"rotation":270,"texture":"#all","cullface":"west"},"down":{"uv":[11,11,12,11.5],"rotation":90,"texture":"#all","cullface":"west"}}},{"from":[-0.5,4,10],"to":[0,6,11],"light_emission":15,"faces":{"north":{"uv":[10,10,10.5,12],"texture":"#all","cullface":"west"},"west":{"uv":[10,10,11,12],"texture":"#all","cullface":"west"},"up":{"uv":[10,10,11,10.5],"rotation":270,"texture":"#all","cullface":"west"}}},{"from":[-0.5,3,8],"to":[0,5,9],"light_emission":15,"faces":{"south":{"uv":[8,11,8.5,13],"texture":"#all","cullface":"west"},"west":{"uv":[8,11,9,13],"texture":"#all","cullface":"west"},"up":{"uv":[8,11,9,11.5],"rotation":270,"texture":"#all","cullface":"west"},"down":{"uv":[8,12,9,12.5],"rotation":90,"texture":"#all","cullface":"west"}}},{"from":[-0.7,3,7],"to":[0,5,8],"light_emission":15,"faces":{"north":{"uv":[7,11,7.5,13],"texture":"#all","cullface":"west"},"south":{"uv":[7,11,7.5,13],"texture":"#all","cullface":"west"},"west":{"uv":[7,11,8,13],"texture":"#all","cullface":"west"},"up":{"uv":[7,11,8,11.5],"rotation":270,"texture":"#all","cullface":"west"},"down":{"uv":[7,12,8,12.5],"rotation":90,"texture":"#all","cullface":"west"}}},{"from":[-0.5,5,7],"to":[0,6,8],"light_emission":15,"faces":{"north":{"uv":[7,10,7.5,11],"texture":"#all","cullface":"west"},"south":{"uv":[7,10,7.5,11],"texture":"#all","cullface":"west"},"west":{"uv":[7,10,8,11],"texture":"#all","cullface":"west"},"up":{"uv":[7,10,8,10.5],"rotation":270,"texture":"#all","cullface":"west"}}},{"from":[-0.5,4,6],"to":[0,5,7],"light_emission":15,"faces":{"north":{"uv":[6,11,6.5,12],"texture":"#all","cullface":"west"},"west":{"uv":[6,11,7,12],"texture":"#all","cullface":"west"},"up":{"uv":[6,11,7,11.5],"rotation":270,"texture":"#all","cullface":"west"},"down":{"uv":[6,11,7,11.5],"rotation":90,"texture":"#all","cullface":"west"}}},{"from":[-0.5,7,4],"to":[0,8,5],"light_emission":15,"faces":{"south":{"uv":[4,8,4.5,9],"texture":"#all","cullface":"west"},"west":{"uv":[4,8,5,9],"texture":"#all","cullface":"west"},"up":{"uv":[4,8,5,8.5],"rotation":270,"texture":"#all","cullface":"west"},"down":{"uv":[4,8,5,8.5],"rotation":90,"texture":"#all","cullface":"west"}}},{"from":[14,13,16],"to":[15,14,16.5],"light_emission":15,"faces":{"east":{"uv":[14,2,14.5,3],"texture":"#all","cullface":"south"},"south":{"uv":[14,2,15,3],"texture":"#all","cullface":"south"},"up":{"uv":[14,2,15,2.5],"rotation":180,"texture":"#all","cullface":"south"},"down":{"uv":[14,2,15,2.5],"rotation":180,"texture":"#all","cullface":"south"}}},{"from":[12,13,16],"to":[14,14,16.5],"light_emission":15,"faces":{"south":{"uv":[12,2,14,3],"texture":"#all","cullface":"south"},"west":{"uv":[12,2,12.5,3],"texture":"#all","cullface":"south"},"down":{"uv":[12,2,14,2.5],"texture":"#all","cullface":"south"}}},{"from":[12,14,16],"to":[14,15,16.7],"light_emission":15,"faces":{"east":{"uv":[13,1,13.5,2],"texture":"#all","cullface":"south"},"south":{"uv":[12,1,14,2],"texture":"#all","cullface":"south"},"west":{"uv":[12,1,12.5,2],"texture":"#all","cullface":"south"},"up":{"uv":[12,1,14,1.5],"texture":"#all","cullface":"south"},"down":{"uv":[12,1,14,1.5],"texture":"#all","cullface":"south"}}},{"from":[11,14,16],"to":[12,15,16.5],"light_emission":15,"faces":{"south":{"uv":[11,1,12,2],"rotation":270,"texture":"#all","cullface":"south"},"west":{"uv":[11,1,12,1.5],"rotation":90,"texture":"#all","cullface":"south"},"up":{"uv":[11,1,11.5,2],"rotation":270,"texture":"#all","cullface":"south"},"down":{"uv":[11,1,11.5,2],"rotation":270,"texture":"#all","cullface":"south"}}},{"from":[1,7,16],"to":[2,8,16.5],"light_emission":15,"faces":{"south":{"uv":[1,8,2,9],"texture":"#all","cullface":"south"},"west":{"uv":[1,8,1.5,9],"texture":"#all","cullface":"south"},"up":{"uv":[1,8,2,8.5],"rotation":180,"texture":"#all","cullface":"south"},"down":{"uv":[1,8,2,8.5],"rotation":180,"texture":"#all","cullface":"south"}}},{"from":[7,12,16],"to":[8,13,16.5],"light_emission":15,"faces":{"east":{"uv":[7,3,7.5,4],"texture":"#all","cullface":"south"},"south":{"uv":[7,3,8,4],"texture":"#all","cullface":"south"},"up":{"uv":[7,3,8,3.5],"rotation":180,"texture":"#all","cullface":"south"},"down":{"uv":[7,3,8,3.5],"rotation":180,"texture":"#all","cullface":"south"}}},{"from":[4,13,16],"to":[7,14,16.5],"light_emission":15,"faces":{"east":{"uv":[6,2,6.7,3],"texture":"#all","cullface":"south"},"south":{"uv":[4,2,7,3],"texture":"#all","cullface":"south"},"west":{"uv":[4,2,4.7,3],"texture":"#all","cullface":"south"},"up":{"uv":[4,2,7,2.7],"texture":"#all","cullface":"south"}}},{"from":[6,12,16],"to":[7,13,16.5],"light_emission":15,"faces":{"south":{"uv":[6,3,7,4],"texture":"#all","cullface":"south"},"down":{"uv":[6,3,7,3.5],"rotation":180,"texture":"#all","cullface":"south"}}},{"from":[3,11,16],"to":[6,12,16.5],"light_emission":15,"faces":{"east":{"uv":[5,4,5.7,5],"texture":"#all","cullface":"south"},"south":{"uv":[3,4,6,5],"texture":"#all","cullface":"south"},"west":{"uv":[3,4,3.7,5],"texture":"#all","cullface":"south"},"down":{"uv":[3,4,6,4.7],"texture":"#all","cullface":"south"}}},{"from":[3,12,16],"to":[6,13,16.7],"light_emission":15,"faces":{"east":{"uv":[5,3,5.7,4],"texture":"#all","cullface":"south"},"south":{"uv":[3,3,6,4],"texture":"#all","cullface":"south"},"west":{"uv":[3,3,3.7,4],"texture":"#all","cullface":"south"},"up":{"uv":[3,3,6,3.7],"texture":"#all","cullface":"south"},"down":{"uv":[3,3,6,3.7],"texture":"#all","cullface":"south"}}},{"from":[2,12,16],"to":[3,13,16.5],"light_emission":15,"faces":{"south":{"uv":[2,3,3,4],"texture":"#all","cullface":"south"},"west":{"uv":[2,3,2.5,4],"texture":"#all","cullface":"south"},"up":{"uv":[2,3,3,3.5],"rotation":180,"texture":"#all","cullface":"south"},"down":{"uv":[2,3,3,3.5],"rotation":180,"texture":"#all","cullface":"south"}}},{"from":[5,2,16],"to":[6,3,16.5],"light_emission":15,"faces":{"east":{"uv":[5,13,5.5,14],"texture":"#all","cullface":"south"},"south":{"uv":[5,13,6,14],"texture":"#all","cullface":"south"},"up":{"uv":[5,13,6,13.5],"rotation":180,"texture":"#all","cullface":"south"},"down":{"uv":[5,13,6,13.5],"rotation":180,"texture":"#all","cullface":"south"}}},{"from":[3,2,16],"to":[4,3,16.5],"light_emission":15,"faces":{"south":{"uv":[3,13,4,14],"texture":"#all","cullface":"south"},"west":{"uv":[3,13,3.5,14],"texture":"#all","cullface":"south"},"down":{"uv":[3,13,4,13.5],"rotation":180,"texture":"#all","cullface":"south"}}},{"from":[4,2,16],"to":[5,3,16.7],"light_emission":15,"faces":{"east":{"uv":[4,13,4.7,14],"texture":"#all","cullface":"south"},"south":{"uv":[4,13,5,14],"texture":"#all","cullface":"south"},"west":{"uv":[4,13,4.7,14],"texture":"#all","cullface":"south"},"up":{"uv":[4,13,5,13.7],"rotation":180,"texture":"#all","cullface":"south"},"down":{"uv":[4,13,5,13.7],"rotation":180,"texture":"#all","cullface":"south"}}},{"from":[3,3,16],"to":[5,4,16.5],"light_emission":15,"faces":{"east":{"uv":[4,12,4.5,13],"texture":"#all","cullface":"south"},"south":{"uv":[3,12,5,13],"texture":"#all","cullface":"south"},"west":{"uv":[3,12,3.5,13],"texture":"#all","cullface":"south"},"up":{"uv":[3,12,5,12.5],"texture":"#all","cullface":"south"}}},{"from":[3,8,16],"to":[4,9,16.5],"light_emission":15,"faces":{"east":{"uv":[3,7,3.5,8],"texture":"#all","cullface":"south"},"south":{"uv":[3,7,4,8],"texture":"#all","cullface":"south"},"west":{"uv":[3,7,3.5,8],"texture":"#all","cullface":"south"},"up":{"uv":[3,7,4,7.5],"rotation":180,"texture":"#all","cullface":"south"}}},{"from":[3,6,16],"to":[4,8,16.7],"light_emission":15,"faces":{"east":{"uv":[3,8,3.5,10],"texture":"#all","cullface":"south"},"south":{"uv":[3,8,4,10],"texture":"#all","cullface":"south"},"west":{"uv":[3,8,3.5,10],"texture":"#all","cullface":"south"},"up":{"uv":[3,8,4,8.5],"rotation":180,"texture":"#all","cullface":"south"},"down":{"uv":[3,9,4,9.5],"rotation":180,"texture":"#all","cullface":"south"}}},{"from":[2,6,16],"to":[3,8,16.5],"light_emission":15,"faces":{"south":{"uv":[2,8,3,10],"texture":"#all","cullface":"south"},"west":{"uv":[2,8,2.5,10],"texture":"#all","cullface":"south"},"up":{"uv":[2,8,3,8.5],"rotation":180,"texture":"#all","cullface":"south"},"down":{"uv":[2,9,3,9.5],"rotation":180,"texture":"#all","cullface":"south"}}},{"from":[11,9,16],"to":[12,11,16.7],"light_emission":15,"faces":{"east":{"uv":[11,5,11.5,7],"texture":"#all","cullface":"south"},"south":{"uv":[11,5,12,7],"texture":"#all","cullface":"south"},"west":{"uv":[11,5,11.5,7],"texture":"#all","cullface":"south"},"up":{"uv":[11,5,12,5.5],"rotation":180,"texture":"#all","cullface":"south"},"down":{"uv":[11,6,12,6.5],"rotation":180,"texture":"#all","cullface":"south"}}},{"from":[12,9,16],"to":[13,11,16.5],"light_emission":15,"faces":{"east":{"uv":[12,5,12.5,7],"texture":"#all","cullface":"south"},"south":{"uv":[12,5,13,7],"texture":"#all","cullface":"south"},"up":{"uv":[12,5,13,5.5],"rotation":180,"texture":"#all","cullface":"south"},"down":{"uv":[12,6,13,6.5],"rotation":180,"texture":"#all","cullface":"south"}}},{"from":[10,10,16],"to":[11,11,16.5],"light_emission":15,"faces":{"south":{"uv":[10,5,11,6],"texture":"#all","cullface":"south"},"west":{"uv":[10,5,10.5,6],"texture":"#all","cullface":"south"},"up":{"uv":[10,5,11,5.5],"rotation":180,"texture":"#all","cullface":"south"}}},{"from":[8,8,16],"to":[11,9,16.5],"light_emission":15,"faces":{"south":{"uv":[8,7,11,8],"texture":"#all","cullface":"south"},"west":{"uv":[8,7,8.7,8],"texture":"#all","cullface":"south"},"down":{"uv":[8,7,11,7.7],"texture":"#all","cullface":"south"}}},{"from":[10,9,16],"to":[11,10,16.7],"light_emission":15,"faces":{"south":{"uv":[10,6,11,7],"texture":"#all","cullface":"south"},"west":{"uv":[10,6,10.7,7],"texture":"#all","cullface":"south"},"up":{"uv":[10,6,11,6.7],"rotation":180,"texture":"#all","cullface":"south"},"down":{"uv":[10,6,11,6.7],"rotation":180,"texture":"#all","cullface":"south"}}},{"from":[11,8,16],"to":[12,9,16.5],"light_emission":15,"faces":{"east":{"uv":[11,7,11.5,8],"texture":"#all","cullface":"south"},"south":{"uv":[11,7,12,8],"texture":"#all","cullface":"south"},"down":{"uv":[11,7,12,7.5],"rotation":180,"texture":"#all","cullface":"south"}}},{"from":[8,9,16],"to":[10,10,16.5],"light_emission":15,"faces":{"south":{"uv":[8,6,10,7],"texture":"#all","cullface":"south"},"west":{"uv":[8,6,8.5,7],"texture":"#all","cullface":"south"},"up":{"uv":[8,6,10,6.5],"texture":"#all","cullface":"south"}}},{"from":[10,3,16],"to":[11,4,16.7],"light_emission":15,"faces":{"east":{"uv":[10,12,10.7,13],"texture":"#all","cullface":"south"},"south":{"uv":[10,12,11,13],"texture":"#all","cullface":"south"},"west":{"uv":[10,12,10.7,13],"texture":"#all","cullface":"south"},"up":{"uv":[10,12,11,12.7],"rotation":180,"texture":"#all","cullface":"south"},"down":{"uv":[10,12,11,12.7],"rotation":180,"texture":"#all","cullface":"south"}}},{"from":[12,4,16],"to":[13,6,16.5],"light_emission":15,"faces":{"east":{"uv":[12,10,12.5,12],"texture":"#all","cullface":"south"},"south":{"uv":[12,10,13,12],"texture":"#all","cullface":"south"},"up":{"uv":[12,10,13,10.5],"rotation":180,"texture":"#all","cullface":"south"},"down":{"uv":[12,11,13,11.5],"rotation":180,"texture":"#all","cullface":"south"}}},{"from":[11,3,16],"to":[12,4,16.5],"light_emission":15,"faces":{"east":{"uv":[11,12,11.5,13],"texture":"#all","cullface":"south"},"south":{"uv":[11,12,12,13],"texture":"#all","cullface":"south"},"down":{"uv":[11,12,12,12.5],"rotation":180,"texture":"#all","cullface":"south"}}},{"from":[11,4,16],"to":[12,6,16.7],"light_emission":15,"faces":{"east":{"uv":[11,10,11.5,12],"texture":"#all","cullface":"south"},"south":{"uv":[11,10,12,12],"texture":"#all","cullface":"south"},"west":{"uv":[11,10,11.5,12],"texture":"#all","cullface":"south"},"up":{"uv":[11,10,12,10.5],"rotation":180,"texture":"#all","cullface":"south"},"down":{"uv":[11,11,12,11.5],"rotation":180,"texture":"#all","cullface":"south"}}},{"from":[10,4,16],"to":[11,6,16.5],"light_emission":15,"faces":{"south":{"uv":[10,10,11,12],"texture":"#all","cullface":"south"},"west":{"uv":[10,10,10.5,12],"texture":"#all","cullface":"south"},"up":{"uv":[10,10,11,10.5],"rotation":180,"texture":"#all","cullface":"south"}}},{"from":[8,3,16],"to":[9,5,16.5],"light_emission":15,"faces":{"east":{"uv":[8,11,8.5,13],"texture":"#all","cullface":"south"},"south":{"uv":[8,11,9,13],"texture":"#all","cullface":"south"},"up":{"uv":[8,11,9,11.5],"rotation":180,"texture":"#all","cullface":"south"},"down":{"uv":[8,12,9,12.5],"rotation":180,"texture":"#all","cullface":"south"}}},{"from":[7,3,16],"to":[8,5,16.7],"light_emission":15,"faces":{"east":{"uv":[7,11,7.5,13],"texture":"#all","cullface":"south"},"south":{"uv":[7,11,8,13],"texture":"#all","cullface":"south"},"west":{"uv":[7,11,7.5,13],"texture":"#all","cullface":"south"},"up":{"uv":[7,11,8,11.5],"rotation":180,"texture":"#all","cullface":"south"},"down":{"uv":[7,12,8,12.5],"rotation":180,"texture":"#all","cullface":"south"}}},{"from":[7,5,16],"to":[8,6,16.5],"light_emission":15,"faces":{"east":{"uv":[7,10,7.5,11],"texture":"#all","cullface":"south"},"south":{"uv":[7,10,8,11],"texture":"#all","cullface":"south"},"west":{"uv":[7,10,7.5,11],"texture":"#all","cullface":"south"},"up":{"uv":[7,10,8,10.5],"rotation":180,"texture":"#all","cullface":"south"}}},{"from":[6,4,16],"to":[7,5,16.5],"light_emission":15,"faces":{"south":{"uv":[6,11,7,12],"texture":"#all","cullface":"south"},"west":{"uv":[6,11,6.5,12],"texture":"#all","cullface":"south"},"up":{"uv":[6,11,7,11.5],"rotation":180,"texture":"#all","cullface":"south"},"down":{"uv":[6,11,7,11.5],"rotation":180,"texture":"#all","cullface":"south"}}},{"from":[4,7,16],"to":[5,8,16.5],"light_emission":15,"faces":{"east":{"uv":[4,8,4.5,9],"texture":"#all","cullface":"south"},"south":{"uv":[4,8,5,9],"texture":"#all","cullface":"south"},"up":{"uv":[4,8,5,8.5],"rotation":180,"texture":"#all","cullface":"south"},"down":{"uv":[4,8,5,8.5],"rotation":180,"texture":"#all","cullface":"south"}}},{"from":[16,13,1],"to":[16.5,14,2],"light_emission":15,"faces":{"north":{"uv":[14,2,14.5,3],"texture":"#all","cullface":"east"},"east":{"uv":[14,2,15,3],"texture":"#all","cullface":"east"},"up":{"uv":[14,2,15,2.5],"rotation":90,"texture":"#all","cullface":"east"},"down":{"uv":[14,2,15,2.5],"rotation":270,"texture":"#all","cullface":"east"}}},{"from":[16,13,2],"to":[16.5,14,4],"light_emission":15,"faces":{"east":{"uv":[12,2,14,3],"texture":"#all","cullface":"east"},"south":{"uv":[12,2,12.5,3],"texture":"#all","cullface":"east"},"down":{"uv":[12,2,14,2.5],"rotation":90,"texture":"#all","cullface":"east"}}},{"from":[16,14,2],"to":[16.7,15,4],"light_emission":15,"faces":{"north":{"uv":[13,1,13.5,2],"texture":"#all","cullface":"east"},"east":{"uv":[12,1,14,2],"texture":"#all","cullface":"east"},"south":{"uv":[12,1,12.5,2],"texture":"#all","cullface":"east"},"up":{"uv":[12,1,14,1.5],"rotation":270,"texture":"#all","cullface":"east"},"down":{"uv":[12,1,14,1.5],"rotation":90,"texture":"#all","cullface":"east"}}},{"from":[16,14,4],"to":[16.5,15,5],"light_emission":15,"faces":{"east":{"uv":[11,1,12,2],"rotation":270,"texture":"#all","cullface":"east"},"south":{"uv":[11,1,12,1.5],"rotation":90,"texture":"#all","cullface":"east"},"up":{"uv":[11,1,11.5,2],"rotation":180,"texture":"#all","cullface":"east"},"down":{"uv":[11,1,11.5,2],"texture":"#all","cullface":"east"}}},{"from":[16,7,14],"to":[16.5,8,15],"light_emission":15,"faces":{"east":{"uv":[1,8,2,9],"texture":"#all","cullface":"east"},"south":{"uv":[1,8,1.5,9],"texture":"#all","cullface":"east"},"up":{"uv":[1,8,2,8.5],"rotation":90,"texture":"#all","cullface":"east"},"down":{"uv":[1,8,2,8.5],"rotation":270,"texture":"#all","cullface":"east"}}},{"from":[16,12,8],"to":[16.5,13,9],"light_emission":15,"faces":{"north":{"uv":[7,3,7.5,4],"texture":"#all","cullface":"east"},"east":{"uv":[7,3,8,4],"texture":"#all","cullface":"east"},"up":{"uv":[7,3,8,3.5],"rotation":90,"texture":"#all","cullface":"east"},"down":{"uv":[7,3,8,3.5],"rotation":270,"texture":"#all","cullface":"east"}}},{"from":[16,13,9],"to":[16.5,14,12],"light_emission":15,"faces":{"north":{"uv":[6,2,6.7,3],"texture":"#all","cullface":"east"},"east":{"uv":[4,2,7,3],"texture":"#all","cullface":"east"},"south":{"uv":[4,2,4.7,3],"texture":"#all","cullface":"east"},"up":{"uv":[4,2,7,2.7],"rotation":270,"texture":"#all","cullface":"east"}}},{"from":[16,12,9],"to":[16.5,13,10],"light_emission":15,"faces":{"east":{"uv":[6,3,7,4],"texture":"#all","cullface":"east"},"down":{"uv":[6,3,7,3.5],"rotation":270,"texture":"#all","cullface":"east"}}},{"from":[16,11,10],"to":[16.5,12,13],"light_emission":15,"faces":{"north":{"uv":[5,4,5.7,5],"texture":"#all","cullface":"east"},"east":{"uv":[3,4,6,5],"texture":"#all","cullface":"east"},"south":{"uv":[3,4,3.7,5],"texture":"#all","cullface":"east"},"down":{"uv":[3,4,6,4.7],"rotation":90,"texture":"#all","cullface":"east"}}},{"from":[16,12,10],"to":[16.7,13,13],"light_emission":15,"faces":{"north":{"uv":[5,3,5.7,4],"texture":"#all","cullface":"east"},"east":{"uv":[3,3,6,4],"texture":"#all","cullface":"east"},"south":{"uv":[3,3,3.7,4],"texture":"#all","cullface":"east"},"up":{"uv":[3,3,6,3.7],"rotation":270,"texture":"#all","cullface":"east"},"down":{"uv":[3,3,6,3.7],"rotation":90,"texture":"#all","cullface":"east"}}},{"from":[16,12,13],"to":[16.5,13,14],"light_emission":15,"faces":{"east":{"uv":[2,3,3,4],"texture":"#all","cullface":"east"},"south":{"uv":[2,3,2.5,4],"texture":"#all","cullface":"east"},"up":{"uv":[2,3,3,3.5],"rotation":90,"texture":"#all","cullface":"east"},"down":{"uv":[2,3,3,3.5],"rotation":270,"texture":"#all","cullface":"east"}}},{"from":[16,2,10],"to":[16.5,3,11],"light_emission":15,"faces":{"north":{"uv":[5,13,5.5,14],"texture":"#all","cullface":"east"},"east":{"uv":[5,13,6,14],"texture":"#all","cullface":"east"},"up":{"uv":[5,13,6,13.5],"rotation":90,"texture":"#all","cullface":"east"},"down":{"uv":[5,13,6,13.5],"rotation":270,"texture":"#all","cullface":"east"}}},{"from":[16,2,12],"to":[16.5,3,13],"light_emission":15,"faces":{"east":{"uv":[3,13,4,14],"texture":"#all","cullface":"east"},"south":{"uv":[3,13,3.5,14],"texture":"#all","cullface":"east"},"down":{"uv":[3,13,4,13.5],"rotation":270,"texture":"#all","cullface":"east"}}},{"from":[16,2,11],"to":[16.7,3,12],"light_emission":15,"faces":{"north":{"uv":[4,13,4.7,14],"texture":"#all","cullface":"east"},"east":{"uv":[4,13,5,14],"texture":"#all","cullface":"east"},"south":{"uv":[4,13,4.7,14],"texture":"#all","cullface":"east"},"up":{"uv":[4,13,5,13.7],"rotation":90,"texture":"#all","cullface":"east"},"down":{"uv":[4,13,5,13.7],"rotation":270,"texture":"#all","cullface":"east"}}},{"from":[16,3,11],"to":[16.5,4,13],"light_emission":15,"faces":{"north":{"uv":[4,12,4.5,13],"texture":"#all","cullface":"east"},"east":{"uv":[3,12,5,13],"texture":"#all","cullface":"east"},"south":{"uv":[3,12,3.5,13],"texture":"#all","cullface":"east"},"up":{"uv":[3,12,5,12.5],"rotation":270,"texture":"#all","cullface":"east"}}},{"from":[16,8,12],"to":[16.5,9,13],"light_emission":15,"faces":{"north":{"uv":[3,7,3.5,8],"texture":"#all","cullface":"east"},"east":{"uv":[3,7,4,8],"texture":"#all","cullface":"east"},"south":{"uv":[3,7,3.5,8],"texture":"#all","cullface":"east"},"up":{"uv":[3,7,4,7.5],"rotation":90,"texture":"#all","cullface":"east"}}},{"from":[16,6,12],"to":[16.7,8,13],"light_emission":15,"faces":{"north":{"uv":[3,8,3.5,10],"texture":"#all","cullface":"east"},"east":{"uv":[3,8,4,10],"texture":"#all","cullface":"east"},"south":{"uv":[3,8,3.5,10],"texture":"#all","cullface":"east"},"up":{"uv":[3,8,4,8.5],"rotation":90,"texture":"#all","cullface":"east"},"down":{"uv":[3,9,4,9.5],"rotation":270,"texture":"#all","cullface":"east"}}},{"from":[16,6,13],"to":[16.5,8,14],"light_emission":15,"faces":{"east":{"uv":[2,8,3,10],"texture":"#all","cullface":"east"},"south":{"uv":[2,8,2.5,10],"texture":"#all","cullface":"east"},"up":{"uv":[2,8,3,8.5],"rotation":90,"texture":"#all","cullface":"east"},"down":{"uv":[2,9,3,9.5],"rotation":270,"texture":"#all","cullface":"east"}}},{"from":[16,9,4],"to":[16.7,11,5],"light_emission":15,"faces":{"north":{"uv":[11,5,11.5,7],"texture":"#all","cullface":"east"},"east":{"uv":[11,5,12,7],"texture":"#all","cullface":"east"},"south":{"uv":[11,5,11.5,7],"texture":"#all","cullface":"east"},"up":{"uv":[11,5,12,5.5],"rotation":90,"texture":"#all","cullface":"east"},"down":{"uv":[11,6,12,6.5],"rotation":270,"texture":"#all","cullface":"east"}}},{"from":[16,9,3],"to":[16.5,11,4],"light_emission":15,"faces":{"north":{"uv":[12,5,12.5,7],"texture":"#all","cullface":"east"},"east":{"uv":[12,5,13,7],"texture":"#all","cullface":"east"},"up":{"uv":[12,5,13,5.5],"rotation":90,"texture":"#all","cullface":"east"},"down":{"uv":[12,6,13,6.5],"rotation":270,"texture":"#all","cullface":"east"}}},{"from":[16,10,5],"to":[16.5,11,6],"light_emission":15,"faces":{"east":{"uv":[10,5,11,6],"texture":"#all","cullface":"east"},"south":{"uv":[10,5,10.5,6],"texture":"#all","cullface":"east"},"up":{"uv":[10,5,11,5.5],"rotation":90,"texture":"#all","cullface":"east"}}},{"from":[16,8,5],"to":[16.5,9,8],"light_emission":15,"faces":{"east":{"uv":[8,7,11,8],"texture":"#all","cullface":"east"},"south":{"uv":[8,7,8.7,8],"texture":"#all","cullface":"east"},"down":{"uv":[8,7,11,7.7],"rotation":90,"texture":"#all","cullface":"east"}}},{"from":[16,9,5],"to":[16.7,10,6],"light_emission":15,"faces":{"east":{"uv":[10,6,11,7],"texture":"#all","cullface":"east"},"south":{"uv":[10,6,10.7,7],"texture":"#all","cullface":"east"},"up":{"uv":[10,6,11,6.7],"rotation":90,"texture":"#all","cullface":"east"},"down":{"uv":[10,6,11,6.7],"rotation":270,"texture":"#all","cullface":"east"}}},{"from":[16,8,4],"to":[16.5,9,5],"light_emission":15,"faces":{"north":{"uv":[11,7,11.5,8],"texture":"#all","cullface":"east"},"east":{"uv":[11,7,12,8],"texture":"#all","cullface":"east"},"down":{"uv":[11,7,12,7.5],"rotation":270,"texture":"#all","cullface":"east"}}},{"from":[16,9,6],"to":[16.5,10,8],"light_emission":15,"faces":{"east":{"uv":[8,6,10,7],"texture":"#all","cullface":"east"},"south":{"uv":[8,6,8.5,7],"texture":"#all","cullface":"east"},"up":{"uv":[8,6,10,6.5],"rotation":270,"texture":"#all","cullface":"east"}}},{"from":[16,3,5],"to":[16.7,4,6],"light_emission":15,"faces":{"north":{"uv":[10,12,10.7,13],"texture":"#all","cullface":"east"},"east":{"uv":[10,12,11,13],"texture":"#all","cullface":"east"},"south":{"uv":[10,12,10.7,13],"texture":"#all","cullface":"east"},"up":{"uv":[10,12,11,12.7],"rotation":90,"texture":"#all","cullface":"east"},"down":{"uv":[10,12,11,12.7],"rotation":270,"texture":"#all","cullface":"east"}}},{"from":[16,4,3],"to":[16.5,6,4],"light_emission":15,"faces":{"north":{"uv":[12,10,12.5,12],"texture":"#all","cullface":"east"},"east":{"uv":[12,10,13,12],"texture":"#all","cullface":"east"},"up":{"uv":[12,10,13,10.5],"rotation":90,"texture":"#all","cullface":"east"},"down":{"uv":[12,11,13,11.5],"rotation":270,"texture":"#all","cullface":"east"}}},{"from":[16,3,4],"to":[16.5,4,5],"light_emission":15,"faces":{"north":{"uv":[11,12,11.5,13],"texture":"#all","cullface":"east"},"east":{"uv":[11,12,12,13],"texture":"#all","cullface":"east"},"down":{"uv":[11,12,12,12.5],"rotation":270,"texture":"#all","cullface":"east"}}},{"from":[16,4,4],"to":[16.7,6,5],"light_emission":15,"faces":{"north":{"uv":[11,10,11.5,12],"texture":"#all","cullface":"east"},"east":{"uv":[11,10,12,12],"texture":"#all","cullface":"east"},"south":{"uv":[11,10,11.5,12],"texture":"#all","cullface":"east"},"up":{"uv":[11,10,12,10.5],"rotation":90,"texture":"#all","cullface":"east"},"down":{"uv":[11,11,12,11.5],"rotation":270,"texture":"#all","cullface":"east"}}},{"from":[16,4,5],"to":[16.5,6,6],"light_emission":15,"faces":{"east":{"uv":[10,10,11,12],"texture":"#all","cullface":"east"},"south":{"uv":[10,10,10.5,12],"texture":"#all","cullface":"east"},"up":{"uv":[10,10,11,10.5],"rotation":90,"texture":"#all","cullface":"east"}}},{"from":[16,3,7],"to":[16.5,5,8],"light_emission":15,"faces":{"north":{"uv":[8,11,8.5,13],"texture":"#all","cullface":"east"},"east":{"uv":[8,11,9,13],"texture":"#all","cullface":"east"},"up":{"uv":[8,11,9,11.5],"rotation":90,"texture":"#all","cullface":"east"},"down":{"uv":[8,12,9,12.5],"rotation":270,"texture":"#all","cullface":"east"}}},{"from":[16,3,8],"to":[16.7,5,9],"light_emission":15,"faces":{"north":{"uv":[7,11,7.5,13],"texture":"#all","cullface":"east"},"east":{"uv":[7,11,8,13],"texture":"#all","cullface":"east"},"south":{"uv":[7,11,7.5,13],"texture":"#all","cullface":"east"},"up":{"uv":[7,11,8,11.5],"rotation":90,"texture":"#all","cullface":"east"},"down":{"uv":[7,12,8,12.5],"rotation":270,"texture":"#all","cullface":"east"}}},{"from":[16,5,8],"to":[16.5,6,9],"light_emission":15,"faces":{"north":{"uv":[7,10,7.5,11],"texture":"#all","cullface":"east"},"east":{"uv":[7,10,8,11],"texture":"#all","cullface":"east"},"south":{"uv":[7,10,7.5,11],"texture":"#all","cullface":"east"},"up":{"uv":[7,10,8,10.5],"rotation":90,"texture":"#all","cullface":"east"}}},{"from":[16,4,9],"to":[16.5,5,10],"light_emission":15,"faces":{"east":{"uv":[6,11,7,12],"texture":"#all","cullface":"east"},"south":{"uv":[6,11,6.5,12],"texture":"#all","cullface":"east"},"up":{"uv":[6,11,7,11.5],"rotation":90,"texture":"#all","cullface":"east"},"down":{"uv":[6,11,7,11.5],"rotation":270,"texture":"#all","cullface":"east"}}},{"from":[16,7,11],"to":[16.5,8,12],"light_emission":15,"faces":{"north":{"uv":[4,8,4.5,9],"texture":"#all","cullface":"east"},"east":{"uv":[4,8,5,9],"texture":"#all","cullface":"east"},"up":{"uv":[4,8,5,8.5],"rotation":90,"texture":"#all","cullface":"east"},"down":{"uv":[4,8,5,8.5],"rotation":270,"texture":"#all","cullface":"east"}}},{"from":[14,16,2],"to":[15,16.5,3],"light_emission":15,"faces":{"north":{"uv":[14,2,15,2.5],"texture":"#all","cullface":"up"},"east":{"uv":[14,2,14.5,3],"rotation":90,"texture":"#all","cullface":"up"},"south":{"uv":[14,2,15,2.5],"rotation":180,"texture":"#all","cullface":"up"},"up":{"uv":[14,2,15,3],"texture":"#all","cullface":"up"}}},{"from":[12,16,2],"to":[14,16.5,3],"light_emission":15,"faces":{"south":{"uv":[12,2,14,2.5],"texture":"#all","cullface":"up"},"west":{"uv":[12,2,12.5,3],"rotation":270,"texture":"#all","cullface":"up"},"up":{"uv":[12,2,14,3],"texture":"#all","cullface":"up"}}},{"from":[12,16,1],"to":[14,16.7,2],"light_emission":15,"faces":{"north":{"uv":[12,1,14,1.5],"rotation":180,"texture":"#all","cullface":"up"},"east":{"uv":[13,1,13.5,2],"rotation":90,"texture":"#all","cullface":"up"},"south":{"uv":[12,1,14,1.5],"texture":"#all","cullface":"up"},"west":{"uv":[12,1,12.5,2],"rotation":270,"texture":"#all","cullface":"up"},"up":{"uv":[12,1,14,2],"texture":"#all","cullface":"up"}}},{"from":[11,16,1],"to":[12,16.5,2],"light_emission":15,"faces":{"north":{"uv":[11,1,11.5,2],"rotation":90,"texture":"#all","cullface":"up"},"south":{"uv":[11,1,11.5,2],"rotation":270,"texture":"#all","cullface":"up"},"west":{"uv":[11,1,12,1.5],"texture":"#all","cullface":"up"},"up":{"uv":[11,1,12,2],"rotation":270,"texture":"#all","cullface":"up"}}},{"from":[1,16,8],"to":[2,16.5,9],"light_emission":15,"faces":{"north":{"uv":[1,8,2,8.5],"texture":"#all","cullface":"up"},"south":{"uv":[1,8,2,8.5],"rotation":180,"texture":"#all","cullface":"up"},"west":{"uv":[1,8,1.5,9],"rotation":270,"texture":"#all","cullface":"up"},"up":{"uv":[1,8,2,9],"texture":"#all","cullface":"up"}}},{"from":[7,16,3],"to":[8,16.5,4],"light_emission":15,"faces":{"north":{"uv":[7,3,8,3.5],"texture":"#all","cullface":"up"},"east":{"uv":[7,3,7.5,4],"rotation":90,"texture":"#all","cullface":"up"},"south":{"uv":[7,3,8,3.5],"rotation":180,"texture":"#all","cullface":"up"},"up":{"uv":[7,3,8,4],"texture":"#all","cullface":"up"}}},{"from":[4,16,2],"to":[7,16.5,3],"light_emission":15,"faces":{"north":{"uv":[4,2,7,2.7],"rotation":180,"texture":"#all","cullface":"up"},"east":{"uv":[6,2,6.7,3],"rotation":90,"texture":"#all","cullface":"up"},"west":{"uv":[4,2,4.7,3],"rotation":270,"texture":"#all","cullface":"up"},"up":{"uv":[4,2,7,3],"texture":"#all","cullface":"up"}}},{"from":[6,16,3],"to":[7,16.5,4],"light_emission":15,"faces":{"south":{"uv":[6,3,7,3.5],"rotation":180,"texture":"#all","cullface":"up"},"up":{"uv":[6,3,7,4],"texture":"#all","cullface":"up"}}},{"from":[3,16,4],"to":[6,16.5,5],"light_emission":15,"faces":{"east":{"uv":[5,4,5.7,5],"rotation":90,"texture":"#all","cullface":"up"},"south":{"uv":[3,4,6,4.7],"texture":"#all","cullface":"up"},"west":{"uv":[3,4,3.7,5],"rotation":270,"texture":"#all","cullface":"up"},"up":{"uv":[3,4,6,5],"texture":"#all","cullface":"up"}}},{"from":[3,16,3],"to":[6,16.7,4],"light_emission":15,"faces":{"north":{"uv":[3,3,6,3.7],"rotation":180,"texture":"#all","cullface":"up"},"east":{"uv":[5,3,5.7,4],"rotation":90,"texture":"#all","cullface":"up"},"south":{"uv":[3,3,6,3.7],"texture":"#all","cullface":"up"},"west":{"uv":[3,3,3.7,4],"rotation":270,"texture":"#all","cullface":"up"},"up":{"uv":[3,3,6,4],"texture":"#all","cullface":"up"}}},{"from":[2,16,3],"to":[3,16.5,4],"light_emission":15,"faces":{"north":{"uv":[2,3,3,3.5],"texture":"#all","cullface":"up"},"south":{"uv":[2,3,3,3.5],"rotation":180,"texture":"#all","cullface":"up"},"west":{"uv":[2,3,2.5,4],"rotation":270,"texture":"#all","cullface":"up"},"up":{"uv":[2,3,3,4],"texture":"#all","cullface":"up"}}},{"from":[5,16,13],"to":[6,16.5,14],"light_emission":15,"faces":{"north":{"uv":[5,13,6,13.5],"texture":"#all","cullface":"up"},"east":{"uv":[5,13,5.5,14],"rotation":90,"texture":"#all","cullface":"up"},"south":{"uv":[5,13,6,13.5],"rotation":180,"texture":"#all","cullface":"up"},"up":{"uv":[5,13,6,14],"texture":"#all","cullface":"up"}}},{"from":[3,16,13],"to":[4,16.5,14],"light_emission":15,"faces":{"south":{"uv":[3,13,4,13.5],"rotation":180,"texture":"#all","cullface":"up"},"west":{"uv":[3,13,3.5,14],"rotation":270,"texture":"#all","cullface":"up"},"up":{"uv":[3,13,4,14],"texture":"#all","cullface":"up"}}},{"from":[4,16,13],"to":[5,16.7,14],"light_emission":15,"faces":{"north":{"uv":[4,13,5,13.7],"texture":"#all","cullface":"up"},"east":{"uv":[4,13,4.7,14],"rotation":90,"texture":"#all","cullface":"up"},"south":{"uv":[4,13,5,13.7],"rotation":180,"texture":"#all","cullface":"up"},"west":{"uv":[4,13,4.7,14],"rotation":270,"texture":"#all","cullface":"up"},"up":{"uv":[4,13,5,14],"texture":"#all","cullface":"up"}}},{"from":[3,16,12],"to":[5,16.5,13],"light_emission":15,"faces":{"north":{"uv":[3,12,5,12.5],"rotation":180,"texture":"#all","cullface":"up"},"east":{"uv":[4,12,4.5,13],"rotation":90,"texture":"#all","cullface":"up"},"west":{"uv":[3,12,3.5,13],"rotation":270,"texture":"#all","cullface":"up"},"up":{"uv":[3,12,5,13],"texture":"#all","cullface":"up"}}},{"from":[3,16,7],"to":[4,16.5,8],"light_emission":15,"faces":{"north":{"uv":[3,7,4,7.5],"texture":"#all","cullface":"up"},"east":{"uv":[3,7,3.5,8],"rotation":90,"texture":"#all","cullface":"up"},"west":{"uv":[3,7,3.5,8],"rotation":270,"texture":"#all","cullface":"up"},"up":{"uv":[3,7,4,8],"texture":"#all","cullface":"up"}}},{"from":[3,16,8],"to":[4,16.7,10],"light_emission":15,"faces":{"north":{"uv":[3,8,4,8.5],"texture":"#all","cullface":"up"},"east":{"uv":[3,8,3.5,10],"rotation":90,"texture":"#all","cullface":"up"},"south":{"uv":[3,9,4,9.5],"rotation":180,"texture":"#all","cullface":"up"},"west":{"uv":[3,8,3.5,10],"rotation":270,"texture":"#all","cullface":"up"},"up":{"uv":[3,8,4,10],"texture":"#all","cullface":"up"}}},{"from":[2,16,8],"to":[3,16.5,10],"light_emission":15,"faces":{"north":{"uv":[2,8,3,8.5],"texture":"#all","cullface":"up"},"south":{"uv":[2,9,3,9.5],"rotation":180,"texture":"#all","cullface":"up"},"west":{"uv":[2,8,2.5,10],"rotation":270,"texture":"#all","cullface":"up"},"up":{"uv":[2,8,3,10],"texture":"#all","cullface":"up"}}},{"from":[11,16,5],"to":[12,16.7,7],"light_emission":15,"faces":{"north":{"uv":[11,5,12,5.5],"texture":"#all","cullface":"up"},"east":{"uv":[11,5,11.5,7],"rotation":90,"texture":"#all","cullface":"up"},"south":{"uv":[11,6,12,6.5],"rotation":180,"texture":"#all","cullface":"up"},"west":{"uv":[11,5,11.5,7],"rotation":270,"texture":"#all","cullface":"up"},"up":{"uv":[11,5,12,7],"texture":"#all","cullface":"up"}}},{"from":[12,16,5],"to":[13,16.5,7],"light_emission":15,"faces":{"north":{"uv":[12,5,13,5.5],"texture":"#all","cullface":"up"},"east":{"uv":[12,5,12.5,7],"rotation":90,"texture":"#all","cullface":"up"},"south":{"uv":[12,6,13,6.5],"rotation":180,"texture":"#all","cullface":"up"},"up":{"uv":[12,5,13,7],"texture":"#all","cullface":"up"}}},{"from":[10,16,5],"to":[11,16.5,6],"light_emission":15,"faces":{"north":{"uv":[10,5,11,5.5],"texture":"#all","cullface":"up"},"west":{"uv":[10,5,10.5,6],"rotation":270,"texture":"#all","cullface":"up"},"up":{"uv":[10,5,11,6],"texture":"#all","cullface":"up"}}},{"from":[8,16,7],"to":[11,16.5,8],"light_emission":15,"faces":{"south":{"uv":[8,7,11,7.7],"texture":"#all","cullface":"up"},"west":{"uv":[8,7,8.7,8],"rotation":270,"texture":"#all","cullface":"up"},"up":{"uv":[8,7,11,8],"texture":"#all","cullface":"up"}}},{"from":[10,16,6],"to":[11,16.7,7],"light_emission":15,"faces":{"north":{"uv":[10,6,11,6.7],"texture":"#all","cullface":"up"},"south":{"uv":[10,6,11,6.7],"rotation":180,"texture":"#all","cullface":"up"},"west":{"uv":[10,6,10.7,7],"rotation":270,"texture":"#all","cullface":"up"},"up":{"uv":[10,6,11,7],"texture":"#all","cullface":"up"}}},{"from":[11,16,7],"to":[12,16.5,8],"light_emission":15,"faces":{"east":{"uv":[11,7,11.5,8],"rotation":90,"texture":"#all","cullface":"up"},"south":{"uv":[11,7,12,7.5],"rotation":180,"texture":"#all","cullface":"up"},"up":{"uv":[11,7,12,8],"texture":"#all","cullface":"up"}}},{"from":[8,16,6],"to":[10,16.5,7],"light_emission":15,"faces":{"north":{"uv":[8,6,10,6.5],"rotation":180,"texture":"#all","cullface":"up"},"west":{"uv":[8,6,8.5,7],"rotation":270,"texture":"#all","cullface":"up"},"up":{"uv":[8,6,10,7],"texture":"#all","cullface":"up"}}},{"from":[10,16,12],"to":[11,16.7,13],"light_emission":15,"faces":{"north":{"uv":[10,12,11,12.7],"texture":"#all","cullface":"up"},"east":{"uv":[10,12,10.7,13],"rotation":90,"texture":"#all","cullface":"up"},"south":{"uv":[10,12,11,12.7],"rotation":180,"texture":"#all","cullface":"up"},"west":{"uv":[10,12,10.7,13],"rotation":270,"texture":"#all","cullface":"up"},"up":{"uv":[10,12,11,13],"texture":"#all","cullface":"up"}}},{"from":[12,16,10],"to":[13,16.5,12],"light_emission":15,"faces":{"north":{"uv":[12,10,13,10.5],"texture":"#all","cullface":"up"},"east":{"uv":[12,10,12.5,12],"rotation":90,"texture":"#all","cullface":"up"},"south":{"uv":[12,11,13,11.5],"rotation":180,"texture":"#all","cullface":"up"},"up":{"uv":[12,10,13,12],"texture":"#all","cullface":"up"}}},{"from":[11,16,12],"to":[12,16.5,13],"light_emission":15,"faces":{"east":{"uv":[11,12,11.5,13],"rotation":90,"texture":"#all","cullface":"up"},"south":{"uv":[11,12,12,12.5],"rotation":180,"texture":"#all","cullface":"up"},"up":{"uv":[11,12,12,13],"texture":"#all","cullface":"up"}}},{"from":[11,16,10],"to":[12,16.7,12],"light_emission":15,"faces":{"north":{"uv":[11,10,12,10.5],"texture":"#all","cullface":"up"},"east":{"uv":[11,10,11.5,12],"rotation":90,"texture":"#all","cullface":"up"},"south":{"uv":[11,11,12,11.5],"rotation":180,"texture":"#all","cullface":"up"},"west":{"uv":[11,10,11.5,12],"rotation":270,"texture":"#all","cullface":"up"},"up":{"uv":[11,10,12,12],"texture":"#all","cullface":"up"}}},{"from":[10,16,10],"to":[11,16.5,12],"light_emission":15,"faces":{"north":{"uv":[10,10,11,10.5],"texture":"#all","cullface":"up"},"west":{"uv":[10,10,10.5,12],"rotation":270,"texture":"#all","cullface":"up"},"up":{"uv":[10,10,11,12],"texture":"#all","cullface":"up"}}},{"from":[8,16,11],"to":[9,16.5,13],"light_emission":15,"faces":{"north":{"uv":[8,11,9,11.5],"texture":"#all","cullface":"up"},"east":{"uv":[8,11,8.5,13],"rotation":90,"texture":"#all","cullface":"up"},"south":{"uv":[8,12,9,12.5],"rotation":180,"texture":"#all","cullface":"up"},"up":{"uv":[8,11,9,13],"texture":"#all","cullface":"up"}}},{"from":[7,16,11],"to":[8,16.7,13],"light_emission":15,"faces":{"north":{"uv":[7,11,8,11.5],"texture":"#all","cullface":"up"},"east":{"uv":[7,11,7.5,13],"rotation":90,"texture":"#all","cullface":"up"},"south":{"uv":[7,12,8,12.5],"rotation":180,"texture":"#all","cullface":"up"},"west":{"uv":[7,11,7.5,13],"rotation":270,"texture":"#all","cullface":"up"},"up":{"uv":[7,11,8,13],"texture":"#all","cullface":"up"}}},{"from":[7,16,10],"to":[8,16.5,11],"light_emission":15,"faces":{"north":{"uv":[7,10,8,10.5],"texture":"#all","cullface":"up"},"east":{"uv":[7,10,7.5,11],"rotation":90,"texture":"#all","cullface":"up"},"west":{"uv":[7,10,7.5,11],"rotation":270,"texture":"#all","cullface":"up"},"up":{"uv":[7,10,8,11],"texture":"#all","cullface":"up"}}},{"from":[6,16,11],"to":[7,16.5,12],"light_emission":15,"faces":{"north":{"uv":[6,11,7,11.5],"texture":"#all","cullface":"up"},"south":{"uv":[6,11,7,11.5],"rotation":180,"texture":"#all","cullface":"up"},"west":{"uv":[6,11,6.5,12],"rotation":270,"texture":"#all","cullface":"up"},"up":{"uv":[6,11,7,12],"texture":"#all","cullface":"up"}}},{"from":[4,16,8],"to":[5,16.5,9],"light_emission":15,"faces":{"north":{"uv":[4,8,5,8.5],"texture":"#all","cullface":"up"},"east":{"uv":[4,8,4.5,9],"rotation":90,"texture":"#all","cullface":"up"},"south":{"uv":[4,8,5,8.5],"rotation":180,"texture":"#all","cullface":"up"},"up":{"uv":[4,8,5,9],"texture":"#all","cullface":"up"}}},{"from":[14,-0.5,13],"to":[15,0,14],"light_emission":15,"faces":{"north":{"uv":[14,2,15,2.5],"texture":"#all","cullface":"down"},"east":{"uv":[14,2,14.5,3],"rotation":270,"texture":"#all","cullface":"down"},"south":{"uv":[14,2,15,2.5],"rotation":180,"texture":"#all","cullface":"down"},"down":{"uv":[14,2,15,3],"texture":"#all","cullface":"down"}}},{"from":[12,-0.5,13],"to":[14,0,14],"light_emission":15,"faces":{"north":{"uv":[12,2,14,2.5],"rotation":180,"texture":"#all","cullface":"down"},"west":{"uv":[12,2,12.5,3],"rotation":90,"texture":"#all","cullface":"down"},"down":{"uv":[12,2,14,3],"texture":"#all","cullface":"down"}}},{"from":[12,-0.7,14],"to":[14,0,15],"light_emission":15,"faces":{"north":{"uv":[12,1,14,1.5],"rotation":180,"texture":"#all","cullface":"down"},"east":{"uv":[13,1,13.5,2],"rotation":270,"texture":"#all","cullface":"down"},"south":{"uv":[12,1,14,1.5],"texture":"#all","cullface":"down"},"west":{"uv":[12,1,12.5,2],"rotation":90,"texture":"#all","cullface":"down"},"down":{"uv":[12,1,14,2],"texture":"#all","cullface":"down"}}},{"from":[11,-0.5,14],"to":[12,0,15],"light_emission":15,"faces":{"north":{"uv":[11,1,11.5,2],"rotation":90,"texture":"#all","cullface":"down"},"south":{"uv":[11,1,11.5,2],"rotation":270,"texture":"#all","cullface":"down"},"west":{"uv":[11,1,12,1.5],"rotation":180,"texture":"#all","cullface":"down"},"down":{"uv":[11,1,12,2],"rotation":270,"texture":"#all","cullface":"down"}}},{"from":[1,-0.5,7],"to":[2,0,8],"light_emission":15,"faces":{"north":{"uv":[1,8,2,8.5],"texture":"#all","cullface":"down"},"south":{"uv":[1,8,2,8.5],"rotation":180,"texture":"#all","cullface":"down"},"west":{"uv":[1,8,1.5,9],"rotation":90,"texture":"#all","cullface":"down"},"down":{"uv":[1,8,2,9],"texture":"#all","cullface":"down"}}},{"from":[7,-0.5,12],"to":[8,0,13],"light_emission":15,"faces":{"north":{"uv":[7,3,8,3.5],"texture":"#all","cullface":"down"},"east":{"uv":[7,3,7.5,4],"rotation":270,"texture":"#all","cullface":"down"},"south":{"uv":[7,3,8,3.5],"rotation":180,"texture":"#all","cullface":"down"},"down":{"uv":[7,3,8,4],"texture":"#all","cullface":"down"}}},{"from":[4,-0.5,13],"to":[7,0,14],"light_emission":15,"faces":{"east":{"uv":[6,2,6.7,3],"rotation":270,"texture":"#all","cullface":"down"},"south":{"uv":[4,2,7,2.7],"texture":"#all","cullface":"down"},"west":{"uv":[4,2,4.7,3],"rotation":90,"texture":"#all","cullface":"down"},"down":{"uv":[4,2,7,3],"texture":"#all","cullface":"down"}}},{"from":[6,-0.5,12],"to":[7,0,13],"light_emission":15,"faces":{"north":{"uv":[6,3,7,3.5],"texture":"#all","cullface":"down"},"down":{"uv":[6,3,7,4],"texture":"#all","cullface":"down"}}},{"from":[3,-0.5,11],"to":[6,0,12],"light_emission":15,"faces":{"north":{"uv":[3,4,6,4.7],"rotation":180,"texture":"#all","cullface":"down"},"east":{"uv":[5,4,5.7,5],"rotation":270,"texture":"#all","cullface":"down"},"west":{"uv":[3,4,3.7,5],"rotation":90,"texture":"#all","cullface":"down"},"down":{"uv":[3,4,6,5],"texture":"#all","cullface":"down"}}},{"from":[3,-0.7,12],"to":[6,0,13],"light_emission":15,"faces":{"north":{"uv":[3,3,6,3.7],"rotation":180,"texture":"#all","cullface":"down"},"east":{"uv":[5,3,5.7,4],"rotation":270,"texture":"#all","cullface":"down"},"south":{"uv":[3,3,6,3.7],"texture":"#all","cullface":"down"},"west":{"uv":[3,3,3.7,4],"rotation":90,"texture":"#all","cullface":"down"},"down":{"uv":[3,3,6,4],"texture":"#all","cullface":"down"}}},{"from":[2,-0.5,12],"to":[3,0,13],"light_emission":15,"faces":{"north":{"uv":[2,3,3,3.5],"texture":"#all","cullface":"down"},"south":{"uv":[2,3,3,3.5],"rotation":180,"texture":"#all","cullface":"down"},"west":{"uv":[2,3,2.5,4],"rotation":90,"texture":"#all","cullface":"down"},"down":{"uv":[2,3,3,4],"texture":"#all","cullface":"down"}}},{"from":[5,-0.5,2],"to":[6,0,3],"light_emission":15,"faces":{"north":{"uv":[5,13,6,13.5],"texture":"#all","cullface":"down"},"east":{"uv":[5,13,5.5,14],"rotation":270,"texture":"#all","cullface":"down"},"south":{"uv":[5,13,6,13.5],"rotation":180,"texture":"#all","cullface":"down"},"down":{"uv":[5,13,6,14],"texture":"#all","cullface":"down"}}},{"from":[3,-0.5,2],"to":[4,0,3],"light_emission":15,"faces":{"north":{"uv":[3,13,4,13.5],"texture":"#all","cullface":"down"},"west":{"uv":[3,13,3.5,14],"rotation":90,"texture":"#all","cullface":"down"},"down":{"uv":[3,13,4,14],"texture":"#all","cullface":"down"}}},{"from":[4,-0.7,2],"to":[5,0,3],"light_emission":15,"faces":{"north":{"uv":[4,13,5,13.7],"texture":"#all","cullface":"down"},"east":{"uv":[4,13,4.7,14],"rotation":270,"texture":"#all","cullface":"down"},"south":{"uv":[4,13,5,13.7],"rotation":180,"texture":"#all","cullface":"down"},"west":{"uv":[4,13,4.7,14],"rotation":90,"texture":"#all","cullface":"down"},"down":{"uv":[4,13,5,14],"texture":"#all","cullface":"down"}}},{"from":[3,-0.5,3],"to":[5,0,4],"light_emission":15,"faces":{"east":{"uv":[4,12,4.5,13],"rotation":270,"texture":"#all","cullface":"down"},"south":{"uv":[3,12,5,12.5],"texture":"#all","cullface":"down"},"west":{"uv":[3,12,3.5,13],"rotation":90,"texture":"#all","cullface":"down"},"down":{"uv":[3,12,5,13],"texture":"#all","cullface":"down"}}},{"from":[3,-0.5,8],"to":[4,0,9],"light_emission":15,"faces":{"east":{"uv":[3,7,3.5,8],"rotation":270,"texture":"#all","cullface":"down"},"south":{"uv":[3,7,4,7.5],"rotation":180,"texture":"#all","cullface":"down"},"west":{"uv":[3,7,3.5,8],"rotation":90,"texture":"#all","cullface":"down"},"down":{"uv":[3,7,4,8],"texture":"#all","cullface":"down"}}},{"from":[3,-0.7,6],"to":[4,0,8],"light_emission":15,"faces":{"north":{"uv":[3,9,4,9.5],"texture":"#all","cullface":"down"},"east":{"uv":[3,8,3.5,10],"rotation":270,"texture":"#all","cullface":"down"},"south":{"uv":[3,8,4,8.5],"rotation":180,"texture":"#all","cullface":"down"},"west":{"uv":[3,8,3.5,10],"rotation":90,"texture":"#all","cullface":"down"},"down":{"uv":[3,8,4,10],"texture":"#all","cullface":"down"}}},{"from":[2,-0.5,6],"to":[3,0,8],"light_emission":15,"faces":{"north":{"uv":[2,9,3,9.5],"texture":"#all","cullface":"down"},"south":{"uv":[2,8,3,8.5],"rotation":180,"texture":"#all","cullface":"down"},"west":{"uv":[2,8,2.5,10],"rotation":90,"texture":"#all","cullface":"down"},"down":{"uv":[2,8,3,10],"texture":"#all","cullface":"down"}}},{"from":[11,-0.7,9],"to":[12,0,11],"light_emission":15,"faces":{"north":{"uv":[11,6,12,6.5],"texture":"#all","cullface":"down"},"east":{"uv":[11,5,11.5,7],"rotation":270,"texture":"#all","cullface":"down"},"south":{"uv":[11,5,12,5.5],"rotation":180,"texture":"#all","cullface":"down"},"west":{"uv":[11,5,11.5,7],"rotation":90,"texture":"#all","cullface":"down"},"down":{"uv":[11,5,12,7],"texture":"#all","cullface":"down"}}},{"from":[12,-0.5,9],"to":[13,0,11],"light_emission":15,"faces":{"north":{"uv":[12,6,13,6.5],"texture":"#all","cullface":"down"},"east":{"uv":[12,5,12.5,7],"rotation":270,"texture":"#all","cullface":"down"},"south":{"uv":[12,5,13,5.5],"rotation":180,"texture":"#all","cullface":"down"},"down":{"uv":[12,5,13,7],"texture":"#all","cullface":"down"}}},{"from":[10,-0.5,10],"to":[11,0,11],"light_emission":15,"faces":{"south":{"uv":[10,5,11,5.5],"rotation":180,"texture":"#all","cullface":"down"},"west":{"uv":[10,5,10.5,6],"rotation":90,"texture":"#all","cullface":"down"},"down":{"uv":[10,5,11,6],"texture":"#all","cullface":"down"}}},{"from":[8,-0.5,8],"to":[11,0,9],"light_emission":15,"faces":{"north":{"uv":[8,7,11,7.7],"rotation":180,"texture":"#all","cullface":"down"},"west":{"uv":[8,7,8.7,8],"rotation":90,"texture":"#all","cullface":"down"},"down":{"uv":[8,7,11,8],"texture":"#all","cullface":"down"}}},{"from":[10,-0.7,9],"to":[11,0,10],"light_emission":15,"faces":{"north":{"uv":[10,6,11,6.7],"texture":"#all","cullface":"down"},"south":{"uv":[10,6,11,6.7],"rotation":180,"texture":"#all","cullface":"down"},"west":{"uv":[10,6,10.7,7],"rotation":90,"texture":"#all","cullface":"down"},"down":{"uv":[10,6,11,7],"texture":"#all","cullface":"down"}}},{"from":[11,-0.5,8],"to":[12,0,9],"light_emission":15,"faces":{"north":{"uv":[11,7,12,7.5],"texture":"#all","cullface":"down"},"east":{"uv":[11,7,11.5,8],"rotation":270,"texture":"#all","cullface":"down"},"down":{"uv":[11,7,12,8],"texture":"#all","cullface":"down"}}},{"from":[8,-0.5,9],"to":[10,0,10],"light_emission":15,"faces":{"south":{"uv":[8,6,10,6.5],"texture":"#all","cullface":"down"},"west":{"uv":[8,6,8.5,7],"rotation":90,"texture":"#all","cullface":"down"},"down":{"uv":[8,6,10,7],"texture":"#all","cullface":"down"}}},{"from":[10,-0.7,3],"to":[11,0,4],"light_emission":15,"faces":{"north":{"uv":[10,12,11,12.7],"texture":"#all","cullface":"down"},"east":{"uv":[10,12,10.7,13],"rotation":270,"texture":"#all","cullface":"down"},"south":{"uv":[10,12,11,12.7],"rotation":180,"texture":"#all","cullface":"down"},"west":{"uv":[10,12,10.7,13],"rotation":90,"texture":"#all","cullface":"down"},"down":{"uv":[10,12,11,13],"texture":"#all","cullface":"down"}}},{"from":[12,-0.5,4],"to":[13,0,6],"light_emission":15,"faces":{"north":{"uv":[12,11,13,11.5],"texture":"#all","cullface":"down"},"east":{"uv":[12,10,12.5,12],"rotation":270,"texture":"#all","cullface":"down"},"south":{"uv":[12,10,13,10.5],"rotation":180,"texture":"#all","cullface":"down"},"down":{"uv":[12,10,13,12],"texture":"#all","cullface":"down"}}},{"from":[11,-0.5,3],"to":[12,0,4],"light_emission":15,"faces":{"north":{"uv":[11,12,12,12.5],"texture":"#all","cullface":"down"},"east":{"uv":[11,12,11.5,13],"rotation":270,"texture":"#all","cullface":"down"},"down":{"uv":[11,12,12,13],"texture":"#all","cullface":"down"}}},{"from":[11,-0.7,4],"to":[12,0,6],"light_emission":15,"faces":{"north":{"uv":[11,11,12,11.5],"texture":"#all","cullface":"down"},"east":{"uv":[11,10,11.5,12],"rotation":270,"texture":"#all","cullface":"down"},"south":{"uv":[11,10,12,10.5],"rotation":180,"texture":"#all","cullface":"down"},"west":{"uv":[11,10,11.5,12],"rotation":90,"texture":"#all","cullface":"down"},"down":{"uv":[11,10,12,12],"texture":"#all","cullface":"down"}}},{"from":[10,-0.5,4],"to":[11,0,6],"light_emission":15,"faces":{"south":{"uv":[10,10,11,10.5],"rotation":180,"texture":"#all","cullface":"down"},"west":{"uv":[10,10,10.5,12],"rotation":90,"texture":"#all","cullface":"down"},"down":{"uv":[10,10,11,12],"texture":"#all","cullface":"down"}}},{"from":[8,-0.5,3],"to":[9,0,5],"light_emission":15,"faces":{"north":{"uv":[8,12,9,12.5],"texture":"#all","cullface":"down"},"east":{"uv":[8,11,8.5,13],"rotation":270,"texture":"#all","cullface":"down"},"south":{"uv":[8,11,9,11.5],"rotation":180,"texture":"#all","cullface":"down"},"down":{"uv":[8,11,9,13],"texture":"#all","cullface":"down"}}},{"from":[7,-0.7,3],"to":[8,0,5],"light_emission":15,"faces":{"north":{"uv":[7,12,8,12.5],"texture":"#all","cullface":"down"},"east":{"uv":[7,11,7.5,13],"rotation":270,"texture":"#all","cullface":"down"},"south":{"uv":[7,11,8,11.5],"rotation":180,"texture":"#all","cullface":"down"},"west":{"uv":[7,11,7.5,13],"rotation":90,"texture":"#all","cullface":"down"},"down":{"uv":[7,11,8,13],"texture":"#all","cullface":"down"}}},{"from":[7,-0.5,5],"to":[8,0,6],"light_emission":15,"faces":{"east":{"uv":[7,10,7.5,11],"rotation":270,"texture":"#all","cullface":"down"},"south":{"uv":[7,10,8,10.5],"rotation":180,"texture":"#all","cullface":"down"},"west":{"uv":[7,10,7.5,11],"rotation":90,"texture":"#all","cullface":"down"},"down":{"uv":[7,10,8,11],"texture":"#all","cullface":"down"}}},{"from":[6,-0.5,4],"to":[7,0,5],"light_emission":15,"faces":{"north":{"uv":[6,11,7,11.5],"texture":"#all","cullface":"down"},"south":{"uv":[6,11,7,11.5],"rotation":180,"texture":"#all","cullface":"down"},"west":{"uv":[6,11,6.5,12],"rotation":90,"texture":"#all","cullface":"down"},"down":{"uv":[6,11,7,12],"texture":"#all","cullface":"down"}}},{"from":[4,-0.5,7],"to":[5,0,8],"light_emission":15,"faces":{"north":{"uv":[4,8,5,8.5],"texture":"#all","cullface":"down"},"east":{"uv":[4,8,4.5,9],"rotation":270,"texture":"#all","cullface":"down"},"south":{"uv":[4,8,5,8.5],"rotation":180,"texture":"#all","cullface":"down"},"down":{"uv":[4,8,5,9],"texture":"#all","cullface":"down"}}},{"from":[8,12,-0.5],"to":[9,13,0],"light_emission":15,"faces":{"north":{"uv":[7,3,8,4],"texture":"#all","cullface":"north"},"west":{"uv":[7,3,7.5,4],"texture":"#all","cullface":"north"},"up":{"uv":[7,3,8,3.5],"texture":"#all","cullface":"north"},"down":{"uv":[7,3,8,3.5],"texture":"#all","cullface":"north"}}},{"from":[1,13,-0.5],"to":[2,14,0],"light_emission":15,"faces":{"north":{"uv":[14,2,15,3],"texture":"#all","cullface":"north"},"west":{"uv":[14,2,14.5,3],"texture":"#all","cullface":"north"},"up":{"uv":[14,2,15,2.5],"texture":"#all","cullface":"north"},"down":{"uv":[14,2,15,2.5],"texture":"#all","cullface":"north"}}},{"from":[12,8,-0.5],"to":[13,9,0],"light_emission":15,"faces":{"north":{"uv":[3,7,4,8],"texture":"#all","cullface":"north"},"east":{"uv":[3,7,3.5,8],"texture":"#all","cullface":"north"},"west":{"uv":[3,7,3.5,8],"texture":"#all","cullface":"north"},"up":{"uv":[3,7,4,7.5],"texture":"#all","cullface":"north"}}},{"from":[12,6,-0.7],"to":[13,8,0],"light_emission":15,"faces":{"north":{"uv":[3,8,4,10],"texture":"#all","cullface":"north"},"east":{"uv":[3,8,3.5,10],"texture":"#all","cullface":"north"},"west":{"uv":[3,8,3.5,10],"texture":"#all","cullface":"north"},"up":{"uv":[3,8,4,8.5],"texture":"#all","cullface":"north"},"down":{"uv":[3,9,4,9.5],"texture":"#all","cullface":"north"}}},{"from":[13,6,-0.5],"to":[14,8,0],"light_emission":15,"faces":{"north":{"uv":[2,8,3,10],"texture":"#all","cullface":"north"},"east":{"uv":[2,8,2.5,10],"texture":"#all","cullface":"north"},"up":{"uv":[2,8,3,8.5],"texture":"#all","cullface":"north"},"down":{"uv":[2,9,3,9.5],"texture":"#all","cullface":"north"}}},{"from":[10,2,-0.5],"to":[11,3,0],"light_emission":15,"faces":{"north":{"uv":[5,13,6,14],"texture":"#all","cullface":"north"},"west":{"uv":[5,13,5.5,14],"texture":"#all","cullface":"north"},"up":{"uv":[5,13,6,13.5],"texture":"#all","cullface":"north"},"down":{"uv":[5,13,6,13.5],"texture":"#all","cullface":"north"}}},{"from":[12,2,-0.5],"to":[13,3,0],"light_emission":15,"faces":{"north":{"uv":[3,13,4,14],"texture":"#all","cullface":"north"},"east":{"uv":[3,13,3.5,14],"texture":"#all","cullface":"north"},"down":{"uv":[3,13,4,13.5],"texture":"#all","cullface":"north"}}},{"from":[11,2,-0.7],"to":[12,3,0],"light_emission":15,"faces":{"north":{"uv":[4,13,5,14],"texture":"#all","cullface":"north"},"east":{"uv":[4,13,4.7,14],"texture":"#all","cullface":"north"},"west":{"uv":[4,13,4.7,14],"texture":"#all","cullface":"north"},"up":{"uv":[4,13,5,13.7],"texture":"#all","cullface":"north"},"down":{"uv":[4,13,5,13.7],"texture":"#all","cullface":"north"}}},{"from":[11,3,-0.5],"to":[13,4,0],"light_emission":15,"faces":{"north":{"uv":[3,12,5,13],"texture":"#all","cullface":"north"},"east":{"uv":[3,12,3.5,13],"texture":"#all","cullface":"north"},"west":{"uv":[4,12,4.5,13],"texture":"#all","cullface":"north"},"up":{"uv":[3,12,5,12.5],"rotation":180,"texture":"#all","cullface":"north"}}},{"from":[9,13,-0.5],"to":[12,14,0],"light_emission":15,"faces":{"north":{"uv":[4,2,7,3],"texture":"#all","cullface":"north"},"east":{"uv":[4,2,4.7,3],"texture":"#all","cullface":"north"},"west":{"uv":[6,2,6.7,3],"texture":"#all","cullface":"north"},"up":{"uv":[4,2,7,2.7],"rotation":180,"texture":"#all","cullface":"north"}}},{"from":[9,12,-0.5],"to":[10,13,0],"light_emission":15,"faces":{"north":{"uv":[6,3,7,4],"texture":"#all","cullface":"north"},"down":{"uv":[6,3,7,3.5],"texture":"#all","cullface":"north"}}},{"from":[10,11,-0.5],"to":[13,12,0],"light_emission":15,"faces":{"north":{"uv":[3,4,6,5],"texture":"#all","cullface":"north"},"east":{"uv":[3,4,3.7,5],"texture":"#all","cullface":"north"},"west":{"uv":[5,4,5.7,5],"texture":"#all","cullface":"north"},"down":{"uv":[3,4,6,4.7],"rotation":180,"texture":"#all","cullface":"north"}}},{"from":[10,12,-0.7],"to":[13,13,0],"light_emission":15,"faces":{"north":{"uv":[3,3,6,4],"texture":"#all","cullface":"north"},"east":{"uv":[3,3,3.7,4],"texture":"#all","cullface":"north"},"west":{"uv":[5,3,5.7,4],"texture":"#all","cullface":"north"},"up":{"uv":[3,3,6,3.7],"rotation":180,"texture":"#all","cullface":"north"},"down":{"uv":[3,3,6,3.7],"rotation":180,"texture":"#all","cullface":"north"}}},{"from":[13,12,-0.5],"to":[14,13,0],"light_emission":15,"faces":{"north":{"uv":[2,3,3,4],"texture":"#all","cullface":"north"},"east":{"uv":[2,3,2.5,4],"texture":"#all","cullface":"north"},"up":{"uv":[2,3,3,3.5],"texture":"#all","cullface":"north"},"down":{"uv":[2,3,3,3.5],"texture":"#all","cullface":"north"}}}]}