{"credit":"Created by Marceus","format_version":"1.21.6","parent":"block/cube_all","textures":{"all":"block/deepslate_coal_ore2","particle":"block/deepslate_coal_ore2_e"},"elements":[{"from":[0,0,0],"to":[16,16,16],"faces":{"north":{"uv":[0,0,16,16],"texture":"#all","cullface":"north"},"east":{"uv":[0,0,16,16],"texture":"#all","cullface":"east"},"south":{"uv":[0,0,16,16],"texture":"#all","cullface":"south"},"west":{"uv":[0,0,16,16],"texture":"#all","cullface":"west"},"up":{"uv":[0,0,16,16],"texture":"#all","cullface":"up"},"down":{"uv":[0,0,16,16],"texture":"#all","cullface":"down"}}},{"from":[3,2,-0.5],"to":[6,3,0],"light_emission":15,"faces":{"north":{"uv":[10,13,13,14],"texture":"#all","cullface":"north"},"east":{"uv":[10,13,10.5,14],"texture":"#all","cullface":"north"},"west":{"uv":[12,13,12.5,14],"texture":"#all","cullface":"north"},"down":{"uv":[10,13,13,13.5],"rotation":180,"texture":"#all","cullface":"north"}}},{"from":[-0.7,9,3],"to":[0,10,5],"light_emission":15,"faces":{"north":{"uv":[3,6,3.5,7],"texture":"#all","cullface":"west"},"south":{"uv":[4,6,4.5,7],"texture":"#all","cullface":"west"},"west":{"uv":[3,6,5,7],"texture":"#all","cullface":"west"},"up":{"uv":[3,6,5,6.5],"rotation":90,"texture":"#all","cullface":"west"}}},{"from":[-0.7,8,3],"to":[0,9,6],"light_emission":15,"faces":{"north":{"uv":[3,7,3.5,8],"texture":"#all","cullface":"west"},"south":{"uv":[5,7,5.5,8],"texture":"#all","cullface":"west"},"west":{"uv":[3,7,6,8],"texture":"#all","cullface":"west"},"up":{"uv":[3,7,6,7.5],"rotation":90,"texture":"#all","cullface":"west"},"down":{"uv":[3,7,6,7.5],"rotation":270,"texture":"#all","cullface":"west"}}},{"from":[-0.5,8,6],"to":[0,9,7],"light_emission":15,"faces":{"south":{"uv":[6,7,6.5,8],"texture":"#all","cullface":"west"},"west":{"uv":[6,7,7,8],"texture":"#all","cullface":"west"},"up":{"uv":[6,7,7,7.5],"rotation":270,"texture":"#all","cullface":"west"}}},{"from":[-0.5,9,5],"to":[0,10,6],"light_emission":15,"faces":{"south":{"uv":[5,6,5.5,7],"texture":"#all","cullface":"west"},"west":{"uv":[5,6,6,7],"texture":"#all","cullface":"west"},"up":{"uv":[5,6,6,6.5],"rotation":270,"texture":"#all","cullface":"west"}}},{"from":[-0.5,10,3],"to":[0,11,5],"light_emission":15,"faces":{"north":{"uv":[3,5,3.5,6],"texture":"#all","cullface":"west"},"south":{"uv":[4,5,4.5,6],"texture":"#all","cullface":"west"},"west":{"uv":[3,5,5,6],"texture":"#all","cullface":"west"},"up":{"uv":[3,5,5,5.5],"rotation":90,"texture":"#all","cullface":"west"}}},{"from":[-0.5,8,2],"to":[0,10,3],"light_emission":15,"faces":{"north":{"uv":[2,6,2.5,8],"texture":"#all","cullface":"west"},"west":{"uv":[2,6,3,8],"texture":"#all","cullface":"west"},"up":{"uv":[2,6,3,6.5],"rotation":270,"texture":"#all","cullface":"west"},"down":{"uv":[2,7,3,7.5],"rotation":90,"texture":"#all","cullface":"west"}}},{"from":[-0.5,12,5],"to":[0,13,8],"light_emission":15,"faces":{"north":{"uv":[5,3,5.5,4],"texture":"#all","cullface":"west"},"south":{"uv":[7,3,7.5,4],"texture":"#all","cullface":"west"},"west":{"uv":[5,3,8,4],"texture":"#all","cullface":"west"},"up":{"uv":[5,3,8,3.5],"rotation":90,"texture":"#all","cullface":"west"}}},{"from":[-0.7,2,2],"to":[0,3,3],"light_emission":15,"faces":{"north":{"uv":[2,13,2.7,14],"texture":"#all","cullface":"west"},"west":{"uv":[2,13,3,14],"texture":"#all","cullface":"west"},"up":{"uv":[2,13,3,13.7],"rotation":270,"texture":"#all","cullface":"west"},"down":{"uv":[2,13,3,13.7],"rotation":90,"texture":"#all","cullface":"west"}}},{"from":[-0.7,2,3],"to":[0,4,4],"light_emission":15,"faces":{"north":{"uv":[3,12,3.5,14],"texture":"#all","cullface":"west"},"south":{"uv":[3,12,3.5,14],"texture":"#all","cullface":"west"},"west":{"uv":[3,12,4,14],"texture":"#all","cullface":"west"},"up":{"uv":[3,12,4,12.5],"rotation":270,"texture":"#all","cullface":"west"},"down":{"uv":[3,13,4,13.5],"rotation":90,"texture":"#all","cullface":"west"}}},{"from":[-0.7,3,4],"to":[0,5,5],"light_emission":15,"faces":{"north":{"uv":[4,11,4.5,13],"texture":"#all","cullface":"west"},"south":{"uv":[4,11,4.5,13],"texture":"#all","cullface":"west"},"west":{"uv":[4,11,5,13],"texture":"#all","cullface":"west"},"up":{"uv":[4,11,5,11.5],"rotation":270,"texture":"#all","cullface":"west"},"down":{"uv":[4,12,5,12.5],"rotation":90,"texture":"#all","cullface":"west"}}},{"from":[-0.5,3,2],"to":[0,4,3],"light_emission":15,"faces":{"north":{"uv":[2,12,2.5,13],"texture":"#all","cullface":"west"},"west":{"uv":[2,12,3,13],"texture":"#all","cullface":"west"},"up":{"uv":[2,12,3,12.5],"rotation":270,"texture":"#all","cullface":"west"}}},{"from":[-0.5,4,3],"to":[0,5,4],"light_emission":15,"faces":{"north":{"uv":[3,11,3.5,12],"texture":"#all","cullface":"west"},"west":{"uv":[3,11,4,12],"texture":"#all","cullface":"west"},"up":{"uv":[3,11,4,11.5],"rotation":270,"texture":"#all","cullface":"west"}}},{"from":[-0.5,5,4],"to":[0,6,5],"light_emission":15,"faces":{"north":{"uv":[4,10,4.5,11],"texture":"#all","cullface":"west"},"south":{"uv":[4,10,4.5,11],"texture":"#all","cullface":"west"},"west":{"uv":[4,10,5,11],"texture":"#all","cullface":"west"},"up":{"uv":[4,10,5,10.5],"rotation":270,"texture":"#all","cullface":"west"}}},{"from":[-0.5,2,4],"to":[0,3,5],"light_emission":15,"faces":{"south":{"uv":[4,13,4.5,14],"texture":"#all","cullface":"west"},"west":{"uv":[4,13,5,14],"texture":"#all","cullface":"west"},"down":{"uv":[4,13,5,13.5],"rotation":90,"texture":"#all","cullface":"west"}}},{"from":[-0.5,2,1],"to":[0,3,2],"light_emission":15,"faces":{"north":{"uv":[1,13,1.5,14],"texture":"#all","cullface":"west"},"west":{"uv":[1,13,2,14],"texture":"#all","cullface":"west"},"up":{"uv":[1,13,2,13.5],"rotation":270,"texture":"#all","cullface":"west"},"down":{"uv":[1,13,2,13.5],"rotation":90,"texture":"#all","cullface":"west"}}},{"from":[-0.5,3,5],"to":[0,5,6],"light_emission":15,"faces":{"south":{"uv":[5,11,5.5,13],"texture":"#all","cullface":"west"},"west":{"uv":[5,11,6,13],"texture":"#all","cullface":"west"},"up":{"uv":[5,11,6,11.5],"rotation":270,"texture":"#all","cullface":"west"},"down":{"uv":[5,12,6,12.5],"rotation":90,"texture":"#all","cullface":"west"}}},{"from":[-0.5,1,2],"to":[0,2,4],"light_emission":15,"faces":{"north":{"uv":[2,14,2.5,15],"texture":"#all","cullface":"west"},"south":{"uv":[3,14,3.5,15],"texture":"#all","cullface":"west"},"west":{"uv":[2,14,4,15],"texture":"#all","cullface":"west"},"down":{"uv":[2,14,4,14.5],"rotation":270,"texture":"#all","cullface":"west"}}},{"from":[-0.5,11,8],"to":[0,12,9],"light_emission":15,"faces":{"south":{"uv":[8,4,8.5,5],"texture":"#all","cullface":"west"},"west":{"uv":[8,4,9,5],"texture":"#all","cullface":"west"},"up":{"uv":[8,4,9,4.5],"rotation":270,"texture":"#all","cullface":"west"}}},{"from":[-0.5,10,7],"to":[0,11,9],"light_emission":15,"faces":{"north":{"uv":[7,5,7.5,6],"texture":"#all","cullface":"west"},"south":{"uv":[8,5,8.5,6],"texture":"#all","cullface":"west"},"west":{"uv":[7,5,9,6],"texture":"#all","cullface":"west"},"down":{"uv":[7,5,9,5.5],"rotation":270,"texture":"#all","cullface":"west"}}},{"from":[-0.5,7,3],"to":[0,8,7],"light_emission":15,"faces":{"north":{"uv":[3,8,3.7,9],"texture":"#all","cullface":"west"},"south":{"uv":[6,8,6.7,9],"texture":"#all","cullface":"west"},"west":{"uv":[3,8,7,9],"texture":"#all","cullface":"west"},"down":{"uv":[3,8,7,8.7],"rotation":270,"texture":"#all","cullface":"west"}}},{"from":[-0.7,11,5],"to":[0,12,8],"light_emission":15,"faces":{"north":{"uv":[5,4,5.5,5],"texture":"#all","cullface":"west"},"south":{"uv":[7,4,7.5,5],"texture":"#all","cullface":"west"},"west":{"uv":[5,4,8,5],"texture":"#all","cullface":"west"},"up":{"uv":[5,4,8,4.5],"rotation":90,"texture":"#all","cullface":"west"},"down":{"uv":[5,4,8,4.5],"rotation":270,"texture":"#all","cullface":"west"}}},{"from":[-0.7,11,12],"to":[0,12,14],"light_emission":15,"faces":{"north":{"uv":[12,4,12.5,5],"texture":"#all","cullface":"west"},"south":{"uv":[13,4,13.5,5],"texture":"#all","cullface":"west"},"west":{"uv":[12,4,14,5],"texture":"#all","cullface":"west"},"up":{"uv":[12,4,14,4.5],"rotation":90,"texture":"#all","cullface":"west"},"down":{"uv":[12,4,14,4.5],"rotation":270,"texture":"#all","cullface":"west"}}},{"from":[-0.7,12,11],"to":[0,13,13],"light_emission":15,"faces":{"north":{"uv":[11,3,11.5,4],"texture":"#all","cullface":"west"},"south":{"uv":[12,3,12.5,4],"texture":"#all","cullface":"west"},"west":{"uv":[11,3,13,4],"texture":"#all","cullface":"west"},"up":{"uv":[11,3,13,3.5],"rotation":90,"texture":"#all","cullface":"west"},"down":{"uv":[11,3,13,3.5],"rotation":270,"texture":"#all","cullface":"west"}}},{"from":[-0.5,11,14],"to":[0,12,15],"light_emission":15,"faces":{"south":{"uv":[14,4,14.5,5],"texture":"#all","cullface":"west"},"west":{"uv":[14,4,15,5],"texture":"#all","cullface":"west"},"up":{"uv":[14,4,15,4.5],"rotation":270,"texture":"#all","cullface":"west"},"down":{"uv":[14,4,15,4.5],"rotation":90,"texture":"#all","cullface":"west"}}},{"from":[-0.5,12,13],"to":[0,13,14],"light_emission":15,"faces":{"south":{"uv":[13,3,13.5,4],"texture":"#all","cullface":"west"},"west":{"uv":[13,3,14,4],"texture":"#all","cullface":"west"},"up":{"uv":[13,3,14,3.5],"rotation":270,"texture":"#all","cullface":"west"}}},{"from":[-0.5,11,11],"to":[0,12,12],"light_emission":15,"faces":{"north":{"uv":[11,4,11.5,5],"texture":"#all","cullface":"west"},"west":{"uv":[11,4,12,5],"texture":"#all","cullface":"west"},"down":{"uv":[11,4,12,4.5],"rotation":90,"texture":"#all","cullface":"west"}}},{"from":[-0.5,10,12],"to":[0,11,14],"light_emission":15,"faces":{"north":{"uv":[12,5,12.5,6],"texture":"#all","cullface":"west"},"south":{"uv":[13,5,13.5,6],"texture":"#all","cullface":"west"},"west":{"uv":[12,5,14,6],"texture":"#all","cullface":"west"},"down":{"uv":[12,5,14,5.5],"rotation":270,"texture":"#all","cullface":"west"}}},{"from":[-0.5,12,10],"to":[0,13,11],"light_emission":15,"faces":{"north":{"uv":[10,3,10.5,4],"texture":"#all","cullface":"west"},"west":{"uv":[10,3,11,4],"texture":"#all","cullface":"west"},"up":{"uv":[10,3,11,3.5],"rotation":270,"texture":"#all","cullface":"west"},"down":{"uv":[10,3,11,3.5],"rotation":90,"texture":"#all","cullface":"west"}}},{"from":[-0.5,13,11],"to":[0,14,13],"light_emission":15,"faces":{"north":{"uv":[11,2,11.5,3],"texture":"#all","cullface":"west"},"south":{"uv":[12,2,12.5,3],"texture":"#all","cullface":"west"},"west":{"uv":[11,2,13,3],"texture":"#all","cullface":"west"},"up":{"uv":[11,2,13,2.5],"rotation":90,"texture":"#all","cullface":"west"}}},{"from":[-0.7,5,9],"to":[0,6,12],"light_emission":15,"faces":{"north":{"uv":[9,10,9.5,11],"texture":"#all","cullface":"west"},"south":{"uv":[11,10,11.5,11],"texture":"#all","cullface":"west"},"west":{"uv":[9,10,12,11],"texture":"#all","cullface":"west"},"up":{"uv":[9,10,12,10.5],"rotation":90,"texture":"#all","cullface":"west"}}},{"from":[-0.7,4,9],"to":[0,5,13],"light_emission":15,"faces":{"north":{"uv":[9,11,9.7,12],"texture":"#all","cullface":"west"},"south":{"uv":[12,11,12.7,12],"texture":"#all","cullface":"west"},"west":{"uv":[9,11,13,12],"texture":"#all","cullface":"west"},"up":{"uv":[9,11,13,11.7],"rotation":90,"texture":"#all","cullface":"west"},"down":{"uv":[9,11,13,11.7],"rotation":270,"texture":"#all","cullface":"west"}}},{"from":[-0.7,3,10],"to":[0,4,13],"light_emission":15,"faces":{"north":{"uv":[10,13,10.5,14],"texture":"#all","cullface":"west"},"south":{"uv":[12,12,12.5,13],"texture":"#all","cullface":"west"},"west":{"uv":[10,12,13,13],"texture":"#all","cullface":"west"},"down":{"uv":[10,12,13,12.5],"rotation":270,"texture":"#all","cullface":"west"}}},{"from":[-0.5,5,12],"to":[0,6,13],"light_emission":15,"faces":{"south":{"uv":[12,10,12.5,11],"texture":"#all","cullface":"west"},"west":{"uv":[12,10,13,11],"texture":"#all","cullface":"west"},"up":{"uv":[12,10,13,10.5],"rotation":270,"texture":"#all","cullface":"west"}}},{"from":[-0.5,3,9],"to":[0,4,10],"light_emission":15,"faces":{"north":{"uv":[9,12,9.5,13],"texture":"#all","cullface":"west"},"west":{"uv":[9,12,10,13],"texture":"#all","cullface":"west"},"down":{"uv":[9,12,10,12.5],"rotation":90,"texture":"#all","cullface":"west"}}},{"from":[-0.5,4,8],"to":[0,6,9],"light_emission":15,"faces":{"north":{"uv":[8,10,8.5,12],"texture":"#all","cullface":"west"},"west":{"uv":[8,10,9,12],"texture":"#all","cullface":"west"},"up":{"uv":[8,10,9,10.5],"rotation":270,"texture":"#all","cullface":"west"},"down":{"uv":[8,11,9,11.5],"rotation":90,"texture":"#all","cullface":"west"}}},{"from":[-0.5,3,13],"to":[0,5,14],"light_emission":15,"faces":{"south":{"uv":[13,11,13.5,13],"texture":"#all","cullface":"west"},"west":{"uv":[13,11,14,13],"texture":"#all","cullface":"west"},"up":{"uv":[13,11,14,11.5],"rotation":270,"texture":"#all","cullface":"west"},"down":{"uv":[13,12,14,12.5],"rotation":90,"texture":"#all","cullface":"west"}}},{"from":[-0.5,6,9],"to":[0,7,12],"light_emission":15,"faces":{"north":{"uv":[9,9,9.5,10],"texture":"#all","cullface":"west"},"south":{"uv":[11,9,11.5,10],"texture":"#all","cullface":"west"},"west":{"uv":[9,9,12,10],"texture":"#all","cullface":"west"},"up":{"uv":[9,9,12,9.5],"rotation":90,"texture":"#all","cullface":"west"}}},{"from":[-0.5,2,10],"to":[0,3,13],"light_emission":15,"faces":{"north":{"uv":[10,13,10.5,14],"texture":"#all","cullface":"west"},"south":{"uv":[12,13,12.5,14],"texture":"#all","cullface":"west"},"west":{"uv":[10,13,13,14],"texture":"#all","cullface":"west"},"down":{"uv":[10,13,13,13.5],"rotation":270,"texture":"#all","cullface":"west"}}},{"from":[3,9,16],"to":[5,10,16.7],"light_emission":15,"faces":{"east":{"uv":[4,6,4.5,7],"texture":"#all","cullface":"south"},"south":{"uv":[3,6,5,7],"texture":"#all","cullface":"south"},"west":{"uv":[3,6,3.5,7],"texture":"#all","cullface":"south"},"up":{"uv":[3,6,5,6.5],"texture":"#all","cullface":"south"}}},{"from":[3,8,16],"to":[6,9,16.7],"light_emission":15,"faces":{"east":{"uv":[5,7,5.5,8],"texture":"#all","cullface":"south"},"south":{"uv":[3,7,6,8],"texture":"#all","cullface":"south"},"west":{"uv":[3,7,3.5,8],"texture":"#all","cullface":"south"},"up":{"uv":[3,7,6,7.5],"texture":"#all","cullface":"south"},"down":{"uv":[3,7,6,7.5],"texture":"#all","cullface":"south"}}},{"from":[6,8,16],"to":[7,9,16.5],"light_emission":15,"faces":{"east":{"uv":[6,7,6.5,8],"texture":"#all","cullface":"south"},"south":{"uv":[6,7,7,8],"texture":"#all","cullface":"south"},"up":{"uv":[6,7,7,7.5],"rotation":180,"texture":"#all","cullface":"south"}}},{"from":[5,9,16],"to":[6,10,16.5],"light_emission":15,"faces":{"east":{"uv":[5,6,5.5,7],"texture":"#all","cullface":"south"},"south":{"uv":[5,6,6,7],"texture":"#all","cullface":"south"},"up":{"uv":[5,6,6,6.5],"rotation":180,"texture":"#all","cullface":"south"}}},{"from":[3,10,16],"to":[5,11,16.5],"light_emission":15,"faces":{"east":{"uv":[4,5,4.5,6],"texture":"#all","cullface":"south"},"south":{"uv":[3,5,5,6],"texture":"#all","cullface":"south"},"west":{"uv":[3,5,3.5,6],"texture":"#all","cullface":"south"},"up":{"uv":[3,5,5,5.5],"texture":"#all","cullface":"south"}}},{"from":[2,8,16],"to":[3,10,16.5],"light_emission":15,"faces":{"south":{"uv":[2,6,3,8],"texture":"#all","cullface":"south"},"west":{"uv":[2,6,2.5,8],"texture":"#all","cullface":"south"},"up":{"uv":[2,6,3,6.5],"rotation":180,"texture":"#all","cullface":"south"},"down":{"uv":[2,7,3,7.5],"rotation":180,"texture":"#all","cullface":"south"}}},{"from":[5,12,16],"to":[8,13,16.5],"light_emission":15,"faces":{"east":{"uv":[7,3,7.5,4],"texture":"#all","cullface":"south"},"south":{"uv":[5,3,8,4],"texture":"#all","cullface":"south"},"west":{"uv":[5,3,5.5,4],"texture":"#all","cullface":"south"},"up":{"uv":[5,3,8,3.5],"texture":"#all","cullface":"south"}}},{"from":[2,2,16],"to":[3,3,16.7],"light_emission":15,"faces":{"south":{"uv":[2,13,3,14],"texture":"#all","cullface":"south"},"west":{"uv":[2,13,2.7,14],"texture":"#all","cullface":"south"},"up":{"uv":[2,13,3,13.7],"rotation":180,"texture":"#all","cullface":"south"},"down":{"uv":[2,13,3,13.7],"rotation":180,"texture":"#all","cullface":"south"}}},{"from":[3,2,16],"to":[4,4,16.7],"light_emission":15,"faces":{"east":{"uv":[3,12,3.5,14],"texture":"#all","cullface":"south"},"south":{"uv":[3,12,4,14],"texture":"#all","cullface":"south"},"west":{"uv":[3,12,3.5,14],"texture":"#all","cullface":"south"},"up":{"uv":[3,12,4,12.5],"rotation":180,"texture":"#all","cullface":"south"},"down":{"uv":[3,13,4,13.5],"rotation":180,"texture":"#all","cullface":"south"}}},{"from":[4,3,16],"to":[5,5,16.7],"light_emission":15,"faces":{"east":{"uv":[4,11,4.5,13],"texture":"#all","cullface":"south"},"south":{"uv":[4,11,5,13],"texture":"#all","cullface":"south"},"west":{"uv":[4,11,4.5,13],"texture":"#all","cullface":"south"},"up":{"uv":[4,11,5,11.5],"rotation":180,"texture":"#all","cullface":"south"},"down":{"uv":[4,12,5,12.5],"rotation":180,"texture":"#all","cullface":"south"}}},{"from":[2,3,16],"to":[3,4,16.5],"light_emission":15,"faces":{"south":{"uv":[2,12,3,13],"texture":"#all","cullface":"south"},"west":{"uv":[2,12,2.5,13],"texture":"#all","cullface":"south"},"up":{"uv":[2,12,3,12.5],"rotation":180,"texture":"#all","cullface":"south"}}},{"from":[3,4,16],"to":[4,5,16.5],"light_emission":15,"faces":{"south":{"uv":[3,11,4,12],"texture":"#all","cullface":"south"},"west":{"uv":[3,11,3.5,12],"texture":"#all","cullface":"south"},"up":{"uv":[3,11,4,11.5],"rotation":180,"texture":"#all","cullface":"south"}}},{"from":[4,5,16],"to":[5,6,16.5],"light_emission":15,"faces":{"east":{"uv":[4,10,4.5,11],"texture":"#all","cullface":"south"},"south":{"uv":[4,10,5,11],"texture":"#all","cullface":"south"},"west":{"uv":[4,10,4.5,11],"texture":"#all","cullface":"south"},"up":{"uv":[4,10,5,10.5],"rotation":180,"texture":"#all","cullface":"south"}}},{"from":[4,2,16],"to":[5,3,16.5],"light_emission":15,"faces":{"east":{"uv":[4,13,4.5,14],"texture":"#all","cullface":"south"},"south":{"uv":[4,13,5,14],"texture":"#all","cullface":"south"},"down":{"uv":[4,13,5,13.5],"rotation":180,"texture":"#all","cullface":"south"}}},{"from":[1,2,16],"to":[2,3,16.5],"light_emission":15,"faces":{"south":{"uv":[1,13,2,14],"texture":"#all","cullface":"south"},"west":{"uv":[1,13,1.5,14],"texture":"#all","cullface":"south"},"up":{"uv":[1,13,2,13.5],"rotation":180,"texture":"#all","cullface":"south"},"down":{"uv":[1,13,2,13.5],"rotation":180,"texture":"#all","cullface":"south"}}},{"from":[5,3,16],"to":[6,5,16.5],"light_emission":15,"faces":{"east":{"uv":[5,11,5.5,13],"texture":"#all","cullface":"south"},"south":{"uv":[5,11,6,13],"texture":"#all","cullface":"south"},"up":{"uv":[5,11,6,11.5],"rotation":180,"texture":"#all","cullface":"south"},"down":{"uv":[5,12,6,12.5],"rotation":180,"texture":"#all","cullface":"south"}}},{"from":[2,1,16],"to":[4,2,16.5],"light_emission":15,"faces":{"east":{"uv":[3,14,3.5,15],"texture":"#all","cullface":"south"},"south":{"uv":[2,14,4,15],"texture":"#all","cullface":"south"},"west":{"uv":[2,14,2.5,15],"texture":"#all","cullface":"south"},"down":{"uv":[2,14,4,14.5],"texture":"#all","cullface":"south"}}},{"from":[8,11,16],"to":[9,12,16.5],"light_emission":15,"faces":{"east":{"uv":[8,4,8.5,5],"texture":"#all","cullface":"south"},"south":{"uv":[8,4,9,5],"texture":"#all","cullface":"south"},"up":{"uv":[8,4,9,4.5],"rotation":180,"texture":"#all","cullface":"south"}}},{"from":[7,10,16],"to":[9,11,16.5],"light_emission":15,"faces":{"east":{"uv":[8,5,8.5,6],"texture":"#all","cullface":"south"},"south":{"uv":[7,5,9,6],"texture":"#all","cullface":"south"},"west":{"uv":[7,5,7.5,6],"texture":"#all","cullface":"south"},"down":{"uv":[7,5,9,5.5],"texture":"#all","cullface":"south"}}},{"from":[3,7,16],"to":[7,8,16.5],"light_emission":15,"faces":{"east":{"uv":[6,8,6.7,9],"texture":"#all","cullface":"south"},"south":{"uv":[3,8,7,9],"texture":"#all","cullface":"south"},"west":{"uv":[3,8,3.7,9],"texture":"#all","cullface":"south"},"down":{"uv":[3,8,7,8.7],"texture":"#all","cullface":"south"}}},{"from":[5,11,16],"to":[8,12,16.7],"light_emission":15,"faces":{"east":{"uv":[7,4,7.5,5],"texture":"#all","cullface":"south"},"south":{"uv":[5,4,8,5],"texture":"#all","cullface":"south"},"west":{"uv":[5,4,5.5,5],"texture":"#all","cullface":"south"},"up":{"uv":[5,4,8,4.5],"texture":"#all","cullface":"south"},"down":{"uv":[5,4,8,4.5],"texture":"#all","cullface":"south"}}},{"from":[12,11,16],"to":[14,12,16.7],"light_emission":15,"faces":{"east":{"uv":[13,4,13.5,5],"texture":"#all","cullface":"south"},"south":{"uv":[12,4,14,5],"texture":"#all","cullface":"south"},"west":{"uv":[12,4,12.5,5],"texture":"#all","cullface":"south"},"up":{"uv":[12,4,14,4.5],"texture":"#all","cullface":"south"},"down":{"uv":[12,4,14,4.5],"texture":"#all","cullface":"south"}}},{"from":[11,12,16],"to":[13,13,16.7],"light_emission":15,"faces":{"east":{"uv":[12,3,12.5,4],"texture":"#all","cullface":"south"},"south":{"uv":[11,3,13,4],"texture":"#all","cullface":"south"},"west":{"uv":[11,3,11.5,4],"texture":"#all","cullface":"south"},"up":{"uv":[11,3,13,3.5],"texture":"#all","cullface":"south"},"down":{"uv":[11,3,13,3.5],"texture":"#all","cullface":"south"}}},{"from":[14,11,16],"to":[15,12,16.5],"light_emission":15,"faces":{"east":{"uv":[14,4,14.5,5],"texture":"#all","cullface":"south"},"south":{"uv":[14,4,15,5],"texture":"#all","cullface":"south"},"up":{"uv":[14,4,15,4.5],"rotation":180,"texture":"#all","cullface":"south"},"down":{"uv":[14,4,15,4.5],"rotation":180,"texture":"#all","cullface":"south"}}},{"from":[13,12,16],"to":[14,13,16.5],"light_emission":15,"faces":{"east":{"uv":[13,3,13.5,4],"texture":"#all","cullface":"south"},"south":{"uv":[13,3,14,4],"texture":"#all","cullface":"south"},"up":{"uv":[13,3,14,3.5],"rotation":180,"texture":"#all","cullface":"south"}}},{"from":[11,11,16],"to":[12,12,16.5],"light_emission":15,"faces":{"south":{"uv":[11,4,12,5],"texture":"#all","cullface":"south"},"west":{"uv":[11,4,11.5,5],"texture":"#all","cullface":"south"},"down":{"uv":[11,4,12,4.5],"rotation":180,"texture":"#all","cullface":"south"}}},{"from":[12,10,16],"to":[14,11,16.5],"light_emission":15,"faces":{"east":{"uv":[13,5,13.5,6],"texture":"#all","cullface":"south"},"south":{"uv":[12,5,14,6],"texture":"#all","cullface":"south"},"west":{"uv":[12,5,12.5,6],"texture":"#all","cullface":"south"},"down":{"uv":[12,5,14,5.5],"texture":"#all","cullface":"south"}}},{"from":[10,12,16],"to":[11,13,16.5],"light_emission":15,"faces":{"south":{"uv":[10,3,11,4],"texture":"#all","cullface":"south"},"west":{"uv":[10,3,10.5,4],"texture":"#all","cullface":"south"},"up":{"uv":[10,3,11,3.5],"rotation":180,"texture":"#all","cullface":"south"},"down":{"uv":[10,3,11,3.5],"rotation":180,"texture":"#all","cullface":"south"}}},{"from":[11,13,16],"to":[13,14,16.5],"light_emission":15,"faces":{"east":{"uv":[12,2,12.5,3],"texture":"#all","cullface":"south"},"south":{"uv":[11,2,13,3],"texture":"#all","cullface":"south"},"west":{"uv":[11,2,11.5,3],"texture":"#all","cullface":"south"},"up":{"uv":[11,2,13,2.5],"texture":"#all","cullface":"south"}}},{"from":[9,5,16],"to":[12,6,16.7],"light_emission":15,"faces":{"east":{"uv":[11,10,11.5,11],"texture":"#all","cullface":"south"},"south":{"uv":[9,10,12,11],"texture":"#all","cullface":"south"},"west":{"uv":[9,10,9.5,11],"texture":"#all","cullface":"south"},"up":{"uv":[9,10,12,10.5],"texture":"#all","cullface":"south"}}},{"from":[9,4,16],"to":[13,5,16.7],"light_emission":15,"faces":{"east":{"uv":[12,11,12.7,12],"texture":"#all","cullface":"south"},"south":{"uv":[9,11,13,12],"texture":"#all","cullface":"south"},"west":{"uv":[9,11,9.7,12],"texture":"#all","cullface":"south"},"up":{"uv":[9,11,13,11.7],"texture":"#all","cullface":"south"},"down":{"uv":[9,11,13,11.7],"texture":"#all","cullface":"south"}}},{"from":[10,3,16],"to":[13,4,16.7],"light_emission":15,"faces":{"east":{"uv":[12,12,12.5,13],"texture":"#all","cullface":"south"},"south":{"uv":[10,12,13,13],"texture":"#all","cullface":"south"},"west":{"uv":[10,13,10.5,14],"texture":"#all","cullface":"south"},"down":{"uv":[10,12,13,12.5],"texture":"#all","cullface":"south"}}},{"from":[12,5,16],"to":[13,6,16.5],"light_emission":15,"faces":{"east":{"uv":[12,10,12.5,11],"texture":"#all","cullface":"south"},"south":{"uv":[12,10,13,11],"texture":"#all","cullface":"south"},"up":{"uv":[12,10,13,10.5],"rotation":180,"texture":"#all","cullface":"south"}}},{"from":[9,3,16],"to":[10,4,16.5],"light_emission":15,"faces":{"south":{"uv":[9,12,10,13],"texture":"#all","cullface":"south"},"west":{"uv":[9,12,9.5,13],"texture":"#all","cullface":"south"},"down":{"uv":[9,12,10,12.5],"rotation":180,"texture":"#all","cullface":"south"}}},{"from":[8,4,16],"to":[9,6,16.5],"light_emission":15,"faces":{"south":{"uv":[8,10,9,12],"texture":"#all","cullface":"south"},"west":{"uv":[8,10,8.5,12],"texture":"#all","cullface":"south"},"up":{"uv":[8,10,9,10.5],"rotation":180,"texture":"#all","cullface":"south"},"down":{"uv":[8,11,9,11.5],"rotation":180,"texture":"#all","cullface":"south"}}},{"from":[13,3,16],"to":[14,5,16.5],"light_emission":15,"faces":{"east":{"uv":[13,11,13.5,13],"texture":"#all","cullface":"south"},"south":{"uv":[13,11,14,13],"texture":"#all","cullface":"south"},"up":{"uv":[13,11,14,11.5],"rotation":180,"texture":"#all","cullface":"south"},"down":{"uv":[13,12,14,12.5],"rotation":180,"texture":"#all","cullface":"south"}}},{"from":[9,6,16],"to":[12,7,16.5],"light_emission":15,"faces":{"east":{"uv":[11,9,11.5,10],"texture":"#all","cullface":"south"},"south":{"uv":[9,9,12,10],"texture":"#all","cullface":"south"},"west":{"uv":[9,9,9.5,10],"texture":"#all","cullface":"south"},"up":{"uv":[9,9,12,9.5],"texture":"#all","cullface":"south"}}},{"from":[10,2,16],"to":[13,3,16.5],"light_emission":15,"faces":{"east":{"uv":[12,13,12.5,14],"texture":"#all","cullface":"south"},"south":{"uv":[10,13,13,14],"texture":"#all","cullface":"south"},"west":{"uv":[10,13,10.5,14],"texture":"#all","cullface":"south"},"down":{"uv":[10,13,13,13.5],"texture":"#all","cullface":"south"}}},{"from":[16,6,4],"to":[16.5,7,7],"light_emission":15,"faces":{"north":{"uv":[11,9,11.5,10],"texture":"#all","cullface":"east"},"east":{"uv":[9,9,12,10],"texture":"#all","cullface":"east"},"south":{"uv":[9,9,9.5,10],"texture":"#all","cullface":"east"},"up":{"uv":[9,9,12,9.5],"rotation":270,"texture":"#all","cullface":"east"}}},{"from":[16,9,11],"to":[16.7,10,13],"light_emission":15,"faces":{"north":{"uv":[4,6,4.5,7],"texture":"#all","cullface":"east"},"east":{"uv":[3,6,5,7],"texture":"#all","cullface":"east"},"south":{"uv":[3,6,3.5,7],"texture":"#all","cullface":"east"},"up":{"uv":[3,6,5,6.5],"rotation":270,"texture":"#all","cullface":"east"}}},{"from":[16,8,10],"to":[16.7,9,13],"light_emission":15,"faces":{"north":{"uv":[5,7,5.5,8],"texture":"#all","cullface":"east"},"east":{"uv":[3,7,6,8],"texture":"#all","cullface":"east"},"south":{"uv":[3,7,3.5,8],"texture":"#all","cullface":"east"},"up":{"uv":[3,7,6,7.5],"rotation":270,"texture":"#all","cullface":"east"},"down":{"uv":[3,7,6,7.5],"rotation":90,"texture":"#all","cullface":"east"}}},{"from":[16,8,9],"to":[16.5,9,10],"light_emission":15,"faces":{"north":{"uv":[6,7,6.5,8],"texture":"#all","cullface":"east"},"east":{"uv":[6,7,7,8],"texture":"#all","cullface":"east"},"up":{"uv":[6,7,7,7.5],"rotation":90,"texture":"#all","cullface":"east"}}},{"from":[16,9,10],"to":[16.5,10,11],"light_emission":15,"faces":{"north":{"uv":[5,6,5.5,7],"texture":"#all","cullface":"east"},"east":{"uv":[5,6,6,7],"texture":"#all","cullface":"east"},"up":{"uv":[5,6,6,6.5],"rotation":90,"texture":"#all","cullface":"east"}}},{"from":[16,10,11],"to":[16.5,11,13],"light_emission":15,"faces":{"north":{"uv":[4,5,4.5,6],"texture":"#all","cullface":"east"},"east":{"uv":[3,5,5,6],"texture":"#all","cullface":"east"},"south":{"uv":[3,5,3.5,6],"texture":"#all","cullface":"east"},"up":{"uv":[3,5,5,5.5],"rotation":270,"texture":"#all","cullface":"east"}}},{"from":[16,8,13],"to":[16.5,10,14],"light_emission":15,"faces":{"east":{"uv":[2,6,3,8],"texture":"#all","cullface":"east"},"south":{"uv":[2,6,2.5,8],"texture":"#all","cullface":"east"},"up":{"uv":[2,6,3,6.5],"rotation":90,"texture":"#all","cullface":"east"},"down":{"uv":[2,7,3,7.5],"rotation":270,"texture":"#all","cullface":"east"}}},{"from":[16,12,8],"to":[16.5,13,11],"light_emission":15,"faces":{"north":{"uv":[7,3,7.5,4],"texture":"#all","cullface":"east"},"east":{"uv":[5,3,8,4],"texture":"#all","cullface":"east"},"south":{"uv":[5,3,5.5,4],"texture":"#all","cullface":"east"},"up":{"uv":[5,3,8,3.5],"rotation":270,"texture":"#all","cullface":"east"}}},{"from":[16,2,13],"to":[16.7,3,14],"light_emission":15,"faces":{"east":{"uv":[2,13,3,14],"texture":"#all","cullface":"east"},"south":{"uv":[2,13,2.7,14],"texture":"#all","cullface":"east"},"up":{"uv":[2,13,3,13.7],"rotation":90,"texture":"#all","cullface":"east"},"down":{"uv":[2,13,3,13.7],"rotation":270,"texture":"#all","cullface":"east"}}},{"from":[16,2,12],"to":[16.7,4,13],"light_emission":15,"faces":{"north":{"uv":[3,12,3.5,14],"texture":"#all","cullface":"east"},"east":{"uv":[3,12,4,14],"texture":"#all","cullface":"east"},"south":{"uv":[3,12,3.5,14],"texture":"#all","cullface":"east"},"up":{"uv":[3,12,4,12.5],"rotation":90,"texture":"#all","cullface":"east"},"down":{"uv":[3,13,4,13.5],"rotation":270,"texture":"#all","cullface":"east"}}},{"from":[16,3,11],"to":[16.7,5,12],"light_emission":15,"faces":{"north":{"uv":[4,11,4.5,13],"texture":"#all","cullface":"east"},"east":{"uv":[4,11,5,13],"texture":"#all","cullface":"east"},"south":{"uv":[4,11,4.5,13],"texture":"#all","cullface":"east"},"up":{"uv":[4,11,5,11.5],"rotation":90,"texture":"#all","cullface":"east"},"down":{"uv":[4,12,5,12.5],"rotation":270,"texture":"#all","cullface":"east"}}},{"from":[16,3,13],"to":[16.5,4,14],"light_emission":15,"faces":{"east":{"uv":[2,12,3,13],"texture":"#all","cullface":"east"},"south":{"uv":[2,12,2.5,13],"texture":"#all","cullface":"east"},"up":{"uv":[2,12,3,12.5],"rotation":90,"texture":"#all","cullface":"east"}}},{"from":[16,4,12],"to":[16.5,5,13],"light_emission":15,"faces":{"east":{"uv":[3,11,4,12],"texture":"#all","cullface":"east"},"south":{"uv":[3,11,3.5,12],"texture":"#all","cullface":"east"},"up":{"uv":[3,11,4,11.5],"rotation":90,"texture":"#all","cullface":"east"}}},{"from":[16,5,11],"to":[16.5,6,12],"light_emission":15,"faces":{"north":{"uv":[4,10,4.5,11],"texture":"#all","cullface":"east"},"east":{"uv":[4,10,5,11],"texture":"#all","cullface":"east"},"south":{"uv":[4,10,4.5,11],"texture":"#all","cullface":"east"},"up":{"uv":[4,10,5,10.5],"rotation":90,"texture":"#all","cullface":"east"}}},{"from":[16,2,11],"to":[16.5,3,12],"light_emission":15,"faces":{"north":{"uv":[4,13,4.5,14],"texture":"#all","cullface":"east"},"east":{"uv":[4,13,5,14],"texture":"#all","cullface":"east"},"down":{"uv":[4,13,5,13.5],"rotation":270,"texture":"#all","cullface":"east"}}},{"from":[16,2,14],"to":[16.5,3,15],"light_emission":15,"faces":{"east":{"uv":[1,13,2,14],"texture":"#all","cullface":"east"},"south":{"uv":[1,13,1.5,14],"texture":"#all","cullface":"east"},"up":{"uv":[1,13,2,13.5],"rotation":90,"texture":"#all","cullface":"east"},"down":{"uv":[1,13,2,13.5],"rotation":270,"texture":"#all","cullface":"east"}}},{"from":[16,3,10],"to":[16.5,5,11],"light_emission":15,"faces":{"north":{"uv":[5,11,5.5,13],"texture":"#all","cullface":"east"},"east":{"uv":[5,11,6,13],"texture":"#all","cullface":"east"},"up":{"uv":[5,11,6,11.5],"rotation":90,"texture":"#all","cullface":"east"},"down":{"uv":[5,12,6,12.5],"rotation":270,"texture":"#all","cullface":"east"}}},{"from":[16,1,12],"to":[16.5,2,14],"light_emission":15,"faces":{"north":{"uv":[3,14,3.5,15],"texture":"#all","cullface":"east"},"east":{"uv":[2,14,4,15],"texture":"#all","cullface":"east"},"south":{"uv":[2,14,2.5,15],"texture":"#all","cullface":"east"},"down":{"uv":[2,14,4,14.5],"rotation":90,"texture":"#all","cullface":"east"}}},{"from":[16,11,7],"to":[16.5,12,8],"light_emission":15,"faces":{"north":{"uv":[8,4,8.5,5],"texture":"#all","cullface":"east"},"east":{"uv":[8,4,9,5],"texture":"#all","cullface":"east"},"up":{"uv":[8,4,9,4.5],"rotation":90,"texture":"#all","cullface":"east"}}},{"from":[16,10,7],"to":[16.5,11,9],"light_emission":15,"faces":{"north":{"uv":[8,5,8.5,6],"texture":"#all","cullface":"east"},"east":{"uv":[7,5,9,6],"texture":"#all","cullface":"east"},"south":{"uv":[7,5,7.5,6],"texture":"#all","cullface":"east"},"down":{"uv":[7,5,9,5.5],"rotation":90,"texture":"#all","cullface":"east"}}},{"from":[16,7,9],"to":[16.5,8,13],"light_emission":15,"faces":{"north":{"uv":[6,8,6.7,9],"texture":"#all","cullface":"east"},"east":{"uv":[3,8,7,9],"texture":"#all","cullface":"east"},"south":{"uv":[3,8,3.7,9],"texture":"#all","cullface":"east"},"down":{"uv":[3,8,7,8.7],"rotation":90,"texture":"#all","cullface":"east"}}},{"from":[16,11,8],"to":[16.7,12,11],"light_emission":15,"faces":{"north":{"uv":[7,4,7.5,5],"texture":"#all","cullface":"east"},"east":{"uv":[5,4,8,5],"texture":"#all","cullface":"east"},"south":{"uv":[5,4,5.5,5],"texture":"#all","cullface":"east"},"up":{"uv":[5,4,8,4.5],"rotation":270,"texture":"#all","cullface":"east"},"down":{"uv":[5,4,8,4.5],"rotation":90,"texture":"#all","cullface":"east"}}},{"from":[16,11,2],"to":[16.7,12,4],"light_emission":15,"faces":{"north":{"uv":[13,4,13.5,5],"texture":"#all","cullface":"east"},"east":{"uv":[12,4,14,5],"texture":"#all","cullface":"east"},"south":{"uv":[12,4,12.5,5],"texture":"#all","cullface":"east"},"up":{"uv":[12,4,14,4.5],"rotation":270,"texture":"#all","cullface":"east"},"down":{"uv":[12,4,14,4.5],"rotation":90,"texture":"#all","cullface":"east"}}},{"from":[16,12,3],"to":[16.7,13,5],"light_emission":15,"faces":{"north":{"uv":[12,3,12.5,4],"texture":"#all","cullface":"east"},"east":{"uv":[11,3,13,4],"texture":"#all","cullface":"east"},"south":{"uv":[11,3,11.5,4],"texture":"#all","cullface":"east"},"up":{"uv":[11,3,13,3.5],"rotation":270,"texture":"#all","cullface":"east"},"down":{"uv":[11,3,13,3.5],"rotation":90,"texture":"#all","cullface":"east"}}},{"from":[16,11,1],"to":[16.5,12,2],"light_emission":15,"faces":{"north":{"uv":[14,4,14.5,5],"texture":"#all","cullface":"east"},"east":{"uv":[14,4,15,5],"texture":"#all","cullface":"east"},"up":{"uv":[14,4,15,4.5],"rotation":90,"texture":"#all","cullface":"east"},"down":{"uv":[14,4,15,4.5],"rotation":270,"texture":"#all","cullface":"east"}}},{"from":[16,12,2],"to":[16.5,13,3],"light_emission":15,"faces":{"north":{"uv":[13,3,13.5,4],"texture":"#all","cullface":"east"},"east":{"uv":[13,3,14,4],"texture":"#all","cullface":"east"},"up":{"uv":[13,3,14,3.5],"rotation":90,"texture":"#all","cullface":"east"}}},{"from":[16,11,4],"to":[16.5,12,5],"light_emission":15,"faces":{"east":{"uv":[11,4,12,5],"texture":"#all","cullface":"east"},"south":{"uv":[11,4,11.5,5],"texture":"#all","cullface":"east"},"down":{"uv":[11,4,12,4.5],"rotation":270,"texture":"#all","cullface":"east"}}},{"from":[16,10,2],"to":[16.5,11,4],"light_emission":15,"faces":{"north":{"uv":[13,5,13.5,6],"texture":"#all","cullface":"east"},"east":{"uv":[12,5,14,6],"texture":"#all","cullface":"east"},"south":{"uv":[12,5,12.5,6],"texture":"#all","cullface":"east"},"down":{"uv":[12,5,14,5.5],"rotation":90,"texture":"#all","cullface":"east"}}},{"from":[16,12,5],"to":[16.5,13,6],"light_emission":15,"faces":{"east":{"uv":[10,3,11,4],"texture":"#all","cullface":"east"},"south":{"uv":[10,3,10.5,4],"texture":"#all","cullface":"east"},"up":{"uv":[10,3,11,3.5],"rotation":90,"texture":"#all","cullface":"east"},"down":{"uv":[10,3,11,3.5],"rotation":270,"texture":"#all","cullface":"east"}}},{"from":[16,13,3],"to":[16.5,14,5],"light_emission":15,"faces":{"north":{"uv":[12,2,12.5,3],"texture":"#all","cullface":"east"},"east":{"uv":[11,2,13,3],"texture":"#all","cullface":"east"},"south":{"uv":[11,2,11.5,3],"texture":"#all","cullface":"east"},"up":{"uv":[11,2,13,2.5],"rotation":270,"texture":"#all","cullface":"east"}}},{"from":[16,5,4],"to":[16.7,6,7],"light_emission":15,"faces":{"north":{"uv":[11,10,11.5,11],"texture":"#all","cullface":"east"},"east":{"uv":[9,10,12,11],"texture":"#all","cullface":"east"},"south":{"uv":[9,10,9.5,11],"texture":"#all","cullface":"east"},"up":{"uv":[9,10,12,10.5],"rotation":270,"texture":"#all","cullface":"east"}}},{"from":[16,4,3],"to":[16.7,5,7],"light_emission":15,"faces":{"north":{"uv":[12,11,12.7,12],"texture":"#all","cullface":"east"},"east":{"uv":[9,11,13,12],"texture":"#all","cullface":"east"},"south":{"uv":[9,11,9.7,12],"texture":"#all","cullface":"east"},"up":{"uv":[9,11,13,11.7],"rotation":270,"texture":"#all","cullface":"east"},"down":{"uv":[9,11,13,11.7],"rotation":90,"texture":"#all","cullface":"east"}}},{"from":[16,3,3],"to":[16.7,4,6],"light_emission":15,"faces":{"north":{"uv":[12,12,12.5,13],"texture":"#all","cullface":"east"},"east":{"uv":[10,12,13,13],"texture":"#all","cullface":"east"},"south":{"uv":[10,13,10.5,14],"texture":"#all","cullface":"east"},"down":{"uv":[10,12,13,12.5],"rotation":90,"texture":"#all","cullface":"east"}}},{"from":[16,5,3],"to":[16.5,6,4],"light_emission":15,"faces":{"north":{"uv":[12,10,12.5,11],"texture":"#all","cullface":"east"},"east":{"uv":[12,10,13,11],"texture":"#all","cullface":"east"},"up":{"uv":[12,10,13,10.5],"rotation":90,"texture":"#all","cullface":"east"}}},{"from":[16,3,6],"to":[16.5,4,7],"light_emission":15,"faces":{"east":{"uv":[9,12,10,13],"texture":"#all","cullface":"east"},"south":{"uv":[9,12,9.5,13],"texture":"#all","cullface":"east"},"down":{"uv":[9,12,10,12.5],"rotation":270,"texture":"#all","cullface":"east"}}},{"from":[16,4,7],"to":[16.5,6,8],"light_emission":15,"faces":{"east":{"uv":[8,10,9,12],"texture":"#all","cullface":"east"},"south":{"uv":[8,10,8.5,12],"texture":"#all","cullface":"east"},"up":{"uv":[8,10,9,10.5],"rotation":90,"texture":"#all","cullface":"east"},"down":{"uv":[8,11,9,11.5],"rotation":270,"texture":"#all","cullface":"east"}}},{"from":[16,3,2],"to":[16.5,5,3],"light_emission":15,"faces":{"north":{"uv":[13,11,13.5,13],"texture":"#all","cullface":"east"},"east":{"uv":[13,11,14,13],"texture":"#all","cullface":"east"},"up":{"uv":[13,11,14,11.5],"rotation":90,"texture":"#all","cullface":"east"},"down":{"uv":[13,12,14,12.5],"rotation":270,"texture":"#all","cullface":"east"}}},{"from":[16,2,3],"to":[16.5,3,6],"light_emission":15,"faces":{"north":{"uv":[12,13,12.5,14],"texture":"#all","cullface":"east"},"east":{"uv":[10,13,13,14],"texture":"#all","cullface":"east"},"south":{"uv":[10,13,10.5,14],"texture":"#all","cullface":"east"},"down":{"uv":[10,13,13,13.5],"rotation":90,"texture":"#all","cullface":"east"}}},{"from":[9,16,9],"to":[12,16.5,10],"light_emission":15,"faces":{"north":{"uv":[9,9,12,9.5],"rotation":180,"texture":"#all","cullface":"up"},"east":{"uv":[11,9,11.5,10],"rotation":90,"texture":"#all","cullface":"up"},"west":{"uv":[9,9,9.5,10],"rotation":270,"texture":"#all","cullface":"up"},"up":{"uv":[9,9,12,10],"texture":"#all","cullface":"up"}}},{"from":[3,16,6],"to":[5,16.7,7],"light_emission":15,"faces":{"north":{"uv":[3,6,5,6.5],"rotation":180,"texture":"#all","cullface":"up"},"east":{"uv":[4,6,4.5,7],"rotation":90,"texture":"#all","cullface":"up"},"west":{"uv":[3,6,3.5,7],"rotation":270,"texture":"#all","cullface":"up"},"up":{"uv":[3,6,5,7],"texture":"#all","cullface":"up"}}},{"from":[3,16,7],"to":[6,16.7,8],"light_emission":15,"faces":{"north":{"uv":[3,7,6,7.5],"rotation":180,"texture":"#all","cullface":"up"},"east":{"uv":[5,7,5.5,8],"rotation":90,"texture":"#all","cullface":"up"},"south":{"uv":[3,7,6,7.5],"texture":"#all","cullface":"up"},"west":{"uv":[3,7,3.5,8],"rotation":270,"texture":"#all","cullface":"up"},"up":{"uv":[3,7,6,8],"texture":"#all","cullface":"up"}}},{"from":[6,16,7],"to":[7,16.5,8],"light_emission":15,"faces":{"north":{"uv":[6,7,7,7.5],"texture":"#all","cullface":"up"},"east":{"uv":[6,7,6.5,8],"rotation":90,"texture":"#all","cullface":"up"},"up":{"uv":[6,7,7,8],"texture":"#all","cullface":"up"}}},{"from":[5,16,6],"to":[6,16.5,7],"light_emission":15,"faces":{"north":{"uv":[5,6,6,6.5],"texture":"#all","cullface":"up"},"east":{"uv":[5,6,5.5,7],"rotation":90,"texture":"#all","cullface":"up"},"up":{"uv":[5,6,6,7],"texture":"#all","cullface":"up"}}},{"from":[3,16,5],"to":[5,16.5,6],"light_emission":15,"faces":{"north":{"uv":[3,5,5,5.5],"rotation":180,"texture":"#all","cullface":"up"},"east":{"uv":[4,5,4.5,6],"rotation":90,"texture":"#all","cullface":"up"},"west":{"uv":[3,5,3.5,6],"rotation":270,"texture":"#all","cullface":"up"},"up":{"uv":[3,5,5,6],"texture":"#all","cullface":"up"}}},{"from":[2,16,6],"to":[3,16.5,8],"light_emission":15,"faces":{"north":{"uv":[2,6,3,6.5],"texture":"#all","cullface":"up"},"south":{"uv":[2,7,3,7.5],"rotation":180,"texture":"#all","cullface":"up"},"west":{"uv":[2,6,2.5,8],"rotation":270,"texture":"#all","cullface":"up"},"up":{"uv":[2,6,3,8],"texture":"#all","cullface":"up"}}},{"from":[5,16,3],"to":[8,16.5,4],"light_emission":15,"faces":{"north":{"uv":[5,3,8,3.5],"rotation":180,"texture":"#all","cullface":"up"},"east":{"uv":[7,3,7.5,4],"rotation":90,"texture":"#all","cullface":"up"},"west":{"uv":[5,3,5.5,4],"rotation":270,"texture":"#all","cullface":"up"},"up":{"uv":[5,3,8,4],"texture":"#all","cullface":"up"}}},{"from":[2,16,13],"to":[3,16.7,14],"light_emission":15,"faces":{"north":{"uv":[2,13,3,13.7],"texture":"#all","cullface":"up"},"south":{"uv":[2,13,3,13.7],"rotation":180,"texture":"#all","cullface":"up"},"west":{"uv":[2,13,2.7,14],"rotation":270,"texture":"#all","cullface":"up"},"up":{"uv":[2,13,3,14],"texture":"#all","cullface":"up"}}},{"from":[3,16,12],"to":[4,16.7,14],"light_emission":15,"faces":{"north":{"uv":[3,12,4,12.5],"texture":"#all","cullface":"up"},"east":{"uv":[3,12,3.5,14],"rotation":90,"texture":"#all","cullface":"up"},"south":{"uv":[3,13,4,13.5],"rotation":180,"texture":"#all","cullface":"up"},"west":{"uv":[3,12,3.5,14],"rotation":270,"texture":"#all","cullface":"up"},"up":{"uv":[3,12,4,14],"texture":"#all","cullface":"up"}}},{"from":[4,16,11],"to":[5,16.7,13],"light_emission":15,"faces":{"north":{"uv":[4,11,5,11.5],"texture":"#all","cullface":"up"},"east":{"uv":[4,11,4.5,13],"rotation":90,"texture":"#all","cullface":"up"},"south":{"uv":[4,12,5,12.5],"rotation":180,"texture":"#all","cullface":"up"},"west":{"uv":[4,11,4.5,13],"rotation":270,"texture":"#all","cullface":"up"},"up":{"uv":[4,11,5,13],"texture":"#all","cullface":"up"}}},{"from":[2,16,12],"to":[3,16.5,13],"light_emission":15,"faces":{"north":{"uv":[2,12,3,12.5],"texture":"#all","cullface":"up"},"west":{"uv":[2,12,2.5,13],"rotation":270,"texture":"#all","cullface":"up"},"up":{"uv":[2,12,3,13],"texture":"#all","cullface":"up"}}},{"from":[3,16,11],"to":[4,16.5,12],"light_emission":15,"faces":{"north":{"uv":[3,11,4,11.5],"texture":"#all","cullface":"up"},"west":{"uv":[3,11,3.5,12],"rotation":270,"texture":"#all","cullface":"up"},"up":{"uv":[3,11,4,12],"texture":"#all","cullface":"up"}}},{"from":[4,16,10],"to":[5,16.5,11],"light_emission":15,"faces":{"north":{"uv":[4,10,5,10.5],"texture":"#all","cullface":"up"},"east":{"uv":[4,10,4.5,11],"rotation":90,"texture":"#all","cullface":"up"},"west":{"uv":[4,10,4.5,11],"rotation":270,"texture":"#all","cullface":"up"},"up":{"uv":[4,10,5,11],"texture":"#all","cullface":"up"}}},{"from":[4,16,13],"to":[5,16.5,14],"light_emission":15,"faces":{"east":{"uv":[4,13,4.5,14],"rotation":90,"texture":"#all","cullface":"up"},"south":{"uv":[4,13,5,13.5],"rotation":180,"texture":"#all","cullface":"up"},"up":{"uv":[4,13,5,14],"texture":"#all","cullface":"up"}}},{"from":[1,16,13],"to":[2,16.5,14],"light_emission":15,"faces":{"north":{"uv":[1,13,2,13.5],"texture":"#all","cullface":"up"},"south":{"uv":[1,13,2,13.5],"rotation":180,"texture":"#all","cullface":"up"},"west":{"uv":[1,13,1.5,14],"rotation":270,"texture":"#all","cullface":"up"},"up":{"uv":[1,13,2,14],"texture":"#all","cullface":"up"}}},{"from":[5,16,11],"to":[6,16.5,13],"light_emission":15,"faces":{"north":{"uv":[5,11,6,11.5],"texture":"#all","cullface":"up"},"east":{"uv":[5,11,5.5,13],"rotation":90,"texture":"#all","cullface":"up"},"south":{"uv":[5,12,6,12.5],"rotation":180,"texture":"#all","cullface":"up"},"up":{"uv":[5,11,6,13],"texture":"#all","cullface":"up"}}},{"from":[2,16,14],"to":[4,16.5,15],"light_emission":15,"faces":{"east":{"uv":[3,14,3.5,15],"rotation":90,"texture":"#all","cullface":"up"},"south":{"uv":[2,14,4,14.5],"texture":"#all","cullface":"up"},"west":{"uv":[2,14,2.5,15],"rotation":270,"texture":"#all","cullface":"up"},"up":{"uv":[2,14,4,15],"texture":"#all","cullface":"up"}}},{"from":[8,16,4],"to":[9,16.5,5],"light_emission":15,"faces":{"north":{"uv":[8,4,9,4.5],"texture":"#all","cullface":"up"},"east":{"uv":[8,4,8.5,5],"rotation":90,"texture":"#all","cullface":"up"},"up":{"uv":[8,4,9,5],"texture":"#all","cullface":"up"}}},{"from":[7,16,5],"to":[9,16.5,6],"light_emission":15,"faces":{"east":{"uv":[8,5,8.5,6],"rotation":90,"texture":"#all","cullface":"up"},"south":{"uv":[7,5,9,5.5],"texture":"#all","cullface":"up"},"west":{"uv":[7,5,7.5,6],"rotation":270,"texture":"#all","cullface":"up"},"up":{"uv":[7,5,9,6],"texture":"#all","cullface":"up"}}},{"from":[3,16,8],"to":[7,16.5,9],"light_emission":15,"faces":{"east":{"uv":[6,8,6.7,9],"rotation":90,"texture":"#all","cullface":"up"},"south":{"uv":[3,8,7,8.7],"texture":"#all","cullface":"up"},"west":{"uv":[3,8,3.7,9],"rotation":270,"texture":"#all","cullface":"up"},"up":{"uv":[3,8,7,9],"texture":"#all","cullface":"up"}}},{"from":[5,16,4],"to":[8,16.7,5],"light_emission":15,"faces":{"north":{"uv":[5,4,8,4.5],"rotation":180,"texture":"#all","cullface":"up"},"east":{"uv":[7,4,7.5,5],"rotation":90,"texture":"#all","cullface":"up"},"south":{"uv":[5,4,8,4.5],"texture":"#all","cullface":"up"},"west":{"uv":[5,4,5.5,5],"rotation":270,"texture":"#all","cullface":"up"},"up":{"uv":[5,4,8,5],"texture":"#all","cullface":"up"}}},{"from":[12,16,4],"to":[14,16.7,5],"light_emission":15,"faces":{"north":{"uv":[12,4,14,4.5],"rotation":180,"texture":"#all","cullface":"up"},"east":{"uv":[13,4,13.5,5],"rotation":90,"texture":"#all","cullface":"up"},"south":{"uv":[12,4,14,4.5],"texture":"#all","cullface":"up"},"west":{"uv":[12,4,12.5,5],"rotation":270,"texture":"#all","cullface":"up"},"up":{"uv":[12,4,14,5],"texture":"#all","cullface":"up"}}},{"from":[11,16,3],"to":[13,16.7,4],"light_emission":15,"faces":{"north":{"uv":[11,3,13,3.5],"rotation":180,"texture":"#all","cullface":"up"},"east":{"uv":[12,3,12.5,4],"rotation":90,"texture":"#all","cullface":"up"},"south":{"uv":[11,3,13,3.5],"texture":"#all","cullface":"up"},"west":{"uv":[11,3,11.5,4],"rotation":270,"texture":"#all","cullface":"up"},"up":{"uv":[11,3,13,4],"texture":"#all","cullface":"up"}}},{"from":[14,16,4],"to":[15,16.5,5],"light_emission":15,"faces":{"north":{"uv":[14,4,15,4.5],"texture":"#all","cullface":"up"},"east":{"uv":[14,4,14.5,5],"rotation":90,"texture":"#all","cullface":"up"},"south":{"uv":[14,4,15,4.5],"rotation":180,"texture":"#all","cullface":"up"},"up":{"uv":[14,4,15,5],"texture":"#all","cullface":"up"}}},{"from":[13,16,3],"to":[14,16.5,4],"light_emission":15,"faces":{"north":{"uv":[13,3,14,3.5],"texture":"#all","cullface":"up"},"east":{"uv":[13,3,13.5,4],"rotation":90,"texture":"#all","cullface":"up"},"up":{"uv":[13,3,14,4],"texture":"#all","cullface":"up"}}},{"from":[11,16,4],"to":[12,16.5,5],"light_emission":15,"faces":{"south":{"uv":[11,4,12,4.5],"rotation":180,"texture":"#all","cullface":"up"},"west":{"uv":[11,4,11.5,5],"rotation":270,"texture":"#all","cullface":"up"},"up":{"uv":[11,4,12,5],"texture":"#all","cullface":"up"}}},{"from":[12,16,5],"to":[14,16.5,6],"light_emission":15,"faces":{"east":{"uv":[13,5,13.5,6],"rotation":90,"texture":"#all","cullface":"up"},"south":{"uv":[12,5,14,5.5],"texture":"#all","cullface":"up"},"west":{"uv":[12,5,12.5,6],"rotation":270,"texture":"#all","cullface":"up"},"up":{"uv":[12,5,14,6],"texture":"#all","cullface":"up"}}},{"from":[10,16,3],"to":[11,16.5,4],"light_emission":15,"faces":{"north":{"uv":[10,3,11,3.5],"texture":"#all","cullface":"up"},"south":{"uv":[10,3,11,3.5],"rotation":180,"texture":"#all","cullface":"up"},"west":{"uv":[10,3,10.5,4],"rotation":270,"texture":"#all","cullface":"up"},"up":{"uv":[10,3,11,4],"texture":"#all","cullface":"up"}}},{"from":[11,16,2],"to":[13,16.5,3],"light_emission":15,"faces":{"north":{"uv":[11,2,13,2.5],"rotation":180,"texture":"#all","cullface":"up"},"east":{"uv":[12,2,12.5,3],"rotation":90,"texture":"#all","cullface":"up"},"west":{"uv":[11,2,11.5,3],"rotation":270,"texture":"#all","cullface":"up"},"up":{"uv":[11,2,13,3],"texture":"#all","cullface":"up"}}},{"from":[9,16,10],"to":[12,16.7,11],"light_emission":15,"faces":{"north":{"uv":[9,10,12,10.5],"rotation":180,"texture":"#all","cullface":"up"},"east":{"uv":[11,10,11.5,11],"rotation":90,"texture":"#all","cullface":"up"},"west":{"uv":[9,10,9.5,11],"rotation":270,"texture":"#all","cullface":"up"},"up":{"uv":[9,10,12,11],"texture":"#all","cullface":"up"}}},{"from":[9,16,11],"to":[13,16.7,12],"light_emission":15,"faces":{"north":{"uv":[9,11,13,11.7],"rotation":180,"texture":"#all","cullface":"up"},"east":{"uv":[12,11,12.7,12],"rotation":90,"texture":"#all","cullface":"up"},"south":{"uv":[9,11,13,11.7],"texture":"#all","cullface":"up"},"west":{"uv":[9,11,9.7,12],"rotation":270,"texture":"#all","cullface":"up"},"up":{"uv":[9,11,13,12],"texture":"#all","cullface":"up"}}},{"from":[10,16,12],"to":[13,16.7,13],"light_emission":15,"faces":{"east":{"uv":[12,12,12.5,13],"rotation":90,"texture":"#all","cullface":"up"},"south":{"uv":[10,12,13,12.5],"texture":"#all","cullface":"up"},"west":{"uv":[10,13,10.5,14],"rotation":270,"texture":"#all","cullface":"up"},"up":{"uv":[10,12,13,13],"texture":"#all","cullface":"up"}}},{"from":[12,16,10],"to":[13,16.5,11],"light_emission":15,"faces":{"north":{"uv":[12,10,13,10.5],"texture":"#all","cullface":"up"},"east":{"uv":[12,10,12.5,11],"rotation":90,"texture":"#all","cullface":"up"},"up":{"uv":[12,10,13,11],"texture":"#all","cullface":"up"}}},{"from":[9,16,12],"to":[10,16.5,13],"light_emission":15,"faces":{"south":{"uv":[9,12,10,12.5],"rotation":180,"texture":"#all","cullface":"up"},"west":{"uv":[9,12,9.5,13],"rotation":270,"texture":"#all","cullface":"up"},"up":{"uv":[9,12,10,13],"texture":"#all","cullface":"up"}}},{"from":[8,16,10],"to":[9,16.5,12],"light_emission":15,"faces":{"north":{"uv":[8,10,9,10.5],"texture":"#all","cullface":"up"},"south":{"uv":[8,11,9,11.5],"rotation":180,"texture":"#all","cullface":"up"},"west":{"uv":[8,10,8.5,12],"rotation":270,"texture":"#all","cullface":"up"},"up":{"uv":[8,10,9,12],"texture":"#all","cullface":"up"}}},{"from":[13,16,11],"to":[14,16.5,13],"light_emission":15,"faces":{"north":{"uv":[13,11,14,11.5],"texture":"#all","cullface":"up"},"east":{"uv":[13,11,13.5,13],"rotation":90,"texture":"#all","cullface":"up"},"south":{"uv":[13,12,14,12.5],"rotation":180,"texture":"#all","cullface":"up"},"up":{"uv":[13,11,14,13],"texture":"#all","cullface":"up"}}},{"from":[10,16,13],"to":[13,16.5,14],"light_emission":15,"faces":{"east":{"uv":[12,13,12.5,14],"rotation":90,"texture":"#all","cullface":"up"},"south":{"uv":[10,13,13,13.5],"texture":"#all","cullface":"up"},"west":{"uv":[10,13,10.5,14],"rotation":270,"texture":"#all","cullface":"up"},"up":{"uv":[10,13,13,14],"texture":"#all","cullface":"up"}}},{"from":[9,-0.5,6],"to":[12,0,7],"light_emission":15,"faces":{"east":{"uv":[11,9,11.5,10],"rotation":270,"texture":"#all","cullface":"down"},"south":{"uv":[9,9,12,9.5],"texture":"#all","cullface":"down"},"west":{"uv":[9,9,9.5,10],"rotation":90,"texture":"#all","cullface":"down"},"down":{"uv":[9,9,12,10],"texture":"#all","cullface":"down"}}},{"from":[3,-0.7,9],"to":[5,0,10],"light_emission":15,"faces":{"east":{"uv":[4,6,4.5,7],"rotation":270,"texture":"#all","cullface":"down"},"south":{"uv":[3,6,5,6.5],"texture":"#all","cullface":"down"},"west":{"uv":[3,6,3.5,7],"rotation":90,"texture":"#all","cullface":"down"},"down":{"uv":[3,6,5,7],"texture":"#all","cullface":"down"}}},{"from":[3,-0.7,8],"to":[6,0,9],"light_emission":15,"faces":{"north":{"uv":[3,7,6,7.5],"rotation":180,"texture":"#all","cullface":"down"},"east":{"uv":[5,7,5.5,8],"rotation":270,"texture":"#all","cullface":"down"},"south":{"uv":[3,7,6,7.5],"texture":"#all","cullface":"down"},"west":{"uv":[3,7,3.5,8],"rotation":90,"texture":"#all","cullface":"down"},"down":{"uv":[3,7,6,8],"texture":"#all","cullface":"down"}}},{"from":[6,-0.5,8],"to":[7,0,9],"light_emission":15,"faces":{"east":{"uv":[6,7,6.5,8],"rotation":270,"texture":"#all","cullface":"down"},"south":{"uv":[6,7,7,7.5],"rotation":180,"texture":"#all","cullface":"down"},"down":{"uv":[6,7,7,8],"texture":"#all","cullface":"down"}}},{"from":[5,-0.5,9],"to":[6,0,10],"light_emission":15,"faces":{"east":{"uv":[5,6,5.5,7],"rotation":270,"texture":"#all","cullface":"down"},"south":{"uv":[5,6,6,6.5],"rotation":180,"texture":"#all","cullface":"down"},"down":{"uv":[5,6,6,7],"texture":"#all","cullface":"down"}}},{"from":[3,-0.5,10],"to":[5,0,11],"light_emission":15,"faces":{"east":{"uv":[4,5,4.5,6],"rotation":270,"texture":"#all","cullface":"down"},"south":{"uv":[3,5,5,5.5],"texture":"#all","cullface":"down"},"west":{"uv":[3,5,3.5,6],"rotation":90,"texture":"#all","cullface":"down"},"down":{"uv":[3,5,5,6],"texture":"#all","cullface":"down"}}},{"from":[2,-0.5,8],"to":[3,0,10],"light_emission":15,"faces":{"north":{"uv":[2,7,3,7.5],"texture":"#all","cullface":"down"},"south":{"uv":[2,6,3,6.5],"rotation":180,"texture":"#all","cullface":"down"},"west":{"uv":[2,6,2.5,8],"rotation":90,"texture":"#all","cullface":"down"},"down":{"uv":[2,6,3,8],"texture":"#all","cullface":"down"}}},{"from":[5,-0.5,12],"to":[8,0,13],"light_emission":15,"faces":{"east":{"uv":[7,3,7.5,4],"rotation":270,"texture":"#all","cullface":"down"},"south":{"uv":[5,3,8,3.5],"texture":"#all","cullface":"down"},"west":{"uv":[5,3,5.5,4],"rotation":90,"texture":"#all","cullface":"down"},"down":{"uv":[5,3,8,4],"texture":"#all","cullface":"down"}}},{"from":[2,-0.7,2],"to":[3,0,3],"light_emission":15,"faces":{"north":{"uv":[2,13,3,13.7],"texture":"#all","cullface":"down"},"south":{"uv":[2,13,3,13.7],"rotation":180,"texture":"#all","cullface":"down"},"west":{"uv":[2,13,2.7,14],"rotation":90,"texture":"#all","cullface":"down"},"down":{"uv":[2,13,3,14],"texture":"#all","cullface":"down"}}},{"from":[3,-0.7,2],"to":[4,0,4],"light_emission":15,"faces":{"north":{"uv":[3,13,4,13.5],"texture":"#all","cullface":"down"},"east":{"uv":[3,12,3.5,14],"rotation":270,"texture":"#all","cullface":"down"},"south":{"uv":[3,12,4,12.5],"rotation":180,"texture":"#all","cullface":"down"},"west":{"uv":[3,12,3.5,14],"rotation":90,"texture":"#all","cullface":"down"},"down":{"uv":[3,12,4,14],"texture":"#all","cullface":"down"}}},{"from":[4,-0.7,3],"to":[5,0,5],"light_emission":15,"faces":{"north":{"uv":[4,12,5,12.5],"texture":"#all","cullface":"down"},"east":{"uv":[4,11,4.5,13],"rotation":270,"texture":"#all","cullface":"down"},"south":{"uv":[4,11,5,11.5],"rotation":180,"texture":"#all","cullface":"down"},"west":{"uv":[4,11,4.5,13],"rotation":90,"texture":"#all","cullface":"down"},"down":{"uv":[4,11,5,13],"texture":"#all","cullface":"down"}}},{"from":[2,-0.5,3],"to":[3,0,4],"light_emission":15,"faces":{"south":{"uv":[2,12,3,12.5],"rotation":180,"texture":"#all","cullface":"down"},"west":{"uv":[2,12,2.5,13],"rotation":90,"texture":"#all","cullface":"down"},"down":{"uv":[2,12,3,13],"texture":"#all","cullface":"down"}}},{"from":[3,-0.5,4],"to":[4,0,5],"light_emission":15,"faces":{"south":{"uv":[3,11,4,11.5],"rotation":180,"texture":"#all","cullface":"down"},"west":{"uv":[3,11,3.5,12],"rotation":90,"texture":"#all","cullface":"down"},"down":{"uv":[3,11,4,12],"texture":"#all","cullface":"down"}}},{"from":[4,-0.5,5],"to":[5,0,6],"light_emission":15,"faces":{"east":{"uv":[4,10,4.5,11],"rotation":270,"texture":"#all","cullface":"down"},"south":{"uv":[4,10,5,10.5],"rotation":180,"texture":"#all","cullface":"down"},"west":{"uv":[4,10,4.5,11],"rotation":90,"texture":"#all","cullface":"down"},"down":{"uv":[4,10,5,11],"texture":"#all","cullface":"down"}}},{"from":[4,-0.5,2],"to":[5,0,3],"light_emission":15,"faces":{"north":{"uv":[4,13,5,13.5],"texture":"#all","cullface":"down"},"east":{"uv":[4,13,4.5,14],"rotation":270,"texture":"#all","cullface":"down"},"down":{"uv":[4,13,5,14],"texture":"#all","cullface":"down"}}},{"from":[1,-0.5,2],"to":[2,0,3],"light_emission":15,"faces":{"north":{"uv":[1,13,2,13.5],"texture":"#all","cullface":"down"},"south":{"uv":[1,13,2,13.5],"rotation":180,"texture":"#all","cullface":"down"},"west":{"uv":[1,13,1.5,14],"rotation":90,"texture":"#all","cullface":"down"},"down":{"uv":[1,13,2,14],"texture":"#all","cullface":"down"}}},{"from":[5,-0.5,3],"to":[6,0,5],"light_emission":15,"faces":{"north":{"uv":[5,12,6,12.5],"texture":"#all","cullface":"down"},"east":{"uv":[5,11,5.5,13],"rotation":270,"texture":"#all","cullface":"down"},"south":{"uv":[5,11,6,11.5],"rotation":180,"texture":"#all","cullface":"down"},"down":{"uv":[5,11,6,13],"texture":"#all","cullface":"down"}}},{"from":[2,-0.5,1],"to":[4,0,2],"light_emission":15,"faces":{"north":{"uv":[2,14,4,14.5],"rotation":180,"texture":"#all","cullface":"down"},"east":{"uv":[3,14,3.5,15],"rotation":270,"texture":"#all","cullface":"down"},"west":{"uv":[2,14,2.5,15],"rotation":90,"texture":"#all","cullface":"down"},"down":{"uv":[2,14,4,15],"texture":"#all","cullface":"down"}}},{"from":[8,-0.5,11],"to":[9,0,12],"light_emission":15,"faces":{"east":{"uv":[8,4,8.5,5],"rotation":270,"texture":"#all","cullface":"down"},"south":{"uv":[8,4,9,4.5],"rotation":180,"texture":"#all","cullface":"down"},"down":{"uv":[8,4,9,5],"texture":"#all","cullface":"down"}}},{"from":[7,-0.5,10],"to":[9,0,11],"light_emission":15,"faces":{"north":{"uv":[7,5,9,5.5],"rotation":180,"texture":"#all","cullface":"down"},"east":{"uv":[8,5,8.5,6],"rotation":270,"texture":"#all","cullface":"down"},"west":{"uv":[7,5,7.5,6],"rotation":90,"texture":"#all","cullface":"down"},"down":{"uv":[7,5,9,6],"texture":"#all","cullface":"down"}}},{"from":[3,-0.5,7],"to":[7,0,8],"light_emission":15,"faces":{"north":{"uv":[3,8,7,8.7],"rotation":180,"texture":"#all","cullface":"down"},"east":{"uv":[6,8,6.7,9],"rotation":270,"texture":"#all","cullface":"down"},"west":{"uv":[3,8,3.7,9],"rotation":90,"texture":"#all","cullface":"down"},"down":{"uv":[3,8,7,9],"texture":"#all","cullface":"down"}}},{"from":[5,-0.7,11],"to":[8,0,12],"light_emission":15,"faces":{"north":{"uv":[5,4,8,4.5],"rotation":180,"texture":"#all","cullface":"down"},"east":{"uv":[7,4,7.5,5],"rotation":270,"texture":"#all","cullface":"down"},"south":{"uv":[5,4,8,4.5],"texture":"#all","cullface":"down"},"west":{"uv":[5,4,5.5,5],"rotation":90,"texture":"#all","cullface":"down"},"down":{"uv":[5,4,8,5],"texture":"#all","cullface":"down"}}},{"from":[12,-0.7,11],"to":[14,0,12],"light_emission":15,"faces":{"north":{"uv":[12,4,14,4.5],"rotation":180,"texture":"#all","cullface":"down"},"east":{"uv":[13,4,13.5,5],"rotation":270,"texture":"#all","cullface":"down"},"south":{"uv":[12,4,14,4.5],"texture":"#all","cullface":"down"},"west":{"uv":[12,4,12.5,5],"rotation":90,"texture":"#all","cullface":"down"},"down":{"uv":[12,4,14,5],"texture":"#all","cullface":"down"}}},{"from":[11,-0.7,12],"to":[13,0,13],"light_emission":15,"faces":{"north":{"uv":[11,3,13,3.5],"rotation":180,"texture":"#all","cullface":"down"},"east":{"uv":[12,3,12.5,4],"rotation":270,"texture":"#all","cullface":"down"},"south":{"uv":[11,3,13,3.5],"texture":"#all","cullface":"down"},"west":{"uv":[11,3,11.5,4],"rotation":90,"texture":"#all","cullface":"down"},"down":{"uv":[11,3,13,4],"texture":"#all","cullface":"down"}}},{"from":[14,-0.5,11],"to":[15,0,12],"light_emission":15,"faces":{"north":{"uv":[14,4,15,4.5],"texture":"#all","cullface":"down"},"east":{"uv":[14,4,14.5,5],"rotation":270,"texture":"#all","cullface":"down"},"south":{"uv":[14,4,15,4.5],"rotation":180,"texture":"#all","cullface":"down"},"down":{"uv":[14,4,15,5],"texture":"#all","cullface":"down"}}},{"from":[13,-0.5,12],"to":[14,0,13],"light_emission":15,"faces":{"east":{"uv":[13,3,13.5,4],"rotation":270,"texture":"#all","cullface":"down"},"south":{"uv":[13,3,14,3.5],"rotation":180,"texture":"#all","cullface":"down"},"down":{"uv":[13,3,14,4],"texture":"#all","cullface":"down"}}},{"from":[11,-0.5,11],"to":[12,0,12],"light_emission":15,"faces":{"north":{"uv":[11,4,12,4.5],"texture":"#all","cullface":"down"},"west":{"uv":[11,4,11.5,5],"rotation":90,"texture":"#all","cullface":"down"},"down":{"uv":[11,4,12,5],"texture":"#all","cullface":"down"}}},{"from":[12,-0.5,10],"to":[14,0,11],"light_emission":15,"faces":{"north":{"uv":[12,5,14,5.5],"rotation":180,"texture":"#all","cullface":"down"},"east":{"uv":[13,5,13.5,6],"rotation":270,"texture":"#all","cullface":"down"},"west":{"uv":[12,5,12.5,6],"rotation":90,"texture":"#all","cullface":"down"},"down":{"uv":[12,5,14,6],"texture":"#all","cullface":"down"}}},{"from":[10,-0.5,12],"to":[11,0,13],"light_emission":15,"faces":{"north":{"uv":[10,3,11,3.5],"texture":"#all","cullface":"down"},"south":{"uv":[10,3,11,3.5],"rotation":180,"texture":"#all","cullface":"down"},"west":{"uv":[10,3,10.5,4],"rotation":90,"texture":"#all","cullface":"down"},"down":{"uv":[10,3,11,4],"texture":"#all","cullface":"down"}}},{"from":[11,-0.5,13],"to":[13,0,14],"light_emission":15,"faces":{"east":{"uv":[12,2,12.5,3],"rotation":270,"texture":"#all","cullface":"down"},"south":{"uv":[11,2,13,2.5],"texture":"#all","cullface":"down"},"west":{"uv":[11,2,11.5,3],"rotation":90,"texture":"#all","cullface":"down"},"down":{"uv":[11,2,13,3],"texture":"#all","cullface":"down"}}},{"from":[9,-0.7,5],"to":[12,0,6],"light_emission":15,"faces":{"east":{"uv":[11,10,11.5,11],"rotation":270,"texture":"#all","cullface":"down"},"south":{"uv":[9,10,12,10.5],"texture":"#all","cullface":"down"},"west":{"uv":[9,10,9.5,11],"rotation":90,"texture":"#all","cullface":"down"},"down":{"uv":[9,10,12,11],"texture":"#all","cullface":"down"}}},{"from":[9,-0.7,4],"to":[13,0,5],"light_emission":15,"faces":{"north":{"uv":[9,11,13,11.7],"rotation":180,"texture":"#all","cullface":"down"},"east":{"uv":[12,11,12.7,12],"rotation":270,"texture":"#all","cullface":"down"},"south":{"uv":[9,11,13,11.7],"texture":"#all","cullface":"down"},"west":{"uv":[9,11,9.7,12],"rotation":90,"texture":"#all","cullface":"down"},"down":{"uv":[9,11,13,12],"texture":"#all","cullface":"down"}}},{"from":[10,-0.7,3],"to":[13,0,4],"light_emission":15,"faces":{"north":{"uv":[10,12,13,12.5],"rotation":180,"texture":"#all","cullface":"down"},"east":{"uv":[12,12,12.5,13],"rotation":270,"texture":"#all","cullface":"down"},"west":{"uv":[10,13,10.5,14],"rotation":90,"texture":"#all","cullface":"down"},"down":{"uv":[10,12,13,13],"texture":"#all","cullface":"down"}}},{"from":[12,-0.5,5],"to":[13,0,6],"light_emission":15,"faces":{"east":{"uv":[12,10,12.5,11],"rotation":270,"texture":"#all","cullface":"down"},"south":{"uv":[12,10,13,10.5],"rotation":180,"texture":"#all","cullface":"down"},"down":{"uv":[12,10,13,11],"texture":"#all","cullface":"down"}}},{"from":[9,-0.5,3],"to":[10,0,4],"light_emission":15,"faces":{"north":{"uv":[9,12,10,12.5],"texture":"#all","cullface":"down"},"west":{"uv":[9,12,9.5,13],"rotation":90,"texture":"#all","cullface":"down"},"down":{"uv":[9,12,10,13],"texture":"#all","cullface":"down"}}},{"from":[8,-0.5,4],"to":[9,0,6],"light_emission":15,"faces":{"north":{"uv":[8,11,9,11.5],"texture":"#all","cullface":"down"},"south":{"uv":[8,10,9,10.5],"rotation":180,"texture":"#all","cullface":"down"},"west":{"uv":[8,10,8.5,12],"rotation":90,"texture":"#all","cullface":"down"},"down":{"uv":[8,10,9,12],"texture":"#all","cullface":"down"}}},{"from":[13,-0.5,3],"to":[14,0,5],"light_emission":15,"faces":{"north":{"uv":[13,12,14,12.5],"texture":"#all","cullface":"down"},"east":{"uv":[13,11,13.5,13],"rotation":270,"texture":"#all","cullface":"down"},"south":{"uv":[13,11,14,11.5],"rotation":180,"texture":"#all","cullface":"down"},"down":{"uv":[13,11,14,13],"texture":"#all","cullface":"down"}}},{"from":[10,-0.5,2],"to":[13,0,3],"light_emission":15,"faces":{"north":{"uv":[10,13,13,13.5],"rotation":180,"texture":"#all","cullface":"down"},"east":{"uv":[12,13,12.5,14],"rotation":270,"texture":"#all","cullface":"down"},"west":{"uv":[10,13,10.5,14],"rotation":90,"texture":"#all","cullface":"down"},"down":{"uv":[10,13,13,14],"texture":"#all","cullface":"down"}}},{"from":[3,3,-0.7],"to":[6,4,0],"light_emission":15,"faces":{"north":{"uv":[10,12,13,13],"texture":"#all","cullface":"north"},"east":{"uv":[10,13,10.5,14],"texture":"#all","cullface":"north"},"west":{"uv":[12,12,12.5,13],"texture":"#all","cullface":"north"},"down":{"uv":[10,12,13,12.5],"rotation":180,"texture":"#all","cullface":"north"}}},{"from":[4,5,-0.7],"to":[7,6,0],"light_emission":15,"faces":{"north":{"uv":[9,10,12,11],"texture":"#all","cullface":"north"},"east":{"uv":[9,10,9.5,11],"texture":"#all","cullface":"north"},"west":{"uv":[11,10,11.5,11],"texture":"#all","cullface":"north"},"up":{"uv":[9,10,12,10.5],"rotation":180,"texture":"#all","cullface":"north"}}},{"from":[10,8,-0.7],"to":[13,9,0],"light_emission":15,"faces":{"north":{"uv":[3,7,6,8],"texture":"#all","cullface":"north"},"east":{"uv":[3,7,3.5,8],"texture":"#all","cullface":"north"},"west":{"uv":[5,7,5.5,8],"texture":"#all","cullface":"north"},"up":{"uv":[3,7,6,7.5],"rotation":180,"texture":"#all","cullface":"north"},"down":{"uv":[3,7,6,7.5],"rotation":180,"texture":"#all","cullface":"north"}}},{"from":[8,11,-0.7],"to":[11,12,0],"light_emission":15,"faces":{"north":{"uv":[5,4,8,5],"texture":"#all","cullface":"north"},"east":{"uv":[5,4,5.5,5],"texture":"#all","cullface":"north"},"west":{"uv":[7,4,7.5,5],"texture":"#all","cullface":"north"},"up":{"uv":[5,4,8,4.5],"rotation":180,"texture":"#all","cullface":"north"},"down":{"uv":[5,4,8,4.5],"rotation":180,"texture":"#all","cullface":"north"}}},{"from":[3,12,-0.7],"to":[5,13,0],"light_emission":15,"faces":{"north":{"uv":[11,3,13,4],"texture":"#all","cullface":"north"},"east":{"uv":[11,3,11.5,4],"texture":"#all","cullface":"north"},"west":{"uv":[12,3,12.5,4],"texture":"#all","cullface":"north"},"up":{"uv":[11,3,13,3.5],"rotation":180,"texture":"#all","cullface":"north"},"down":{"uv":[11,3,13,3.5],"rotation":180,"texture":"#all","cullface":"north"}}},{"from":[11,9,-0.7],"to":[13,10,0],"light_emission":15,"faces":{"north":{"uv":[3,6,5,7],"texture":"#all","cullface":"north"},"east":{"uv":[3,6,3.5,7],"texture":"#all","cullface":"north"},"west":{"uv":[4,6,4.5,7],"texture":"#all","cullface":"north"},"up":{"uv":[3,6,5,6.5],"rotation":180,"texture":"#all","cullface":"north"}}},{"from":[2,11,-0.7],"to":[4,12,0],"light_emission":15,"faces":{"north":{"uv":[12,4,14,5],"texture":"#all","cullface":"north"},"east":{"uv":[12,4,12.5,5],"texture":"#all","cullface":"north"},"west":{"uv":[13,4,13.5,5],"texture":"#all","cullface":"north"},"up":{"uv":[12,4,14,4.5],"rotation":180,"texture":"#all","cullface":"north"},"down":{"uv":[12,4,14,4.5],"rotation":180,"texture":"#all","cullface":"north"}}},{"from":[3,4,-0.7],"to":[7,5,0],"light_emission":15,"faces":{"north":{"uv":[9,11,13,12],"texture":"#all","cullface":"north"},"east":{"uv":[9,11,9.7,12],"texture":"#all","cullface":"north"},"west":{"uv":[12,11,12.7,12],"texture":"#all","cullface":"north"},"up":{"uv":[9,11,13,11.7],"rotation":180,"texture":"#all","cullface":"north"},"down":{"uv":[9,11,13,11.7],"rotation":180,"texture":"#all","cullface":"north"}}},{"from":[2,3,-0.5],"to":[3,5,0],"light_emission":15,"faces":{"north":{"uv":[13,11,14,13],"texture":"#all","cullface":"north"},"west":{"uv":[13,11,13.5,13],"texture":"#all","cullface":"north"},"up":{"uv":[13,11,14,11.5],"texture":"#all","cullface":"north"},"down":{"uv":[13,12,14,12.5],"texture":"#all","cullface":"north"}}},{"from":[7,4,-0.5],"to":[8,6,0],"light_emission":15,"faces":{"north":{"uv":[8,10,9,12],"texture":"#all","cullface":"north"},"east":{"uv":[8,10,8.5,12],"texture":"#all","cullface":"north"},"up":{"uv":[8,10,9,10.5],"texture":"#all","cullface":"north"},"down":{"uv":[8,11,9,11.5],"texture":"#all","cullface":"north"}}},{"from":[10,3,-0.5],"to":[11,5,0],"light_emission":15,"faces":{"north":{"uv":[5,11,6,13],"texture":"#all","cullface":"north"},"west":{"uv":[5,11,5.5,13],"texture":"#all","cullface":"north"},"up":{"uv":[5,11,6,11.5],"texture":"#all","cullface":"north"},"down":{"uv":[5,12,6,12.5],"texture":"#all","cullface":"north"}}},{"from":[13,8,-0.5],"to":[14,10,0],"light_emission":15,"faces":{"north":{"uv":[2,6,3,8],"texture":"#all","cullface":"north"},"east":{"uv":[2,6,2.5,8],"texture":"#all","cullface":"north"},"up":{"uv":[2,6,3,6.5],"texture":"#all","cullface":"north"},"down":{"uv":[2,7,3,7.5],"texture":"#all","cullface":"north"}}},{"from":[11,3,-0.7],"to":[12,5,0],"light_emission":15,"faces":{"north":{"uv":[4,11,5,13],"texture":"#all","cullface":"north"},"east":{"uv":[4,11,4.5,13],"texture":"#all","cullface":"north"},"west":{"uv":[4,11,4.5,13],"texture":"#all","cullface":"north"},"up":{"uv":[4,11,5,11.5],"texture":"#all","cullface":"north"},"down":{"uv":[4,12,5,12.5],"texture":"#all","cullface":"north"}}},{"from":[12,2,-0.7],"to":[13,4,0],"light_emission":15,"faces":{"north":{"uv":[3,12,4,14],"texture":"#all","cullface":"north"},"east":{"uv":[3,12,3.5,14],"texture":"#all","cullface":"north"},"west":{"uv":[3,12,3.5,14],"texture":"#all","cullface":"north"},"up":{"uv":[3,12,4,12.5],"texture":"#all","cullface":"north"},"down":{"uv":[3,13,4,13.5],"texture":"#all","cullface":"north"}}},{"from":[13,2,-0.7],"to":[14,3,0],"light_emission":15,"faces":{"north":{"uv":[2,13,3,14],"texture":"#all","cullface":"north"},"east":{"uv":[2,13,2.7,14],"texture":"#all","cullface":"north"},"up":{"uv":[2,13,3,13.7],"texture":"#all","cullface":"north"},"down":{"uv":[2,13,3,13.7],"texture":"#all","cullface":"north"}}},{"from":[6,3,-0.5],"to":[7,4,0],"light_emission":15,"faces":{"north":{"uv":[9,12,10,13],"texture":"#all","cullface":"north"},"east":{"uv":[9,12,9.5,13],"texture":"#all","cullface":"north"},"down":{"uv":[9,12,10,12.5],"texture":"#all","cullface":"north"}}},{"from":[3,5,-0.5],"to":[4,6,0],"light_emission":15,"faces":{"north":{"uv":[12,10,13,11],"texture":"#all","cullface":"north"},"west":{"uv":[12,10,12.5,11],"texture":"#all","cullface":"north"},"up":{"uv":[12,10,13,10.5],"texture":"#all","cullface":"north"}}},{"from":[4,6,-0.5],"to":[7,7,0],"light_emission":15,"faces":{"north":{"uv":[9,9,12,10],"texture":"#all","cullface":"north"},"east":{"uv":[9,9,9.5,10],"texture":"#all","cullface":"north"},"west":{"uv":[11,9,11.5,10],"texture":"#all","cullface":"north"},"up":{"uv":[9,9,12,9.5],"rotation":180,"texture":"#all","cullface":"north"}}},{"from":[9,7,-0.5],"to":[13,8,0],"light_emission":15,"faces":{"north":{"uv":[3,8,7,9],"texture":"#all","cullface":"north"},"east":{"uv":[3,8,3.7,9],"texture":"#all","cullface":"north"},"west":{"uv":[6,8,6.7,9],"texture":"#all","cullface":"north"},"down":{"uv":[3,8,7,8.7],"rotation":180,"texture":"#all","cullface":"north"}}},{"from":[8,12,-0.5],"to":[11,13,0],"light_emission":15,"faces":{"north":{"uv":[5,3,8,4],"texture":"#all","cullface":"north"},"east":{"uv":[5,3,5.5,4],"texture":"#all","cullface":"north"},"west":{"uv":[7,3,7.5,4],"texture":"#all","cullface":"north"},"up":{"uv":[5,3,8,3.5],"rotation":180,"texture":"#all","cullface":"north"}}},{"from":[5,12,-0.5],"to":[6,13,0],"light_emission":15,"faces":{"north":{"uv":[10,3,11,4],"texture":"#all","cullface":"north"},"east":{"uv":[10,3,10.5,4],"texture":"#all","cullface":"north"},"up":{"uv":[10,3,11,3.5],"texture":"#all","cullface":"north"},"down":{"uv":[10,3,11,3.5],"texture":"#all","cullface":"north"}}},{"from":[9,8,-0.5],"to":[10,9,0],"light_emission":15,"faces":{"north":{"uv":[6,7,7,8],"texture":"#all","cullface":"north"},"west":{"uv":[6,7,6.5,8],"texture":"#all","cullface":"north"},"up":{"uv":[6,7,7,7.5],"texture":"#all","cullface":"north"}}},{"from":[10,9,-0.5],"to":[11,10,0],"light_emission":15,"faces":{"north":{"uv":[5,6,6,7],"texture":"#all","cullface":"north"},"west":{"uv":[5,6,5.5,7],"texture":"#all","cullface":"north"},"up":{"uv":[5,6,6,6.5],"texture":"#all","cullface":"north"}}},{"from":[14,2,-0.5],"to":[15,3,0],"light_emission":15,"faces":{"north":{"uv":[1,13,2,14],"texture":"#all","cullface":"north"},"east":{"uv":[1,13,1.5,14],"texture":"#all","cullface":"north"},"up":{"uv":[1,13,2,13.5],"texture":"#all","cullface":"north"},"down":{"uv":[1,13,2,13.5],"texture":"#all","cullface":"north"}}},{"from":[11,2,-0.5],"to":[12,3,0],"light_emission":15,"faces":{"north":{"uv":[4,13,5,14],"texture":"#all","cullface":"north"},"west":{"uv":[4,13,4.5,14],"texture":"#all","cullface":"north"},"down":{"uv":[4,13,5,13.5],"texture":"#all","cullface":"north"}}},{"from":[11,5,-0.5],"to":[12,6,0],"light_emission":15,"faces":{"north":{"uv":[4,10,5,11],"texture":"#all","cullface":"north"},"east":{"uv":[4,10,4.5,11],"texture":"#all","cullface":"north"},"west":{"uv":[4,10,4.5,11],"texture":"#all","cullface":"north"},"up":{"uv":[4,10,5,10.5],"texture":"#all","cullface":"north"}}},{"from":[12,4,-0.5],"to":[13,5,0],"light_emission":15,"faces":{"north":{"uv":[3,11,4,12],"texture":"#all","cullface":"north"},"east":{"uv":[3,11,3.5,12],"texture":"#all","cullface":"north"},"up":{"uv":[3,11,4,11.5],"texture":"#all","cullface":"north"}}},{"from":[13,3,-0.5],"to":[14,4,0],"light_emission":15,"faces":{"north":{"uv":[2,12,3,13],"texture":"#all","cullface":"north"},"east":{"uv":[2,12,2.5,13],"texture":"#all","cullface":"north"},"up":{"uv":[2,12,3,12.5],"texture":"#all","cullface":"north"}}},{"from":[1,11,-0.5],"to":[2,12,0],"light_emission":15,"faces":{"north":{"uv":[14,4,15,5],"texture":"#all","cullface":"north"},"west":{"uv":[14,4,14.5,5],"texture":"#all","cullface":"north"},"up":{"uv":[14,4,15,4.5],"texture":"#all","cullface":"north"},"down":{"uv":[14,4,15,4.5],"texture":"#all","cullface":"north"}}},{"from":[2,12,-0.5],"to":[3,13,0],"light_emission":15,"faces":{"north":{"uv":[13,3,14,4],"texture":"#all","cullface":"north"},"west":{"uv":[13,3,13.5,4],"texture":"#all","cullface":"north"},"up":{"uv":[13,3,14,3.5],"texture":"#all","cullface":"north"}}},{"from":[4,11,-0.5],"to":[5,12,0],"light_emission":15,"faces":{"north":{"uv":[11,4,12,5],"texture":"#all","cullface":"north"},"east":{"uv":[11,4,11.5,5],"texture":"#all","cullface":"north"},"down":{"uv":[11,4,12,4.5],"texture":"#all","cullface":"north"}}},{"from":[3,13,-0.5],"to":[5,14,0],"light_emission":15,"faces":{"north":{"uv":[11,2,13,3],"texture":"#all","cullface":"north"},"east":{"uv":[11,2,11.5,3],"texture":"#all","cullface":"north"},"west":{"uv":[12,2,12.5,3],"texture":"#all","cullface":"north"},"up":{"uv":[11,2,13,2.5],"rotation":180,"texture":"#all","cullface":"north"}}},{"from":[12,1,-0.5],"to":[14,2,0],"light_emission":15,"faces":{"north":{"uv":[2,14,4,15],"texture":"#all","cullface":"north"},"east":{"uv":[2,14,2.5,15],"texture":"#all","cullface":"north"},"west":{"uv":[3,14,3.5,15],"texture":"#all","cullface":"north"},"down":{"uv":[2,14,4,14.5],"rotation":180,"texture":"#all","cullface":"north"}}},{"from":[11,10,-0.5],"to":[13,11,0],"light_emission":15,"faces":{"north":{"uv":[3,5,5,6],"texture":"#all","cullface":"north"},"east":{"uv":[3,5,3.5,6],"texture":"#all","cullface":"north"},"west":{"uv":[4,5,4.5,6],"texture":"#all","cullface":"north"},"up":{"uv":[3,5,5,5.5],"rotation":180,"texture":"#all","cullface":"north"}}},{"from":[2,10,-0.5],"to":[4,11,0],"light_emission":15,"faces":{"north":{"uv":[12,5,14,6],"texture":"#all","cullface":"north"},"east":{"uv":[12,5,12.5,6],"texture":"#all","cullface":"north"},"west":{"uv":[13,5,13.5,6],"texture":"#all","cullface":"north"},"down":{"uv":[12,5,14,5.5],"rotation":180,"texture":"#all","cullface":"north"}}},{"from":[7,11,-0.5],"to":[8,12,0],"light_emission":15,"faces":{"north":{"uv":[8,4,9,5],"texture":"#all","cullface":"north"},"west":{"uv":[8,4,8.5,5],"texture":"#all","cullface":"north"},"up":{"uv":[8,4,9,4.5],"texture":"#all","cullface":"north"}}},{"from":[7,10,-0.5],"to":[9,11,0],"light_emission":15,"faces":{"north":{"uv":[7,5,9,6],"texture":"#all","cullface":"north"},"east":{"uv":[7,5,7.5,6],"texture":"#all","cullface":"north"},"west":{"uv":[8,5,8.5,6],"texture":"#all","cullface":"north"},"down":{"uv":[7,5,9,5.5],"rotation":180,"texture":"#all","cullface":"north"}}}]}