{"credit":"Created by Marceus","format_version":"1.21.6","parent":"block/cube_all","textures":{"particle":"block/deepslate_copper_ore3"},"elements":[{"from":[0,0,0],"to":[16,16,16],"faces":{"north":{"uv":[0,0,16,16],"texture":"#particle","cullface":"north"},"east":{"uv":[0,0,16,16],"texture":"#particle","cullface":"east"},"south":{"uv":[0,0,16,16],"texture":"#particle","cullface":"south"},"west":{"uv":[0,0,16,16],"texture":"#particle","cullface":"west"},"up":{"uv":[0,0,16,16],"texture":"#particle","cullface":"up"},"down":{"uv":[0,0,16,16],"texture":"#particle","cullface":"down"}}},{"from":[12,12,-0.5],"to":[13,14,0],"light_emission":15,"faces":{"north":{"uv":[3,2,4,4],"texture":"#particle","cullface":"north"},"east":{"uv":[3,2,3.5,4],"texture":"#particle","cullface":"north"},"up":{"uv":[3,2,4,2.5],"texture":"#particle","cullface":"north"},"down":{"uv":[3,3,4,3.5],"texture":"#particle","cullface":"north"}}},{"from":[12,6,-0.5],"to":[13,8,0],"light_emission":15,"faces":{"north":{"uv":[3,8,3.5,10],"texture":"#particle","cullface":"north"},"west":{"uv":[3,8,3.5,10],"texture":"#particle","cullface":"north"},"up":{"uv":[3,8,4,8.5],"texture":"#particle","cullface":"north"},"down":{"uv":[3,9,4,9.5],"texture":"#particle","cullface":"north"}}},{"from":[10,2,-0.5],"to":[11,4,0],"light_emission":15,"faces":{"north":{"uv":[5,12,6,14],"texture":"#particle","cullface":"north"},"east":{"uv":[5,12,5.5,14],"texture":"#particle","cullface":"north"},"up":{"uv":[5,12,6,12.5],"texture":"#particle","cullface":"north"}}},{"from":[8,2,-0.7],"to":[10,4,0],"light_emission":15,"faces":{"north":{"uv":[6,12,8,14],"texture":"#particle","cullface":"north"},"east":{"uv":[6,12,6.7,14],"texture":"#particle","cullface":"north"},"west":{"uv":[7,12,7.7,14],"texture":"#particle","cullface":"north"},"up":{"uv":[6,12,8,12.7],"rotation":180,"texture":"#particle","cullface":"north"},"down":{"uv":[6,13,8,13.7],"rotation":180,"texture":"#particle","cullface":"north"}}},{"from":[4,5,-0.7],"to":[6,7,0],"light_emission":15,"faces":{"north":{"uv":[10,9,12,11],"texture":"#particle","cullface":"north"},"east":{"uv":[10,9,10.7,11],"texture":"#particle","cullface":"north"},"west":{"uv":[11,9,11.7,11],"texture":"#particle","cullface":"north"},"up":{"uv":[10,9,12,9.7],"rotation":180,"texture":"#particle","cullface":"north"},"down":{"uv":[10,10,12,10.7],"rotation":180,"texture":"#particle","cullface":"north"}}},{"from":[13,6,-0.7],"to":[14,8,0],"light_emission":15,"faces":{"north":{"uv":[2,8,3,10],"texture":"#particle","cullface":"north"},"east":{"uv":[2,8,2.5,10],"texture":"#particle","cullface":"north"},"west":{"uv":[2,8,2.5,10],"texture":"#particle","cullface":"north"},"up":{"uv":[2,8,3,8.5],"texture":"#particle","cullface":"north"},"down":{"uv":[2,9,3,9.5],"texture":"#particle","cullface":"north"}}},{"from":[13,8,-0.5],"to":[14,9,0],"light_emission":15,"faces":{"north":{"uv":[2,7,3,8],"texture":"#particle","cullface":"north"},"east":{"uv":[2,7,2.5,8],"texture":"#particle","cullface":"north"},"west":{"uv":[2,7,2.5,8],"texture":"#particle","cullface":"north"},"up":{"uv":[2,7,3,7.5],"texture":"#particle","cullface":"north"}}},{"from":[14,7,-0.5],"to":[15,8,0],"light_emission":15,"faces":{"north":{"uv":[1,8,2,9],"texture":"#particle","cullface":"north"},"east":{"uv":[1,8,1.5,9],"texture":"#particle","cullface":"north"},"up":{"uv":[1,8,2,8.5],"texture":"#particle","cullface":"north"},"down":{"uv":[1,8,2,8.5],"texture":"#particle","cullface":"north"}}},{"from":[6,6,-0.5],"to":[7,7,0],"light_emission":15,"faces":{"north":{"uv":[9,9,10,10],"texture":"#particle","cullface":"north"},"east":{"uv":[9,9,9.5,10],"texture":"#particle","cullface":"north"},"up":{"uv":[9,9,10,9.5],"texture":"#particle","cullface":"north"},"down":{"uv":[9,9,10,9.5],"texture":"#particle","cullface":"north"}}},{"from":[8,4,-0.5],"to":[10,5,0],"light_emission":15,"faces":{"north":{"uv":[6,11,8,12],"texture":"#particle","cullface":"north"},"east":{"uv":[6,11,6.5,12],"texture":"#particle","cullface":"north"},"west":{"uv":[7,11,7.5,12],"texture":"#particle","cullface":"north"},"up":{"uv":[6,11,8,11.5],"rotation":180,"texture":"#particle","cullface":"north"}}},{"from":[6,3,-0.5],"to":[8,4,0],"light_emission":15,"faces":{"north":{"uv":[8,12,10,13],"texture":"#particle","cullface":"north"},"west":{"uv":[9,12,9.5,13],"texture":"#particle","cullface":"north"},"up":{"uv":[8,12,10,12.5],"rotation":180,"texture":"#particle","cullface":"north"},"down":{"uv":[8,12,10,12.5],"rotation":180,"texture":"#particle","cullface":"north"}}},{"from":[10,1,-0.5],"to":[12,2,0],"light_emission":15,"faces":{"north":{"uv":[4,14,6,15],"texture":"#particle","cullface":"north"},"east":{"uv":[4,14,4.5,15],"texture":"#particle","cullface":"north"},"west":{"uv":[5,14,5.5,15],"texture":"#particle","cullface":"north"},"up":{"uv":[4,14,6,14.5],"rotation":180,"texture":"#particle","cullface":"north"},"down":{"uv":[4,14,6,14.5],"rotation":180,"texture":"#particle","cullface":"north"}}},{"from":[8,9,-0.5],"to":[10,10,0],"light_emission":15,"faces":{"north":{"uv":[6,6,8,7],"texture":"#particle","cullface":"north"},"east":{"uv":[6,6,6.5,7],"texture":"#particle","cullface":"north"},"west":{"uv":[7,6,7.5,7],"texture":"#particle","cullface":"north"},"up":{"uv":[6,6,8,6.5],"rotation":180,"texture":"#particle","cullface":"north"},"down":{"uv":[6,6,8,6.5],"rotation":180,"texture":"#particle","cullface":"north"}}},{"from":[5,7,-0.5],"to":[6,8,0],"light_emission":15,"faces":{"north":{"uv":[10,8,11,9],"texture":"#particle","cullface":"north"},"east":{"uv":[10,8,10.5,9],"texture":"#particle","cullface":"north"},"west":{"uv":[10,8,10.5,9],"texture":"#particle","cullface":"north"},"up":{"uv":[10,8,11,8.5],"texture":"#particle","cullface":"north"}}},{"from":[3,6,-0.5],"to":[4,7,0],"light_emission":15,"faces":{"north":{"uv":[12,9,13,10],"texture":"#particle","cullface":"north"},"west":{"uv":[12,9,12.5,10],"texture":"#particle","cullface":"north"},"up":{"uv":[12,9,13,9.5],"texture":"#particle","cullface":"north"}}},{"from":[3,4,-0.5],"to":[4,5,0],"light_emission":15,"faces":{"north":{"uv":[12,11,13,12],"texture":"#particle","cullface":"north"},"east":{"uv":[12,11,12.5,12],"texture":"#particle","cullface":"north"},"west":{"uv":[12,11,12.5,12],"texture":"#particle","cullface":"north"},"down":{"uv":[12,11,13,11.5],"texture":"#particle","cullface":"north"}}},{"from":[9,10,-0.5],"to":[10,11,0],"light_emission":15,"faces":{"north":{"uv":[6,5,7,6],"texture":"#particle","cullface":"north"},"west":{"uv":[6,5,6.5,6],"texture":"#particle","cullface":"north"},"up":{"uv":[6,5,7,5.5],"texture":"#particle","cullface":"north"}}},{"from":[1,11,-0.5],"to":[2,12,0],"light_emission":15,"faces":{"north":{"uv":[14,4,15,5],"texture":"#particle","cullface":"north"},"west":{"uv":[14,4,14.5,5],"texture":"#particle","cullface":"north"},"up":{"uv":[14,4,15,4.5],"texture":"#particle","cullface":"north"},"down":{"uv":[14,4,15,4.5],"texture":"#particle","cullface":"north"}}},{"from":[11,14,-0.5],"to":[12,15,0],"light_emission":15,"faces":{"north":{"uv":[4,1,5,2],"texture":"#particle","cullface":"north"},"east":{"uv":[4,1,4.5,2],"texture":"#particle","cullface":"north"},"west":{"uv":[4,1,4.5,2],"texture":"#particle","cullface":"north"},"up":{"uv":[4,1,5,1.5],"texture":"#particle","cullface":"north"}}},{"from":[4,12,-0.5],"to":[5,13,0],"light_emission":15,"faces":{"north":{"uv":[11,3,12,4],"texture":"#particle","cullface":"north"},"east":{"uv":[11,3,11.5,4],"texture":"#particle","cullface":"north"},"up":{"uv":[11,3,12,3.5],"texture":"#particle","cullface":"north"},"down":{"uv":[11,3,12,3.5],"texture":"#particle","cullface":"north"}}},{"from":[3,13,-0.5],"to":[4,14,0],"light_emission":15,"faces":{"north":{"uv":[12,2,13,3],"texture":"#particle","cullface":"north"},"east":{"uv":[12,2,12.5,3],"texture":"#particle","cullface":"north"},"west":{"uv":[12,2,12.5,3],"texture":"#particle","cullface":"north"},"up":{"uv":[12,2,13,2.5],"texture":"#particle","cullface":"north"}}},{"from":[3,11,-0.5],"to":[4,12,0],"light_emission":15,"faces":{"north":{"uv":[12,4,13,5],"texture":"#particle","cullface":"north"},"east":{"uv":[12,4,12.5,5],"texture":"#particle","cullface":"north"},"down":{"uv":[12,4,13,4.5],"texture":"#particle","cullface":"north"}}},{"from":[10,10,-0.7],"to":[12,13,0],"light_emission":15,"faces":{"north":{"uv":[4,3,6,6],"texture":"#particle","cullface":"north"},"east":{"uv":[4,3,4.7,6],"texture":"#particle","cullface":"north"},"west":{"uv":[5,3,5.7,6],"texture":"#particle","cullface":"north"},"up":{"uv":[4,3,6,3.7],"rotation":180,"texture":"#particle","cullface":"north"},"down":{"uv":[4,5,6,5.7],"rotation":180,"texture":"#particle","cullface":"north"}}},{"from":[11,13,-0.7],"to":[12,14,0],"light_emission":15,"faces":{"north":{"uv":[4,2,5,3],"texture":"#particle","cullface":"north"},"east":{"uv":[4,2,4.5,3],"texture":"#particle","cullface":"north"},"west":{"uv":[4,2,4.5,3],"texture":"#particle","cullface":"north"},"up":{"uv":[4,2,5,2.5],"texture":"#particle","cullface":"north"}}},{"from":[2,12,-0.5],"to":[3,13,0],"light_emission":15,"faces":{"north":{"uv":[13,3,14,4],"texture":"#particle","cullface":"north"},"west":{"uv":[13,3,13.5,4],"texture":"#particle","cullface":"north"},"up":{"uv":[13,3,14,3.5],"texture":"#particle","cullface":"north"}}},{"from":[2,11,-0.7],"to":[3,12,0],"light_emission":15,"faces":{"north":{"uv":[13,4,14,5],"texture":"#particle","cullface":"north"},"east":{"uv":[13,4,13.5,5],"texture":"#particle","cullface":"north"},"west":{"uv":[13,4,13.5,5],"texture":"#particle","cullface":"north"},"up":{"uv":[13,4,14,4.5],"texture":"#particle","cullface":"north"},"down":{"uv":[13,4,14,4.5],"texture":"#particle","cullface":"north"}}},{"from":[-0.5,12,13],"to":[0,13,14],"light_emission":15,"faces":{"south":{"uv":[13,3,13.5,4],"texture":"#particle","cullface":"west"},"west":{"uv":[13,3,14,4],"texture":"#particle","cullface":"west"},"up":{"uv":[13,3,14,3.5],"rotation":270,"texture":"#particle","cullface":"west"}}},{"from":[-0.5,6,3],"to":[0,8,4],"light_emission":15,"faces":{"south":{"uv":[3,8,3.5,10],"texture":"#particle","cullface":"west"},"west":{"uv":[3,8,3.5,10],"texture":"#particle","cullface":"west"},"up":{"uv":[3,8,4,8.5],"rotation":270,"texture":"#particle","cullface":"west"},"down":{"uv":[3,9,4,9.5],"rotation":90,"texture":"#particle","cullface":"west"}}},{"from":[-0.5,9,6],"to":[0,10,8],"light_emission":15,"faces":{"north":{"uv":[6,6,6.5,7],"texture":"#particle","cullface":"west"},"south":{"uv":[7,6,7.5,7],"texture":"#particle","cullface":"west"},"west":{"uv":[6,6,8,7],"texture":"#particle","cullface":"west"},"up":{"uv":[6,6,8,6.5],"rotation":90,"texture":"#particle","cullface":"west"},"down":{"uv":[6,6,8,6.5],"rotation":270,"texture":"#particle","cullface":"west"}}},{"from":[-0.5,11,14],"to":[0,12,15],"light_emission":15,"faces":{"south":{"uv":[14,4,14.5,5],"texture":"#particle","cullface":"west"},"west":{"uv":[14,4,15,5],"texture":"#particle","cullface":"west"},"up":{"uv":[14,4,15,4.5],"rotation":270,"texture":"#particle","cullface":"west"},"down":{"uv":[14,4,15,4.5],"rotation":90,"texture":"#particle","cullface":"west"}}},{"from":[-0.5,14,4],"to":[0,15,5],"light_emission":15,"faces":{"north":{"uv":[4,1,4.5,2],"texture":"#particle","cullface":"west"},"south":{"uv":[4,1,4.5,2],"texture":"#particle","cullface":"west"},"west":{"uv":[4,1,5,2],"texture":"#particle","cullface":"west"},"up":{"uv":[4,1,5,1.5],"rotation":270,"texture":"#particle","cullface":"west"}}},{"from":[-0.7,10,4],"to":[0,13,6],"light_emission":15,"faces":{"north":{"uv":[4,3,4.7,6],"texture":"#particle","cullface":"west"},"south":{"uv":[5,3,5.7,6],"texture":"#particle","cullface":"west"},"west":{"uv":[4,3,6,6],"texture":"#particle","cullface":"west"},"up":{"uv":[4,3,6,3.7],"rotation":90,"texture":"#particle","cullface":"west"},"down":{"uv":[4,5,6,5.7],"rotation":270,"texture":"#particle","cullface":"west"}}},{"from":[-0.5,11,12],"to":[0,12,13],"light_emission":15,"faces":{"north":{"uv":[12,4,12.5,5],"texture":"#particle","cullface":"west"},"west":{"uv":[12,4,13,5],"texture":"#particle","cullface":"west"},"down":{"uv":[12,4,13,4.5],"rotation":90,"texture":"#particle","cullface":"west"}}},{"from":[-0.5,13,12],"to":[0,14,13],"light_emission":15,"faces":{"north":{"uv":[12,2,12.5,3],"texture":"#particle","cullface":"west"},"south":{"uv":[12,2,12.5,3],"texture":"#particle","cullface":"west"},"west":{"uv":[12,2,13,3],"texture":"#particle","cullface":"west"},"up":{"uv":[12,2,13,2.5],"rotation":270,"texture":"#particle","cullface":"west"}}},{"from":[-0.5,12,11],"to":[0,13,12],"light_emission":15,"faces":{"north":{"uv":[11,3,11.5,4],"texture":"#particle","cullface":"west"},"west":{"uv":[11,3,12,4],"texture":"#particle","cullface":"west"},"up":{"uv":[11,3,12,3.5],"rotation":270,"texture":"#particle","cullface":"west"},"down":{"uv":[11,3,12,3.5],"rotation":90,"texture":"#particle","cullface":"west"}}},{"from":[-0.7,12,12],"to":[0,13,13],"light_emission":15,"faces":{"north":{"uv":[12,3,12.5,4],"texture":"#particle","cullface":"west"},"south":{"uv":[12,3,12.5,4],"texture":"#particle","cullface":"west"},"west":{"uv":[12,3,13,4],"texture":"#particle","cullface":"west"},"up":{"uv":[12,3,13,3.5],"rotation":270,"texture":"#particle","cullface":"west"},"down":{"uv":[12,3,13,3.5],"rotation":90,"texture":"#particle","cullface":"west"}}},{"from":[-0.5,10,6],"to":[0,11,7],"light_emission":15,"faces":{"south":{"uv":[6,5,6.5,6],"texture":"#particle","cullface":"west"},"west":{"uv":[6,5,7,6],"texture":"#particle","cullface":"west"},"up":{"uv":[6,5,7,5.5],"rotation":270,"texture":"#particle","cullface":"west"}}},{"from":[-0.7,13,4],"to":[0,14,5],"light_emission":15,"faces":{"north":{"uv":[4,2,4.5,3],"texture":"#particle","cullface":"west"},"south":{"uv":[4,2,4.5,3],"texture":"#particle","cullface":"west"},"west":{"uv":[4,2,5,3],"texture":"#particle","cullface":"west"},"up":{"uv":[4,2,5,2.5],"rotation":270,"texture":"#particle","cullface":"west"}}},{"from":[-0.5,10,13],"to":[0,11,14],"light_emission":15,"faces":{"north":{"uv":[13,5,13.5,6],"texture":"#particle","cullface":"west"},"south":{"uv":[13,5,13.5,6],"texture":"#particle","cullface":"west"},"west":{"uv":[13,5,14,6],"texture":"#particle","cullface":"west"},"down":{"uv":[13,5,14,5.5],"rotation":90,"texture":"#particle","cullface":"west"}}},{"from":[-0.7,5,12],"to":[0,6,13],"light_emission":15,"faces":{"south":{"uv":[12,10,12.5,11],"texture":"#particle","cullface":"west"},"west":{"uv":[12,10,13,11],"texture":"#particle","cullface":"west"},"up":{"uv":[12,10,13,10.5],"rotation":270,"texture":"#particle","cullface":"west"},"down":{"uv":[12,10,13,10.5],"rotation":90,"texture":"#particle","cullface":"west"}}},{"from":[-0.5,5,13],"to":[0,6,14],"light_emission":15,"faces":{"south":{"uv":[13,10,13.5,11],"texture":"#particle","cullface":"west"},"west":{"uv":[13,10,14,11],"texture":"#particle","cullface":"west"},"up":{"uv":[13,10,14,10.5],"rotation":270,"texture":"#particle","cullface":"west"},"down":{"uv":[13,10,14,10.5],"rotation":90,"texture":"#particle","cullface":"west"}}},{"from":[-0.5,4,12],"to":[0,5,13],"light_emission":15,"faces":{"north":{"uv":[12,11,12.5,12],"texture":"#particle","cullface":"west"},"south":{"uv":[12,11,12.5,12],"texture":"#particle","cullface":"west"},"west":{"uv":[12,11,13,12],"texture":"#particle","cullface":"west"},"down":{"uv":[12,11,13,11.5],"rotation":90,"texture":"#particle","cullface":"west"}}},{"from":[-0.5,6,12],"to":[0,7,13],"light_emission":15,"faces":{"south":{"uv":[12,9,12.5,10],"texture":"#particle","cullface":"west"},"west":{"uv":[12,9,13,10],"texture":"#particle","cullface":"west"},"up":{"uv":[12,9,13,9.5],"rotation":270,"texture":"#particle","cullface":"west"}}},{"from":[-0.5,7,10],"to":[0,8,11],"light_emission":15,"faces":{"north":{"uv":[10,8,10.5,9],"texture":"#particle","cullface":"west"},"south":{"uv":[10,8,10.5,9],"texture":"#particle","cullface":"west"},"west":{"uv":[10,8,11,9],"texture":"#particle","cullface":"west"},"up":{"uv":[10,8,11,8.5],"rotation":270,"texture":"#particle","cullface":"west"}}},{"from":[-0.5,6,9],"to":[0,7,10],"light_emission":15,"faces":{"north":{"uv":[9,9,9.5,10],"texture":"#particle","cullface":"west"},"west":{"uv":[9,9,10,10],"texture":"#particle","cullface":"west"},"up":{"uv":[9,9,10,9.5],"rotation":270,"texture":"#particle","cullface":"west"},"down":{"uv":[9,9,10,9.5],"rotation":90,"texture":"#particle","cullface":"west"}}},{"from":[-0.7,5,10],"to":[0,7,12],"light_emission":15,"faces":{"north":{"uv":[10,9,10.7,11],"texture":"#particle","cullface":"west"},"south":{"uv":[11,9,11.7,11],"texture":"#particle","cullface":"west"},"west":{"uv":[10,9,12,11],"texture":"#particle","cullface":"west"},"up":{"uv":[10,9,12,9.7],"rotation":90,"texture":"#particle","cullface":"west"},"down":{"uv":[10,10,12,10.7],"rotation":270,"texture":"#particle","cullface":"west"}}},{"from":[-0.7,2,6],"to":[0,4,8],"light_emission":15,"faces":{"north":{"uv":[6,12,6.7,14],"texture":"#particle","cullface":"west"},"south":{"uv":[7,12,7.7,14],"texture":"#particle","cullface":"west"},"west":{"uv":[6,12,8,14],"texture":"#particle","cullface":"west"},"up":{"uv":[6,12,8,12.7],"rotation":90,"texture":"#particle","cullface":"west"},"down":{"uv":[6,13,8,13.7],"rotation":270,"texture":"#particle","cullface":"west"}}},{"from":[-0.5,2,5],"to":[0,4,6],"light_emission":15,"faces":{"north":{"uv":[5,12,5.5,14],"texture":"#particle","cullface":"west"},"west":{"uv":[5,12,6,14],"texture":"#particle","cullface":"west"},"up":{"uv":[5,12,6,12.5],"rotation":270,"texture":"#particle","cullface":"west"}}},{"from":[-0.5,1,4],"to":[0,2,6],"light_emission":15,"faces":{"north":{"uv":[4,14,4.5,15],"texture":"#particle","cullface":"west"},"south":{"uv":[5,14,5.5,15],"texture":"#particle","cullface":"west"},"west":{"uv":[4,14,6,15],"texture":"#particle","cullface":"west"},"up":{"uv":[4,14,6,14.5],"rotation":90,"texture":"#particle","cullface":"west"},"down":{"uv":[4,14,6,14.5],"rotation":270,"texture":"#particle","cullface":"west"}}},{"from":[-0.5,3,8],"to":[0,4,10],"light_emission":15,"faces":{"south":{"uv":[9,12,9.5,13],"texture":"#particle","cullface":"west"},"west":{"uv":[8,12,10,13],"texture":"#particle","cullface":"west"},"up":{"uv":[8,12,10,12.5],"rotation":90,"texture":"#particle","cullface":"west"},"down":{"uv":[8,12,10,12.5],"rotation":270,"texture":"#particle","cullface":"west"}}},{"from":[-0.5,4,6],"to":[0,5,8],"light_emission":15,"faces":{"north":{"uv":[6,11,6.5,12],"texture":"#particle","cullface":"west"},"south":{"uv":[7,11,7.5,12],"texture":"#particle","cullface":"west"},"west":{"uv":[6,11,8,12],"texture":"#particle","cullface":"west"},"up":{"uv":[6,11,8,11.5],"rotation":90,"texture":"#particle","cullface":"west"}}},{"from":[-0.5,12,3],"to":[0,14,4],"light_emission":15,"faces":{"north":{"uv":[3,2,3.5,4],"texture":"#particle","cullface":"west"},"west":{"uv":[3,2,4,4],"texture":"#particle","cullface":"west"},"up":{"uv":[3,2,4,2.5],"rotation":270,"texture":"#particle","cullface":"west"},"down":{"uv":[3,3,4,3.5],"rotation":90,"texture":"#particle","cullface":"west"}}},{"from":[-0.7,6,2],"to":[0,8,3],"light_emission":15,"faces":{"north":{"uv":[2,8,2.5,10],"texture":"#particle","cullface":"west"},"south":{"uv":[2,8,2.5,10],"texture":"#particle","cullface":"west"},"west":{"uv":[2,8,3,10],"texture":"#particle","cullface":"west"},"up":{"uv":[2,8,3,8.5],"rotation":270,"texture":"#particle","cullface":"west"},"down":{"uv":[2,9,3,9.5],"rotation":90,"texture":"#particle","cullface":"west"}}},{"from":[-0.5,8,2],"to":[0,9,3],"light_emission":15,"faces":{"north":{"uv":[2,7,2.5,8],"texture":"#particle","cullface":"west"},"south":{"uv":[2,7,2.5,8],"texture":"#particle","cullface":"west"},"west":{"uv":[2,7,3,8],"texture":"#particle","cullface":"west"},"up":{"uv":[2,7,3,7.5],"rotation":270,"texture":"#particle","cullface":"west"}}},{"from":[-0.5,7,1],"to":[0,8,2],"light_emission":15,"faces":{"north":{"uv":[1,8,1.5,9],"texture":"#particle","cullface":"west"},"west":{"uv":[1,8,2,9],"texture":"#particle","cullface":"west"},"up":{"uv":[1,8,2,8.5],"rotation":270,"texture":"#particle","cullface":"west"},"down":{"uv":[1,8,2,8.5],"rotation":90,"texture":"#particle","cullface":"west"}}},{"from":[-0.7,11,13],"to":[0,12,14],"light_emission":15,"faces":{"north":{"uv":[13,4,13.5,5],"texture":"#particle","cullface":"west"},"south":{"uv":[13,4,13.5,5],"texture":"#particle","cullface":"west"},"west":{"uv":[13,4,14,5],"texture":"#particle","cullface":"west"},"up":{"uv":[13,4,14,4.5],"rotation":270,"texture":"#particle","cullface":"west"},"down":{"uv":[13,4,14,4.5],"rotation":90,"texture":"#particle","cullface":"west"}}},{"from":[13,12,16],"to":[14,13,16.5],"light_emission":15,"faces":{"east":{"uv":[13,3,13.5,4],"texture":"#particle","cullface":"south"},"south":{"uv":[13,3,14,4],"texture":"#particle","cullface":"south"},"up":{"uv":[13,3,14,3.5],"rotation":180,"texture":"#particle","cullface":"south"}}},{"from":[3,6,16],"to":[4,8,16.5],"light_emission":15,"faces":{"east":{"uv":[3,8,3.5,10],"texture":"#particle","cullface":"south"},"south":{"uv":[3,8,4,10],"texture":"#particle","cullface":"south"},"up":{"uv":[3,8,4,8.5],"rotation":180,"texture":"#particle","cullface":"south"},"down":{"uv":[3,9,4,9.5],"rotation":180,"texture":"#particle","cullface":"south"}}},{"from":[6,9,16],"to":[8,10,16.5],"light_emission":15,"faces":{"east":{"uv":[7,6,7.5,7],"texture":"#particle","cullface":"south"},"south":{"uv":[6,6,8,7],"texture":"#particle","cullface":"south"},"west":{"uv":[6,6,6.5,7],"texture":"#particle","cullface":"south"},"up":{"uv":[6,6,8,6.5],"texture":"#particle","cullface":"south"},"down":{"uv":[6,6,8,6.5],"texture":"#particle","cullface":"south"}}},{"from":[14,11,16],"to":[15,12,16.5],"light_emission":15,"faces":{"east":{"uv":[14,4,14.5,5],"texture":"#particle","cullface":"south"},"south":{"uv":[14,4,15,5],"texture":"#particle","cullface":"south"},"up":{"uv":[14,4,15,4.5],"rotation":180,"texture":"#particle","cullface":"south"},"down":{"uv":[14,4,15,4.5],"rotation":180,"texture":"#particle","cullface":"south"}}},{"from":[4,14,16],"to":[5,15,16.5],"light_emission":15,"faces":{"east":{"uv":[4,1,4.5,2],"texture":"#particle","cullface":"south"},"south":{"uv":[4,1,5,2],"texture":"#particle","cullface":"south"},"west":{"uv":[4,1,4.5,2],"texture":"#particle","cullface":"south"},"up":{"uv":[4,1,5,1.5],"rotation":180,"texture":"#particle","cullface":"south"}}},{"from":[4,10,16],"to":[6,13,16.7],"light_emission":15,"faces":{"east":{"uv":[5,3,5.7,6],"texture":"#particle","cullface":"south"},"south":{"uv":[4,3,6,6],"texture":"#particle","cullface":"south"},"west":{"uv":[4,3,4.7,6],"texture":"#particle","cullface":"south"},"up":{"uv":[4,3,6,3.7],"texture":"#particle","cullface":"south"},"down":{"uv":[4,5,6,5.7],"texture":"#particle","cullface":"south"}}},{"from":[12,11,16],"to":[13,12,16.5],"light_emission":15,"faces":{"south":{"uv":[12,4,13,5],"texture":"#particle","cullface":"south"},"west":{"uv":[12,4,12.5,5],"texture":"#particle","cullface":"south"},"down":{"uv":[12,4,13,4.5],"rotation":180,"texture":"#particle","cullface":"south"}}},{"from":[12,13,16],"to":[13,14,16.5],"light_emission":15,"faces":{"east":{"uv":[12,2,12.5,3],"texture":"#particle","cullface":"south"},"south":{"uv":[12,2,13,3],"texture":"#particle","cullface":"south"},"west":{"uv":[12,2,12.5,3],"texture":"#particle","cullface":"south"},"up":{"uv":[12,2,13,2.5],"rotation":180,"texture":"#particle","cullface":"south"}}},{"from":[11,12,16],"to":[12,13,16.5],"light_emission":15,"faces":{"south":{"uv":[11,3,12,4],"texture":"#particle","cullface":"south"},"west":{"uv":[11,3,11.5,4],"texture":"#particle","cullface":"south"},"up":{"uv":[11,3,12,3.5],"rotation":180,"texture":"#particle","cullface":"south"},"down":{"uv":[11,3,12,3.5],"rotation":180,"texture":"#particle","cullface":"south"}}},{"from":[12,12,16],"to":[13,13,16.7],"light_emission":15,"faces":{"east":{"uv":[12,3,12.5,4],"texture":"#particle","cullface":"south"},"south":{"uv":[12,3,13,4],"texture":"#particle","cullface":"south"},"west":{"uv":[12,3,12.5,4],"texture":"#particle","cullface":"south"},"up":{"uv":[12,3,13,3.5],"rotation":180,"texture":"#particle","cullface":"south"},"down":{"uv":[12,3,13,3.5],"rotation":180,"texture":"#particle","cullface":"south"}}},{"from":[6,10,16],"to":[7,11,16.5],"light_emission":15,"faces":{"east":{"uv":[6,5,6.5,6],"texture":"#particle","cullface":"south"},"south":{"uv":[6,5,7,6],"texture":"#particle","cullface":"south"},"up":{"uv":[6,5,7,5.5],"rotation":180,"texture":"#particle","cullface":"south"}}},{"from":[4,13,16],"to":[5,14,16.7],"light_emission":15,"faces":{"east":{"uv":[4,2,4.5,3],"texture":"#particle","cullface":"south"},"south":{"uv":[4,2,5,3],"texture":"#particle","cullface":"south"},"west":{"uv":[4,2,4.5,3],"texture":"#particle","cullface":"south"},"up":{"uv":[4,2,5,2.5],"rotation":180,"texture":"#particle","cullface":"south"}}},{"from":[13,10,16],"to":[14,11,16.5],"light_emission":15,"faces":{"east":{"uv":[13,5,13.5,6],"texture":"#particle","cullface":"south"},"south":{"uv":[13,5,14,6],"texture":"#particle","cullface":"south"},"west":{"uv":[13,5,13.5,6],"texture":"#particle","cullface":"south"},"down":{"uv":[13,5,14,5.5],"rotation":180,"texture":"#particle","cullface":"south"}}},{"from":[12,5,16],"to":[13,6,16.7],"light_emission":15,"faces":{"east":{"uv":[12,10,12.5,11],"texture":"#particle","cullface":"south"},"south":{"uv":[12,10,13,11],"texture":"#particle","cullface":"south"},"up":{"uv":[12,10,13,10.5],"rotation":180,"texture":"#particle","cullface":"south"},"down":{"uv":[12,10,13,10.5],"rotation":180,"texture":"#particle","cullface":"south"}}},{"from":[13,5,16],"to":[14,6,16.5],"light_emission":15,"faces":{"east":{"uv":[13,10,13.5,11],"texture":"#particle","cullface":"south"},"south":{"uv":[13,10,14,11],"texture":"#particle","cullface":"south"},"up":{"uv":[13,10,14,10.5],"rotation":180,"texture":"#particle","cullface":"south"},"down":{"uv":[13,10,14,10.5],"rotation":180,"texture":"#particle","cullface":"south"}}},{"from":[12,4,16],"to":[13,5,16.5],"light_emission":15,"faces":{"east":{"uv":[12,11,12.5,12],"texture":"#particle","cullface":"south"},"south":{"uv":[12,11,13,12],"texture":"#particle","cullface":"south"},"west":{"uv":[12,11,12.5,12],"texture":"#particle","cullface":"south"},"down":{"uv":[12,11,13,11.5],"rotation":180,"texture":"#particle","cullface":"south"}}},{"from":[12,6,16],"to":[13,7,16.5],"light_emission":15,"faces":{"east":{"uv":[12,9,12.5,10],"texture":"#particle","cullface":"south"},"south":{"uv":[12,9,13,10],"texture":"#particle","cullface":"south"},"up":{"uv":[12,9,13,9.5],"rotation":180,"texture":"#particle","cullface":"south"}}},{"from":[10,7,16],"to":[11,8,16.5],"light_emission":15,"faces":{"east":{"uv":[10,8,10.5,9],"texture":"#particle","cullface":"south"},"south":{"uv":[10,8,11,9],"texture":"#particle","cullface":"south"},"west":{"uv":[10,8,10.5,9],"texture":"#particle","cullface":"south"},"up":{"uv":[10,8,11,8.5],"rotation":180,"texture":"#particle","cullface":"south"}}},{"from":[9,6,16],"to":[10,7,16.5],"light_emission":15,"faces":{"south":{"uv":[9,9,10,10],"texture":"#particle","cullface":"south"},"west":{"uv":[9,9,9.5,10],"texture":"#particle","cullface":"south"},"up":{"uv":[9,9,10,9.5],"rotation":180,"texture":"#particle","cullface":"south"},"down":{"uv":[9,9,10,9.5],"rotation":180,"texture":"#particle","cullface":"south"}}},{"from":[10,5,16],"to":[12,7,16.7],"light_emission":15,"faces":{"east":{"uv":[11,9,11.7,11],"texture":"#particle","cullface":"south"},"south":{"uv":[10,9,12,11],"texture":"#particle","cullface":"south"},"west":{"uv":[10,9,10.7,11],"texture":"#particle","cullface":"south"},"up":{"uv":[10,9,12,9.7],"texture":"#particle","cullface":"south"},"down":{"uv":[10,10,12,10.7],"texture":"#particle","cullface":"south"}}},{"from":[5,2,16],"to":[7,4,16.7],"light_emission":15,"faces":{"east":{"uv":[6,12,6.7,14],"texture":"#particle","cullface":"south"},"south":{"uv":[5,12,7,14],"texture":"#particle","cullface":"south"},"west":{"uv":[5,12,5.7,14],"texture":"#particle","cullface":"south"},"up":{"uv":[5,12,7,12.7],"texture":"#particle","cullface":"south"},"down":{"uv":[5,13,7,13.7],"texture":"#particle","cullface":"south"}}},{"from":[4,1,16],"to":[6,2,16.5],"light_emission":15,"faces":{"east":{"uv":[5,14,5.5,15],"texture":"#particle","cullface":"south"},"south":{"uv":[4,14,6,15],"texture":"#particle","cullface":"south"},"west":{"uv":[4,14,4.5,15],"texture":"#particle","cullface":"south"},"up":{"uv":[4,14,6,14.5],"texture":"#particle","cullface":"south"},"down":{"uv":[4,14,6,14.5],"texture":"#particle","cullface":"south"}}},{"from":[8,3,16],"to":[10,4,16.5],"light_emission":15,"faces":{"east":{"uv":[9,12,9.5,13],"texture":"#particle","cullface":"south"},"south":{"uv":[8,12,10,13],"texture":"#particle","cullface":"south"},"west":{"uv":[1,0,1,0],"texture":"#particle","cullface":"south"},"up":{"uv":[8,12,10,12.5],"texture":"#particle","cullface":"south"},"down":{"uv":[8,12,10,12.5],"texture":"#particle","cullface":"south"}}},{"from":[6,4,16],"to":[8,5,16.5],"light_emission":15,"faces":{"east":{"uv":[7,11,7.5,12],"texture":"#particle","cullface":"south"},"south":{"uv":[6,11,8,12],"texture":"#particle","cullface":"south"},"west":{"uv":[6,11,6.5,12],"texture":"#particle","cullface":"south"},"up":{"uv":[6,11,8,11.5],"texture":"#particle","cullface":"south"},"down":{"uv":[1,0,1,0],"texture":"#particle","cullface":"south"}}},{"from":[3,12,16],"to":[4,14,16.5],"light_emission":15,"faces":{"south":{"uv":[3,2,4,4],"texture":"#particle","cullface":"south"},"west":{"uv":[3,2,3.5,4],"texture":"#particle","cullface":"south"},"up":{"uv":[3,2,4,2.5],"rotation":180,"texture":"#particle","cullface":"south"},"down":{"uv":[3,3,4,3.5],"rotation":180,"texture":"#particle","cullface":"south"}}},{"from":[2,6,16],"to":[3,8,16.7],"light_emission":15,"faces":{"east":{"uv":[2,8,2.5,10],"texture":"#particle","cullface":"south"},"south":{"uv":[2,8,3,10],"texture":"#particle","cullface":"south"},"west":{"uv":[2,8,2.5,10],"texture":"#particle","cullface":"south"},"up":{"uv":[2,8,3,8.5],"rotation":180,"texture":"#particle","cullface":"south"},"down":{"uv":[2,9,3,9.5],"rotation":180,"texture":"#particle","cullface":"south"}}},{"from":[2,8,16],"to":[3,9,16.5],"light_emission":15,"faces":{"east":{"uv":[2,7,2.5,8],"texture":"#particle","cullface":"south"},"south":{"uv":[2,7,3,8],"texture":"#particle","cullface":"south"},"west":{"uv":[2,7,2.5,8],"texture":"#particle","cullface":"south"},"up":{"uv":[2,7,3,7.5],"rotation":180,"texture":"#particle","cullface":"south"}}},{"from":[1,7,16],"to":[2,8,16.5],"light_emission":15,"faces":{"south":{"uv":[1,8,2,9],"texture":"#particle","cullface":"south"},"west":{"uv":[1,8,1.5,9],"texture":"#particle","cullface":"south"},"up":{"uv":[1,8,2,8.5],"rotation":180,"texture":"#particle","cullface":"south"},"down":{"uv":[1,8,2,8.5],"rotation":180,"texture":"#particle","cullface":"south"}}},{"from":[13,11,16],"to":[14,12,16.7],"light_emission":15,"faces":{"east":{"uv":[13,4,13.5,5],"texture":"#particle","cullface":"south"},"south":{"uv":[13,4,14,5],"texture":"#particle","cullface":"south"},"west":{"uv":[13,4,13.5,5],"texture":"#particle","cullface":"south"},"up":{"uv":[13,4,14,4.5],"rotation":180,"texture":"#particle","cullface":"south"},"down":{"uv":[13,4,14,4.5],"rotation":180,"texture":"#particle","cullface":"south"}}},{"from":[16,12,2],"to":[16.5,13,3],"light_emission":15,"faces":{"north":{"uv":[13,3,13.5,4],"texture":"#particle","cullface":"east"},"east":{"uv":[13,3,14,4],"texture":"#particle","cullface":"east"},"up":{"uv":[13,3,14,3.5],"rotation":90,"texture":"#particle","cullface":"east"}}},{"from":[16,6,12],"to":[16.5,8,13],"light_emission":15,"faces":{"north":{"uv":[3,8,4,10],"texture":"#particle","cullface":"east"},"east":{"uv":[3,8,3.5,10],"texture":"#particle","cullface":"east"},"up":{"uv":[3,8,4,8.5],"rotation":180,"texture":"#particle","cullface":"east"},"down":{"uv":[3,9,4,9.5],"rotation":180,"texture":"#particle","cullface":"east"}}},{"from":[16,9,8],"to":[16.5,10,10],"light_emission":15,"faces":{"north":{"uv":[7,6,7.5,7],"texture":"#particle","cullface":"east"},"east":{"uv":[6,6,8,7],"texture":"#particle","cullface":"east"},"south":{"uv":[6,6,6.5,7],"texture":"#particle","cullface":"east"},"up":{"uv":[6,6,8,6.5],"rotation":270,"texture":"#particle","cullface":"east"},"down":{"uv":[6,6,8,6.5],"rotation":90,"texture":"#particle","cullface":"east"}}},{"from":[16,11,1],"to":[16.5,12,2],"light_emission":15,"faces":{"north":{"uv":[14,4,14.5,5],"texture":"#particle","cullface":"east"},"east":{"uv":[14,4,15,5],"texture":"#particle","cullface":"east"},"up":{"uv":[14,4,15,4.5],"rotation":90,"texture":"#particle","cullface":"east"},"down":{"uv":[14,4,15,4.5],"rotation":270,"texture":"#particle","cullface":"east"}}},{"from":[16,14,11],"to":[16.5,15,12],"light_emission":15,"faces":{"north":{"uv":[4,1,4.5,2],"texture":"#particle","cullface":"east"},"east":{"uv":[4,1,5,2],"texture":"#particle","cullface":"east"},"south":{"uv":[4,1,4.5,2],"texture":"#particle","cullface":"east"},"up":{"uv":[4,1,5,1.5],"rotation":90,"texture":"#particle","cullface":"east"}}},{"from":[16,10,10],"to":[16.7,13,12],"light_emission":15,"faces":{"north":{"uv":[5,3,5.7,6],"texture":"#particle","cullface":"east"},"east":{"uv":[4,3,6,6],"texture":"#particle","cullface":"east"},"south":{"uv":[4,3,4.7,6],"texture":"#particle","cullface":"east"},"up":{"uv":[4,3,6,3.7],"rotation":270,"texture":"#particle","cullface":"east"},"down":{"uv":[4,5,6,5.7],"rotation":90,"texture":"#particle","cullface":"east"}}},{"from":[16,11,3],"to":[16.5,12,4],"light_emission":15,"faces":{"east":{"uv":[12,4,13,5],"texture":"#particle","cullface":"east"},"south":{"uv":[12,4,12.5,5],"texture":"#particle","cullface":"east"},"down":{"uv":[12,4,13,4.5],"rotation":270,"texture":"#particle","cullface":"east"}}},{"from":[16,13,3],"to":[16.5,14,4],"light_emission":15,"faces":{"north":{"uv":[12,2,12.5,3],"texture":"#particle","cullface":"east"},"east":{"uv":[12,2,13,3],"texture":"#particle","cullface":"east"},"south":{"uv":[12,2,12.5,3],"texture":"#particle","cullface":"east"},"up":{"uv":[12,2,13,2.5],"rotation":90,"texture":"#particle","cullface":"east"}}},{"from":[16,12,4],"to":[16.5,13,5],"light_emission":15,"faces":{"east":{"uv":[11,3,12,4],"texture":"#particle","cullface":"east"},"south":{"uv":[11,3,11.5,4],"texture":"#particle","cullface":"east"},"up":{"uv":[11,3,12,3.5],"rotation":90,"texture":"#particle","cullface":"east"},"down":{"uv":[11,3,12,3.5],"rotation":270,"texture":"#particle","cullface":"east"}}},{"from":[16,12,3],"to":[16.7,13,4],"light_emission":15,"faces":{"north":{"uv":[12,3,12.5,4],"texture":"#particle","cullface":"east"},"east":{"uv":[12,3,13,4],"texture":"#particle","cullface":"east"},"south":{"uv":[12,3,12.5,4],"texture":"#particle","cullface":"east"},"up":{"uv":[12,3,13,3.5],"rotation":90,"texture":"#particle","cullface":"east"},"down":{"uv":[12,3,13,3.5],"rotation":270,"texture":"#particle","cullface":"east"}}},{"from":[16,10,9],"to":[16.5,11,10],"light_emission":15,"faces":{"north":{"uv":[6,5,6.5,6],"texture":"#particle","cullface":"east"},"east":{"uv":[6,5,7,6],"texture":"#particle","cullface":"east"},"up":{"uv":[6,5,7,5.5],"rotation":90,"texture":"#particle","cullface":"east"}}},{"from":[16,13,11],"to":[16.7,14,12],"light_emission":15,"faces":{"north":{"uv":[4,2,4.5,3],"texture":"#particle","cullface":"east"},"east":{"uv":[4,2,5,3],"texture":"#particle","cullface":"east"},"south":{"uv":[4,2,4.5,3],"texture":"#particle","cullface":"east"},"up":{"uv":[4,2,5,2.5],"rotation":90,"texture":"#particle","cullface":"east"}}},{"from":[16,10,2],"to":[16.5,11,3],"light_emission":15,"faces":{"north":{"uv":[13,5,13.5,6],"texture":"#particle","cullface":"east"},"east":{"uv":[13,5,14,6],"texture":"#particle","cullface":"east"},"south":{"uv":[13,5,13.5,6],"texture":"#particle","cullface":"east"},"down":{"uv":[13,5,14,5.5],"rotation":270,"texture":"#particle","cullface":"east"}}},{"from":[16,5,3],"to":[16.7,6,4],"light_emission":15,"faces":{"north":{"uv":[12,10,12.5,11],"texture":"#particle","cullface":"east"},"east":{"uv":[12,10,13,11],"texture":"#particle","cullface":"east"},"up":{"uv":[12,10,13,10.5],"rotation":90,"texture":"#particle","cullface":"east"},"down":{"uv":[12,10,13,10.5],"rotation":270,"texture":"#particle","cullface":"east"}}},{"from":[16,5,2],"to":[16.5,6,3],"light_emission":15,"faces":{"north":{"uv":[13,10,13.5,11],"texture":"#particle","cullface":"east"},"east":{"uv":[13,10,14,11],"texture":"#particle","cullface":"east"},"up":{"uv":[13,10,14,10.5],"rotation":90,"texture":"#particle","cullface":"east"},"down":{"uv":[13,10,14,10.5],"rotation":270,"texture":"#particle","cullface":"east"}}},{"from":[16,4,3],"to":[16.5,5,4],"light_emission":15,"faces":{"north":{"uv":[12,11,12.5,12],"texture":"#particle","cullface":"east"},"east":{"uv":[12,11,13,12],"texture":"#particle","cullface":"east"},"south":{"uv":[12,11,12.5,12],"texture":"#particle","cullface":"east"},"down":{"uv":[12,11,13,11.5],"rotation":270,"texture":"#particle","cullface":"east"}}},{"from":[16,6,3],"to":[16.5,7,4],"light_emission":15,"faces":{"north":{"uv":[12,9,12.5,10],"texture":"#particle","cullface":"east"},"east":{"uv":[12,9,13,10],"texture":"#particle","cullface":"east"},"up":{"uv":[12,9,13,9.5],"rotation":90,"texture":"#particle","cullface":"east"}}},{"from":[16,7,5],"to":[16.5,8,6],"light_emission":15,"faces":{"north":{"uv":[10,8,10.5,9],"texture":"#particle","cullface":"east"},"east":{"uv":[10,8,11,9],"texture":"#particle","cullface":"east"},"south":{"uv":[10,8,10.5,9],"texture":"#particle","cullface":"east"},"up":{"uv":[10,8,11,8.5],"rotation":90,"texture":"#particle","cullface":"east"}}},{"from":[16,6,6],"to":[16.5,7,7],"light_emission":15,"faces":{"east":{"uv":[9,9,10,10],"texture":"#particle","cullface":"east"},"south":{"uv":[9,9,9.5,10],"texture":"#particle","cullface":"east"},"up":{"uv":[9,9,10,9.5],"rotation":90,"texture":"#particle","cullface":"east"},"down":{"uv":[9,9,10,9.5],"rotation":270,"texture":"#particle","cullface":"east"}}},{"from":[16,5,4],"to":[16.7,7,6],"light_emission":15,"faces":{"north":{"uv":[11,9,11.7,11],"texture":"#particle","cullface":"east"},"east":{"uv":[10,9,12,11],"texture":"#particle","cullface":"east"},"south":{"uv":[10,9,10.7,11],"texture":"#particle","cullface":"east"},"up":{"uv":[10,9,12,9.7],"rotation":270,"texture":"#particle","cullface":"east"},"down":{"uv":[10,10,12,10.7],"rotation":90,"texture":"#particle","cullface":"east"}}},{"from":[16,2,8],"to":[16.7,4,10],"light_emission":15,"faces":{"north":{"uv":[7,12,7.7,14],"texture":"#particle","cullface":"east"},"east":{"uv":[6,12,8,14],"texture":"#particle","cullface":"east"},"south":{"uv":[6,12,6.7,14],"texture":"#particle","cullface":"east"},"up":{"uv":[6,12,8,12.7],"rotation":270,"texture":"#particle","cullface":"east"},"down":{"uv":[6,13,8,13.7],"rotation":90,"texture":"#particle","cullface":"east"}}},{"from":[16,2,10],"to":[16.5,4,11],"light_emission":15,"faces":{"east":{"uv":[5,12,6,14],"texture":"#particle","cullface":"east"},"south":{"uv":[5,12,5.5,14],"texture":"#particle","cullface":"east"},"up":{"uv":[5,12,6,12.5],"rotation":90,"texture":"#particle","cullface":"east"}}},{"from":[16,1,10],"to":[16.5,2,12],"light_emission":15,"faces":{"north":{"uv":[5,14,5.5,15],"texture":"#particle","cullface":"east"},"east":{"uv":[4,14,6,15],"texture":"#particle","cullface":"east"},"south":{"uv":[4,14,4.5,15],"texture":"#particle","cullface":"east"},"up":{"uv":[4,14,6,14.5],"rotation":270,"texture":"#particle","cullface":"east"},"down":{"uv":[4,14,6,14.5],"rotation":90,"texture":"#particle","cullface":"east"}}},{"from":[16,3,6],"to":[16.5,4,8],"light_emission":15,"faces":{"north":{"uv":[9,12,9.5,13],"texture":"#particle","cullface":"east"},"east":{"uv":[8,12,10,13],"texture":"#particle","cullface":"east"},"up":{"uv":[8,12,10,12.5],"rotation":270,"texture":"#particle","cullface":"east"},"down":{"uv":[8,12,10,12.5],"rotation":90,"texture":"#particle","cullface":"east"}}},{"from":[16,4,8],"to":[16.5,5,10],"light_emission":15,"faces":{"north":{"uv":[7,11,7.5,12],"texture":"#particle","cullface":"east"},"east":{"uv":[6,11,8,12],"texture":"#particle","cullface":"east"},"south":{"uv":[6,11,6.5,12],"texture":"#particle","cullface":"east"},"up":{"uv":[6,11,8,11.5],"rotation":270,"texture":"#particle","cullface":"east"}}},{"from":[16,12,12],"to":[16.5,14,13],"light_emission":15,"faces":{"east":{"uv":[3,2,4,4],"texture":"#particle","cullface":"east"},"south":{"uv":[3,2,3.5,4],"texture":"#particle","cullface":"east"},"up":{"uv":[3,2,4,2.5],"rotation":90,"texture":"#particle","cullface":"east"},"down":{"uv":[3,3,4,3.5],"rotation":270,"texture":"#particle","cullface":"east"}}},{"from":[16,6,13],"to":[16.7,8,14],"light_emission":15,"faces":{"north":{"uv":[2,8,2.5,10],"texture":"#particle","cullface":"east"},"east":{"uv":[2,8,3,10],"texture":"#particle","cullface":"east"},"south":{"uv":[2,8,2.5,10],"texture":"#particle","cullface":"east"},"up":{"uv":[2,8,3,8.5],"rotation":90,"texture":"#particle","cullface":"east"},"down":{"uv":[2,9,3,9.5],"rotation":270,"texture":"#particle","cullface":"east"}}},{"from":[16,8,13],"to":[16.5,9,14],"light_emission":15,"faces":{"north":{"uv":[2,7,2.5,8],"texture":"#particle","cullface":"east"},"east":{"uv":[2,7,3,8],"texture":"#particle","cullface":"east"},"south":{"uv":[2,7,2.5,8],"texture":"#particle","cullface":"east"},"up":{"uv":[2,7,3,7.5],"rotation":90,"texture":"#particle","cullface":"east"}}},{"from":[16,7,14],"to":[16.5,8,15],"light_emission":15,"faces":{"east":{"uv":[1,8,2,9],"texture":"#particle","cullface":"east"},"south":{"uv":[1,8,1.5,9],"texture":"#particle","cullface":"east"},"up":{"uv":[1,8,2,8.5],"rotation":90,"texture":"#particle","cullface":"east"},"down":{"uv":[1,8,2,8.5],"rotation":270,"texture":"#particle","cullface":"east"}}},{"from":[16,11,2],"to":[16.7,12,3],"light_emission":15,"faces":{"north":{"uv":[13,4,13.5,5],"texture":"#particle","cullface":"east"},"east":{"uv":[13,4,14,5],"texture":"#particle","cullface":"east"},"south":{"uv":[13,4,13.5,5],"texture":"#particle","cullface":"east"},"up":{"uv":[13,4,14,4.5],"rotation":90,"texture":"#particle","cullface":"east"},"down":{"uv":[13,4,14,4.5],"rotation":270,"texture":"#particle","cullface":"east"}}},{"from":[13,16,3],"to":[14,16.5,4],"light_emission":15,"faces":{"north":{"uv":[13,3,14,3.5],"texture":"#particle","cullface":"up"},"east":{"uv":[13,3,13.5,4],"rotation":90,"texture":"#particle","cullface":"up"},"up":{"uv":[13,3,14,4],"texture":"#particle","cullface":"up"}}},{"from":[3,16,8],"to":[4,16.5,10],"light_emission":15,"faces":{"north":{"uv":[3,8,4,8.5],"texture":"#particle","cullface":"up"},"east":{"uv":[3,8,3.5,10],"rotation":90,"texture":"#particle","cullface":"up"},"south":{"uv":[3,9,4,9.5],"rotation":180,"texture":"#particle","cullface":"up"},"up":{"uv":[3,8,3.5,10],"texture":"#particle","cullface":"up"}}},{"from":[6,16,6],"to":[8,16.5,7],"light_emission":15,"faces":{"north":{"uv":[6,6,8,6.5],"rotation":180,"texture":"#particle","cullface":"up"},"east":{"uv":[7,6,7.5,7],"rotation":90,"texture":"#particle","cullface":"up"},"south":{"uv":[6,6,8,6.5],"texture":"#particle","cullface":"up"},"west":{"uv":[6,6,6.5,7],"rotation":270,"texture":"#particle","cullface":"up"},"up":{"uv":[6,6,8,7],"texture":"#particle","cullface":"up"}}},{"from":[14,16,4],"to":[15,16.5,5],"light_emission":15,"faces":{"north":{"uv":[14,4,15,4.5],"texture":"#particle","cullface":"up"},"east":{"uv":[14,4,14.5,5],"rotation":90,"texture":"#particle","cullface":"up"},"south":{"uv":[14,4,15,4.5],"rotation":180,"texture":"#particle","cullface":"up"},"up":{"uv":[14,4,15,5],"texture":"#particle","cullface":"up"}}},{"from":[4,16,1],"to":[5,16.5,2],"light_emission":15,"faces":{"north":{"uv":[4,1,5,1.5],"texture":"#particle","cullface":"up"},"east":{"uv":[4,1,4.5,2],"rotation":90,"texture":"#particle","cullface":"up"},"west":{"uv":[4,1,4.5,2],"rotation":270,"texture":"#particle","cullface":"up"},"up":{"uv":[4,1,5,2],"texture":"#particle","cullface":"up"}}},{"from":[4,16,3],"to":[6,16.7,6],"light_emission":15,"faces":{"north":{"uv":[4,3,6,3.7],"rotation":180,"texture":"#particle","cullface":"up"},"east":{"uv":[5,3,5.7,6],"rotation":90,"texture":"#particle","cullface":"up"},"south":{"uv":[4,5,6,5.7],"texture":"#particle","cullface":"up"},"west":{"uv":[4,3,4.7,6],"rotation":270,"texture":"#particle","cullface":"up"},"up":{"uv":[4,3,6,6],"texture":"#particle","cullface":"up"}}},{"from":[12,16,4],"to":[13,16.5,5],"light_emission":15,"faces":{"south":{"uv":[12,4,13,4.5],"rotation":180,"texture":"#particle","cullface":"up"},"west":{"uv":[12,4,12.5,5],"rotation":270,"texture":"#particle","cullface":"up"},"up":{"uv":[12,4,13,5],"texture":"#particle","cullface":"up"}}},{"from":[12,16,2],"to":[13,16.5,3],"light_emission":15,"faces":{"north":{"uv":[12,2,13,2.5],"texture":"#particle","cullface":"up"},"east":{"uv":[12,2,12.5,3],"rotation":90,"texture":"#particle","cullface":"up"},"west":{"uv":[12,2,12.5,3],"rotation":270,"texture":"#particle","cullface":"up"},"up":{"uv":[12,2,13,3],"texture":"#particle","cullface":"up"}}},{"from":[11,16,3],"to":[12,16.5,4],"light_emission":15,"faces":{"north":{"uv":[11,3,12,3.5],"texture":"#particle","cullface":"up"},"south":{"uv":[11,3,12,3.5],"rotation":180,"texture":"#particle","cullface":"up"},"west":{"uv":[11,3,11.5,4],"rotation":270,"texture":"#particle","cullface":"up"},"up":{"uv":[11,3,12,4],"texture":"#particle","cullface":"up"}}},{"from":[12,16,3],"to":[13,16.7,4],"light_emission":15,"faces":{"north":{"uv":[12,3,13,3.5],"texture":"#particle","cullface":"up"},"east":{"uv":[12,3,12.5,4],"rotation":90,"texture":"#particle","cullface":"up"},"south":{"uv":[12,3,13,3.5],"rotation":180,"texture":"#particle","cullface":"up"},"west":{"uv":[12,3,12.5,4],"rotation":270,"texture":"#particle","cullface":"up"},"up":{"uv":[12,3,13,4],"texture":"#particle","cullface":"up"}}},{"from":[6,16,5],"to":[7,16.5,6],"light_emission":15,"faces":{"north":{"uv":[6,5,7,5.5],"texture":"#particle","cullface":"up"},"east":{"uv":[6,5,6.5,6],"rotation":90,"texture":"#particle","cullface":"up"},"up":{"uv":[6,5,7,6],"texture":"#particle","cullface":"up"}}},{"from":[4,16,2],"to":[5,16.7,3],"light_emission":15,"faces":{"north":{"uv":[4,2,5,2.5],"texture":"#particle","cullface":"up"},"east":{"uv":[4,2,4.5,3],"rotation":90,"texture":"#particle","cullface":"up"},"west":{"uv":[4,2,4.5,3],"rotation":270,"texture":"#particle","cullface":"up"},"up":{"uv":[4,2,5,3],"texture":"#particle","cullface":"up"}}},{"from":[13,16,5],"to":[14,16.5,6],"light_emission":15,"faces":{"east":{"uv":[13,5,13.5,6],"rotation":90,"texture":"#particle","cullface":"up"},"south":{"uv":[13,5,14,5.5],"rotation":180,"texture":"#particle","cullface":"up"},"west":{"uv":[13,5,13.5,6],"rotation":270,"texture":"#particle","cullface":"up"},"up":{"uv":[13,5,14,6],"texture":"#particle","cullface":"up"}}},{"from":[12,16,10],"to":[13,16.7,11],"light_emission":15,"faces":{"north":{"uv":[12,10,13,10.5],"texture":"#particle","cullface":"up"},"east":{"uv":[12,10,12.5,11],"rotation":90,"texture":"#particle","cullface":"up"},"south":{"uv":[12,10,13,10.5],"rotation":180,"texture":"#particle","cullface":"up"},"up":{"uv":[12,10,13,11],"texture":"#particle","cullface":"up"}}},{"from":[13,16,10],"to":[14,16.5,11],"light_emission":15,"faces":{"north":{"uv":[13,10,14,10.5],"texture":"#particle","cullface":"up"},"east":{"uv":[13,10,13.5,11],"rotation":90,"texture":"#particle","cullface":"up"},"south":{"uv":[13,10,14,10.5],"rotation":180,"texture":"#particle","cullface":"up"},"up":{"uv":[13,10,14,11],"texture":"#particle","cullface":"up"}}},{"from":[12,16,11],"to":[13,16.5,12],"light_emission":15,"faces":{"east":{"uv":[12,11,12.5,12],"rotation":90,"texture":"#particle","cullface":"up"},"south":{"uv":[12,11,13,11.5],"rotation":180,"texture":"#particle","cullface":"up"},"west":{"uv":[12,11,12.5,12],"rotation":270,"texture":"#particle","cullface":"up"},"up":{"uv":[12,11,13,12],"texture":"#particle","cullface":"up"}}},{"from":[12,16,9],"to":[13,16.5,10],"light_emission":15,"faces":{"north":{"uv":[12,9,13,9.5],"texture":"#particle","cullface":"up"},"east":{"uv":[12,9,12.5,10],"rotation":90,"texture":"#particle","cullface":"up"},"up":{"uv":[12,9,13,10],"texture":"#particle","cullface":"up"}}},{"from":[10,16,8],"to":[11,16.5,9],"light_emission":15,"faces":{"north":{"uv":[10,8,11,8.5],"texture":"#particle","cullface":"up"},"east":{"uv":[10,8,10.5,9],"rotation":90,"texture":"#particle","cullface":"up"},"west":{"uv":[10,8,10.5,9],"rotation":270,"texture":"#particle","cullface":"up"},"up":{"uv":[10,8,11,9],"texture":"#particle","cullface":"up"}}},{"from":[9,16,9],"to":[10,16.5,10],"light_emission":15,"faces":{"north":{"uv":[9,9,10,9.5],"texture":"#particle","cullface":"up"},"south":{"uv":[9,9,10,9.5],"rotation":180,"texture":"#particle","cullface":"up"},"west":{"uv":[9,9,9.5,10],"rotation":270,"texture":"#particle","cullface":"up"},"up":{"uv":[9,9,10,10],"texture":"#particle","cullface":"up"}}},{"from":[10,16,9],"to":[12,16.7,11],"light_emission":15,"faces":{"north":{"uv":[10,9,12,9.7],"rotation":180,"texture":"#particle","cullface":"up"},"east":{"uv":[11,9,11.7,11],"rotation":90,"texture":"#particle","cullface":"up"},"south":{"uv":[10,10,12,10.7],"texture":"#particle","cullface":"up"},"west":{"uv":[10,9,10.7,11],"rotation":270,"texture":"#particle","cullface":"up"},"up":{"uv":[10,9,12,11],"texture":"#particle","cullface":"up"}}},{"from":[6,16,12],"to":[8,16.7,14],"light_emission":15,"faces":{"north":{"uv":[6,12,8,12.7],"rotation":180,"texture":"#particle","cullface":"up"},"east":{"uv":[7,12,7.7,14],"rotation":90,"texture":"#particle","cullface":"up"},"south":{"uv":[6,13,8,13.7],"texture":"#particle","cullface":"up"},"west":{"uv":[6,12,6.7,14],"rotation":270,"texture":"#particle","cullface":"up"},"up":{"uv":[6,12,8,14],"texture":"#particle","cullface":"up"}}},{"from":[5,16,12],"to":[6,16.5,14],"light_emission":15,"faces":{"north":{"uv":[5,12,6,12.5],"texture":"#particle","cullface":"up"},"west":{"uv":[5,12,5.5,14],"rotation":270,"texture":"#particle","cullface":"up"},"up":{"uv":[5,12,6,14],"texture":"#particle","cullface":"up"}}},{"from":[4,16,14],"to":[6,16.5,15],"light_emission":15,"faces":{"north":{"uv":[4,14,6,14.5],"rotation":180,"texture":"#particle","cullface":"up"},"east":{"uv":[5,14,5.5,15],"rotation":90,"texture":"#particle","cullface":"up"},"south":{"uv":[4,14,6,14.5],"texture":"#particle","cullface":"up"},"west":{"uv":[4,14,4.5,15],"rotation":270,"texture":"#particle","cullface":"up"},"up":{"uv":[4,14,6,15],"texture":"#particle","cullface":"up"}}},{"from":[8,16,12],"to":[10,16.5,13],"light_emission":15,"faces":{"north":{"uv":[8,12,10,12.5],"rotation":180,"texture":"#particle","cullface":"up"},"east":{"uv":[9,12,9.5,13],"rotation":90,"texture":"#particle","cullface":"up"},"south":{"uv":[8,12,10,12.5],"texture":"#particle","cullface":"up"},"up":{"uv":[8,12,10,13],"texture":"#particle","cullface":"up"}}},{"from":[6,16,11],"to":[8,16.5,12],"light_emission":15,"faces":{"north":{"uv":[6,11,8,11.5],"rotation":180,"texture":"#particle","cullface":"up"},"east":{"uv":[7,11,7.5,12],"rotation":90,"texture":"#particle","cullface":"up"},"west":{"uv":[6,11,6.5,12],"rotation":270,"texture":"#particle","cullface":"up"},"up":{"uv":[6,11,8,12],"texture":"#particle","cullface":"up"}}},{"from":[3,16,2],"to":[4,16.5,4],"light_emission":15,"faces":{"north":{"uv":[3,2,4,2.5],"texture":"#particle","cullface":"up"},"south":{"uv":[3,3,4,3.5],"rotation":180,"texture":"#particle","cullface":"up"},"west":{"uv":[3,2,3.5,4],"rotation":270,"texture":"#particle","cullface":"up"},"up":{"uv":[3,2,4,4],"texture":"#particle","cullface":"up"}}},{"from":[2,16,8],"to":[3,16.7,10],"light_emission":15,"faces":{"north":{"uv":[2,8,3,8.5],"texture":"#particle","cullface":"up"},"east":{"uv":[2,8,2.5,10],"rotation":90,"texture":"#particle","cullface":"up"},"south":{"uv":[2,9,3,9.5],"rotation":180,"texture":"#particle","cullface":"up"},"west":{"uv":[2,8,2.5,10],"rotation":270,"texture":"#particle","cullface":"up"},"up":{"uv":[2,8,3,10],"texture":"#particle","cullface":"up"}}},{"from":[2,16,7],"to":[3,16.5,8],"light_emission":15,"faces":{"north":{"uv":[2,7,3,7.5],"texture":"#particle","cullface":"up"},"east":{"uv":[2,7,2.5,8],"rotation":90,"texture":"#particle","cullface":"up"},"west":{"uv":[2,7,2.5,8],"rotation":270,"texture":"#particle","cullface":"up"},"up":{"uv":[2,7,3,8],"texture":"#particle","cullface":"up"}}},{"from":[1,16,8],"to":[2,16.5,9],"light_emission":15,"faces":{"north":{"uv":[1,8,2,8.5],"texture":"#particle","cullface":"up"},"south":{"uv":[1,8,2,8.5],"rotation":180,"texture":"#particle","cullface":"up"},"west":{"uv":[1,8,1.5,9],"rotation":270,"texture":"#particle","cullface":"up"},"up":{"uv":[1,8,2,9],"texture":"#particle","cullface":"up"}}},{"from":[13,16,4],"to":[14,16.7,5],"light_emission":15,"faces":{"north":{"uv":[13,4,14,4.5],"texture":"#particle","cullface":"up"},"east":{"uv":[13,4,13.5,5],"rotation":90,"texture":"#particle","cullface":"up"},"south":{"uv":[13,4,14,4.5],"rotation":180,"texture":"#particle","cullface":"up"},"west":{"uv":[13,4,13.5,5],"rotation":270,"texture":"#particle","cullface":"up"},"up":{"uv":[13,4,14,5],"texture":"#particle","cullface":"up"}}},{"from":[13,-0.5,12],"to":[14,0,13],"light_emission":15,"faces":{"east":{"uv":[13,3,13.5,4],"rotation":270,"texture":"#particle","cullface":"down"},"south":{"uv":[13,3,14,3.5],"rotation":180,"texture":"#particle","cullface":"down"},"down":{"uv":[13,3,14,4],"texture":"#particle","cullface":"down"}}},{"from":[3,-0.5,6],"to":[4,0,8],"light_emission":15,"faces":{"north":{"uv":[3,8,4,8.5],"texture":"#particle","cullface":"down"},"east":{"uv":[3,8,3.5,10],"rotation":90,"texture":"#particle","cullface":"down"},"south":{"uv":[3,9,4,9.5],"rotation":180,"texture":"#particle","cullface":"down"},"down":{"uv":[3,8,4,10],"rotation":180,"texture":"#particle","cullface":"down"}}},{"from":[6,-0.5,9],"to":[8,0,10],"light_emission":15,"faces":{"north":{"uv":[6,6,8,6.5],"rotation":180,"texture":"#particle","cullface":"down"},"east":{"uv":[7,6,7.5,7],"rotation":270,"texture":"#particle","cullface":"down"},"south":{"uv":[6,6,8,6.5],"texture":"#particle","cullface":"down"},"west":{"uv":[6,6,6.5,7],"rotation":90,"texture":"#particle","cullface":"down"},"down":{"uv":[6,6,8,7],"texture":"#particle","cullface":"down"}}},{"from":[14,-0.5,11],"to":[15,0,12],"light_emission":15,"faces":{"north":{"uv":[14,4,15,4.5],"texture":"#particle","cullface":"down"},"east":{"uv":[14,4,14.5,5],"rotation":270,"texture":"#particle","cullface":"down"},"south":{"uv":[14,4,15,4.5],"rotation":180,"texture":"#particle","cullface":"down"},"down":{"uv":[14,4,15,5],"texture":"#particle","cullface":"down"}}},{"from":[4,-0.5,14],"to":[5,0,15],"light_emission":15,"faces":{"east":{"uv":[4,1,4.5,2],"rotation":270,"texture":"#particle","cullface":"down"},"south":{"uv":[4,1,5,1.5],"rotation":180,"texture":"#particle","cullface":"down"},"west":{"uv":[4,1,4.5,2],"rotation":90,"texture":"#particle","cullface":"down"},"down":{"uv":[4,1,5,2],"texture":"#particle","cullface":"down"}}},{"from":[4,-0.7,10],"to":[6,0,13],"light_emission":15,"faces":{"north":{"uv":[4,5,6,5.7],"rotation":180,"texture":"#particle","cullface":"down"},"east":{"uv":[5,3,5.7,6],"rotation":270,"texture":"#particle","cullface":"down"},"south":{"uv":[4,3,6,3.7],"texture":"#particle","cullface":"down"},"west":{"uv":[4,3,4.7,6],"rotation":90,"texture":"#particle","cullface":"down"},"down":{"uv":[4,3,6,6],"texture":"#particle","cullface":"down"}}},{"from":[12,-0.5,11],"to":[13,0,12],"light_emission":15,"faces":{"north":{"uv":[12,4,13,4.5],"texture":"#particle","cullface":"down"},"west":{"uv":[12,4,12.5,5],"rotation":90,"texture":"#particle","cullface":"down"},"down":{"uv":[12,4,13,5],"texture":"#particle","cullface":"down"}}},{"from":[12,-0.5,13],"to":[13,0,14],"light_emission":15,"faces":{"east":{"uv":[12,2,12.5,3],"rotation":270,"texture":"#particle","cullface":"down"},"south":{"uv":[12,2,13,2.5],"rotation":180,"texture":"#particle","cullface":"down"},"west":{"uv":[12,2,12.5,3],"rotation":90,"texture":"#particle","cullface":"down"},"down":{"uv":[12,2,13,3],"texture":"#particle","cullface":"down"}}},{"from":[11,-0.5,12],"to":[12,0,13],"light_emission":15,"faces":{"north":{"uv":[11,3,12,3.5],"texture":"#particle","cullface":"down"},"south":{"uv":[11,3,12,3.5],"rotation":180,"texture":"#particle","cullface":"down"},"west":{"uv":[11,3,11.5,4],"rotation":90,"texture":"#particle","cullface":"down"},"down":{"uv":[11,3,12,4],"texture":"#particle","cullface":"down"}}},{"from":[12,-0.7,12],"to":[13,0,13],"light_emission":15,"faces":{"north":{"uv":[12,3,13,3.5],"texture":"#particle","cullface":"down"},"east":{"uv":[12,3,12.5,4],"rotation":270,"texture":"#particle","cullface":"down"},"south":{"uv":[12,3,13,3.5],"rotation":180,"texture":"#particle","cullface":"down"},"west":{"uv":[12,3,12.5,4],"rotation":90,"texture":"#particle","cullface":"down"},"down":{"uv":[12,3,13,4],"texture":"#particle","cullface":"down"}}},{"from":[6,-0.5,10],"to":[7,0,11],"light_emission":15,"faces":{"east":{"uv":[6,5,6.5,6],"rotation":270,"texture":"#particle","cullface":"down"},"south":{"uv":[6,5,7,5.5],"rotation":180,"texture":"#particle","cullface":"down"},"down":{"uv":[6,5,7,6],"texture":"#particle","cullface":"down"}}},{"from":[4,-0.7,13],"to":[5,0,14],"light_emission":15,"faces":{"east":{"uv":[4,2,4.5,3],"rotation":270,"texture":"#particle","cullface":"down"},"south":{"uv":[4,2,5,2.5],"rotation":180,"texture":"#particle","cullface":"down"},"west":{"uv":[4,2,4.5,3],"rotation":90,"texture":"#particle","cullface":"down"},"down":{"uv":[4,2,5,3],"texture":"#particle","cullface":"down"}}},{"from":[13,-0.5,10],"to":[14,0,11],"light_emission":15,"faces":{"north":{"uv":[13,5,14,5.5],"texture":"#particle","cullface":"down"},"east":{"uv":[13,5,13.5,6],"rotation":270,"texture":"#particle","cullface":"down"},"west":{"uv":[13,5,13.5,6],"rotation":90,"texture":"#particle","cullface":"down"},"down":{"uv":[13,5,14,6],"texture":"#particle","cullface":"down"}}},{"from":[12,-0.7,5],"to":[13,0,6],"light_emission":15,"faces":{"north":{"uv":[12,10,13,10.5],"texture":"#particle","cullface":"down"},"east":{"uv":[12,10,12.5,11],"rotation":270,"texture":"#particle","cullface":"down"},"south":{"uv":[12,10,13,10.5],"rotation":180,"texture":"#particle","cullface":"down"},"down":{"uv":[12,10,13,11],"texture":"#particle","cullface":"down"}}},{"from":[13,-0.5,5],"to":[14,0,6],"light_emission":15,"faces":{"north":{"uv":[13,10,14,10.5],"texture":"#particle","cullface":"down"},"east":{"uv":[13,10,13.5,11],"rotation":270,"texture":"#particle","cullface":"down"},"south":{"uv":[13,10,14,10.5],"rotation":180,"texture":"#particle","cullface":"down"},"down":{"uv":[13,10,14,11],"texture":"#particle","cullface":"down"}}},{"from":[12,-0.5,4],"to":[13,0,5],"light_emission":15,"faces":{"north":{"uv":[12,11,13,11.5],"texture":"#particle","cullface":"down"},"east":{"uv":[12,11,12.5,12],"rotation":270,"texture":"#particle","cullface":"down"},"west":{"uv":[12,11,12.5,12],"rotation":90,"texture":"#particle","cullface":"down"},"down":{"uv":[12,11,13,12],"texture":"#particle","cullface":"down"}}},{"from":[12,-0.5,6],"to":[13,0,7],"light_emission":15,"faces":{"east":{"uv":[12,9,12.5,10],"rotation":270,"texture":"#particle","cullface":"down"},"south":{"uv":[12,9,13,9.5],"rotation":180,"texture":"#particle","cullface":"down"},"down":{"uv":[12,9,13,10],"texture":"#particle","cullface":"down"}}},{"from":[10,-0.5,7],"to":[11,0,8],"light_emission":15,"faces":{"east":{"uv":[10,8,10.5,9],"rotation":270,"texture":"#particle","cullface":"down"},"south":{"uv":[10,8,11,8.5],"rotation":180,"texture":"#particle","cullface":"down"},"west":{"uv":[10,8,10.5,9],"rotation":90,"texture":"#particle","cullface":"down"},"down":{"uv":[10,8,11,9],"texture":"#particle","cullface":"down"}}},{"from":[9,-0.5,6],"to":[10,0,7],"light_emission":15,"faces":{"north":{"uv":[9,9,10,9.5],"texture":"#particle","cullface":"down"},"south":{"uv":[9,9,10,9.5],"rotation":180,"texture":"#particle","cullface":"down"},"west":{"uv":[9,9,9.5,10],"rotation":90,"texture":"#particle","cullface":"down"},"down":{"uv":[9,9,10,10],"texture":"#particle","cullface":"down"}}},{"from":[10,-0.7,5],"to":[12,0,7],"light_emission":15,"faces":{"north":{"uv":[10,10,12,10.7],"rotation":180,"texture":"#particle","cullface":"down"},"east":{"uv":[11,9,11.7,11],"rotation":270,"texture":"#particle","cullface":"down"},"south":{"uv":[10,9,12,9.7],"texture":"#particle","cullface":"down"},"west":{"uv":[10,9,10.7,11],"rotation":90,"texture":"#particle","cullface":"down"},"down":{"uv":[10,9,12,11],"texture":"#particle","cullface":"down"}}},{"from":[6,-0.7,2],"to":[8,0,4],"light_emission":15,"faces":{"north":{"uv":[6,13,8,13.7],"rotation":180,"texture":"#particle","cullface":"down"},"east":{"uv":[7,12,7.7,14],"rotation":270,"texture":"#particle","cullface":"down"},"south":{"uv":[6,12,8,12.7],"texture":"#particle","cullface":"down"},"west":{"uv":[6,12,6.7,14],"rotation":90,"texture":"#particle","cullface":"down"},"down":{"uv":[6,12,8,14],"texture":"#particle","cullface":"down"}}},{"from":[5,-0.5,2],"to":[6,0,4],"light_emission":15,"faces":{"south":{"uv":[5,12,6,12.5],"rotation":180,"texture":"#particle","cullface":"down"},"west":{"uv":[5,12,5.5,14],"rotation":90,"texture":"#particle","cullface":"down"},"down":{"uv":[5,12,6,14],"texture":"#particle","cullface":"down"}}},{"from":[4,-0.5,1],"to":[6,0,2],"light_emission":15,"faces":{"north":{"uv":[4,14,6,14.5],"rotation":180,"texture":"#particle","cullface":"down"},"east":{"uv":[5,14,5.5,15],"rotation":270,"texture":"#particle","cullface":"down"},"south":{"uv":[4,14,6,14.5],"texture":"#particle","cullface":"down"},"west":{"uv":[4,14,4.5,15],"rotation":90,"texture":"#particle","cullface":"down"},"down":{"uv":[4,14,6,15],"texture":"#particle","cullface":"down"}}},{"from":[8,-0.5,3],"to":[10,0,4],"light_emission":15,"faces":{"north":{"uv":[8,12,10,12.5],"rotation":180,"texture":"#particle","cullface":"down"},"east":{"uv":[9,12,9.5,13],"rotation":270,"texture":"#particle","cullface":"down"},"south":{"uv":[8,12,10,12.5],"texture":"#particle","cullface":"down"},"down":{"uv":[8,12,10,13],"texture":"#particle","cullface":"down"}}},{"from":[6,-0.5,4],"to":[8,0,5],"light_emission":15,"faces":{"east":{"uv":[7,11,7.5,12],"rotation":270,"texture":"#particle","cullface":"down"},"south":{"uv":[6,11,8,11.5],"texture":"#particle","cullface":"down"},"west":{"uv":[6,11,6.5,12],"rotation":90,"texture":"#particle","cullface":"down"},"down":{"uv":[6,11,8,12],"texture":"#particle","cullface":"down"}}},{"from":[3,-0.5,12],"to":[4,0,14],"light_emission":15,"faces":{"north":{"uv":[3,3,4,3.5],"texture":"#particle","cullface":"down"},"south":{"uv":[3,2,4,2.5],"rotation":180,"texture":"#particle","cullface":"down"},"west":{"uv":[3,2,3.5,4],"rotation":90,"texture":"#particle","cullface":"down"},"down":{"uv":[3,2,4,4],"texture":"#particle","cullface":"down"}}},{"from":[2,-0.7,6],"to":[3,0,8],"light_emission":15,"faces":{"north":{"uv":[2,9,3,9.5],"texture":"#particle","cullface":"down"},"east":{"uv":[2,8,2.5,10],"rotation":270,"texture":"#particle","cullface":"down"},"south":{"uv":[2,8,3,8.5],"rotation":180,"texture":"#particle","cullface":"down"},"west":{"uv":[2,8,2.5,10],"rotation":90,"texture":"#particle","cullface":"down"},"down":{"uv":[2,8,3,10],"texture":"#particle","cullface":"down"}}},{"from":[2,-0.5,8],"to":[3,0,9],"light_emission":15,"faces":{"east":{"uv":[2,7,2.5,8],"rotation":270,"texture":"#particle","cullface":"down"},"south":{"uv":[2,7,3,7.5],"rotation":180,"texture":"#particle","cullface":"down"},"west":{"uv":[2,7,2.5,8],"rotation":90,"texture":"#particle","cullface":"down"},"down":{"uv":[2,7,3,8],"texture":"#particle","cullface":"down"}}},{"from":[1,-0.5,7],"to":[2,0,8],"light_emission":15,"faces":{"north":{"uv":[1,8,2,8.5],"texture":"#particle","cullface":"down"},"south":{"uv":[1,8,2,8.5],"rotation":180,"texture":"#particle","cullface":"down"},"west":{"uv":[1,8,1.5,9],"rotation":90,"texture":"#particle","cullface":"down"},"down":{"uv":[1,8,2,9],"texture":"#particle","cullface":"down"}}},{"from":[13,-0.7,11],"to":[14,0,12],"light_emission":15,"faces":{"north":{"uv":[13,4,14,4.5],"texture":"#particle","cullface":"down"},"east":{"uv":[13,4,13.5,5],"rotation":270,"texture":"#particle","cullface":"down"},"south":{"uv":[13,4,14,4.5],"rotation":180,"texture":"#particle","cullface":"down"},"west":{"uv":[13,4,13.5,5],"rotation":90,"texture":"#particle","cullface":"down"},"down":{"uv":[13,4,14,5],"texture":"#particle","cullface":"down"}}},{"from":[3,12,-0.7],"to":[4,13,0],"light_emission":15,"faces":{"north":{"uv":[12,3,13,4],"texture":"#particle","cullface":"north"},"east":{"uv":[12,3,12.5,4],"texture":"#particle","cullface":"north"},"west":{"uv":[12,3,12.5,4],"texture":"#particle","cullface":"north"},"up":{"uv":[12,3,13,3.5],"texture":"#particle","cullface":"north"},"down":{"uv":[12,3,13,3.5],"texture":"#particle","cullface":"north"}}},{"from":[2,10,-0.5],"to":[3,11,0],"light_emission":15,"faces":{"north":{"uv":[13,5,14,6],"texture":"#particle","cullface":"north"},"east":{"uv":[13,5,13.5,6],"texture":"#particle","cullface":"north"},"west":{"uv":[13,5,13.5,6],"texture":"#particle","cullface":"north"},"down":{"uv":[13,5,14,5.5],"texture":"#particle","cullface":"north"}}},{"from":[2,5,-0.5],"to":[3,6,0],"light_emission":15,"faces":{"north":{"uv":[13,10,14,11],"texture":"#particle","cullface":"north"},"west":{"uv":[13,10,13.5,11],"texture":"#particle","cullface":"north"},"up":{"uv":[13,10,14,10.5],"texture":"#particle","cullface":"north"},"down":{"uv":[13,10,14,10.5],"texture":"#particle","cullface":"north"}}},{"from":[3,5,-0.7],"to":[4,6,0],"light_emission":15,"faces":{"north":{"uv":[12,10,13,11],"texture":"#particle","cullface":"north"},"west":{"uv":[12,10,12.5,11],"texture":"#particle","cullface":"north"},"up":{"uv":[12,10,13,10.5],"texture":"#particle","cullface":"north"},"down":{"uv":[12,10,13,10.5],"texture":"#particle","cullface":"north"}}}]}