{"credit":"Created by Marceus","format_version":"1.21.6","parent":"block/cube_all","textures":{"0":"block/deepslate_copper_ore2","particle":"block/deepslate_copper_ore2"},"elements":[{"from":[0,0,0],"to":[16,16,16],"faces":{"north":{"uv":[0,0,16,16],"texture":"#0","cullface":"north"},"east":{"uv":[0,0,16,16],"texture":"#0","cullface":"east"},"south":{"uv":[0,0,16,16],"texture":"#0","cullface":"south"},"west":{"uv":[0,0,16,16],"texture":"#0","cullface":"west"},"up":{"uv":[0,0,16,16],"texture":"#0","cullface":"up"},"down":{"uv":[0,0,16,16],"texture":"#0","cullface":"down"}}},{"from":[2,6,-0.5],"to":[3,7,0],"light_emission":15,"faces":{"north":{"uv":[13,9,14,10],"texture":"#0","cullface":"north"},"east":{"uv":[13,9,13.5,10],"texture":"#0","cullface":"north"},"west":{"uv":[13,9,13.5,10],"texture":"#0","cullface":"north"},"up":{"uv":[13,9,14,9.5],"texture":"#0","cullface":"north"},"down":{"uv":[13,9,14,9.5],"texture":"#0","cullface":"north"}}},{"from":[-0.5,6,2],"to":[0,8,3],"light_emission":15,"faces":{"north":{"uv":[2,8,2.5,10],"texture":"#0","cullface":"west"},"south":{"uv":[2,8,2.5,10],"texture":"#0","cullface":"west"},"west":{"uv":[2,8,2.5,10],"texture":"#0","cullface":"west"},"up":{"uv":[2,8,3,8.5],"rotation":270,"texture":"#0","cullface":"west"},"down":{"uv":[2,9,3,9.5],"rotation":90,"texture":"#0","cullface":"west"}}},{"from":[-0.7,5,3],"to":[0,7,5],"light_emission":15,"faces":{"north":{"uv":[3,9,3.7,11],"texture":"#0","cullface":"west"},"south":{"uv":[4,9,4.7,11],"texture":"#0","cullface":"west"},"west":{"uv":[3,9,5,11],"texture":"#0","cullface":"west"},"up":{"uv":[3,9,5,9.7],"rotation":90,"texture":"#0","cullface":"west"},"down":{"uv":[3,10,5,10.7],"rotation":270,"texture":"#0","cullface":"west"}}},{"from":[-0.5,10,2],"to":[0,11,3],"light_emission":15,"faces":{"north":{"uv":[2,5,2.5,6],"texture":"#0","cullface":"west"},"west":{"uv":[2,5,3,6],"texture":"#0","cullface":"west"},"up":{"uv":[2,5,3,5.5],"rotation":270,"texture":"#0","cullface":"west"},"down":{"uv":[2,5,3,5.5],"rotation":90,"texture":"#0","cullface":"west"}}},{"from":[-0.5,11,5],"to":[0,12,6],"light_emission":15,"faces":{"south":{"uv":[5,4,5.5,5],"texture":"#0","cullface":"west"},"west":{"uv":[5,4,6,5],"texture":"#0","cullface":"west"},"down":{"uv":[5,4,6,4.5],"rotation":90,"texture":"#0","cullface":"west"}}},{"from":[-0.5,12,5],"to":[0,13,7],"light_emission":15,"faces":{"north":{"uv":[5,3,5.5,4],"texture":"#0","cullface":"west"},"south":{"uv":[6,3,6.5,4],"texture":"#0","cullface":"west"},"west":{"uv":[5,3,7,4],"texture":"#0","cullface":"west"},"up":{"uv":[5,3,7,3.5],"rotation":90,"texture":"#0","cullface":"west"},"down":{"uv":[5,3,7,3.5],"rotation":270,"texture":"#0","cullface":"west"}}},{"from":[-0.7,10,3],"to":[0,12,5],"light_emission":15,"faces":{"north":{"uv":[3,4,3.7,6],"texture":"#0","cullface":"west"},"south":{"uv":[4,4,4.7,6],"texture":"#0","cullface":"west"},"west":{"uv":[3,4,5,6],"texture":"#0","cullface":"west"},"up":{"uv":[3,4,5,4.7],"rotation":90,"texture":"#0","cullface":"west"},"down":{"uv":[3,5,5,5.7],"rotation":270,"texture":"#0","cullface":"west"}}},{"from":[-0.5,2,11],"to":[0,3,13],"light_emission":15,"faces":{"south":{"uv":[12,13,12.5,14],"texture":"#0","cullface":"west"},"west":{"uv":[11,13,13,14],"texture":"#0","cullface":"west"},"up":{"uv":[11,13,13,13.5],"rotation":90,"texture":"#0","cullface":"west"},"down":{"uv":[11,13,13,13.5],"rotation":270,"texture":"#0","cullface":"west"}}},{"from":[-0.5,3,8],"to":[0,4,10],"light_emission":15,"faces":{"north":{"uv":[8,12,8.5,13],"texture":"#0","cullface":"west"},"west":{"uv":[8,12,10,13],"texture":"#0","cullface":"west"},"up":{"uv":[8,12,10,12.5],"rotation":90,"texture":"#0","cullface":"west"},"down":{"uv":[8,12,10,12.5],"rotation":270,"texture":"#0","cullface":"west"}}},{"from":[-0.5,3,10],"to":[0,4,11],"light_emission":15,"faces":{"south":{"uv":[10,12,10.5,13],"texture":"#0","cullface":"west"},"west":{"uv":[10,12,11,13],"texture":"#0","cullface":"west"},"up":{"uv":[10,12,11,12.5],"rotation":270,"texture":"#0","cullface":"west"}}},{"from":[-0.5,1,10],"to":[0,2,11],"light_emission":15,"faces":{"north":{"uv":[10,14,10.5,15],"texture":"#0","cullface":"west"},"south":{"uv":[10,14,10.5,15],"texture":"#0","cullface":"west"},"west":{"uv":[10,14,11,15],"texture":"#0","cullface":"west"},"down":{"uv":[10,14,11,14.5],"rotation":90,"texture":"#0","cullface":"west"}}},{"from":[-0.5,2,9],"to":[0,3,10],"light_emission":15,"faces":{"north":{"uv":[9,13,9.5,14],"texture":"#0","cullface":"west"},"west":{"uv":[9,13,10,14],"texture":"#0","cullface":"west"},"down":{"uv":[9,13,10,13.5],"rotation":90,"texture":"#0","cullface":"west"}}},{"from":[-0.7,2,10],"to":[0,3,11],"light_emission":15,"faces":{"north":{"uv":[10,13,10.5,14],"texture":"#0","cullface":"west"},"south":{"uv":[10,13,10.5,14],"texture":"#0","cullface":"west"},"west":{"uv":[10,13,11,14],"texture":"#0","cullface":"west"},"up":{"uv":[10,13,11,13.5],"rotation":270,"texture":"#0","cullface":"west"},"down":{"uv":[10,13,11,13.5],"rotation":90,"texture":"#0","cullface":"west"}}},{"from":[-0.5,2,2],"to":[0,3,4],"light_emission":15,"faces":{"north":{"uv":[2,13,2.5,14],"texture":"#0","cullface":"west"},"south":{"uv":[3,13,3.5,14],"texture":"#0","cullface":"west"},"west":{"uv":[2,13,4,14],"texture":"#0","cullface":"west"},"up":{"uv":[2,13,4,13.5],"rotation":90,"texture":"#0","cullface":"west"},"down":{"uv":[2,13,4,13.5],"rotation":270,"texture":"#0","cullface":"west"}}},{"from":[-0.5,13,10],"to":[0,14,13],"light_emission":15,"faces":{"north":{"uv":[10,2,10.7,3],"texture":"#0","cullface":"west"},"south":{"uv":[12,2,12.7,3],"texture":"#0","cullface":"west"},"west":{"uv":[10,2,13,3],"texture":"#0","cullface":"west"},"up":{"uv":[10,2,13,2.7],"rotation":90,"texture":"#0","cullface":"west"},"down":{"uv":[10,2,13,2.7],"rotation":270,"texture":"#0","cullface":"west"}}},{"from":[-0.5,9,8],"to":[0,10,11],"light_emission":15,"faces":{"north":{"uv":[8,6,8.7,7],"texture":"#0","cullface":"west"},"south":{"uv":[10,6,10.7,7],"texture":"#0","cullface":"west"},"west":{"uv":[8,6,11,7],"texture":"#0","cullface":"west"},"up":{"uv":[8,6,11,6.7],"rotation":90,"texture":"#0","cullface":"west"},"down":{"uv":[8,6,11,6.7],"rotation":270,"texture":"#0","cullface":"west"}}},{"from":[-0.5,11,14],"to":[0,12,15],"light_emission":15,"faces":{"south":{"uv":[14,4,14.5,5],"texture":"#0","cullface":"west"},"west":{"uv":[14,4,15,5],"texture":"#0","cullface":"west"},"up":{"uv":[14,4,15,4.5],"rotation":270,"texture":"#0","cullface":"west"},"down":{"uv":[14,4,15,4.5],"rotation":90,"texture":"#0","cullface":"west"}}},{"from":[-0.5,10,13],"to":[0,11,14],"light_emission":15,"faces":{"north":{"uv":[13,5,13.5,6],"texture":"#0","cullface":"west"},"south":{"uv":[13,5,13.5,6],"texture":"#0","cullface":"west"},"west":{"uv":[13,5,14,6],"texture":"#0","cullface":"west"},"down":{"uv":[13,5,14,5.5],"rotation":90,"texture":"#0","cullface":"west"}}},{"from":[-0.7,11,13],"to":[0,12,14],"light_emission":15,"faces":{"north":{"uv":[13,4,13.5,5],"texture":"#0","cullface":"west"},"south":{"uv":[13,4,13.5,5],"texture":"#0","cullface":"west"},"west":{"uv":[13,4,14,5],"texture":"#0","cullface":"west"},"up":{"uv":[13,4,14,4.5],"rotation":270,"texture":"#0","cullface":"west"},"down":{"uv":[13,4,14,4.5],"rotation":90,"texture":"#0","cullface":"west"}}},{"from":[-0.5,12,13],"to":[0,13,14],"light_emission":15,"faces":{"south":{"uv":[13,3,13.5,4],"texture":"#0","cullface":"west"},"west":{"uv":[13,3,14,4],"texture":"#0","cullface":"west"},"up":{"uv":[13,3,14,3.5],"rotation":270,"texture":"#0","cullface":"west"}}},{"from":[-0.5,11,12],"to":[0,12,13],"light_emission":15,"faces":{"north":{"uv":[12,4,12.5,5],"texture":"#0","cullface":"west"},"west":{"uv":[12,4,13,5],"texture":"#0","cullface":"west"},"down":{"uv":[12,4,13,4.5],"rotation":90,"texture":"#0","cullface":"west"}}},{"from":[-0.7,12,12],"to":[0,13,13],"light_emission":15,"faces":{"north":{"uv":[12,3,12.5,4],"texture":"#0","cullface":"west"},"south":{"uv":[12,3,12.5,4],"texture":"#0","cullface":"west"},"west":{"uv":[12,3,13,4],"texture":"#0","cullface":"west"},"up":{"uv":[12,3,13,3.5],"rotation":270,"texture":"#0","cullface":"west"},"down":{"uv":[12,3,13,3.5],"rotation":90,"texture":"#0","cullface":"west"}}},{"from":[-0.5,12,11],"to":[0,13,12],"light_emission":15,"faces":{"north":{"uv":[11,3,11.5,4],"texture":"#0","cullface":"west"},"west":{"uv":[11,3,12,4],"texture":"#0","cullface":"west"},"down":{"uv":[11,3,12,3.5],"rotation":90,"texture":"#0","cullface":"west"}}},{"from":[-0.5,7,10],"to":[0,8,11],"light_emission":15,"faces":{"south":{"uv":[10,8,10.5,9],"texture":"#0","cullface":"west"},"west":{"uv":[10,8,11,9],"texture":"#0","cullface":"west"},"up":{"uv":[10,8,11,8.5],"rotation":270,"texture":"#0","cullface":"west"},"down":{"uv":[10,8,11,8.5],"rotation":90,"texture":"#0","cullface":"west"}}},{"from":[-0.5,6,9],"to":[0,7,10],"light_emission":15,"faces":{"north":{"uv":[9,9,9.5,10],"texture":"#0","cullface":"west"},"south":{"uv":[9,9,9.5,10],"texture":"#0","cullface":"west"},"west":{"uv":[9,9,10,10],"texture":"#0","cullface":"west"},"down":{"uv":[9,9,10,9.5],"rotation":90,"texture":"#0","cullface":"west"}}},{"from":[-0.7,7,9],"to":[0,8,10],"light_emission":15,"faces":{"north":{"uv":[9,8,9.5,9],"texture":"#0","cullface":"west"},"south":{"uv":[9,8,9.5,9],"texture":"#0","cullface":"west"},"west":{"uv":[9,8,10,9],"texture":"#0","cullface":"west"},"up":{"uv":[9,8,10,8.5],"rotation":270,"texture":"#0","cullface":"west"},"down":{"uv":[9,8,10,8.5],"rotation":90,"texture":"#0","cullface":"west"}}},{"from":[-0.5,8,9],"to":[0,9,10],"light_emission":15,"faces":{"south":{"uv":[9,7,9.5,8],"texture":"#0","cullface":"west"},"west":{"uv":[9,7,10,8],"texture":"#0","cullface":"west"}}},{"from":[-0.5,7,8],"to":[0,8,9],"light_emission":15,"faces":{"north":{"uv":[8,8,8.5,9],"texture":"#0","cullface":"west"},"west":{"uv":[8,8,9,9],"texture":"#0","cullface":"west"},"down":{"uv":[8,8,9,8.5],"rotation":90,"texture":"#0","cullface":"west"}}},{"from":[-0.7,8,8],"to":[0,9,9],"light_emission":15,"faces":{"north":{"uv":[8,7,8.5,8],"texture":"#0","cullface":"west"},"south":{"uv":[8,7,8.5,8],"texture":"#0","cullface":"west"},"west":{"uv":[8,7,9,8],"texture":"#0","cullface":"west"},"up":{"uv":[8,7,9,7.5],"rotation":270,"texture":"#0","cullface":"west"},"down":{"uv":[8,7,9,7.5],"rotation":90,"texture":"#0","cullface":"west"}}},{"from":[-0.5,8,7],"to":[0,9,8],"light_emission":15,"faces":{"north":{"uv":[7,7,7.5,8],"texture":"#0","cullface":"west"},"west":{"uv":[7,7,8,8],"texture":"#0","cullface":"west"},"up":{"uv":[7,7,8,7.5],"rotation":270,"texture":"#0","cullface":"west"},"down":{"uv":[7,7,8,7.5],"rotation":90,"texture":"#0","cullface":"west"}}},{"from":[-0.5,6,13],"to":[0,7,14],"light_emission":15,"faces":{"north":{"uv":[13,9,13.5,10],"texture":"#0","cullface":"west"},"south":{"uv":[13,9,13.5,10],"texture":"#0","cullface":"west"},"west":{"uv":[13,9,14,10],"texture":"#0","cullface":"west"},"up":{"uv":[13,9,14,9.5],"rotation":270,"texture":"#0","cullface":"west"},"down":{"uv":[13,9,14,9.5],"rotation":90,"texture":"#0","cullface":"west"}}},{"from":[2,6,16],"to":[3,8,16.5],"light_emission":15,"faces":{"east":{"uv":[2,8,2.5,10],"texture":"#0","cullface":"south"},"south":{"uv":[2,8,2.5,10],"texture":"#0","cullface":"south"},"west":{"uv":[2,8,2.5,10],"texture":"#0","cullface":"south"},"up":{"uv":[2,8,3,8.5],"rotation":180,"texture":"#0","cullface":"south"},"down":{"uv":[2,9,3,9.5],"rotation":180,"texture":"#0","cullface":"south"}}},{"from":[3,5,16],"to":[5,7,16.7],"light_emission":15,"faces":{"east":{"uv":[4,9,4.7,11],"texture":"#0","cullface":"south"},"south":{"uv":[3,9,5,11],"texture":"#0","cullface":"south"},"west":{"uv":[3,9,3.7,11],"texture":"#0","cullface":"south"},"up":{"uv":[3,9,5,9.7],"texture":"#0","cullface":"south"},"down":{"uv":[3,10,5,10.7],"texture":"#0","cullface":"south"}}},{"from":[2,10,16],"to":[3,11,16.5],"light_emission":15,"faces":{"south":{"uv":[2,5,3,6],"texture":"#0","cullface":"south"},"west":{"uv":[2,5,2.5,6],"texture":"#0","cullface":"south"},"up":{"uv":[2,5,3,5.5],"rotation":180,"texture":"#0","cullface":"south"},"down":{"uv":[2,5,3,5.5],"rotation":180,"texture":"#0","cullface":"south"}}},{"from":[5,11,16],"to":[6,12,16.5],"light_emission":15,"faces":{"east":{"uv":[5,4,5.5,5],"texture":"#0","cullface":"south"},"south":{"uv":[5,4,6,5],"texture":"#0","cullface":"south"},"down":{"uv":[5,4,6,4.5],"rotation":180,"texture":"#0","cullface":"south"}}},{"from":[5,12,16],"to":[7,13,16.5],"light_emission":15,"faces":{"east":{"uv":[6,3,6.5,4],"texture":"#0","cullface":"south"},"south":{"uv":[5,3,7,4],"texture":"#0","cullface":"south"},"west":{"uv":[5,3,5.5,4],"texture":"#0","cullface":"south"},"up":{"uv":[5,3,7,3.5],"texture":"#0","cullface":"south"},"down":{"uv":[5,3,7,3.5],"texture":"#0","cullface":"south"}}},{"from":[3,10,16],"to":[5,12,16.7],"light_emission":15,"faces":{"east":{"uv":[4,4,4.7,6],"texture":"#0","cullface":"south"},"south":{"uv":[3,4,5,6],"texture":"#0","cullface":"south"},"west":{"uv":[3,4,3.7,6],"texture":"#0","cullface":"south"},"up":{"uv":[3,4,5,4.7],"texture":"#0","cullface":"south"},"down":{"uv":[3,5,5,5.7],"texture":"#0","cullface":"south"}}},{"from":[11,2,16],"to":[13,3,16.5],"light_emission":15,"faces":{"east":{"uv":[12,13,12.5,14],"texture":"#0","cullface":"south"},"south":{"uv":[11,13,13,14],"texture":"#0","cullface":"south"},"up":{"uv":[11,13,13,13.5],"texture":"#0","cullface":"south"},"down":{"uv":[11,13,13,13.5],"texture":"#0","cullface":"south"}}},{"from":[8,3,16],"to":[10,4,16.5],"light_emission":15,"faces":{"south":{"uv":[8,12,10,13],"texture":"#0","cullface":"south"},"west":{"uv":[8,12,8.5,13],"texture":"#0","cullface":"south"},"up":{"uv":[8,12,10,12.5],"texture":"#0","cullface":"south"},"down":{"uv":[8,12,10,12.5],"texture":"#0","cullface":"south"}}},{"from":[10,3,16],"to":[11,4,16.5],"light_emission":15,"faces":{"east":{"uv":[10,12,10.5,13],"texture":"#0","cullface":"south"},"south":{"uv":[10,12,11,13],"texture":"#0","cullface":"south"},"up":{"uv":[10,12,11,12.5],"rotation":180,"texture":"#0","cullface":"south"}}},{"from":[10,1,16],"to":[11,2,16.5],"light_emission":15,"faces":{"east":{"uv":[10,14,10.5,15],"texture":"#0","cullface":"south"},"south":{"uv":[10,14,11,15],"texture":"#0","cullface":"south"},"west":{"uv":[10,14,10.5,15],"texture":"#0","cullface":"south"},"down":{"uv":[10,14,11,14.5],"rotation":180,"texture":"#0","cullface":"south"}}},{"from":[9,2,16],"to":[10,3,16.5],"light_emission":15,"faces":{"south":{"uv":[9,13,10,14],"texture":"#0","cullface":"south"},"west":{"uv":[9,13,9.5,14],"texture":"#0","cullface":"south"},"down":{"uv":[9,13,10,13.5],"rotation":180,"texture":"#0","cullface":"south"}}},{"from":[10,2,16],"to":[11,3,16.7],"light_emission":15,"faces":{"east":{"uv":[10,13,10.5,14],"texture":"#0","cullface":"south"},"south":{"uv":[10,13,11,14],"texture":"#0","cullface":"south"},"west":{"uv":[10,13,10.5,14],"texture":"#0","cullface":"south"},"up":{"uv":[10,13,11,13.5],"rotation":180,"texture":"#0","cullface":"south"},"down":{"uv":[10,13,11,13.5],"rotation":180,"texture":"#0","cullface":"south"}}},{"from":[2,2,16],"to":[4,3,16.5],"light_emission":15,"faces":{"east":{"uv":[3,13,3.5,14],"texture":"#0","cullface":"south"},"south":{"uv":[2,13,4,14],"texture":"#0","cullface":"south"},"west":{"uv":[2,13,2.5,14],"texture":"#0","cullface":"south"},"up":{"uv":[2,13,4,13.5],"texture":"#0","cullface":"south"},"down":{"uv":[2,13,4,13.5],"texture":"#0","cullface":"south"}}},{"from":[10,13,16],"to":[13,14,16.5],"light_emission":15,"faces":{"east":{"uv":[12,2,12.7,3],"texture":"#0","cullface":"south"},"south":{"uv":[10,2,13,3],"texture":"#0","cullface":"south"},"west":{"uv":[10,2,10.7,3],"texture":"#0","cullface":"south"},"up":{"uv":[10,2,13,2.7],"texture":"#0","cullface":"south"},"down":{"uv":[10,2,13,2.7],"texture":"#0","cullface":"south"}}},{"from":[8,9,16],"to":[11,10,16.5],"light_emission":15,"faces":{"east":{"uv":[10,6,10.7,7],"texture":"#0","cullface":"south"},"south":{"uv":[8,6,11,7],"texture":"#0","cullface":"south"},"west":{"uv":[8,6,8.7,7],"texture":"#0","cullface":"south"},"up":{"uv":[8,6,11,6.7],"texture":"#0","cullface":"south"},"down":{"uv":[8,6,11,6.7],"texture":"#0","cullface":"south"}}},{"from":[14,11,16],"to":[15,12,16.5],"light_emission":15,"faces":{"east":{"uv":[14,4,14.5,5],"texture":"#0","cullface":"south"},"south":{"uv":[14,4,15,5],"texture":"#0","cullface":"south"},"up":{"uv":[14,4,15,4.5],"rotation":180,"texture":"#0","cullface":"south"},"down":{"uv":[14,4,15,4.5],"rotation":180,"texture":"#0","cullface":"south"}}},{"from":[13,10,16],"to":[14,11,16.5],"light_emission":15,"faces":{"east":{"uv":[13,5,13.5,6],"texture":"#0","cullface":"south"},"south":{"uv":[13,5,14,6],"texture":"#0","cullface":"south"},"west":{"uv":[13,5,13.5,6],"texture":"#0","cullface":"south"},"down":{"uv":[13,5,14,5.5],"rotation":180,"texture":"#0","cullface":"south"}}},{"from":[13,11,16],"to":[14,12,16.7],"light_emission":15,"faces":{"east":{"uv":[13,4,13.5,5],"texture":"#0","cullface":"south"},"south":{"uv":[13,4,14,5],"texture":"#0","cullface":"south"},"west":{"uv":[13,4,13.5,5],"texture":"#0","cullface":"south"},"up":{"uv":[13,4,14,4.5],"rotation":180,"texture":"#0","cullface":"south"},"down":{"uv":[13,4,14,4.5],"rotation":180,"texture":"#0","cullface":"south"}}},{"from":[13,12,16],"to":[14,13,16.5],"light_emission":15,"faces":{"east":{"uv":[13,3,13.5,4],"texture":"#0","cullface":"south"},"south":{"uv":[13,3,14,4],"texture":"#0","cullface":"south"},"up":{"uv":[13,3,14,3.5],"rotation":180,"texture":"#0","cullface":"south"}}},{"from":[12,11,16],"to":[13,12,16.5],"light_emission":15,"faces":{"south":{"uv":[12,4,13,5],"texture":"#0","cullface":"south"},"west":{"uv":[12,4,12.5,5],"texture":"#0","cullface":"south"},"down":{"uv":[12,4,13,4.5],"rotation":180,"texture":"#0","cullface":"south"}}},{"from":[12,12,16],"to":[13,13,16.7],"light_emission":15,"faces":{"east":{"uv":[12,3,12.5,4],"texture":"#0","cullface":"south"},"south":{"uv":[12,3,13,4],"texture":"#0","cullface":"south"},"west":{"uv":[12,3,12.5,4],"texture":"#0","cullface":"south"},"up":{"uv":[12,3,13,3.5],"rotation":180,"texture":"#0","cullface":"south"},"down":{"uv":[12,3,13,3.5],"rotation":180,"texture":"#0","cullface":"south"}}},{"from":[11,12,16],"to":[12,13,16.5],"light_emission":15,"faces":{"south":{"uv":[11,3,12,4],"texture":"#0","cullface":"south"},"west":{"uv":[11,3,11.5,4],"texture":"#0","cullface":"south"},"down":{"uv":[11,3,12,3.5],"rotation":180,"texture":"#0","cullface":"south"}}},{"from":[10,7,16],"to":[11,8,16.5],"light_emission":15,"faces":{"east":{"uv":[10,8,10.5,9],"texture":"#0","cullface":"south"},"south":{"uv":[10,8,11,9],"texture":"#0","cullface":"south"},"up":{"uv":[10,8,11,8.5],"rotation":180,"texture":"#0","cullface":"south"},"down":{"uv":[10,8,11,8.5],"rotation":180,"texture":"#0","cullface":"south"}}},{"from":[9,6,16],"to":[10,7,16.5],"light_emission":15,"faces":{"east":{"uv":[9,9,9.5,10],"texture":"#0","cullface":"south"},"south":{"uv":[9,9,10,10],"texture":"#0","cullface":"south"},"west":{"uv":[9,9,9.5,10],"texture":"#0","cullface":"south"},"down":{"uv":[9,9,10,9.5],"rotation":180,"texture":"#0","cullface":"south"}}},{"from":[9,7,16],"to":[10,8,16.7],"light_emission":15,"faces":{"east":{"uv":[9,8,9.5,9],"texture":"#0","cullface":"south"},"south":{"uv":[9,8,10,9],"texture":"#0","cullface":"south"},"west":{"uv":[9,8,9.5,9],"texture":"#0","cullface":"south"},"up":{"uv":[9,8,10,8.5],"rotation":180,"texture":"#0","cullface":"south"},"down":{"uv":[9,8,10,8.5],"rotation":180,"texture":"#0","cullface":"south"}}},{"from":[9,8,16],"to":[10,9,16.5],"light_emission":15,"faces":{"east":{"uv":[9,7,9.5,8],"texture":"#0","cullface":"south"},"south":{"uv":[9,7,10,8],"texture":"#0","cullface":"south"}}},{"from":[8,7,16],"to":[9,8,16.5],"light_emission":15,"faces":{"south":{"uv":[8,8,9,9],"texture":"#0","cullface":"south"},"west":{"uv":[8,8,8.5,9],"texture":"#0","cullface":"south"},"down":{"uv":[8,8,9,8.5],"rotation":180,"texture":"#0","cullface":"south"}}},{"from":[8,8,16],"to":[9,9,16.7],"light_emission":15,"faces":{"east":{"uv":[8,7,8.5,8],"texture":"#0","cullface":"south"},"south":{"uv":[8,7,9,8],"texture":"#0","cullface":"south"},"west":{"uv":[8,7,8.5,8],"texture":"#0","cullface":"south"},"up":{"uv":[8,7,9,7.5],"rotation":180,"texture":"#0","cullface":"south"},"down":{"uv":[8,7,9,7.5],"rotation":180,"texture":"#0","cullface":"south"}}},{"from":[7,8,16],"to":[8,9,16.5],"light_emission":15,"faces":{"south":{"uv":[7,7,8,8],"texture":"#0","cullface":"south"},"west":{"uv":[7,7,7.5,8],"texture":"#0","cullface":"south"},"up":{"uv":[7,7,8,7.5],"rotation":180,"texture":"#0","cullface":"south"},"down":{"uv":[7,7,8,7.5],"rotation":180,"texture":"#0","cullface":"south"}}},{"from":[13,6,16],"to":[14,7,16.5],"light_emission":15,"faces":{"east":{"uv":[13,9,13.5,10],"texture":"#0","cullface":"south"},"south":{"uv":[13,9,14,10],"texture":"#0","cullface":"south"},"west":{"uv":[13,9,13.5,10],"texture":"#0","cullface":"south"},"up":{"uv":[13,9,14,9.5],"rotation":180,"texture":"#0","cullface":"south"},"down":{"uv":[13,9,14,9.5],"rotation":180,"texture":"#0","cullface":"south"}}},{"from":[16,6,13],"to":[16.5,8,14],"light_emission":15,"faces":{"north":{"uv":[2,8,2.5,10],"texture":"#0","cullface":"east"},"east":{"uv":[2,8,2.5,10],"texture":"#0","cullface":"east"},"south":{"uv":[2,8,2.5,10],"texture":"#0","cullface":"east"},"up":{"uv":[2,8,3,8.5],"rotation":90,"texture":"#0","cullface":"east"},"down":{"uv":[2,9,3,9.5],"rotation":270,"texture":"#0","cullface":"east"}}},{"from":[16,5,11],"to":[16.7,7,13],"light_emission":15,"faces":{"north":{"uv":[4,9,4.7,11],"texture":"#0","cullface":"east"},"east":{"uv":[3,9,5,11],"texture":"#0","cullface":"east"},"south":{"uv":[3,9,3.7,11],"texture":"#0","cullface":"east"},"up":{"uv":[3,9,5,9.7],"rotation":270,"texture":"#0","cullface":"east"},"down":{"uv":[3,10,5,10.7],"rotation":90,"texture":"#0","cullface":"east"}}},{"from":[16,10,13],"to":[16.5,11,14],"light_emission":15,"faces":{"east":{"uv":[2,5,3,6],"texture":"#0","cullface":"east"},"south":{"uv":[2,5,2.5,6],"texture":"#0","cullface":"east"},"up":{"uv":[2,5,3,5.5],"rotation":90,"texture":"#0","cullface":"east"},"down":{"uv":[2,5,3,5.5],"rotation":270,"texture":"#0","cullface":"east"}}},{"from":[16,11,10],"to":[16.5,12,11],"light_emission":15,"faces":{"north":{"uv":[5,4,5.5,5],"texture":"#0","cullface":"east"},"east":{"uv":[5,4,6,5],"texture":"#0","cullface":"east"},"down":{"uv":[5,4,6,4.5],"rotation":270,"texture":"#0","cullface":"east"}}},{"from":[16,12,9],"to":[16.5,13,11],"light_emission":15,"faces":{"north":{"uv":[6,3,6.5,4],"texture":"#0","cullface":"east"},"east":{"uv":[5,3,7,4],"texture":"#0","cullface":"east"},"south":{"uv":[5,3,5.5,4],"texture":"#0","cullface":"east"},"up":{"uv":[5,3,7,3.5],"rotation":270,"texture":"#0","cullface":"east"},"down":{"uv":[5,3,7,3.5],"rotation":90,"texture":"#0","cullface":"east"}}},{"from":[16,10,11],"to":[16.7,12,13],"light_emission":15,"faces":{"north":{"uv":[4,4,4.7,6],"texture":"#0","cullface":"east"},"east":{"uv":[3,4,5,6],"texture":"#0","cullface":"east"},"south":{"uv":[3,4,3.7,6],"texture":"#0","cullface":"east"},"up":{"uv":[3,4,5,4.7],"rotation":270,"texture":"#0","cullface":"east"},"down":{"uv":[3,5,5,5.7],"rotation":90,"texture":"#0","cullface":"east"}}},{"from":[16,2,3],"to":[16.5,3,5],"light_emission":15,"faces":{"north":{"uv":[12,13,12.5,14],"texture":"#0","cullface":"east"},"east":{"uv":[11,13,13,14],"texture":"#0","cullface":"east"},"up":{"uv":[11,13,13,13.5],"rotation":270,"texture":"#0","cullface":"east"},"down":{"uv":[11,13,13,13.5],"rotation":90,"texture":"#0","cullface":"east"}}},{"from":[16,3,6],"to":[16.5,4,8],"light_emission":15,"faces":{"east":{"uv":[8,12,10,13],"texture":"#0","cullface":"east"},"south":{"uv":[8,12,8.5,13],"texture":"#0","cullface":"east"},"up":{"uv":[8,12,10,12.5],"rotation":270,"texture":"#0","cullface":"east"},"down":{"uv":[8,12,10,12.5],"rotation":90,"texture":"#0","cullface":"east"}}},{"from":[16,3,5],"to":[16.5,4,6],"light_emission":15,"faces":{"north":{"uv":[10,12,10.5,13],"texture":"#0","cullface":"east"},"east":{"uv":[10,12,11,13],"texture":"#0","cullface":"east"},"up":{"uv":[10,12,11,12.5],"rotation":90,"texture":"#0","cullface":"east"}}},{"from":[16,1,5],"to":[16.5,2,6],"light_emission":15,"faces":{"north":{"uv":[10,14,10.5,15],"texture":"#0","cullface":"east"},"east":{"uv":[10,14,11,15],"texture":"#0","cullface":"east"},"south":{"uv":[10,14,10.5,15],"texture":"#0","cullface":"east"},"down":{"uv":[10,14,11,14.5],"rotation":270,"texture":"#0","cullface":"east"}}},{"from":[16,2,6],"to":[16.5,3,7],"light_emission":15,"faces":{"east":{"uv":[9,13,10,14],"texture":"#0","cullface":"east"},"south":{"uv":[9,13,9.5,14],"texture":"#0","cullface":"east"},"down":{"uv":[9,13,10,13.5],"rotation":270,"texture":"#0","cullface":"east"}}},{"from":[16,2,5],"to":[16.7,3,6],"light_emission":15,"faces":{"north":{"uv":[10,13,10.5,14],"texture":"#0","cullface":"east"},"east":{"uv":[10,13,11,14],"texture":"#0","cullface":"east"},"south":{"uv":[10,13,10.5,14],"texture":"#0","cullface":"east"},"up":{"uv":[10,13,11,13.5],"rotation":90,"texture":"#0","cullface":"east"},"down":{"uv":[10,13,11,13.5],"rotation":270,"texture":"#0","cullface":"east"}}},{"from":[16,2,12],"to":[16.5,3,14],"light_emission":15,"faces":{"north":{"uv":[3,13,3.5,14],"texture":"#0","cullface":"east"},"east":{"uv":[2,13,4,14],"texture":"#0","cullface":"east"},"south":{"uv":[2,13,2.5,14],"texture":"#0","cullface":"east"},"up":{"uv":[2,13,4,13.5],"rotation":270,"texture":"#0","cullface":"east"},"down":{"uv":[2,13,4,13.5],"rotation":90,"texture":"#0","cullface":"east"}}},{"from":[16,13,3],"to":[16.5,14,6],"light_emission":15,"faces":{"north":{"uv":[12,2,12.7,3],"texture":"#0","cullface":"east"},"east":{"uv":[10,2,13,3],"texture":"#0","cullface":"east"},"south":{"uv":[10,2,10.7,3],"texture":"#0","cullface":"east"},"up":{"uv":[10,2,13,2.7],"rotation":270,"texture":"#0","cullface":"east"},"down":{"uv":[10,2,13,2.7],"rotation":90,"texture":"#0","cullface":"east"}}},{"from":[16,9,5],"to":[16.5,10,8],"light_emission":15,"faces":{"north":{"uv":[10,6,10.7,7],"texture":"#0","cullface":"east"},"east":{"uv":[8,6,11,7],"texture":"#0","cullface":"east"},"south":{"uv":[8,6,8.7,7],"texture":"#0","cullface":"east"},"up":{"uv":[8,6,11,6.7],"rotation":270,"texture":"#0","cullface":"east"},"down":{"uv":[8,6,11,6.7],"rotation":90,"texture":"#0","cullface":"east"}}},{"from":[16,11,1],"to":[16.5,12,2],"light_emission":15,"faces":{"north":{"uv":[14,4,14.5,5],"texture":"#0","cullface":"east"},"east":{"uv":[14,4,15,5],"texture":"#0","cullface":"east"},"up":{"uv":[14,4,15,4.5],"rotation":90,"texture":"#0","cullface":"east"},"down":{"uv":[14,4,15,4.5],"rotation":270,"texture":"#0","cullface":"east"}}},{"from":[16,10,2],"to":[16.5,11,3],"light_emission":15,"faces":{"north":{"uv":[13,5,13.5,6],"texture":"#0","cullface":"east"},"east":{"uv":[13,5,14,6],"texture":"#0","cullface":"east"},"south":{"uv":[13,5,13.5,6],"texture":"#0","cullface":"east"},"down":{"uv":[13,5,14,5.5],"rotation":270,"texture":"#0","cullface":"east"}}},{"from":[16,11,2],"to":[16.7,12,3],"light_emission":15,"faces":{"north":{"uv":[13,4,13.5,5],"texture":"#0","cullface":"east"},"east":{"uv":[13,4,14,5],"texture":"#0","cullface":"east"},"south":{"uv":[13,4,13.5,5],"texture":"#0","cullface":"east"},"up":{"uv":[13,4,14,4.5],"rotation":90,"texture":"#0","cullface":"east"},"down":{"uv":[13,4,14,4.5],"rotation":270,"texture":"#0","cullface":"east"}}},{"from":[16,12,2],"to":[16.5,13,3],"light_emission":15,"faces":{"north":{"uv":[13,3,13.5,4],"texture":"#0","cullface":"east"},"east":{"uv":[13,3,14,4],"texture":"#0","cullface":"east"},"up":{"uv":[13,3,14,3.5],"rotation":90,"texture":"#0","cullface":"east"}}},{"from":[16,11,3],"to":[16.5,12,4],"light_emission":15,"faces":{"east":{"uv":[12,4,13,5],"texture":"#0","cullface":"east"},"south":{"uv":[12,4,12.5,5],"texture":"#0","cullface":"east"},"down":{"uv":[12,4,13,4.5],"rotation":270,"texture":"#0","cullface":"east"}}},{"from":[16,12,3],"to":[16.7,13,4],"light_emission":15,"faces":{"north":{"uv":[12,3,12.5,4],"texture":"#0","cullface":"east"},"east":{"uv":[12,3,13,4],"texture":"#0","cullface":"east"},"south":{"uv":[12,3,12.5,4],"texture":"#0","cullface":"east"},"up":{"uv":[12,3,13,3.5],"rotation":90,"texture":"#0","cullface":"east"},"down":{"uv":[12,3,13,3.5],"rotation":270,"texture":"#0","cullface":"east"}}},{"from":[16,12,4],"to":[16.5,13,5],"light_emission":15,"faces":{"east":{"uv":[11,3,12,4],"texture":"#0","cullface":"east"},"south":{"uv":[11,3,11.5,4],"texture":"#0","cullface":"east"},"down":{"uv":[11,3,12,3.5],"rotation":270,"texture":"#0","cullface":"east"}}},{"from":[16,7,5],"to":[16.5,8,6],"light_emission":15,"faces":{"north":{"uv":[10,8,10.5,9],"texture":"#0","cullface":"east"},"east":{"uv":[10,8,11,9],"texture":"#0","cullface":"east"},"up":{"uv":[10,8,11,8.5],"rotation":90,"texture":"#0","cullface":"east"},"down":{"uv":[10,8,11,8.5],"rotation":270,"texture":"#0","cullface":"east"}}},{"from":[16,6,6],"to":[16.5,7,7],"light_emission":15,"faces":{"north":{"uv":[9,9,9.5,10],"texture":"#0","cullface":"east"},"east":{"uv":[9,9,10,10],"texture":"#0","cullface":"east"},"south":{"uv":[9,9,9.5,10],"texture":"#0","cullface":"east"},"down":{"uv":[9,9,10,9.5],"rotation":270,"texture":"#0","cullface":"east"}}},{"from":[16,7,6],"to":[16.7,8,7],"light_emission":15,"faces":{"north":{"uv":[9,8,9.5,9],"texture":"#0","cullface":"east"},"east":{"uv":[9,8,10,9],"texture":"#0","cullface":"east"},"south":{"uv":[9,8,9.5,9],"texture":"#0","cullface":"east"},"up":{"uv":[9,8,10,8.5],"rotation":90,"texture":"#0","cullface":"east"},"down":{"uv":[9,8,10,8.5],"rotation":270,"texture":"#0","cullface":"east"}}},{"from":[16,8,6],"to":[16.5,9,7],"light_emission":15,"faces":{"north":{"uv":[9,7,9.5,8],"texture":"#0","cullface":"east"},"east":{"uv":[9,7,10,8],"texture":"#0","cullface":"east"}}},{"from":[16,7,7],"to":[16.5,8,8],"light_emission":15,"faces":{"east":{"uv":[8,8,9,9],"texture":"#0","cullface":"east"},"south":{"uv":[8,8,8.5,9],"texture":"#0","cullface":"east"},"down":{"uv":[8,8,9,8.5],"rotation":270,"texture":"#0","cullface":"east"}}},{"from":[16,8,7],"to":[16.7,9,8],"light_emission":15,"faces":{"north":{"uv":[8,7,8.5,8],"texture":"#0","cullface":"east"},"east":{"uv":[8,7,9,8],"texture":"#0","cullface":"east"},"south":{"uv":[8,7,8.5,8],"texture":"#0","cullface":"east"},"up":{"uv":[8,7,9,7.5],"rotation":90,"texture":"#0","cullface":"east"},"down":{"uv":[8,7,9,7.5],"rotation":270,"texture":"#0","cullface":"east"}}},{"from":[16,8,8],"to":[16.5,9,9],"light_emission":15,"faces":{"east":{"uv":[7,7,8,8],"texture":"#0","cullface":"east"},"south":{"uv":[7,7,7.5,8],"texture":"#0","cullface":"east"},"up":{"uv":[7,7,8,7.5],"rotation":90,"texture":"#0","cullface":"east"},"down":{"uv":[7,7,8,7.5],"rotation":270,"texture":"#0","cullface":"east"}}},{"from":[16,6,2],"to":[16.5,7,3],"light_emission":15,"faces":{"north":{"uv":[13,9,13.5,10],"texture":"#0","cullface":"east"},"east":{"uv":[13,9,14,10],"texture":"#0","cullface":"east"},"south":{"uv":[13,9,13.5,10],"texture":"#0","cullface":"east"},"up":{"uv":[13,9,14,9.5],"rotation":90,"texture":"#0","cullface":"east"},"down":{"uv":[13,9,14,9.5],"rotation":270,"texture":"#0","cullface":"east"}}},{"from":[2,16,8],"to":[3,16.5,10],"light_emission":15,"faces":{"north":{"uv":[2,8,3,8.5],"texture":"#0","cullface":"up"},"east":{"uv":[2,8,2.5,10],"rotation":90,"texture":"#0","cullface":"up"},"south":{"uv":[2,9,3,9.5],"rotation":180,"texture":"#0","cullface":"up"},"west":{"uv":[2,8,2.5,10],"rotation":270,"texture":"#0","cullface":"up"},"up":{"uv":[2,8,2.5,10],"texture":"#0","cullface":"up"}}},{"from":[3,16,9],"to":[5,16.7,11],"light_emission":15,"faces":{"north":{"uv":[3,9,5,9.7],"rotation":180,"texture":"#0","cullface":"up"},"east":{"uv":[4,9,4.7,11],"rotation":90,"texture":"#0","cullface":"up"},"south":{"uv":[3,10,5,10.7],"texture":"#0","cullface":"up"},"west":{"uv":[3,9,3.7,11],"rotation":270,"texture":"#0","cullface":"up"},"up":{"uv":[3,9,5,11],"texture":"#0","cullface":"up"}}},{"from":[2,16,5],"to":[3,16.5,6],"light_emission":15,"faces":{"north":{"uv":[2,5,3,5.5],"texture":"#0","cullface":"up"},"south":{"uv":[2,5,3,5.5],"rotation":180,"texture":"#0","cullface":"up"},"west":{"uv":[2,5,2.5,6],"rotation":270,"texture":"#0","cullface":"up"},"up":{"uv":[2,5,3,6],"texture":"#0","cullface":"up"}}},{"from":[5,16,4],"to":[6,16.5,5],"light_emission":15,"faces":{"east":{"uv":[5,4,5.5,5],"rotation":90,"texture":"#0","cullface":"up"},"south":{"uv":[5,4,6,4.5],"rotation":180,"texture":"#0","cullface":"up"},"up":{"uv":[5,4,6,5],"texture":"#0","cullface":"up"}}},{"from":[5,16,3],"to":[7,16.5,4],"light_emission":15,"faces":{"north":{"uv":[5,3,7,3.5],"rotation":180,"texture":"#0","cullface":"up"},"east":{"uv":[6,3,6.5,4],"rotation":90,"texture":"#0","cullface":"up"},"south":{"uv":[5,3,7,3.5],"texture":"#0","cullface":"up"},"west":{"uv":[5,3,5.5,4],"rotation":270,"texture":"#0","cullface":"up"},"up":{"uv":[5,3,7,4],"texture":"#0","cullface":"up"}}},{"from":[3,16,4],"to":[5,16.7,6],"light_emission":15,"faces":{"north":{"uv":[3,4,5,4.7],"rotation":180,"texture":"#0","cullface":"up"},"east":{"uv":[4,4,4.7,6],"rotation":90,"texture":"#0","cullface":"up"},"south":{"uv":[3,5,5,5.7],"texture":"#0","cullface":"up"},"west":{"uv":[3,4,3.7,6],"rotation":270,"texture":"#0","cullface":"up"},"up":{"uv":[3,4,5,6],"texture":"#0","cullface":"up"}}},{"from":[11,16,13],"to":[13,16.5,14],"light_emission":15,"faces":{"north":{"uv":[11,13,13,13.5],"rotation":180,"texture":"#0","cullface":"up"},"east":{"uv":[12,13,12.5,14],"rotation":90,"texture":"#0","cullface":"up"},"south":{"uv":[11,13,13,13.5],"texture":"#0","cullface":"up"},"up":{"uv":[11,13,13,14],"texture":"#0","cullface":"up"}}},{"from":[8,16,12],"to":[10,16.5,13],"light_emission":15,"faces":{"north":{"uv":[8,12,10,12.5],"rotation":180,"texture":"#0","cullface":"up"},"south":{"uv":[8,12,10,12.5],"texture":"#0","cullface":"up"},"west":{"uv":[8,12,8.5,13],"rotation":270,"texture":"#0","cullface":"up"},"up":{"uv":[8,12,10,13],"texture":"#0","cullface":"up"}}},{"from":[10,16,12],"to":[11,16.5,13],"light_emission":15,"faces":{"north":{"uv":[10,12,11,12.5],"texture":"#0","cullface":"up"},"east":{"uv":[10,12,10.5,13],"rotation":90,"texture":"#0","cullface":"up"},"up":{"uv":[10,12,11,13],"texture":"#0","cullface":"up"}}},{"from":[10,16,14],"to":[11,16.5,15],"light_emission":15,"faces":{"east":{"uv":[10,14,10.5,15],"rotation":90,"texture":"#0","cullface":"up"},"south":{"uv":[10,14,11,14.5],"rotation":180,"texture":"#0","cullface":"up"},"west":{"uv":[10,14,10.5,15],"rotation":270,"texture":"#0","cullface":"up"},"up":{"uv":[10,14,11,15],"texture":"#0","cullface":"up"}}},{"from":[9,16,13],"to":[10,16.5,14],"light_emission":15,"faces":{"south":{"uv":[9,13,10,13.5],"rotation":180,"texture":"#0","cullface":"up"},"west":{"uv":[9,13,9.5,14],"rotation":270,"texture":"#0","cullface":"up"},"up":{"uv":[9,13,10,14],"texture":"#0","cullface":"up"}}},{"from":[10,16,13],"to":[11,16.7,14],"light_emission":15,"faces":{"north":{"uv":[10,13,11,13.5],"texture":"#0","cullface":"up"},"east":{"uv":[10,13,10.5,14],"rotation":90,"texture":"#0","cullface":"up"},"south":{"uv":[10,13,11,13.5],"rotation":180,"texture":"#0","cullface":"up"},"west":{"uv":[10,13,10.5,14],"rotation":270,"texture":"#0","cullface":"up"},"up":{"uv":[10,13,11,14],"texture":"#0","cullface":"up"}}},{"from":[2,16,13],"to":[4,16.5,14],"light_emission":15,"faces":{"north":{"uv":[2,13,4,13.5],"rotation":180,"texture":"#0","cullface":"up"},"east":{"uv":[3,13,3.5,14],"rotation":90,"texture":"#0","cullface":"up"},"south":{"uv":[2,13,4,13.5],"texture":"#0","cullface":"up"},"west":{"uv":[2,13,2.5,14],"rotation":270,"texture":"#0","cullface":"up"},"up":{"uv":[2,13,4,14],"texture":"#0","cullface":"up"}}},{"from":[10,16,2],"to":[13,16.5,3],"light_emission":15,"faces":{"north":{"uv":[10,2,13,2.7],"rotation":180,"texture":"#0","cullface":"up"},"east":{"uv":[12,2,12.7,3],"rotation":90,"texture":"#0","cullface":"up"},"south":{"uv":[10,2,13,2.7],"texture":"#0","cullface":"up"},"west":{"uv":[10,2,10.7,3],"rotation":270,"texture":"#0","cullface":"up"},"up":{"uv":[10,2,13,3],"texture":"#0","cullface":"up"}}},{"from":[8,16,6],"to":[11,16.5,7],"light_emission":15,"faces":{"north":{"uv":[8,6,11,6.7],"rotation":180,"texture":"#0","cullface":"up"},"east":{"uv":[10,6,10.7,7],"rotation":90,"texture":"#0","cullface":"up"},"south":{"uv":[8,6,11,6.7],"texture":"#0","cullface":"up"},"west":{"uv":[8,6,8.7,7],"rotation":270,"texture":"#0","cullface":"up"},"up":{"uv":[8,6,11,7],"texture":"#0","cullface":"up"}}},{"from":[14,16,4],"to":[15,16.5,5],"light_emission":15,"faces":{"north":{"uv":[14,4,15,4.5],"texture":"#0","cullface":"up"},"east":{"uv":[14,4,14.5,5],"rotation":90,"texture":"#0","cullface":"up"},"south":{"uv":[14,4,15,4.5],"rotation":180,"texture":"#0","cullface":"up"},"up":{"uv":[14,4,15,5],"texture":"#0","cullface":"up"}}},{"from":[13,16,5],"to":[14,16.5,6],"light_emission":15,"faces":{"east":{"uv":[13,5,13.5,6],"rotation":90,"texture":"#0","cullface":"up"},"south":{"uv":[13,5,14,5.5],"rotation":180,"texture":"#0","cullface":"up"},"west":{"uv":[13,5,13.5,6],"rotation":270,"texture":"#0","cullface":"up"},"up":{"uv":[13,5,14,6],"texture":"#0","cullface":"up"}}},{"from":[13,16,4],"to":[14,16.7,5],"light_emission":15,"faces":{"north":{"uv":[13,4,14,4.5],"texture":"#0","cullface":"up"},"east":{"uv":[13,4,13.5,5],"rotation":90,"texture":"#0","cullface":"up"},"south":{"uv":[13,4,14,4.5],"rotation":180,"texture":"#0","cullface":"up"},"west":{"uv":[13,4,13.5,5],"rotation":270,"texture":"#0","cullface":"up"},"up":{"uv":[13,4,14,5],"texture":"#0","cullface":"up"}}},{"from":[13,16,3],"to":[14,16.5,4],"light_emission":15,"faces":{"north":{"uv":[13,3,14,3.5],"texture":"#0","cullface":"up"},"east":{"uv":[13,3,13.5,4],"rotation":90,"texture":"#0","cullface":"up"},"up":{"uv":[13,3,14,4],"texture":"#0","cullface":"up"}}},{"from":[12,16,4],"to":[13,16.5,5],"light_emission":15,"faces":{"south":{"uv":[12,4,13,4.5],"rotation":180,"texture":"#0","cullface":"up"},"west":{"uv":[12,4,12.5,5],"rotation":270,"texture":"#0","cullface":"up"},"up":{"uv":[12,4,13,5],"texture":"#0","cullface":"up"}}},{"from":[12,16,3],"to":[13,16.7,4],"light_emission":15,"faces":{"north":{"uv":[12,3,13,3.5],"texture":"#0","cullface":"up"},"east":{"uv":[12,3,12.5,4],"rotation":90,"texture":"#0","cullface":"up"},"south":{"uv":[12,3,13,3.5],"rotation":180,"texture":"#0","cullface":"up"},"west":{"uv":[12,3,12.5,4],"rotation":270,"texture":"#0","cullface":"up"},"up":{"uv":[12,3,13,4],"texture":"#0","cullface":"up"}}},{"from":[11,16,3],"to":[12,16.5,4],"light_emission":15,"faces":{"south":{"uv":[11,3,12,3.5],"rotation":180,"texture":"#0","cullface":"up"},"west":{"uv":[11,3,11.5,4],"rotation":270,"texture":"#0","cullface":"up"},"up":{"uv":[11,3,12,4],"texture":"#0","cullface":"up"}}},{"from":[10,16,8],"to":[11,16.5,9],"light_emission":15,"faces":{"north":{"uv":[10,8,11,8.5],"texture":"#0","cullface":"up"},"east":{"uv":[10,8,10.5,9],"rotation":90,"texture":"#0","cullface":"up"},"south":{"uv":[10,8,11,8.5],"rotation":180,"texture":"#0","cullface":"up"},"up":{"uv":[10,8,11,9],"texture":"#0","cullface":"up"}}},{"from":[9,16,9],"to":[10,16.5,10],"light_emission":15,"faces":{"east":{"uv":[9,9,9.5,10],"rotation":90,"texture":"#0","cullface":"up"},"south":{"uv":[9,9,10,9.5],"rotation":180,"texture":"#0","cullface":"up"},"west":{"uv":[9,9,9.5,10],"rotation":270,"texture":"#0","cullface":"up"},"up":{"uv":[9,9,10,10],"texture":"#0","cullface":"up"}}},{"from":[9,16,8],"to":[10,16.7,9],"light_emission":15,"faces":{"north":{"uv":[9,8,10,8.5],"texture":"#0","cullface":"up"},"east":{"uv":[9,8,9.5,9],"rotation":90,"texture":"#0","cullface":"up"},"south":{"uv":[9,8,10,8.5],"rotation":180,"texture":"#0","cullface":"up"},"west":{"uv":[9,8,9.5,9],"rotation":270,"texture":"#0","cullface":"up"},"up":{"uv":[9,8,10,9],"texture":"#0","cullface":"up"}}},{"from":[9,16,7],"to":[10,16.5,8],"light_emission":15,"faces":{"east":{"uv":[9,7,9.5,8],"rotation":90,"texture":"#0","cullface":"up"},"up":{"uv":[9,7,10,8],"texture":"#0","cullface":"up"}}},{"from":[8,16,8],"to":[9,16.5,9],"light_emission":15,"faces":{"south":{"uv":[8,8,9,8.5],"rotation":180,"texture":"#0","cullface":"up"},"west":{"uv":[8,8,8.5,9],"rotation":270,"texture":"#0","cullface":"up"},"up":{"uv":[8,8,9,9],"texture":"#0","cullface":"up"}}},{"from":[8,16,7],"to":[9,16.7,8],"light_emission":15,"faces":{"north":{"uv":[8,7,9,7.5],"texture":"#0","cullface":"up"},"east":{"uv":[8,7,8.5,8],"rotation":90,"texture":"#0","cullface":"up"},"south":{"uv":[8,7,9,7.5],"rotation":180,"texture":"#0","cullface":"up"},"west":{"uv":[8,7,8.5,8],"rotation":270,"texture":"#0","cullface":"up"},"up":{"uv":[8,7,9,8],"texture":"#0","cullface":"up"}}},{"from":[7,16,7],"to":[8,16.5,8],"light_emission":15,"faces":{"north":{"uv":[7,7,8,7.5],"texture":"#0","cullface":"up"},"south":{"uv":[7,7,8,7.5],"rotation":180,"texture":"#0","cullface":"up"},"west":{"uv":[7,7,7.5,8],"rotation":270,"texture":"#0","cullface":"up"},"up":{"uv":[7,7,8,8],"texture":"#0","cullface":"up"}}},{"from":[13,16,9],"to":[14,16.5,10],"light_emission":15,"faces":{"north":{"uv":[13,9,14,9.5],"texture":"#0","cullface":"up"},"east":{"uv":[13,9,13.5,10],"rotation":90,"texture":"#0","cullface":"up"},"south":{"uv":[13,9,14,9.5],"rotation":180,"texture":"#0","cullface":"up"},"west":{"uv":[13,9,13.5,10],"rotation":270,"texture":"#0","cullface":"up"},"up":{"uv":[13,9,14,10],"texture":"#0","cullface":"up"}}},{"from":[2,-0.5,6],"to":[3,0,8],"light_emission":15,"faces":{"north":{"uv":[2,9,3,9.5],"texture":"#0","cullface":"down"},"east":{"uv":[2,8,2.5,10],"rotation":270,"texture":"#0","cullface":"down"},"south":{"uv":[2,8,3,8.5],"rotation":180,"texture":"#0","cullface":"down"},"west":{"uv":[2,8,2.5,10],"rotation":90,"texture":"#0","cullface":"down"},"down":{"uv":[2,8,2.5,10],"texture":"#0","cullface":"down"}}},{"from":[3,-0.7,5],"to":[5,0,7],"light_emission":15,"faces":{"north":{"uv":[3,10,5,10.7],"rotation":180,"texture":"#0","cullface":"down"},"east":{"uv":[4,9,4.7,11],"rotation":270,"texture":"#0","cullface":"down"},"south":{"uv":[3,9,5,9.7],"texture":"#0","cullface":"down"},"west":{"uv":[3,9,3.7,11],"rotation":90,"texture":"#0","cullface":"down"},"down":{"uv":[3,9,5,11],"texture":"#0","cullface":"down"}}},{"from":[2,-0.5,10],"to":[3,0,11],"light_emission":15,"faces":{"north":{"uv":[2,5,3,5.5],"texture":"#0","cullface":"down"},"south":{"uv":[2,5,3,5.5],"rotation":180,"texture":"#0","cullface":"down"},"west":{"uv":[2,5,2.5,6],"rotation":90,"texture":"#0","cullface":"down"},"down":{"uv":[2,5,3,6],"texture":"#0","cullface":"down"}}},{"from":[5,-0.5,11],"to":[6,0,12],"light_emission":15,"faces":{"north":{"uv":[5,4,6,4.5],"texture":"#0","cullface":"down"},"east":{"uv":[5,4,5.5,5],"rotation":270,"texture":"#0","cullface":"down"},"down":{"uv":[5,4,6,5],"texture":"#0","cullface":"down"}}},{"from":[5,-0.5,12],"to":[7,0,13],"light_emission":15,"faces":{"north":{"uv":[5,3,7,3.5],"rotation":180,"texture":"#0","cullface":"down"},"east":{"uv":[6,3,6.5,4],"rotation":270,"texture":"#0","cullface":"down"},"south":{"uv":[5,3,7,3.5],"texture":"#0","cullface":"down"},"west":{"uv":[5,3,5.5,4],"rotation":90,"texture":"#0","cullface":"down"},"down":{"uv":[5,3,7,4],"texture":"#0","cullface":"down"}}},{"from":[3,-0.7,10],"to":[5,0,12],"light_emission":15,"faces":{"north":{"uv":[3,5,5,5.7],"rotation":180,"texture":"#0","cullface":"down"},"east":{"uv":[4,4,4.7,6],"rotation":270,"texture":"#0","cullface":"down"},"south":{"uv":[3,4,5,4.7],"texture":"#0","cullface":"down"},"west":{"uv":[3,4,3.7,6],"rotation":90,"texture":"#0","cullface":"down"},"down":{"uv":[3,4,5,6],"texture":"#0","cullface":"down"}}},{"from":[11,-0.5,2],"to":[13,0,3],"light_emission":15,"faces":{"north":{"uv":[11,13,13,13.5],"rotation":180,"texture":"#0","cullface":"down"},"east":{"uv":[12,13,12.5,14],"rotation":270,"texture":"#0","cullface":"down"},"south":{"uv":[11,13,13,13.5],"texture":"#0","cullface":"down"},"down":{"uv":[11,13,13,14],"texture":"#0","cullface":"down"}}},{"from":[8,-0.5,3],"to":[10,0,4],"light_emission":15,"faces":{"north":{"uv":[8,12,10,12.5],"rotation":180,"texture":"#0","cullface":"down"},"south":{"uv":[8,12,10,12.5],"texture":"#0","cullface":"down"},"west":{"uv":[8,12,8.5,13],"rotation":90,"texture":"#0","cullface":"down"},"down":{"uv":[8,12,10,13],"texture":"#0","cullface":"down"}}},{"from":[10,-0.5,3],"to":[11,0,4],"light_emission":15,"faces":{"east":{"uv":[10,12,10.5,13],"rotation":270,"texture":"#0","cullface":"down"},"south":{"uv":[10,12,11,12.5],"rotation":180,"texture":"#0","cullface":"down"},"down":{"uv":[10,12,11,13],"texture":"#0","cullface":"down"}}},{"from":[10,-0.5,1],"to":[11,0,2],"light_emission":15,"faces":{"north":{"uv":[10,14,11,14.5],"texture":"#0","cullface":"down"},"east":{"uv":[10,14,10.5,15],"rotation":270,"texture":"#0","cullface":"down"},"west":{"uv":[10,14,10.5,15],"rotation":90,"texture":"#0","cullface":"down"},"down":{"uv":[10,14,11,15],"texture":"#0","cullface":"down"}}},{"from":[9,-0.5,2],"to":[10,0,3],"light_emission":15,"faces":{"north":{"uv":[9,13,10,13.5],"texture":"#0","cullface":"down"},"west":{"uv":[9,13,9.5,14],"rotation":90,"texture":"#0","cullface":"down"},"down":{"uv":[9,13,10,14],"texture":"#0","cullface":"down"}}},{"from":[10,-0.7,2],"to":[11,0,3],"light_emission":15,"faces":{"north":{"uv":[10,13,11,13.5],"texture":"#0","cullface":"down"},"east":{"uv":[10,13,10.5,14],"rotation":270,"texture":"#0","cullface":"down"},"south":{"uv":[10,13,11,13.5],"rotation":180,"texture":"#0","cullface":"down"},"west":{"uv":[10,13,10.5,14],"rotation":90,"texture":"#0","cullface":"down"},"down":{"uv":[10,13,11,14],"texture":"#0","cullface":"down"}}},{"from":[2,-0.5,2],"to":[4,0,3],"light_emission":15,"faces":{"north":{"uv":[2,13,4,13.5],"rotation":180,"texture":"#0","cullface":"down"},"east":{"uv":[3,13,3.5,14],"rotation":270,"texture":"#0","cullface":"down"},"south":{"uv":[2,13,4,13.5],"texture":"#0","cullface":"down"},"west":{"uv":[2,13,2.5,14],"rotation":90,"texture":"#0","cullface":"down"},"down":{"uv":[2,13,4,14],"texture":"#0","cullface":"down"}}},{"from":[10,-0.5,13],"to":[13,0,14],"light_emission":15,"faces":{"north":{"uv":[10,2,13,2.7],"rotation":180,"texture":"#0","cullface":"down"},"east":{"uv":[12,2,12.7,3],"rotation":270,"texture":"#0","cullface":"down"},"south":{"uv":[10,2,13,2.7],"texture":"#0","cullface":"down"},"west":{"uv":[10,2,10.7,3],"rotation":90,"texture":"#0","cullface":"down"},"down":{"uv":[10,2,13,3],"texture":"#0","cullface":"down"}}},{"from":[8,-0.5,9],"to":[11,0,10],"light_emission":15,"faces":{"north":{"uv":[8,6,11,6.7],"rotation":180,"texture":"#0","cullface":"down"},"east":{"uv":[10,6,10.7,7],"rotation":270,"texture":"#0","cullface":"down"},"south":{"uv":[8,6,11,6.7],"texture":"#0","cullface":"down"},"west":{"uv":[8,6,8.7,7],"rotation":90,"texture":"#0","cullface":"down"},"down":{"uv":[8,6,11,7],"texture":"#0","cullface":"down"}}},{"from":[14,-0.5,11],"to":[15,0,12],"light_emission":15,"faces":{"north":{"uv":[14,4,15,4.5],"texture":"#0","cullface":"down"},"east":{"uv":[14,4,14.5,5],"rotation":270,"texture":"#0","cullface":"down"},"south":{"uv":[14,4,15,4.5],"rotation":180,"texture":"#0","cullface":"down"},"down":{"uv":[14,4,15,5],"texture":"#0","cullface":"down"}}},{"from":[13,-0.5,10],"to":[14,0,11],"light_emission":15,"faces":{"north":{"uv":[13,5,14,5.5],"texture":"#0","cullface":"down"},"east":{"uv":[13,5,13.5,6],"rotation":270,"texture":"#0","cullface":"down"},"west":{"uv":[13,5,13.5,6],"rotation":90,"texture":"#0","cullface":"down"},"down":{"uv":[13,5,14,6],"texture":"#0","cullface":"down"}}},{"from":[13,-0.7,11],"to":[14,0,12],"light_emission":15,"faces":{"north":{"uv":[13,4,14,4.5],"texture":"#0","cullface":"down"},"east":{"uv":[13,4,13.5,5],"rotation":270,"texture":"#0","cullface":"down"},"south":{"uv":[13,4,14,4.5],"rotation":180,"texture":"#0","cullface":"down"},"west":{"uv":[13,4,13.5,5],"rotation":90,"texture":"#0","cullface":"down"},"down":{"uv":[13,4,14,5],"texture":"#0","cullface":"down"}}},{"from":[13,-0.5,12],"to":[14,0,13],"light_emission":15,"faces":{"east":{"uv":[13,3,13.5,4],"rotation":270,"texture":"#0","cullface":"down"},"south":{"uv":[13,3,14,3.5],"rotation":180,"texture":"#0","cullface":"down"},"down":{"uv":[13,3,14,4],"texture":"#0","cullface":"down"}}},{"from":[12,-0.5,11],"to":[13,0,12],"light_emission":15,"faces":{"north":{"uv":[12,4,13,4.5],"texture":"#0","cullface":"down"},"west":{"uv":[12,4,12.5,5],"rotation":90,"texture":"#0","cullface":"down"},"down":{"uv":[12,4,13,5],"texture":"#0","cullface":"down"}}},{"from":[12,-0.7,12],"to":[13,0,13],"light_emission":15,"faces":{"north":{"uv":[12,3,13,3.5],"texture":"#0","cullface":"down"},"east":{"uv":[12,3,12.5,4],"rotation":270,"texture":"#0","cullface":"down"},"south":{"uv":[12,3,13,3.5],"rotation":180,"texture":"#0","cullface":"down"},"west":{"uv":[12,3,12.5,4],"rotation":90,"texture":"#0","cullface":"down"},"down":{"uv":[12,3,13,4],"texture":"#0","cullface":"down"}}},{"from":[11,-0.5,12],"to":[12,0,13],"light_emission":15,"faces":{"north":{"uv":[11,3,12,3.5],"texture":"#0","cullface":"down"},"west":{"uv":[11,3,11.5,4],"rotation":90,"texture":"#0","cullface":"down"},"down":{"uv":[11,3,12,4],"texture":"#0","cullface":"down"}}},{"from":[10,-0.5,7],"to":[11,0,8],"light_emission":15,"faces":{"north":{"uv":[10,8,11,8.5],"texture":"#0","cullface":"down"},"east":{"uv":[10,8,10.5,9],"rotation":270,"texture":"#0","cullface":"down"},"south":{"uv":[10,8,11,8.5],"rotation":180,"texture":"#0","cullface":"down"},"down":{"uv":[10,8,11,9],"texture":"#0","cullface":"down"}}},{"from":[9,-0.5,6],"to":[10,0,7],"light_emission":15,"faces":{"north":{"uv":[9,9,10,9.5],"texture":"#0","cullface":"down"},"east":{"uv":[9,9,9.5,10],"rotation":270,"texture":"#0","cullface":"down"},"west":{"uv":[9,9,9.5,10],"rotation":90,"texture":"#0","cullface":"down"},"down":{"uv":[9,9,10,10],"texture":"#0","cullface":"down"}}},{"from":[9,-0.7,7],"to":[10,0,8],"light_emission":15,"faces":{"north":{"uv":[9,8,10,8.5],"texture":"#0","cullface":"down"},"east":{"uv":[9,8,9.5,9],"rotation":270,"texture":"#0","cullface":"down"},"south":{"uv":[9,8,10,8.5],"rotation":180,"texture":"#0","cullface":"down"},"west":{"uv":[9,8,9.5,9],"rotation":90,"texture":"#0","cullface":"down"},"down":{"uv":[9,8,10,9],"texture":"#0","cullface":"down"}}},{"from":[9,-0.5,8],"to":[10,0,9],"light_emission":15,"faces":{"east":{"uv":[9,7,9.5,8],"rotation":270,"texture":"#0","cullface":"down"},"down":{"uv":[9,7,10,8],"texture":"#0","cullface":"down"}}},{"from":[8,-0.5,7],"to":[9,0,8],"light_emission":15,"faces":{"north":{"uv":[8,8,9,8.5],"texture":"#0","cullface":"down"},"west":{"uv":[8,8,8.5,9],"rotation":90,"texture":"#0","cullface":"down"},"down":{"uv":[8,8,9,9],"texture":"#0","cullface":"down"}}},{"from":[8,-0.7,8],"to":[9,0,9],"light_emission":15,"faces":{"north":{"uv":[8,7,9,7.5],"texture":"#0","cullface":"down"},"east":{"uv":[8,7,8.5,8],"rotation":270,"texture":"#0","cullface":"down"},"south":{"uv":[8,7,9,7.5],"rotation":180,"texture":"#0","cullface":"down"},"west":{"uv":[8,7,8.5,8],"rotation":90,"texture":"#0","cullface":"down"},"down":{"uv":[8,7,9,8],"texture":"#0","cullface":"down"}}},{"from":[7,-0.5,8],"to":[8,0,9],"light_emission":15,"faces":{"north":{"uv":[7,7,8,7.5],"texture":"#0","cullface":"down"},"south":{"uv":[7,7,8,7.5],"rotation":180,"texture":"#0","cullface":"down"},"west":{"uv":[7,7,7.5,8],"rotation":90,"texture":"#0","cullface":"down"},"down":{"uv":[7,7,8,8],"texture":"#0","cullface":"down"}}},{"from":[13,-0.5,6],"to":[14,0,7],"light_emission":15,"faces":{"north":{"uv":[13,9,14,9.5],"texture":"#0","cullface":"down"},"east":{"uv":[13,9,13.5,10],"rotation":270,"texture":"#0","cullface":"down"},"south":{"uv":[13,9,14,9.5],"rotation":180,"texture":"#0","cullface":"down"},"west":{"uv":[13,9,13.5,10],"rotation":90,"texture":"#0","cullface":"down"},"down":{"uv":[13,9,14,10],"texture":"#0","cullface":"down"}}},{"from":[10,11,-0.5],"to":[11,12,0],"light_emission":15,"faces":{"north":{"uv":[5,4,6,5],"texture":"#0","cullface":"north"},"west":{"uv":[5,4,5.5,5],"texture":"#0","cullface":"north"},"down":{"uv":[5,4,6,4.5],"texture":"#0","cullface":"north"}}},{"from":[13,10,-0.5],"to":[14,11,0],"light_emission":15,"faces":{"north":{"uv":[2,5,3,6],"texture":"#0","cullface":"north"},"east":{"uv":[2,5,2.5,6],"texture":"#0","cullface":"north"},"up":{"uv":[2,5,3,5.5],"texture":"#0","cullface":"north"},"down":{"uv":[2,5,3,5.5],"texture":"#0","cullface":"north"}}},{"from":[8,8,-0.5],"to":[9,9,0],"light_emission":15,"faces":{"north":{"uv":[7,7,8,8],"texture":"#0","cullface":"north"},"east":{"uv":[7,7,7.5,8],"texture":"#0","cullface":"north"},"up":{"uv":[7,7,8,7.5],"texture":"#0","cullface":"north"},"down":{"uv":[7,7,8,7.5],"texture":"#0","cullface":"north"}}},{"from":[1,11,-0.5],"to":[2,12,0],"light_emission":15,"faces":{"north":{"uv":[14,4,15,5],"texture":"#0","cullface":"north"},"west":{"uv":[14,4,14.5,5],"texture":"#0","cullface":"north"},"up":{"uv":[14,4,15,4.5],"texture":"#0","cullface":"north"},"down":{"uv":[14,4,15,4.5],"texture":"#0","cullface":"north"}}},{"from":[2,10,-0.5],"to":[3,11,0],"light_emission":15,"faces":{"north":{"uv":[13,5,14,6],"texture":"#0","cullface":"north"},"east":{"uv":[13,5,13.5,6],"texture":"#0","cullface":"north"},"west":{"uv":[13,5,13.5,6],"texture":"#0","cullface":"north"},"down":{"uv":[13,5,14,5.5],"texture":"#0","cullface":"north"}}},{"from":[2,11,-0.7],"to":[3,12,0],"light_emission":15,"faces":{"north":{"uv":[13,4,14,5],"texture":"#0","cullface":"north"},"east":{"uv":[13,4,13.5,5],"texture":"#0","cullface":"north"},"west":{"uv":[13,4,13.5,5],"texture":"#0","cullface":"north"},"up":{"uv":[13,4,14,4.5],"texture":"#0","cullface":"north"},"down":{"uv":[13,4,14,4.5],"texture":"#0","cullface":"north"}}},{"from":[5,3,-0.5],"to":[6,4,0],"light_emission":15,"faces":{"north":{"uv":[10,12,11,13],"texture":"#0","cullface":"north"},"west":{"uv":[10,12,10.5,13],"texture":"#0","cullface":"north"},"up":{"uv":[10,12,11,12.5],"texture":"#0","cullface":"north"}}},{"from":[5,1,-0.5],"to":[6,2,0],"light_emission":15,"faces":{"north":{"uv":[10,14,11,15],"texture":"#0","cullface":"north"},"east":{"uv":[10,14,10.5,15],"texture":"#0","cullface":"north"},"west":{"uv":[10,14,10.5,15],"texture":"#0","cullface":"north"},"down":{"uv":[10,14,11,14.5],"texture":"#0","cullface":"north"}}},{"from":[6,2,-0.5],"to":[7,3,0],"light_emission":15,"faces":{"north":{"uv":[9,13,10,14],"texture":"#0","cullface":"north"},"east":{"uv":[9,13,9.5,14],"texture":"#0","cullface":"north"},"down":{"uv":[9,13,10,13.5],"texture":"#0","cullface":"north"}}},{"from":[5,2,-0.7],"to":[6,3,0],"light_emission":15,"faces":{"north":{"uv":[10,13,11,14],"texture":"#0","cullface":"north"},"east":{"uv":[10,13,10.5,14],"texture":"#0","cullface":"north"},"west":{"uv":[10,13,10.5,14],"texture":"#0","cullface":"north"},"up":{"uv":[10,13,11,13.5],"texture":"#0","cullface":"north"},"down":{"uv":[10,13,11,13.5],"texture":"#0","cullface":"north"}}},{"from":[2,12,-0.5],"to":[3,13,0],"light_emission":15,"faces":{"north":{"uv":[13,3,14,4],"texture":"#0","cullface":"north"},"west":{"uv":[13,3,13.5,4],"texture":"#0","cullface":"north"},"up":{"uv":[13,3,14,3.5],"texture":"#0","cullface":"north"}}},{"from":[3,11,-0.5],"to":[4,12,0],"light_emission":15,"faces":{"north":{"uv":[12,4,13,5],"texture":"#0","cullface":"north"},"east":{"uv":[12,4,12.5,5],"texture":"#0","cullface":"north"},"down":{"uv":[12,4,13,4.5],"texture":"#0","cullface":"north"}}},{"from":[3,12,-0.7],"to":[4,13,0],"light_emission":15,"faces":{"north":{"uv":[12,3,13,4],"texture":"#0","cullface":"north"},"east":{"uv":[12,3,12.5,4],"texture":"#0","cullface":"north"},"west":{"uv":[12,3,12.5,4],"texture":"#0","cullface":"north"},"up":{"uv":[12,3,13,3.5],"texture":"#0","cullface":"north"},"down":{"uv":[12,3,13,3.5],"texture":"#0","cullface":"north"}}},{"from":[4,12,-0.5],"to":[5,13,0],"light_emission":15,"faces":{"north":{"uv":[11,3,12,4],"texture":"#0","cullface":"north"},"east":{"uv":[11,3,11.5,4],"texture":"#0","cullface":"north"},"down":{"uv":[11,3,12,3.5],"texture":"#0","cullface":"north"}}},{"from":[5,9,-0.5],"to":[8,10,0],"light_emission":15,"faces":{"north":{"uv":[8,6,11,7],"texture":"#0","cullface":"north"},"east":{"uv":[8,6,8.7,7],"texture":"#0","cullface":"north"},"west":{"uv":[10,6,10.7,7],"texture":"#0","cullface":"north"},"up":{"uv":[8,6,11,6.7],"rotation":180,"texture":"#0","cullface":"north"},"down":{"uv":[8,6,11,6.7],"rotation":180,"texture":"#0","cullface":"north"}}},{"from":[3,13,-0.5],"to":[6,14,0],"light_emission":15,"faces":{"north":{"uv":[10,2,13,3],"texture":"#0","cullface":"north"},"east":{"uv":[10,2,10.7,3],"texture":"#0","cullface":"north"},"west":{"uv":[12,2,12.7,3],"texture":"#0","cullface":"north"},"up":{"uv":[10,2,13,2.7],"rotation":180,"texture":"#0","cullface":"north"},"down":{"uv":[10,2,13,2.7],"rotation":180,"texture":"#0","cullface":"north"}}},{"from":[12,2,-0.5],"to":[14,3,0],"light_emission":15,"faces":{"north":{"uv":[2,13,4,14],"texture":"#0","cullface":"north"},"east":{"uv":[2,13,2.5,14],"texture":"#0","cullface":"north"},"west":{"uv":[3,13,3.5,14],"texture":"#0","cullface":"north"},"up":{"uv":[2,13,4,13.5],"rotation":180,"texture":"#0","cullface":"north"},"down":{"uv":[2,13,4,13.5],"rotation":180,"texture":"#0","cullface":"north"}}},{"from":[9,12,-0.5],"to":[11,13,0],"light_emission":15,"faces":{"north":{"uv":[5,3,7,4],"texture":"#0","cullface":"north"},"east":{"uv":[5,3,5.5,4],"texture":"#0","cullface":"north"},"west":{"uv":[6,3,6.5,4],"texture":"#0","cullface":"north"},"up":{"uv":[5,3,7,3.5],"rotation":180,"texture":"#0","cullface":"north"},"down":{"uv":[5,3,7,3.5],"rotation":180,"texture":"#0","cullface":"north"}}},{"from":[6,3,-0.5],"to":[8,4,0],"light_emission":15,"faces":{"north":{"uv":[8,12,10,13],"texture":"#0","cullface":"north"},"east":{"uv":[8,12,8.5,13],"texture":"#0","cullface":"north"},"up":{"uv":[8,12,10,12.5],"rotation":180,"texture":"#0","cullface":"north"},"down":{"uv":[8,12,10,12.5],"rotation":180,"texture":"#0","cullface":"north"}}},{"from":[3,2,-0.5],"to":[5,3,0],"light_emission":15,"faces":{"north":{"uv":[11,13,13,14],"texture":"#0","cullface":"north"},"west":{"uv":[12,13,12.5,14],"texture":"#0","cullface":"north"},"up":{"uv":[11,13,13,13.5],"rotation":180,"texture":"#0","cullface":"north"},"down":{"uv":[11,13,13,13.5],"rotation":180,"texture":"#0","cullface":"north"}}},{"from":[11,10,-0.7],"to":[13,12,0],"light_emission":15,"faces":{"north":{"uv":[3,4,5,6],"texture":"#0","cullface":"north"},"east":{"uv":[3,4,3.7,6],"texture":"#0","cullface":"north"},"west":{"uv":[4,4,4.7,6],"texture":"#0","cullface":"north"},"up":{"uv":[3,4,5,4.7],"rotation":180,"texture":"#0","cullface":"north"},"down":{"uv":[3,5,5,5.7],"rotation":180,"texture":"#0","cullface":"north"}}},{"from":[11,5,-0.7],"to":[13,7,0],"light_emission":15,"faces":{"north":{"uv":[3,9,5,11],"texture":"#0","cullface":"north"},"east":{"uv":[3,9,3.7,11],"texture":"#0","cullface":"north"},"west":{"uv":[4,9,4.7,11],"texture":"#0","cullface":"north"},"up":{"uv":[3,9,5,9.7],"rotation":180,"texture":"#0","cullface":"north"},"down":{"uv":[3,10,5,10.7],"rotation":180,"texture":"#0","cullface":"north"}}},{"from":[13,6,-0.5],"to":[14,8,0],"light_emission":15,"faces":{"north":{"uv":[2,8,2.5,10],"texture":"#0","cullface":"north"},"east":{"uv":[2,8,2.5,10],"texture":"#0","cullface":"north"},"west":{"uv":[2,8,2.5,10],"texture":"#0","cullface":"north"},"up":{"uv":[2,8,3,8.5],"texture":"#0","cullface":"north"},"down":{"uv":[2,9,3,9.5],"texture":"#0","cullface":"north"}}},{"from":[7,8,-0.7],"to":[8,9,0],"light_emission":15,"faces":{"north":{"uv":[8,7,9,8],"texture":"#0","cullface":"north"},"east":{"uv":[8,7,8.5,8],"texture":"#0","cullface":"north"},"west":{"uv":[8,7,8.5,8],"texture":"#0","cullface":"north"},"up":{"uv":[8,7,9,7.5],"texture":"#0","cullface":"north"},"down":{"uv":[8,7,9,7.5],"texture":"#0","cullface":"north"}}},{"from":[7,7,-0.5],"to":[8,8,0],"light_emission":15,"faces":{"north":{"uv":[8,8,9,9],"texture":"#0","cullface":"north"},"east":{"uv":[8,8,8.5,9],"texture":"#0","cullface":"north"},"down":{"uv":[8,8,9,8.5],"texture":"#0","cullface":"north"}}},{"from":[6,8,-0.5],"to":[7,9,0],"light_emission":15,"faces":{"north":{"uv":[9,7,10,8],"texture":"#0","cullface":"north"},"west":{"uv":[9,7,9.5,8],"texture":"#0","cullface":"north"}}},{"from":[6,7,-0.7],"to":[7,8,0],"light_emission":15,"faces":{"north":{"uv":[9,8,10,9],"texture":"#0","cullface":"north"},"east":{"uv":[9,8,9.5,9],"texture":"#0","cullface":"north"},"west":{"uv":[9,8,9.5,9],"texture":"#0","cullface":"north"},"up":{"uv":[9,8,10,8.5],"texture":"#0","cullface":"north"},"down":{"uv":[9,8,10,8.5],"texture":"#0","cullface":"north"}}},{"from":[6,6,-0.5],"to":[7,7,0],"light_emission":15,"faces":{"north":{"uv":[9,9,10,10],"texture":"#0","cullface":"north"},"east":{"uv":[9,9,9.5,10],"texture":"#0","cullface":"north"},"west":{"uv":[9,9,9.5,10],"texture":"#0","cullface":"north"},"down":{"uv":[9,9,10,9.5],"texture":"#0","cullface":"north"}}},{"from":[5,7,-0.5],"to":[6,8,0],"light_emission":15,"faces":{"north":{"uv":[10,8,11,9],"texture":"#0","cullface":"north"},"west":{"uv":[10,8,10.5,9],"texture":"#0","cullface":"north"},"up":{"uv":[10,8,11,8.5],"texture":"#0","cullface":"north"},"down":{"uv":[10,8,11,8.5],"texture":"#0","cullface":"north"}}}]}