{"credit":"Created by Marceus","format_version":"1.21.6","credit":"Created by Marceus","parent":"display/block_inside","textures":{"0":"block/deepslate_gold_ore","particle":"block/deepslate_gold_ore"},"elements":[{"from":[0,0,0],"to":[16,16,16],"faces":{"north":{"uv":[0,0,16,16],"texture":"#0","cullface":"north"},"east":{"uv":[0,0,16,16],"texture":"#0","cullface":"east"},"south":{"uv":[0,0,16,16],"texture":"#0","cullface":"south"},"west":{"uv":[0,0,16,16],"texture":"#0","cullface":"west"},"up":{"uv":[0,0,16,16],"texture":"#0","cullface":"up"},"down":{"uv":[0,0,16,16],"texture":"#0","cullface":"down"}}},{"from":[1,1,-0.5],"to":[2,2,0],"light_emission":15,"faces":{"north":{"uv":[14,14,15,15],"texture":"#0","cullface":"north"},"east":{"uv":[14,14,14.5,15],"texture":"#0","cullface":"north"},"west":{"uv":[14,14,14.5,15],"texture":"#0","cullface":"north"},"up":{"uv":[14,14,15,14.5],"texture":"#0","cullface":"north"},"down":{"uv":[14,14,15,14.5],"texture":"#0","cullface":"north"}}},{"from":[8,3,-0.5],"to":[9,4,0],"light_emission":15,"faces":{"north":{"uv":[7,12,8,13],"texture":"#0","cullface":"north"},"east":{"uv":[7,12,7.5,13],"texture":"#0","cullface":"north"},"west":{"uv":[7,12,7.5,13],"texture":"#0","cullface":"north"},"up":{"uv":[7,12,8,12.5],"texture":"#0","cullface":"north"},"down":{"uv":[7,12,8,12.5],"texture":"#0","cullface":"north"}}},{"from":[9,7,-0.5],"to":[10,9,0],"light_emission":15,"faces":{"north":{"uv":[6,7,7,9],"texture":"#0","cullface":"north"},"east":{"uv":[6,7,6.5,9],"texture":"#0","cullface":"north"},"west":{"uv":[6,7,6.5,9],"texture":"#0","cullface":"north"},"down":{"uv":[6,8,7,8.5],"texture":"#0","cullface":"north"}}},{"from":[7,9,-0.5],"to":[8,13,0],"light_emission":15,"faces":{"north":{"uv":[8,3,9,7],"texture":"#0","cullface":"north"},"west":{"uv":[8,3,8.5,7],"texture":"#0","cullface":"north"},"up":{"uv":[8,3,9,3.5],"texture":"#0","cullface":"north"},"down":{"uv":[8,6,9,6.5],"texture":"#0","cullface":"north"}}},{"from":[10,2,-0.5],"to":[11,3,0],"light_emission":15,"faces":{"north":{"uv":[5,13,6,14],"texture":"#0","cullface":"north"},"west":{"uv":[5,13,5.5,14],"texture":"#0","cullface":"north"},"up":{"uv":[5,13,6,13.5],"texture":"#0","cullface":"north"},"down":{"uv":[5,13,6,13.5],"texture":"#0","cullface":"north"}}},{"from":[14,2,-0.5],"to":[15,3,0],"light_emission":15,"faces":{"north":{"uv":[1,13,2,14],"texture":"#0","cullface":"north"},"east":{"uv":[1,13,1.5,14],"texture":"#0","cullface":"north"},"up":{"uv":[1,13,2,13.5],"texture":"#0","cullface":"north"},"down":{"uv":[1,13,2,13.5],"texture":"#0","cullface":"north"}}},{"from":[3,5,-0.5],"to":[6,6,0],"light_emission":15,"faces":{"north":{"uv":[10,10,13,11],"texture":"#0","cullface":"north"},"east":{"uv":[10,10,10.7,11],"texture":"#0","cullface":"north"},"west":{"uv":[12,10,12.7,11],"texture":"#0","cullface":"north"},"up":{"uv":[10,10,13,10.7],"rotation":180,"texture":"#0","cullface":"north"}}},{"from":[6,4,-0.5],"to":[7,5,0],"light_emission":15,"faces":{"north":{"uv":[9,11,10,12],"texture":"#0","cullface":"north"},"east":{"uv":[9,11,9.5,12],"texture":"#0","cullface":"north"},"up":{"uv":[9,11,10,11.5],"texture":"#0","cullface":"north"},"down":{"uv":[9,11,10,11.5],"texture":"#0","cullface":"north"}}},{"from":[11,14,-0.5],"to":[12,15,0],"light_emission":15,"faces":{"north":{"uv":[4,1,5,2],"texture":"#0","cullface":"north"},"east":{"uv":[4,1,4.5,2],"texture":"#0","cullface":"north"},"west":{"uv":[4,1,4.5,2],"texture":"#0","cullface":"north"},"up":{"uv":[4,1,5,1.5],"texture":"#0","cullface":"north"},"down":{"uv":[4,1,5,1.5],"texture":"#0","cullface":"north"}}},{"from":[3,12,-0.5],"to":[4,13,0],"light_emission":15,"faces":{"north":{"uv":[12,3,13,4],"texture":"#0","cullface":"north"},"east":{"uv":[12,3,12.5,4],"texture":"#0","cullface":"north"},"up":{"uv":[12,3,13,3.5],"texture":"#0","cullface":"north"}}},{"from":[1,12,-0.5],"to":[2,13,0],"light_emission":15,"faces":{"north":{"uv":[14,3,15,4],"texture":"#0","cullface":"north"},"west":{"uv":[14,3,14.5,4],"texture":"#0","cullface":"north"},"down":{"uv":[14,3,15,3.5],"texture":"#0","cullface":"north"}}},{"from":[8,13,-0.5],"to":[9,14,0],"light_emission":15,"faces":{"north":{"uv":[7,2,8,3],"texture":"#0","cullface":"north"},"east":{"uv":[7,2,7.5,3],"texture":"#0","cullface":"north"},"west":{"uv":[7,2,7.5,3],"texture":"#0","cullface":"north"},"up":{"uv":[7,2,8,2.5],"texture":"#0","cullface":"north"}}},{"from":[9,12,-0.5],"to":[10,13,0],"light_emission":15,"faces":{"north":{"uv":[6,3,7,4],"texture":"#0","cullface":"north"},"east":{"uv":[6,3,6.5,4],"texture":"#0","cullface":"north"},"up":{"uv":[6,3,7,3.5],"texture":"#0","cullface":"north"}}},{"from":[10,11,-0.5],"to":[11,12,0],"light_emission":15,"faces":{"north":{"uv":[5,4,6,5],"texture":"#0","cullface":"north"},"east":{"uv":[5,4,5.5,5],"texture":"#0","cullface":"north"},"up":{"uv":[5,4,6,4.5],"texture":"#0","cullface":"north"}}},{"from":[11,10,-0.5],"to":[12,11,0],"light_emission":15,"faces":{"north":{"uv":[4,5,5,6],"texture":"#0","cullface":"north"},"east":{"uv":[4,5,4.5,6],"texture":"#0","cullface":"north"},"up":{"uv":[4,5,5,5.5],"texture":"#0","cullface":"north"},"down":{"uv":[4,5,5,5.5],"texture":"#0","cullface":"north"}}},{"from":[10,9,-0.5],"to":[11,10,0],"light_emission":15,"faces":{"north":{"uv":[5,6,6,7],"texture":"#0","cullface":"north"},"east":{"uv":[5,6,5.5,7],"texture":"#0","cullface":"north"},"down":{"uv":[5,6,6,6.5],"texture":"#0","cullface":"north"}}},{"from":[1,8,-0.5],"to":[3,9,0],"light_emission":15,"faces":{"north":{"uv":[13,7,15,8],"texture":"#0","cullface":"north"},"east":{"uv":[13,7,13.5,8],"texture":"#0","cullface":"north"},"west":{"uv":[14,7,14.5,8],"texture":"#0","cullface":"north"},"up":{"uv":[13,7,15,7.5],"rotation":180,"texture":"#0","cullface":"north"},"down":{"uv":[13,7,15,7.5],"rotation":180,"texture":"#0","cullface":"north"}}},{"from":[1,13,-0.5],"to":[3,14,0],"light_emission":15,"faces":{"north":{"uv":[13,2,15,3],"texture":"#0","cullface":"north"},"east":{"uv":[13,2,13.5,3],"texture":"#0","cullface":"north"},"west":{"uv":[14,2,14.5,3],"texture":"#0","cullface":"north"},"up":{"uv":[13,2,15,2.5],"rotation":180,"texture":"#0","cullface":"north"}}},{"from":[2,11,-0.5],"to":[4,12,0],"light_emission":15,"faces":{"north":{"uv":[12,4,14,5],"texture":"#0","cullface":"north"},"east":{"uv":[12,4,12.5,5],"texture":"#0","cullface":"north"},"west":{"uv":[13,4,13.5,5],"texture":"#0","cullface":"north"},"down":{"uv":[12,4,14,4.5],"rotation":180,"texture":"#0","cullface":"north"}}},{"from":[12,6,-0.5],"to":[14,8,0],"light_emission":15,"faces":{"north":{"uv":[2,8,4,10],"texture":"#0","cullface":"north"},"east":{"uv":[2,8,2.5,10],"texture":"#0","cullface":"north"},"west":{"uv":[3,8,3.5,10],"texture":"#0","cullface":"north"},"up":{"uv":[2,8,4,8.5],"rotation":180,"texture":"#0","cullface":"north"},"down":{"uv":[2,9,4,9.5],"rotation":180,"texture":"#0","cullface":"north"}}},{"from":[11,1,-0.5],"to":[13,2,0],"light_emission":15,"faces":{"north":{"uv":[3,14,5,15],"texture":"#0","cullface":"north"},"east":{"uv":[3,14,3.5,15],"texture":"#0","cullface":"north"},"west":{"uv":[4,14,4.5,15],"texture":"#0","cullface":"north"},"down":{"uv":[3,14,5,14.5],"rotation":180,"texture":"#0","cullface":"north"}}},{"from":[1,4,-0.5],"to":[3,5,0],"light_emission":15,"faces":{"north":{"uv":[13,11,15,12],"texture":"#0","cullface":"north"},"west":{"uv":[14,11,14.5,12],"texture":"#0","cullface":"north"},"up":{"uv":[13,11,15,11.5],"rotation":180,"texture":"#0","cullface":"north"},"down":{"uv":[13,11,15,11.5],"rotation":180,"texture":"#0","cullface":"north"}}},{"from":[11,3,-0.5],"to":[14,4,0],"light_emission":15,"faces":{"north":{"uv":[2,12,5,13],"texture":"#0","cullface":"north"},"east":{"uv":[2,12,2.7,13],"texture":"#0","cullface":"north"},"west":{"uv":[4,12,4.7,13],"texture":"#0","cullface":"north"},"up":{"uv":[2,12,5,12.7],"rotation":180,"texture":"#0","cullface":"north"}}},{"from":[11,2,-0.7],"to":[14,3,0],"light_emission":15,"faces":{"north":{"uv":[2,13,5,14],"texture":"#0","cullface":"north"},"east":{"uv":[2,13,2.7,14],"texture":"#0","cullface":"north"},"west":{"uv":[4,13,4.7,14],"texture":"#0","cullface":"north"},"up":{"uv":[2,13,5,13.7],"rotation":180,"texture":"#0","cullface":"north"},"down":{"uv":[2,13,5,13.7],"rotation":180,"texture":"#0","cullface":"north"}}},{"from":[3,3,-0.7],"to":[6,5,0],"light_emission":15,"faces":{"north":{"uv":[10,11,13,13],"texture":"#0","cullface":"north"},"east":{"uv":[10,11,10.7,13],"texture":"#0","cullface":"north"},"west":{"uv":[12,11,12.7,13],"texture":"#0","cullface":"north"},"up":{"uv":[10,11,13,11.7],"rotation":180,"texture":"#0","cullface":"north"},"down":{"uv":[10,12,13,12.7],"rotation":180,"texture":"#0","cullface":"north"}}},{"from":[-0.5,12,14],"to":[0,13,15],"light_emission":15,"faces":{"south":{"uv":[14,3,14.5,4],"texture":"#0","cullface":"west"},"west":{"uv":[14,3,15,4],"texture":"#0","cullface":"west"},"down":{"uv":[14,3,15,3.5],"rotation":90,"texture":"#0","cullface":"west"}}},{"from":[-0.5,12,12],"to":[0,13,13],"light_emission":15,"faces":{"north":{"uv":[12,3,12.5,4],"texture":"#0","cullface":"west"},"west":{"uv":[12,3,13,4],"texture":"#0","cullface":"west"},"up":{"uv":[12,3,13,3.5],"rotation":270,"texture":"#0","cullface":"west"}}},{"from":[-0.5,11,12],"to":[0,12,14],"light_emission":15,"faces":{"north":{"uv":[12,4,12.5,5],"texture":"#0","cullface":"west"},"south":{"uv":[13,4,13.5,5],"texture":"#0","cullface":"west"},"west":{"uv":[12,4,14,5],"texture":"#0","cullface":"west"},"down":{"uv":[12,4,14,4.5],"rotation":270,"texture":"#0","cullface":"west"}}},{"from":[-0.5,13,13],"to":[0,14,15],"light_emission":15,"faces":{"north":{"uv":[13,2,13.5,3],"texture":"#0","cullface":"west"},"south":{"uv":[14,2,14.5,3],"texture":"#0","cullface":"west"},"west":{"uv":[13,2,15,3],"texture":"#0","cullface":"west"},"up":{"uv":[13,2,15,2.5],"rotation":90,"texture":"#0","cullface":"west"}}},{"from":[-0.7,12,13],"to":[0,13,14],"light_emission":15,"faces":{"north":{"uv":[13,3,13.7,4],"texture":"#0","cullface":"west"},"south":{"uv":[13,3,13.7,4],"texture":"#0","cullface":"west"},"west":{"uv":[13,3,14,4],"texture":"#0","cullface":"west"},"up":{"uv":[13,3,14,3.7],"rotation":270,"texture":"#0","cullface":"west"},"down":{"uv":[13,3,14,3.7],"rotation":90,"texture":"#0","cullface":"west"}}},{"from":[-0.7,10,5],"to":[0,11,6],"light_emission":15,"faces":{"north":{"uv":[5,5,5.7,6],"texture":"#0","cullface":"west"},"west":{"uv":[5,5,6,6],"texture":"#0","cullface":"west"},"up":{"uv":[5,5,6,5.7],"rotation":270,"texture":"#0","cullface":"west"},"down":{"uv":[5,5,6,5.7],"rotation":90,"texture":"#0","cullface":"west"}}},{"from":[-0.7,12,7],"to":[0,13,8],"light_emission":15,"faces":{"north":{"uv":[7,3,7.7,4],"texture":"#0","cullface":"west"},"south":{"uv":[7,3,7.7,4],"texture":"#0","cullface":"west"},"west":{"uv":[7,3,8,4],"texture":"#0","cullface":"west"},"up":{"uv":[7,3,8,3.7],"rotation":270,"texture":"#0","cullface":"west"}}},{"from":[-0.7,9,6],"to":[0,12,8],"light_emission":15,"faces":{"north":{"uv":[6,4,6.7,7],"texture":"#0","cullface":"west"},"south":{"uv":[7,4,7.7,7],"texture":"#0","cullface":"west"},"west":{"uv":[6,4,8,7],"texture":"#0","cullface":"west"},"up":{"uv":[6,4,8,4.7],"rotation":90,"texture":"#0","cullface":"west"},"down":{"uv":[6,6,8,6.7],"rotation":270,"texture":"#0","cullface":"west"}}},{"from":[-0.5,9,5],"to":[0,10,6],"light_emission":15,"faces":{"north":{"uv":[5,6,5.5,7],"texture":"#0","cullface":"west"},"west":{"uv":[5,6,6,7],"texture":"#0","cullface":"west"},"down":{"uv":[5,6,6,6.5],"rotation":90,"texture":"#0","cullface":"west"}}},{"from":[-0.5,10,4],"to":[0,11,5],"light_emission":15,"faces":{"north":{"uv":[4,5,4.5,6],"texture":"#0","cullface":"west"},"west":{"uv":[4,5,5,6],"texture":"#0","cullface":"west"},"up":{"uv":[4,5,5,5.5],"rotation":270,"texture":"#0","cullface":"west"},"down":{"uv":[4,5,5,5.5],"rotation":90,"texture":"#0","cullface":"west"}}},{"from":[-0.5,11,5],"to":[0,12,6],"light_emission":15,"faces":{"north":{"uv":[5,4,5.5,5],"texture":"#0","cullface":"west"},"west":{"uv":[5,4,6,5],"texture":"#0","cullface":"west"},"up":{"uv":[5,4,6,4.5],"rotation":270,"texture":"#0","cullface":"west"}}},{"from":[-0.5,12,6],"to":[0,13,7],"light_emission":15,"faces":{"north":{"uv":[6,3,6.5,4],"texture":"#0","cullface":"west"},"west":{"uv":[6,3,7,4],"texture":"#0","cullface":"west"},"up":{"uv":[6,3,7,3.5],"rotation":270,"texture":"#0","cullface":"west"}}},{"from":[-0.5,13,7],"to":[0,14,8],"light_emission":15,"faces":{"north":{"uv":[7,2,7.5,3],"texture":"#0","cullface":"west"},"south":{"uv":[7,2,7.5,3],"texture":"#0","cullface":"west"},"west":{"uv":[7,2,8,3],"texture":"#0","cullface":"west"},"up":{"uv":[7,2,8,2.5],"rotation":270,"texture":"#0","cullface":"west"}}},{"from":[-0.5,9,8],"to":[0,13,9],"light_emission":15,"faces":{"south":{"uv":[8,3,8.5,7],"texture":"#0","cullface":"west"},"west":{"uv":[8,3,9,7],"texture":"#0","cullface":"west"},"up":{"uv":[8,3,9,3.5],"rotation":270,"texture":"#0","cullface":"west"},"down":{"uv":[8,6,9,6.5],"rotation":90,"texture":"#0","cullface":"west"}}},{"from":[-0.5,7,6],"to":[0,9,7],"light_emission":15,"faces":{"north":{"uv":[6,7,6.5,9],"texture":"#0","cullface":"west"},"south":{"uv":[6,7,6.5,9],"texture":"#0","cullface":"west"},"west":{"uv":[6,7,7,9],"texture":"#0","cullface":"west"},"down":{"uv":[6,8,7,8.5],"rotation":90,"texture":"#0","cullface":"west"}}},{"from":[-0.5,5,10],"to":[0,6,13],"light_emission":15,"faces":{"north":{"uv":[10,10,10.7,11],"texture":"#0","cullface":"west"},"south":{"uv":[12,10,12.7,11],"texture":"#0","cullface":"west"},"west":{"uv":[10,10,13,11],"texture":"#0","cullface":"west"},"up":{"uv":[10,10,13,10.7],"rotation":90,"texture":"#0","cullface":"west"}}},{"from":[-0.5,4,9],"to":[0,5,10],"light_emission":15,"faces":{"north":{"uv":[9,11,9.5,12],"texture":"#0","cullface":"west"},"west":{"uv":[9,11,10,12],"texture":"#0","cullface":"west"},"up":{"uv":[9,11,10,11.5],"rotation":270,"texture":"#0","cullface":"west"},"down":{"uv":[9,11,10,11.5],"rotation":90,"texture":"#0","cullface":"west"}}},{"from":[-0.5,4,13],"to":[0,5,15],"light_emission":15,"faces":{"south":{"uv":[14,11,14.5,12],"texture":"#0","cullface":"west"},"west":{"uv":[13,11,15,12],"texture":"#0","cullface":"west"},"up":{"uv":[13,11,15,11.5],"rotation":90,"texture":"#0","cullface":"west"},"down":{"uv":[13,11,15,11.5],"rotation":270,"texture":"#0","cullface":"west"}}},{"from":[-0.7,2,2],"to":[0,3,5],"light_emission":15,"faces":{"north":{"uv":[2,13,2.7,14],"texture":"#0","cullface":"west"},"south":{"uv":[4,13,4.7,14],"texture":"#0","cullface":"west"},"west":{"uv":[2,13,5,14],"texture":"#0","cullface":"west"},"up":{"uv":[2,13,5,13.7],"rotation":90,"texture":"#0","cullface":"west"},"down":{"uv":[2,13,5,13.7],"rotation":270,"texture":"#0","cullface":"west"}}},{"from":[-0.5,2,1],"to":[0,3,2],"light_emission":15,"faces":{"north":{"uv":[1,13,1.5,14],"texture":"#0","cullface":"west"},"west":{"uv":[1,13,2,14],"texture":"#0","cullface":"west"},"up":{"uv":[1,13,2,13.5],"rotation":270,"texture":"#0","cullface":"west"},"down":{"uv":[1,13,2,13.5],"rotation":90,"texture":"#0","cullface":"west"}}},{"from":[-0.5,2,5],"to":[0,3,6],"light_emission":15,"faces":{"south":{"uv":[5,13,5.5,14],"texture":"#0","cullface":"west"},"west":{"uv":[5,13,6,14],"texture":"#0","cullface":"west"},"up":{"uv":[5,13,6,13.5],"rotation":270,"texture":"#0","cullface":"west"},"down":{"uv":[5,13,6,13.5],"rotation":90,"texture":"#0","cullface":"west"}}},{"from":[-0.5,3,2],"to":[0,4,5],"light_emission":15,"faces":{"north":{"uv":[2,12,2.7,13],"texture":"#0","cullface":"west"},"south":{"uv":[4,12,4.7,13],"texture":"#0","cullface":"west"},"west":{"uv":[2,12,5,13],"texture":"#0","cullface":"west"},"up":{"uv":[2,12,5,12.7],"rotation":90,"texture":"#0","cullface":"west"}}},{"from":[-0.5,2,10],"to":[0,3,12],"light_emission":15,"faces":{"north":{"uv":[10,13,10.5,14],"texture":"#0","cullface":"west"},"south":{"uv":[11,13,11.5,14],"texture":"#0","cullface":"west"},"west":{"uv":[10,13,12,14],"texture":"#0","cullface":"west"},"down":{"uv":[10,13,12,13.5],"rotation":270,"texture":"#0","cullface":"west"}}},{"from":[-0.5,1,3],"to":[0,2,5],"light_emission":15,"faces":{"north":{"uv":[3,14,3.5,15],"texture":"#0","cullface":"west"},"south":{"uv":[4,14,4.5,15],"texture":"#0","cullface":"west"},"west":{"uv":[3,14,5,15],"texture":"#0","cullface":"west"},"down":{"uv":[3,14,5,14.5],"rotation":270,"texture":"#0","cullface":"west"}}},{"from":[-0.5,6,2],"to":[0,8,4],"light_emission":15,"faces":{"north":{"uv":[2,8,2.5,10],"texture":"#0","cullface":"west"},"south":{"uv":[3,8,3.5,10],"texture":"#0","cullface":"west"},"west":{"uv":[2,8,4,10],"texture":"#0","cullface":"west"},"up":{"uv":[2,8,4,8.5],"rotation":90,"texture":"#0","cullface":"west"},"down":{"uv":[2,9,4,9.5],"rotation":270,"texture":"#0","cullface":"west"}}},{"from":[-0.5,14,4],"to":[0,15,5],"light_emission":15,"faces":{"north":{"uv":[4,1,4.5,2],"texture":"#0","cullface":"west"},"south":{"uv":[4,1,4.5,2],"texture":"#0","cullface":"west"},"west":{"uv":[4,1,5,2],"texture":"#0","cullface":"west"},"up":{"uv":[4,1,5,1.5],"rotation":270,"texture":"#0","cullface":"west"},"down":{"uv":[4,1,5,1.5],"rotation":90,"texture":"#0","cullface":"west"}}},{"from":[-0.5,3,7],"to":[0,4,8],"light_emission":15,"faces":{"north":{"uv":[7,12,7.5,13],"texture":"#0","cullface":"west"},"south":{"uv":[7,12,7.5,13],"texture":"#0","cullface":"west"},"west":{"uv":[7,12,8,13],"texture":"#0","cullface":"west"},"up":{"uv":[7,12,8,12.5],"rotation":270,"texture":"#0","cullface":"west"},"down":{"uv":[7,12,8,12.5],"rotation":90,"texture":"#0","cullface":"west"}}},{"from":[-0.5,8,13],"to":[0,9,15],"light_emission":15,"faces":{"north":{"uv":[13,7,13.5,8],"texture":"#0","cullface":"west"},"south":{"uv":[14,7,14.5,8],"texture":"#0","cullface":"west"},"west":{"uv":[13,7,15,8],"texture":"#0","cullface":"west"},"up":{"uv":[13,7,15,7.5],"rotation":90,"texture":"#0","cullface":"west"},"down":{"uv":[13,7,15,7.5],"rotation":270,"texture":"#0","cullface":"west"}}},{"from":[-0.5,1,14],"to":[0,2,15],"light_emission":15,"faces":{"north":{"uv":[14,14,14.5,15],"texture":"#0","cullface":"west"},"south":{"uv":[14,14,14.5,15],"texture":"#0","cullface":"west"},"west":{"uv":[14,14,15,15],"texture":"#0","cullface":"west"},"up":{"uv":[14,14,15,14.5],"rotation":270,"texture":"#0","cullface":"west"},"down":{"uv":[14,14,15,14.5],"rotation":90,"texture":"#0","cullface":"west"}}},{"from":[-0.7,3,10],"to":[0,5,13],"light_emission":15,"faces":{"north":{"uv":[10,11,10.7,13],"texture":"#0","cullface":"west"},"south":{"uv":[12,11,12.7,13],"texture":"#0","cullface":"west"},"west":{"uv":[10,11,13,13],"texture":"#0","cullface":"west"},"up":{"uv":[10,11,13,11.7],"rotation":90,"texture":"#0","cullface":"west"},"down":{"uv":[10,12,13,12.7],"rotation":270,"texture":"#0","cullface":"west"}}},{"from":[14,12,16],"to":[15,13,16.5],"light_emission":15,"faces":{"east":{"uv":[14,3,14.5,4],"texture":"#0","cullface":"south"},"south":{"uv":[14,3,15,4],"texture":"#0","cullface":"south"},"down":{"uv":[14,3,15,3.5],"rotation":180,"texture":"#0","cullface":"south"}}},{"from":[12,12,16],"to":[13,13,16.5],"light_emission":15,"faces":{"south":{"uv":[12,3,13,4],"texture":"#0","cullface":"south"},"west":{"uv":[12,3,12.5,4],"texture":"#0","cullface":"south"},"up":{"uv":[12,3,13,3.5],"rotation":180,"texture":"#0","cullface":"south"}}},{"from":[12,11,16],"to":[14,12,16.5],"light_emission":15,"faces":{"east":{"uv":[13,4,13.5,5],"texture":"#0","cullface":"south"},"south":{"uv":[12,4,14,5],"texture":"#0","cullface":"south"},"west":{"uv":[12,4,12.5,5],"texture":"#0","cullface":"south"},"down":{"uv":[12,4,14,4.5],"texture":"#0","cullface":"south"}}},{"from":[13,13,16],"to":[15,14,16.5],"light_emission":15,"faces":{"east":{"uv":[14,2,14.5,3],"texture":"#0","cullface":"south"},"south":{"uv":[13,2,15,3],"texture":"#0","cullface":"south"},"west":{"uv":[13,2,13.5,3],"texture":"#0","cullface":"south"},"up":{"uv":[13,2,15,2.5],"texture":"#0","cullface":"south"}}},{"from":[13,12,16],"to":[14,13,16.7],"light_emission":15,"faces":{"east":{"uv":[13,3,13.7,4],"texture":"#0","cullface":"south"},"south":{"uv":[13,3,14,4],"texture":"#0","cullface":"south"},"west":{"uv":[13,3,13.7,4],"texture":"#0","cullface":"south"},"up":{"uv":[13,3,14,3.7],"rotation":180,"texture":"#0","cullface":"south"},"down":{"uv":[13,3,14,3.7],"rotation":180,"texture":"#0","cullface":"south"}}},{"from":[5,10,16],"to":[6,11,16.7],"light_emission":15,"faces":{"south":{"uv":[5,5,6,6],"texture":"#0","cullface":"south"},"west":{"uv":[5,5,5.7,6],"texture":"#0","cullface":"south"},"up":{"uv":[5,5,6,5.7],"rotation":180,"texture":"#0","cullface":"south"},"down":{"uv":[5,5,6,5.7],"rotation":180,"texture":"#0","cullface":"south"}}},{"from":[7,12,16],"to":[8,13,16.7],"light_emission":15,"faces":{"east":{"uv":[7,3,7.7,4],"texture":"#0","cullface":"south"},"south":{"uv":[7,3,8,4],"texture":"#0","cullface":"south"},"west":{"uv":[7,3,7.7,4],"texture":"#0","cullface":"south"},"up":{"uv":[7,3,8,3.7],"rotation":180,"texture":"#0","cullface":"south"}}},{"from":[6,9,16],"to":[8,12,16.7],"light_emission":15,"faces":{"east":{"uv":[7,4,7.7,7],"texture":"#0","cullface":"south"},"south":{"uv":[6,4,8,7],"texture":"#0","cullface":"south"},"west":{"uv":[6,4,6.7,7],"texture":"#0","cullface":"south"},"up":{"uv":[6,4,8,4.7],"texture":"#0","cullface":"south"},"down":{"uv":[6,6,8,6.7],"texture":"#0","cullface":"south"}}},{"from":[5,9,16],"to":[6,10,16.5],"light_emission":15,"faces":{"south":{"uv":[5,6,6,7],"texture":"#0","cullface":"south"},"west":{"uv":[5,6,5.5,7],"texture":"#0","cullface":"south"},"down":{"uv":[5,6,6,6.5],"rotation":180,"texture":"#0","cullface":"south"}}},{"from":[4,10,16],"to":[5,11,16.5],"light_emission":15,"faces":{"south":{"uv":[4,5,5,6],"texture":"#0","cullface":"south"},"west":{"uv":[4,5,4.5,6],"texture":"#0","cullface":"south"},"up":{"uv":[4,5,5,5.5],"rotation":180,"texture":"#0","cullface":"south"},"down":{"uv":[4,5,5,5.5],"rotation":180,"texture":"#0","cullface":"south"}}},{"from":[5,11,16],"to":[6,12,16.5],"light_emission":15,"faces":{"south":{"uv":[5,4,6,5],"texture":"#0","cullface":"south"},"west":{"uv":[5,4,5.5,5],"texture":"#0","cullface":"south"},"up":{"uv":[5,4,6,4.5],"rotation":180,"texture":"#0","cullface":"south"}}},{"from":[6,12,16],"to":[7,13,16.5],"light_emission":15,"faces":{"south":{"uv":[6,3,7,4],"texture":"#0","cullface":"south"},"west":{"uv":[6,3,6.5,4],"texture":"#0","cullface":"south"},"up":{"uv":[6,3,7,3.5],"rotation":180,"texture":"#0","cullface":"south"}}},{"from":[7,13,16],"to":[8,14,16.5],"light_emission":15,"faces":{"east":{"uv":[7,2,7.5,3],"texture":"#0","cullface":"south"},"south":{"uv":[7,2,8,3],"texture":"#0","cullface":"south"},"west":{"uv":[7,2,7.5,3],"texture":"#0","cullface":"south"},"up":{"uv":[7,2,8,2.5],"rotation":180,"texture":"#0","cullface":"south"}}},{"from":[8,9,16],"to":[9,13,16.5],"light_emission":15,"faces":{"east":{"uv":[8,3,8.5,7],"texture":"#0","cullface":"south"},"south":{"uv":[8,3,9,7],"texture":"#0","cullface":"south"},"up":{"uv":[8,3,9,3.5],"rotation":180,"texture":"#0","cullface":"south"},"down":{"uv":[8,6,9,6.5],"rotation":180,"texture":"#0","cullface":"south"}}},{"from":[6,7,16],"to":[7,9,16.5],"light_emission":15,"faces":{"east":{"uv":[6,7,6.5,9],"texture":"#0","cullface":"south"},"south":{"uv":[6,7,7,9],"texture":"#0","cullface":"south"},"west":{"uv":[6,7,6.5,9],"texture":"#0","cullface":"south"},"down":{"uv":[6,8,7,8.5],"rotation":180,"texture":"#0","cullface":"south"}}},{"from":[10,5,16],"to":[13,6,16.5],"light_emission":15,"faces":{"east":{"uv":[12,10,12.7,11],"texture":"#0","cullface":"south"},"south":{"uv":[10,10,13,11],"texture":"#0","cullface":"south"},"west":{"uv":[10,10,10.7,11],"texture":"#0","cullface":"south"},"up":{"uv":[10,10,13,10.7],"texture":"#0","cullface":"south"}}},{"from":[9,4,16],"to":[10,5,16.5],"light_emission":15,"faces":{"south":{"uv":[9,11,10,12],"texture":"#0","cullface":"south"},"west":{"uv":[9,11,9.5,12],"texture":"#0","cullface":"south"},"up":{"uv":[9,11,10,11.5],"rotation":180,"texture":"#0","cullface":"south"},"down":{"uv":[9,11,10,11.5],"rotation":180,"texture":"#0","cullface":"south"}}},{"from":[13,4,16],"to":[15,5,16.5],"light_emission":15,"faces":{"east":{"uv":[14,11,14.5,12],"texture":"#0","cullface":"south"},"south":{"uv":[13,11,15,12],"texture":"#0","cullface":"south"},"up":{"uv":[13,11,15,11.5],"texture":"#0","cullface":"south"},"down":{"uv":[13,11,15,11.5],"texture":"#0","cullface":"south"}}},{"from":[2,2,16],"to":[5,3,16.7],"light_emission":15,"faces":{"east":{"uv":[4,13,4.7,14],"texture":"#0","cullface":"south"},"south":{"uv":[2,13,5,14],"texture":"#0","cullface":"south"},"west":{"uv":[2,13,2.7,14],"texture":"#0","cullface":"south"},"up":{"uv":[2,13,5,13.7],"texture":"#0","cullface":"south"},"down":{"uv":[2,13,5,13.7],"texture":"#0","cullface":"south"}}},{"from":[1,2,16],"to":[2,3,16.5],"light_emission":15,"faces":{"south":{"uv":[1,13,2,14],"texture":"#0","cullface":"south"},"west":{"uv":[1,13,1.5,14],"texture":"#0","cullface":"south"},"up":{"uv":[1,13,2,13.5],"rotation":180,"texture":"#0","cullface":"south"},"down":{"uv":[1,13,2,13.5],"rotation":180,"texture":"#0","cullface":"south"}}},{"from":[5,2,16],"to":[6,3,16.5],"light_emission":15,"faces":{"east":{"uv":[5,13,5.5,14],"texture":"#0","cullface":"south"},"south":{"uv":[5,13,6,14],"texture":"#0","cullface":"south"},"up":{"uv":[5,13,6,13.5],"rotation":180,"texture":"#0","cullface":"south"},"down":{"uv":[5,13,6,13.5],"rotation":180,"texture":"#0","cullface":"south"}}},{"from":[2,3,16],"to":[5,4,16.5],"light_emission":15,"faces":{"east":{"uv":[4,12,4.7,13],"texture":"#0","cullface":"south"},"south":{"uv":[2,12,5,13],"texture":"#0","cullface":"south"},"west":{"uv":[2,12,2.7,13],"texture":"#0","cullface":"south"},"up":{"uv":[2,12,5,12.7],"texture":"#0","cullface":"south"}}},{"from":[10,2,16],"to":[12,3,16.5],"light_emission":15,"faces":{"east":{"uv":[11,13,11.5,14],"texture":"#0","cullface":"south"},"south":{"uv":[10,13,12,14],"texture":"#0","cullface":"south"},"west":{"uv":[10,13,10.5,14],"texture":"#0","cullface":"south"},"down":{"uv":[10,13,12,13.5],"texture":"#0","cullface":"south"}}},{"from":[3,1,16],"to":[5,2,16.5],"light_emission":15,"faces":{"east":{"uv":[4,14,4.5,15],"texture":"#0","cullface":"south"},"south":{"uv":[3,14,5,15],"texture":"#0","cullface":"south"},"west":{"uv":[3,14,3.5,15],"texture":"#0","cullface":"south"},"down":{"uv":[3,14,5,14.5],"texture":"#0","cullface":"south"}}},{"from":[2,6,16],"to":[4,8,16.5],"light_emission":15,"faces":{"east":{"uv":[3,8,3.5,10],"texture":"#0","cullface":"south"},"south":{"uv":[2,8,4,10],"texture":"#0","cullface":"south"},"west":{"uv":[2,8,2.5,10],"texture":"#0","cullface":"south"},"up":{"uv":[2,8,4,8.5],"texture":"#0","cullface":"south"},"down":{"uv":[2,9,4,9.5],"texture":"#0","cullface":"south"}}},{"from":[4,14,16],"to":[5,15,16.5],"light_emission":15,"faces":{"east":{"uv":[4,1,4.5,2],"texture":"#0","cullface":"south"},"south":{"uv":[4,1,5,2],"texture":"#0","cullface":"south"},"west":{"uv":[4,1,4.5,2],"texture":"#0","cullface":"south"},"up":{"uv":[4,1,5,1.5],"rotation":180,"texture":"#0","cullface":"south"},"down":{"uv":[4,1,5,1.5],"rotation":180,"texture":"#0","cullface":"south"}}},{"from":[7,3,16],"to":[8,4,16.5],"light_emission":15,"faces":{"east":{"uv":[7,12,7.5,13],"texture":"#0","cullface":"south"},"south":{"uv":[7,12,8,13],"texture":"#0","cullface":"south"},"west":{"uv":[7,12,7.5,13],"texture":"#0","cullface":"south"},"up":{"uv":[7,12,8,12.5],"rotation":180,"texture":"#0","cullface":"south"},"down":{"uv":[7,12,8,12.5],"rotation":180,"texture":"#0","cullface":"south"}}},{"from":[13,8,16],"to":[15,9,16.5],"light_emission":15,"faces":{"east":{"uv":[14,7,14.5,8],"texture":"#0","cullface":"south"},"south":{"uv":[13,7,15,8],"texture":"#0","cullface":"south"},"west":{"uv":[13,7,13.5,8],"texture":"#0","cullface":"south"},"up":{"uv":[13,7,15,7.5],"texture":"#0","cullface":"south"},"down":{"uv":[13,7,15,7.5],"texture":"#0","cullface":"south"}}},{"from":[14,1,16],"to":[15,2,16.5],"light_emission":15,"faces":{"east":{"uv":[14,14,14.5,15],"texture":"#0","cullface":"south"},"south":{"uv":[14,14,15,15],"texture":"#0","cullface":"south"},"west":{"uv":[14,14,14.5,15],"texture":"#0","cullface":"south"},"up":{"uv":[14,14,15,14.5],"rotation":180,"texture":"#0","cullface":"south"},"down":{"uv":[14,14,15,14.5],"rotation":180,"texture":"#0","cullface":"south"}}},{"from":[10,3,16],"to":[13,5,16.7],"light_emission":15,"faces":{"east":{"uv":[12,11,12.7,13],"texture":"#0","cullface":"south"},"south":{"uv":[10,11,13,13],"texture":"#0","cullface":"south"},"west":{"uv":[10,11,10.7,13],"texture":"#0","cullface":"south"},"up":{"uv":[10,11,13,11.7],"texture":"#0","cullface":"south"},"down":{"uv":[10,12,13,12.7],"texture":"#0","cullface":"south"}}},{"from":[16,12,1],"to":[16.5,13,2],"light_emission":15,"faces":{"north":{"uv":[14,3,14.5,4],"texture":"#0","cullface":"east"},"east":{"uv":[14,3,15,4],"texture":"#0","cullface":"east"},"down":{"uv":[14,3,15,3.5],"rotation":270,"texture":"#0","cullface":"east"}}},{"from":[16,12,3],"to":[16.5,13,4],"light_emission":15,"faces":{"east":{"uv":[12,3,13,4],"texture":"#0","cullface":"east"},"south":{"uv":[12,3,12.5,4],"texture":"#0","cullface":"east"},"up":{"uv":[12,3,13,3.5],"rotation":90,"texture":"#0","cullface":"east"}}},{"from":[16,11,2],"to":[16.5,12,4],"light_emission":15,"faces":{"north":{"uv":[13,4,13.5,5],"texture":"#0","cullface":"east"},"east":{"uv":[12,4,14,5],"texture":"#0","cullface":"east"},"south":{"uv":[12,4,12.5,5],"texture":"#0","cullface":"east"},"down":{"uv":[12,4,14,4.5],"rotation":90,"texture":"#0","cullface":"east"}}},{"from":[16,13,1],"to":[16.5,14,3],"light_emission":15,"faces":{"north":{"uv":[14,2,14.5,3],"texture":"#0","cullface":"east"},"east":{"uv":[13,2,15,3],"texture":"#0","cullface":"east"},"south":{"uv":[13,2,13.5,3],"texture":"#0","cullface":"east"},"up":{"uv":[13,2,15,2.5],"rotation":270,"texture":"#0","cullface":"east"}}},{"from":[16,12,2],"to":[16.7,13,3],"light_emission":15,"faces":{"north":{"uv":[13,3,13.7,4],"texture":"#0","cullface":"east"},"east":{"uv":[13,3,14,4],"texture":"#0","cullface":"east"},"south":{"uv":[13,3,13.7,4],"texture":"#0","cullface":"east"},"up":{"uv":[13,3,14,3.7],"rotation":90,"texture":"#0","cullface":"east"},"down":{"uv":[13,3,14,3.7],"rotation":270,"texture":"#0","cullface":"east"}}},{"from":[16,10,10],"to":[16.7,11,11],"light_emission":15,"faces":{"east":{"uv":[5,5,6,6],"texture":"#0","cullface":"east"},"south":{"uv":[5,5,5.7,6],"texture":"#0","cullface":"east"},"up":{"uv":[5,5,6,5.7],"rotation":90,"texture":"#0","cullface":"east"},"down":{"uv":[5,5,6,5.7],"rotation":270,"texture":"#0","cullface":"east"}}},{"from":[16,12,8],"to":[16.7,13,9],"light_emission":15,"faces":{"north":{"uv":[7,3,7.7,4],"texture":"#0","cullface":"east"},"east":{"uv":[7,3,8,4],"texture":"#0","cullface":"east"},"south":{"uv":[7,3,7.7,4],"texture":"#0","cullface":"east"},"up":{"uv":[7,3,8,3.7],"rotation":90,"texture":"#0","cullface":"east"}}},{"from":[16,9,8],"to":[16.7,12,10],"light_emission":15,"faces":{"north":{"uv":[7,4,7.7,7],"texture":"#0","cullface":"east"},"east":{"uv":[6,4,8,7],"texture":"#0","cullface":"east"},"south":{"uv":[6,4,6.7,7],"texture":"#0","cullface":"east"},"up":{"uv":[6,4,8,4.7],"rotation":270,"texture":"#0","cullface":"east"},"down":{"uv":[6,6,8,6.7],"rotation":90,"texture":"#0","cullface":"east"}}},{"from":[16,9,10],"to":[16.5,10,11],"light_emission":15,"faces":{"east":{"uv":[5,6,6,7],"texture":"#0","cullface":"east"},"south":{"uv":[5,6,5.5,7],"texture":"#0","cullface":"east"},"down":{"uv":[5,6,6,6.5],"rotation":270,"texture":"#0","cullface":"east"}}},{"from":[16,10,11],"to":[16.5,11,12],"light_emission":15,"faces":{"east":{"uv":[4,5,5,6],"texture":"#0","cullface":"east"},"south":{"uv":[4,5,4.5,6],"texture":"#0","cullface":"east"},"up":{"uv":[4,5,5,5.5],"rotation":90,"texture":"#0","cullface":"east"},"down":{"uv":[4,5,5,5.5],"rotation":270,"texture":"#0","cullface":"east"}}},{"from":[16,11,10],"to":[16.5,12,11],"light_emission":15,"faces":{"east":{"uv":[5,4,6,5],"texture":"#0","cullface":"east"},"south":{"uv":[5,4,5.5,5],"texture":"#0","cullface":"east"},"up":{"uv":[5,4,6,4.5],"rotation":90,"texture":"#0","cullface":"east"}}},{"from":[16,12,9],"to":[16.5,13,10],"light_emission":15,"faces":{"east":{"uv":[6,3,7,4],"texture":"#0","cullface":"east"},"south":{"uv":[6,3,6.5,4],"texture":"#0","cullface":"east"},"up":{"uv":[6,3,7,3.5],"rotation":90,"texture":"#0","cullface":"east"}}},{"from":[16,13,8],"to":[16.5,14,9],"light_emission":15,"faces":{"north":{"uv":[7,2,7.5,3],"texture":"#0","cullface":"east"},"east":{"uv":[7,2,8,3],"texture":"#0","cullface":"east"},"south":{"uv":[7,2,7.5,3],"texture":"#0","cullface":"east"},"up":{"uv":[7,2,8,2.5],"rotation":90,"texture":"#0","cullface":"east"}}},{"from":[16,9,7],"to":[16.5,13,8],"light_emission":15,"faces":{"north":{"uv":[8,3,8.5,7],"texture":"#0","cullface":"east"},"east":{"uv":[8,3,9,7],"texture":"#0","cullface":"east"},"up":{"uv":[8,3,9,3.5],"rotation":90,"texture":"#0","cullface":"east"},"down":{"uv":[8,6,9,6.5],"rotation":270,"texture":"#0","cullface":"east"}}},{"from":[16,7,9],"to":[16.5,9,10],"light_emission":15,"faces":{"north":{"uv":[6,7,6.5,9],"texture":"#0","cullface":"east"},"east":{"uv":[6,7,7,9],"texture":"#0","cullface":"east"},"south":{"uv":[6,7,6.5,9],"texture":"#0","cullface":"east"},"down":{"uv":[6,8,7,8.5],"rotation":270,"texture":"#0","cullface":"east"}}},{"from":[16,5,3],"to":[16.5,6,6],"light_emission":15,"faces":{"north":{"uv":[12,10,12.7,11],"texture":"#0","cullface":"east"},"east":{"uv":[10,10,13,11],"texture":"#0","cullface":"east"},"south":{"uv":[10,10,10.7,11],"texture":"#0","cullface":"east"},"up":{"uv":[10,10,13,10.7],"rotation":270,"texture":"#0","cullface":"east"}}},{"from":[16,4,6],"to":[16.5,5,7],"light_emission":15,"faces":{"east":{"uv":[9,11,10,12],"texture":"#0","cullface":"east"},"south":{"uv":[9,11,9.5,12],"texture":"#0","cullface":"east"},"up":{"uv":[9,11,10,11.5],"rotation":90,"texture":"#0","cullface":"east"},"down":{"uv":[9,11,10,11.5],"rotation":270,"texture":"#0","cullface":"east"}}},{"from":[16,4,1],"to":[16.5,5,3],"light_emission":15,"faces":{"north":{"uv":[14,11,14.5,12],"texture":"#0","cullface":"east"},"east":{"uv":[13,11,15,12],"texture":"#0","cullface":"east"},"up":{"uv":[13,11,15,11.5],"rotation":270,"texture":"#0","cullface":"east"},"down":{"uv":[13,11,15,11.5],"rotation":90,"texture":"#0","cullface":"east"}}},{"from":[16,2,11],"to":[16.7,3,14],"light_emission":15,"faces":{"north":{"uv":[4,13,4.7,14],"texture":"#0","cullface":"east"},"east":{"uv":[2,13,5,14],"texture":"#0","cullface":"east"},"south":{"uv":[2,13,2.7,14],"texture":"#0","cullface":"east"},"up":{"uv":[2,13,5,13.7],"rotation":270,"texture":"#0","cullface":"east"},"down":{"uv":[2,13,5,13.7],"rotation":90,"texture":"#0","cullface":"east"}}},{"from":[16,2,14],"to":[16.5,3,15],"light_emission":15,"faces":{"east":{"uv":[1,13,2,14],"texture":"#0","cullface":"east"},"south":{"uv":[1,13,1.5,14],"texture":"#0","cullface":"east"},"up":{"uv":[1,13,2,13.5],"rotation":90,"texture":"#0","cullface":"east"},"down":{"uv":[1,13,2,13.5],"rotation":270,"texture":"#0","cullface":"east"}}},{"from":[16,2,10],"to":[16.5,3,11],"light_emission":15,"faces":{"north":{"uv":[5,13,5.5,14],"texture":"#0","cullface":"east"},"east":{"uv":[5,13,6,14],"texture":"#0","cullface":"east"},"up":{"uv":[5,13,6,13.5],"rotation":90,"texture":"#0","cullface":"east"},"down":{"uv":[5,13,6,13.5],"rotation":270,"texture":"#0","cullface":"east"}}},{"from":[16,3,11],"to":[16.5,4,14],"light_emission":15,"faces":{"north":{"uv":[4,12,4.7,13],"texture":"#0","cullface":"east"},"east":{"uv":[2,12,5,13],"texture":"#0","cullface":"east"},"south":{"uv":[2,12,2.7,13],"texture":"#0","cullface":"east"},"up":{"uv":[2,12,5,12.7],"rotation":270,"texture":"#0","cullface":"east"}}},{"from":[16,2,4],"to":[16.5,3,6],"light_emission":15,"faces":{"north":{"uv":[11,13,11.5,14],"texture":"#0","cullface":"east"},"east":{"uv":[10,13,12,14],"texture":"#0","cullface":"east"},"south":{"uv":[10,13,10.5,14],"texture":"#0","cullface":"east"},"down":{"uv":[10,13,12,13.5],"rotation":90,"texture":"#0","cullface":"east"}}},{"from":[16,1,11],"to":[16.5,2,13],"light_emission":15,"faces":{"north":{"uv":[4,14,4.5,15],"texture":"#0","cullface":"east"},"east":{"uv":[3,14,5,15],"texture":"#0","cullface":"east"},"south":{"uv":[3,14,3.5,15],"texture":"#0","cullface":"east"},"down":{"uv":[3,14,5,14.5],"rotation":90,"texture":"#0","cullface":"east"}}},{"from":[16,6,12],"to":[16.5,8,14],"light_emission":15,"faces":{"north":{"uv":[3,8,3.5,10],"texture":"#0","cullface":"east"},"east":{"uv":[2,8,4,10],"texture":"#0","cullface":"east"},"south":{"uv":[2,8,2.5,10],"texture":"#0","cullface":"east"},"up":{"uv":[2,8,4,8.5],"rotation":270,"texture":"#0","cullface":"east"},"down":{"uv":[2,9,4,9.5],"rotation":90,"texture":"#0","cullface":"east"}}},{"from":[16,14,11],"to":[16.5,15,12],"light_emission":15,"faces":{"north":{"uv":[4,1,4.5,2],"texture":"#0","cullface":"east"},"east":{"uv":[4,1,5,2],"texture":"#0","cullface":"east"},"south":{"uv":[4,1,4.5,2],"texture":"#0","cullface":"east"},"up":{"uv":[4,1,5,1.5],"rotation":90,"texture":"#0","cullface":"east"},"down":{"uv":[4,1,5,1.5],"rotation":270,"texture":"#0","cullface":"east"}}},{"from":[16,3,8],"to":[16.5,4,9],"light_emission":15,"faces":{"north":{"uv":[7,12,7.5,13],"texture":"#0","cullface":"east"},"east":{"uv":[7,12,8,13],"texture":"#0","cullface":"east"},"south":{"uv":[7,12,7.5,13],"texture":"#0","cullface":"east"},"up":{"uv":[7,12,8,12.5],"rotation":90,"texture":"#0","cullface":"east"},"down":{"uv":[7,12,8,12.5],"rotation":270,"texture":"#0","cullface":"east"}}},{"from":[16,8,1],"to":[16.5,9,3],"light_emission":15,"faces":{"north":{"uv":[14,7,14.5,8],"texture":"#0","cullface":"east"},"east":{"uv":[13,7,15,8],"texture":"#0","cullface":"east"},"south":{"uv":[13,7,13.5,8],"texture":"#0","cullface":"east"},"up":{"uv":[13,7,15,7.5],"rotation":270,"texture":"#0","cullface":"east"},"down":{"uv":[13,7,15,7.5],"rotation":90,"texture":"#0","cullface":"east"}}},{"from":[16,1,1],"to":[16.5,2,2],"light_emission":15,"faces":{"north":{"uv":[14,14,14.5,15],"texture":"#0","cullface":"east"},"east":{"uv":[14,14,15,15],"texture":"#0","cullface":"east"},"south":{"uv":[14,14,14.5,15],"texture":"#0","cullface":"east"},"up":{"uv":[14,14,15,14.5],"rotation":90,"texture":"#0","cullface":"east"},"down":{"uv":[14,14,15,14.5],"rotation":270,"texture":"#0","cullface":"east"}}},{"from":[16,3,3],"to":[16.7,5,6],"light_emission":15,"faces":{"north":{"uv":[12,11,12.7,13],"texture":"#0","cullface":"east"},"east":{"uv":[10,11,13,13],"texture":"#0","cullface":"east"},"south":{"uv":[10,11,10.7,13],"texture":"#0","cullface":"east"},"up":{"uv":[10,11,13,11.7],"rotation":270,"texture":"#0","cullface":"east"},"down":{"uv":[10,12,13,12.7],"rotation":90,"texture":"#0","cullface":"east"}}},{"from":[14,16,3],"to":[15,16.5,4],"light_emission":15,"faces":{"east":{"uv":[14,3,14.5,4],"rotation":90,"texture":"#0","cullface":"up"},"south":{"uv":[14,3,15,3.5],"rotation":180,"texture":"#0","cullface":"up"},"up":{"uv":[14,3,15,4],"texture":"#0","cullface":"up"}}},{"from":[12,16,3],"to":[13,16.5,4],"light_emission":15,"faces":{"north":{"uv":[12,3,13,3.5],"texture":"#0","cullface":"up"},"west":{"uv":[12,3,12.5,4],"rotation":270,"texture":"#0","cullface":"up"},"up":{"uv":[12,3,13,4],"texture":"#0","cullface":"up"}}},{"from":[12,16,4],"to":[14,16.5,5],"light_emission":15,"faces":{"east":{"uv":[13,4,13.5,5],"rotation":90,"texture":"#0","cullface":"up"},"south":{"uv":[12,4,14,4.5],"texture":"#0","cullface":"up"},"west":{"uv":[12,4,12.5,5],"rotation":270,"texture":"#0","cullface":"up"},"up":{"uv":[12,4,14,5],"texture":"#0","cullface":"up"}}},{"from":[13,16,2],"to":[15,16.5,3],"light_emission":15,"faces":{"north":{"uv":[13,2,15,2.5],"rotation":180,"texture":"#0","cullface":"up"},"east":{"uv":[14,2,14.5,3],"rotation":90,"texture":"#0","cullface":"up"},"west":{"uv":[13,2,13.5,3],"rotation":270,"texture":"#0","cullface":"up"},"up":{"uv":[13,2,15,3],"texture":"#0","cullface":"up"}}},{"from":[13,16,3],"to":[14,16.7,4],"light_emission":15,"faces":{"north":{"uv":[13,3,14,3.7],"texture":"#0","cullface":"up"},"east":{"uv":[13,3,13.7,4],"rotation":90,"texture":"#0","cullface":"up"},"south":{"uv":[13,3,14,3.7],"rotation":180,"texture":"#0","cullface":"up"},"west":{"uv":[13,3,13.7,4],"rotation":270,"texture":"#0","cullface":"up"},"up":{"uv":[13,3,14,4],"texture":"#0","cullface":"up"}}},{"from":[5,16,5],"to":[6,16.7,6],"light_emission":15,"faces":{"north":{"uv":[5,5,6,5.7],"texture":"#0","cullface":"up"},"south":{"uv":[5,5,6,5.7],"rotation":180,"texture":"#0","cullface":"up"},"west":{"uv":[5,5,5.7,6],"rotation":270,"texture":"#0","cullface":"up"},"up":{"uv":[5,5,6,6],"texture":"#0","cullface":"up"}}},{"from":[7,16,3],"to":[8,16.7,4],"light_emission":15,"faces":{"north":{"uv":[7,3,8,3.7],"texture":"#0","cullface":"up"},"east":{"uv":[7,3,7.7,4],"rotation":90,"texture":"#0","cullface":"up"},"west":{"uv":[7,3,7.7,4],"rotation":270,"texture":"#0","cullface":"up"},"up":{"uv":[7,3,8,4],"texture":"#0","cullface":"up"}}},{"from":[6,16,4],"to":[8,16.7,7],"light_emission":15,"faces":{"north":{"uv":[6,4,8,4.7],"rotation":180,"texture":"#0","cullface":"up"},"east":{"uv":[7,4,7.7,7],"rotation":90,"texture":"#0","cullface":"up"},"south":{"uv":[6,6,8,6.7],"texture":"#0","cullface":"up"},"west":{"uv":[6,4,6.7,7],"rotation":270,"texture":"#0","cullface":"up"},"up":{"uv":[6,4,8,7],"texture":"#0","cullface":"up"}}},{"from":[5,16,6],"to":[6,16.5,7],"light_emission":15,"faces":{"south":{"uv":[5,6,6,6.5],"rotation":180,"texture":"#0","cullface":"up"},"west":{"uv":[5,6,5.5,7],"rotation":270,"texture":"#0","cullface":"up"},"up":{"uv":[5,6,6,7],"texture":"#0","cullface":"up"}}},{"from":[4,16,5],"to":[5,16.5,6],"light_emission":15,"faces":{"north":{"uv":[4,5,5,5.5],"texture":"#0","cullface":"up"},"south":{"uv":[4,5,5,5.5],"rotation":180,"texture":"#0","cullface":"up"},"west":{"uv":[4,5,4.5,6],"rotation":270,"texture":"#0","cullface":"up"},"up":{"uv":[4,5,5,6],"texture":"#0","cullface":"up"}}},{"from":[5,16,4],"to":[6,16.5,5],"light_emission":15,"faces":{"north":{"uv":[5,4,6,4.5],"texture":"#0","cullface":"up"},"west":{"uv":[5,4,5.5,5],"rotation":270,"texture":"#0","cullface":"up"},"up":{"uv":[5,4,6,5],"texture":"#0","cullface":"up"}}},{"from":[6,16,3],"to":[7,16.5,4],"light_emission":15,"faces":{"north":{"uv":[6,3,7,3.5],"texture":"#0","cullface":"up"},"west":{"uv":[6,3,6.5,4],"rotation":270,"texture":"#0","cullface":"up"},"up":{"uv":[6,3,7,4],"texture":"#0","cullface":"up"}}},{"from":[7,16,2],"to":[8,16.5,3],"light_emission":15,"faces":{"north":{"uv":[7,2,8,2.5],"texture":"#0","cullface":"up"},"east":{"uv":[7,2,7.5,3],"rotation":90,"texture":"#0","cullface":"up"},"west":{"uv":[7,2,7.5,3],"rotation":270,"texture":"#0","cullface":"up"},"up":{"uv":[7,2,8,3],"texture":"#0","cullface":"up"}}},{"from":[8,16,3],"to":[9,16.5,7],"light_emission":15,"faces":{"north":{"uv":[8,3,9,3.5],"texture":"#0","cullface":"up"},"east":{"uv":[8,3,8.5,7],"rotation":90,"texture":"#0","cullface":"up"},"south":{"uv":[8,6,9,6.5],"rotation":180,"texture":"#0","cullface":"up"},"up":{"uv":[8,3,9,7],"texture":"#0","cullface":"up"}}},{"from":[6,16,7],"to":[7,16.5,9],"light_emission":15,"faces":{"east":{"uv":[6,7,6.5,9],"rotation":90,"texture":"#0","cullface":"up"},"south":{"uv":[6,8,7,8.5],"rotation":180,"texture":"#0","cullface":"up"},"west":{"uv":[6,7,6.5,9],"rotation":270,"texture":"#0","cullface":"up"},"up":{"uv":[6,7,7,9],"texture":"#0","cullface":"up"}}},{"from":[10,16,10],"to":[13,16.5,11],"light_emission":15,"faces":{"north":{"uv":[10,10,13,10.7],"rotation":180,"texture":"#0","cullface":"up"},"east":{"uv":[12,10,12.7,11],"rotation":90,"texture":"#0","cullface":"up"},"west":{"uv":[10,10,10.7,11],"rotation":270,"texture":"#0","cullface":"up"},"up":{"uv":[10,10,13,11],"texture":"#0","cullface":"up"}}},{"from":[9,16,11],"to":[10,16.5,12],"light_emission":15,"faces":{"north":{"uv":[9,11,10,11.5],"texture":"#0","cullface":"up"},"south":{"uv":[9,11,10,11.5],"rotation":180,"texture":"#0","cullface":"up"},"west":{"uv":[9,11,9.5,12],"rotation":270,"texture":"#0","cullface":"up"},"up":{"uv":[9,11,10,12],"texture":"#0","cullface":"up"}}},{"from":[13,16,11],"to":[15,16.5,12],"light_emission":15,"faces":{"north":{"uv":[13,11,15,11.5],"rotation":180,"texture":"#0","cullface":"up"},"east":{"uv":[14,11,14.5,12],"rotation":90,"texture":"#0","cullface":"up"},"south":{"uv":[13,11,15,11.5],"texture":"#0","cullface":"up"},"up":{"uv":[13,11,15,12],"texture":"#0","cullface":"up"}}},{"from":[2,16,13],"to":[5,16.7,14],"light_emission":15,"faces":{"north":{"uv":[2,13,5,13.7],"rotation":180,"texture":"#0","cullface":"up"},"east":{"uv":[4,13,4.7,14],"rotation":90,"texture":"#0","cullface":"up"},"south":{"uv":[2,13,5,13.7],"texture":"#0","cullface":"up"},"west":{"uv":[2,13,2.7,14],"rotation":270,"texture":"#0","cullface":"up"},"up":{"uv":[2,13,5,14],"texture":"#0","cullface":"up"}}},{"from":[1,16,13],"to":[2,16.5,14],"light_emission":15,"faces":{"north":{"uv":[1,13,2,13.5],"texture":"#0","cullface":"up"},"south":{"uv":[1,13,2,13.5],"rotation":180,"texture":"#0","cullface":"up"},"west":{"uv":[1,13,1.5,14],"rotation":270,"texture":"#0","cullface":"up"},"up":{"uv":[1,13,2,14],"texture":"#0","cullface":"up"}}},{"from":[5,16,13],"to":[6,16.5,14],"light_emission":15,"faces":{"north":{"uv":[5,13,6,13.5],"texture":"#0","cullface":"up"},"east":{"uv":[5,13,5.5,14],"rotation":90,"texture":"#0","cullface":"up"},"south":{"uv":[5,13,6,13.5],"rotation":180,"texture":"#0","cullface":"up"},"up":{"uv":[5,13,6,14],"texture":"#0","cullface":"up"}}},{"from":[2,16,12],"to":[5,16.5,13],"light_emission":15,"faces":{"north":{"uv":[2,12,5,12.7],"rotation":180,"texture":"#0","cullface":"up"},"east":{"uv":[4,12,4.7,13],"rotation":90,"texture":"#0","cullface":"up"},"west":{"uv":[2,12,2.7,13],"rotation":270,"texture":"#0","cullface":"up"},"up":{"uv":[2,12,5,13],"texture":"#0","cullface":"up"}}},{"from":[10,16,13],"to":[12,16.5,14],"light_emission":15,"faces":{"east":{"uv":[11,13,11.5,14],"rotation":90,"texture":"#0","cullface":"up"},"south":{"uv":[10,13,12,13.5],"texture":"#0","cullface":"up"},"west":{"uv":[10,13,10.5,14],"rotation":270,"texture":"#0","cullface":"up"},"up":{"uv":[10,13,12,14],"texture":"#0","cullface":"up"}}},{"from":[3,16,14],"to":[5,16.5,15],"light_emission":15,"faces":{"east":{"uv":[4,14,4.5,15],"rotation":90,"texture":"#0","cullface":"up"},"south":{"uv":[3,14,5,14.5],"texture":"#0","cullface":"up"},"west":{"uv":[3,14,3.5,15],"rotation":270,"texture":"#0","cullface":"up"},"up":{"uv":[3,14,5,15],"texture":"#0","cullface":"up"}}},{"from":[2,16,8],"to":[4,16.5,10],"light_emission":15,"faces":{"north":{"uv":[2,8,4,8.5],"rotation":180,"texture":"#0","cullface":"up"},"east":{"uv":[3,8,3.5,10],"rotation":90,"texture":"#0","cullface":"up"},"south":{"uv":[2,9,4,9.5],"texture":"#0","cullface":"up"},"west":{"uv":[2,8,2.5,10],"rotation":270,"texture":"#0","cullface":"up"},"up":{"uv":[2,8,4,10],"texture":"#0","cullface":"up"}}},{"from":[4,16,1],"to":[5,16.5,2],"light_emission":15,"faces":{"north":{"uv":[4,1,5,1.5],"texture":"#0","cullface":"up"},"east":{"uv":[4,1,4.5,2],"rotation":90,"texture":"#0","cullface":"up"},"south":{"uv":[4,1,5,1.5],"rotation":180,"texture":"#0","cullface":"up"},"west":{"uv":[4,1,4.5,2],"rotation":270,"texture":"#0","cullface":"up"},"up":{"uv":[4,1,5,2],"texture":"#0","cullface":"up"}}},{"from":[7,16,12],"to":[8,16.5,13],"light_emission":15,"faces":{"north":{"uv":[7,12,8,12.5],"texture":"#0","cullface":"up"},"east":{"uv":[7,12,7.5,13],"rotation":90,"texture":"#0","cullface":"up"},"south":{"uv":[7,12,8,12.5],"rotation":180,"texture":"#0","cullface":"up"},"west":{"uv":[7,12,7.5,13],"rotation":270,"texture":"#0","cullface":"up"},"up":{"uv":[7,12,8,13],"texture":"#0","cullface":"up"}}},{"from":[13,16,7],"to":[15,16.5,8],"light_emission":15,"faces":{"north":{"uv":[13,7,15,7.5],"rotation":180,"texture":"#0","cullface":"up"},"east":{"uv":[14,7,14.5,8],"rotation":90,"texture":"#0","cullface":"up"},"south":{"uv":[13,7,15,7.5],"texture":"#0","cullface":"up"},"west":{"uv":[13,7,13.5,8],"rotation":270,"texture":"#0","cullface":"up"},"up":{"uv":[13,7,15,8],"texture":"#0","cullface":"up"}}},{"from":[14,16,14],"to":[15,16.5,15],"light_emission":15,"faces":{"north":{"uv":[14,14,15,14.5],"texture":"#0","cullface":"up"},"east":{"uv":[14,14,14.5,15],"rotation":90,"texture":"#0","cullface":"up"},"south":{"uv":[14,14,15,14.5],"rotation":180,"texture":"#0","cullface":"up"},"west":{"uv":[14,14,14.5,15],"rotation":270,"texture":"#0","cullface":"up"},"up":{"uv":[14,14,15,15],"texture":"#0","cullface":"up"}}},{"from":[10,16,11],"to":[13,16.7,13],"light_emission":15,"faces":{"north":{"uv":[10,11,13,11.7],"rotation":180,"texture":"#0","cullface":"up"},"east":{"uv":[12,11,12.7,13],"rotation":90,"texture":"#0","cullface":"up"},"south":{"uv":[10,12,13,12.7],"texture":"#0","cullface":"up"},"west":{"uv":[10,11,10.7,13],"rotation":270,"texture":"#0","cullface":"up"},"up":{"uv":[10,11,13,13],"texture":"#0","cullface":"up"}}},{"from":[14,-0.5,12],"to":[15,0,13],"light_emission":15,"faces":{"north":{"uv":[14,3,15,3.5],"texture":"#0","cullface":"down"},"east":{"uv":[14,3,14.5,4],"rotation":270,"texture":"#0","cullface":"down"},"down":{"uv":[14,3,15,4],"texture":"#0","cullface":"down"}}},{"from":[12,-0.5,12],"to":[13,0,13],"light_emission":15,"faces":{"south":{"uv":[12,3,13,3.5],"rotation":180,"texture":"#0","cullface":"down"},"west":{"uv":[12,3,12.5,4],"rotation":90,"texture":"#0","cullface":"down"},"down":{"uv":[12,3,13,4],"texture":"#0","cullface":"down"}}},{"from":[12,-0.5,11],"to":[14,0,12],"light_emission":15,"faces":{"north":{"uv":[12,4,14,4.5],"rotation":180,"texture":"#0","cullface":"down"},"east":{"uv":[13,4,13.5,5],"rotation":270,"texture":"#0","cullface":"down"},"west":{"uv":[12,4,12.5,5],"rotation":90,"texture":"#0","cullface":"down"},"down":{"uv":[12,4,14,5],"texture":"#0","cullface":"down"}}},{"from":[13,-0.5,13],"to":[15,0,14],"light_emission":15,"faces":{"east":{"uv":[14,2,14.5,3],"rotation":270,"texture":"#0","cullface":"down"},"south":{"uv":[13,2,15,2.5],"texture":"#0","cullface":"down"},"west":{"uv":[13,2,13.5,3],"rotation":90,"texture":"#0","cullface":"down"},"down":{"uv":[13,2,15,3],"texture":"#0","cullface":"down"}}},{"from":[13,-0.7,12],"to":[14,0,13],"light_emission":15,"faces":{"north":{"uv":[13,3,14,3.7],"texture":"#0","cullface":"down"},"east":{"uv":[13,3,13.7,4],"rotation":270,"texture":"#0","cullface":"down"},"south":{"uv":[13,3,14,3.7],"rotation":180,"texture":"#0","cullface":"down"},"west":{"uv":[13,3,13.7,4],"rotation":90,"texture":"#0","cullface":"down"},"down":{"uv":[13,3,14,4],"texture":"#0","cullface":"down"}}},{"from":[5,-0.7,10],"to":[6,0,11],"light_emission":15,"faces":{"north":{"uv":[5,5,6,5.7],"texture":"#0","cullface":"down"},"south":{"uv":[5,5,6,5.7],"rotation":180,"texture":"#0","cullface":"down"},"west":{"uv":[5,5,5.7,6],"rotation":90,"texture":"#0","cullface":"down"},"down":{"uv":[5,5,6,6],"texture":"#0","cullface":"down"}}},{"from":[7,-0.7,12],"to":[8,0,13],"light_emission":15,"faces":{"east":{"uv":[7,3,7.7,4],"rotation":270,"texture":"#0","cullface":"down"},"south":{"uv":[7,3,8,3.7],"rotation":180,"texture":"#0","cullface":"down"},"west":{"uv":[7,3,7.7,4],"rotation":90,"texture":"#0","cullface":"down"},"down":{"uv":[7,3,8,4],"texture":"#0","cullface":"down"}}},{"from":[6,-0.7,9],"to":[8,0,12],"light_emission":15,"faces":{"north":{"uv":[6,6,8,6.7],"rotation":180,"texture":"#0","cullface":"down"},"east":{"uv":[7,4,7.7,7],"rotation":270,"texture":"#0","cullface":"down"},"south":{"uv":[6,4,8,4.7],"texture":"#0","cullface":"down"},"west":{"uv":[6,4,6.7,7],"rotation":90,"texture":"#0","cullface":"down"},"down":{"uv":[6,4,8,7],"texture":"#0","cullface":"down"}}},{"from":[5,-0.5,9],"to":[6,0,10],"light_emission":15,"faces":{"north":{"uv":[5,6,6,6.5],"texture":"#0","cullface":"down"},"west":{"uv":[5,6,5.5,7],"rotation":90,"texture":"#0","cullface":"down"},"down":{"uv":[5,6,6,7],"texture":"#0","cullface":"down"}}},{"from":[4,-0.5,10],"to":[5,0,11],"light_emission":15,"faces":{"north":{"uv":[4,5,5,5.5],"texture":"#0","cullface":"down"},"south":{"uv":[4,5,5,5.5],"rotation":180,"texture":"#0","cullface":"down"},"west":{"uv":[4,5,4.5,6],"rotation":90,"texture":"#0","cullface":"down"},"down":{"uv":[4,5,5,6],"texture":"#0","cullface":"down"}}},{"from":[5,-0.5,11],"to":[6,0,12],"light_emission":15,"faces":{"south":{"uv":[5,4,6,4.5],"rotation":180,"texture":"#0","cullface":"down"},"west":{"uv":[5,4,5.5,5],"rotation":90,"texture":"#0","cullface":"down"},"down":{"uv":[5,4,6,5],"texture":"#0","cullface":"down"}}},{"from":[6,-0.5,12],"to":[7,0,13],"light_emission":15,"faces":{"south":{"uv":[6,3,7,3.5],"rotation":180,"texture":"#0","cullface":"down"},"west":{"uv":[6,3,6.5,4],"rotation":90,"texture":"#0","cullface":"down"},"down":{"uv":[6,3,7,4],"texture":"#0","cullface":"down"}}},{"from":[7,-0.5,13],"to":[8,0,14],"light_emission":15,"faces":{"east":{"uv":[7,2,7.5,3],"rotation":270,"texture":"#0","cullface":"down"},"south":{"uv":[7,2,8,2.5],"rotation":180,"texture":"#0","cullface":"down"},"west":{"uv":[7,2,7.5,3],"rotation":90,"texture":"#0","cullface":"down"},"down":{"uv":[7,2,8,3],"texture":"#0","cullface":"down"}}},{"from":[8,-0.5,9],"to":[9,0,13],"light_emission":15,"faces":{"north":{"uv":[8,6,9,6.5],"texture":"#0","cullface":"down"},"east":{"uv":[8,3,8.5,7],"rotation":270,"texture":"#0","cullface":"down"},"south":{"uv":[8,3,9,3.5],"rotation":180,"texture":"#0","cullface":"down"},"down":{"uv":[8,3,9,7],"texture":"#0","cullface":"down"}}},{"from":[6,-0.5,7],"to":[7,0,9],"light_emission":15,"faces":{"north":{"uv":[6,8,7,8.5],"texture":"#0","cullface":"down"},"east":{"uv":[6,7,6.5,9],"rotation":270,"texture":"#0","cullface":"down"},"west":{"uv":[6,7,6.5,9],"rotation":90,"texture":"#0","cullface":"down"},"down":{"uv":[6,7,7,9],"texture":"#0","cullface":"down"}}},{"from":[10,-0.5,5],"to":[13,0,6],"light_emission":15,"faces":{"east":{"uv":[12,10,12.7,11],"rotation":270,"texture":"#0","cullface":"down"},"south":{"uv":[10,10,13,10.7],"texture":"#0","cullface":"down"},"west":{"uv":[10,10,10.7,11],"rotation":90,"texture":"#0","cullface":"down"},"down":{"uv":[10,10,13,11],"texture":"#0","cullface":"down"}}},{"from":[9,-0.5,4],"to":[10,0,5],"light_emission":15,"faces":{"north":{"uv":[9,11,10,11.5],"texture":"#0","cullface":"down"},"south":{"uv":[9,11,10,11.5],"rotation":180,"texture":"#0","cullface":"down"},"west":{"uv":[9,11,9.5,12],"rotation":90,"texture":"#0","cullface":"down"},"down":{"uv":[9,11,10,12],"texture":"#0","cullface":"down"}}},{"from":[13,-0.5,4],"to":[15,0,5],"light_emission":15,"faces":{"north":{"uv":[13,11,15,11.5],"rotation":180,"texture":"#0","cullface":"down"},"east":{"uv":[14,11,14.5,12],"rotation":270,"texture":"#0","cullface":"down"},"south":{"uv":[13,11,15,11.5],"texture":"#0","cullface":"down"},"down":{"uv":[13,11,15,12],"texture":"#0","cullface":"down"}}},{"from":[2,-0.7,2],"to":[5,0,3],"light_emission":15,"faces":{"north":{"uv":[2,13,5,13.7],"rotation":180,"texture":"#0","cullface":"down"},"east":{"uv":[4,13,4.7,14],"rotation":270,"texture":"#0","cullface":"down"},"south":{"uv":[2,13,5,13.7],"texture":"#0","cullface":"down"},"west":{"uv":[2,13,2.7,14],"rotation":90,"texture":"#0","cullface":"down"},"down":{"uv":[2,13,5,14],"texture":"#0","cullface":"down"}}},{"from":[1,-0.5,2],"to":[2,0,3],"light_emission":15,"faces":{"north":{"uv":[1,13,2,13.5],"texture":"#0","cullface":"down"},"south":{"uv":[1,13,2,13.5],"rotation":180,"texture":"#0","cullface":"down"},"west":{"uv":[1,13,1.5,14],"rotation":90,"texture":"#0","cullface":"down"},"down":{"uv":[1,13,2,14],"texture":"#0","cullface":"down"}}},{"from":[5,-0.5,2],"to":[6,0,3],"light_emission":15,"faces":{"north":{"uv":[5,13,6,13.5],"texture":"#0","cullface":"down"},"east":{"uv":[5,13,5.5,14],"rotation":270,"texture":"#0","cullface":"down"},"south":{"uv":[5,13,6,13.5],"rotation":180,"texture":"#0","cullface":"down"},"down":{"uv":[5,13,6,14],"texture":"#0","cullface":"down"}}},{"from":[2,-0.5,3],"to":[5,0,4],"light_emission":15,"faces":{"east":{"uv":[4,12,4.7,13],"rotation":270,"texture":"#0","cullface":"down"},"south":{"uv":[2,12,5,12.7],"texture":"#0","cullface":"down"},"west":{"uv":[2,12,2.7,13],"rotation":90,"texture":"#0","cullface":"down"},"down":{"uv":[2,12,5,13],"texture":"#0","cullface":"down"}}},{"from":[10,-0.5,2],"to":[12,0,3],"light_emission":15,"faces":{"north":{"uv":[10,13,12,13.5],"rotation":180,"texture":"#0","cullface":"down"},"east":{"uv":[11,13,11.5,14],"rotation":270,"texture":"#0","cullface":"down"},"west":{"uv":[10,13,10.5,14],"rotation":90,"texture":"#0","cullface":"down"},"down":{"uv":[10,13,12,14],"texture":"#0","cullface":"down"}}},{"from":[3,-0.5,1],"to":[5,0,2],"light_emission":15,"faces":{"north":{"uv":[3,14,5,14.5],"rotation":180,"texture":"#0","cullface":"down"},"east":{"uv":[4,14,4.5,15],"rotation":270,"texture":"#0","cullface":"down"},"west":{"uv":[3,14,3.5,15],"rotation":90,"texture":"#0","cullface":"down"},"down":{"uv":[3,14,5,15],"texture":"#0","cullface":"down"}}},{"from":[2,-0.5,6],"to":[4,0,8],"light_emission":15,"faces":{"north":{"uv":[2,9,4,9.5],"rotation":180,"texture":"#0","cullface":"down"},"east":{"uv":[3,8,3.5,10],"rotation":270,"texture":"#0","cullface":"down"},"south":{"uv":[2,8,4,8.5],"texture":"#0","cullface":"down"},"west":{"uv":[2,8,2.5,10],"rotation":90,"texture":"#0","cullface":"down"},"down":{"uv":[2,8,4,10],"texture":"#0","cullface":"down"}}},{"from":[4,-0.5,14],"to":[5,0,15],"light_emission":15,"faces":{"north":{"uv":[4,1,5,1.5],"texture":"#0","cullface":"down"},"east":{"uv":[4,1,4.5,2],"rotation":270,"texture":"#0","cullface":"down"},"south":{"uv":[4,1,5,1.5],"rotation":180,"texture":"#0","cullface":"down"},"west":{"uv":[4,1,4.5,2],"rotation":90,"texture":"#0","cullface":"down"},"down":{"uv":[4,1,5,2],"texture":"#0","cullface":"down"}}},{"from":[7,-0.5,3],"to":[8,0,4],"light_emission":15,"faces":{"north":{"uv":[7,12,8,12.5],"texture":"#0","cullface":"down"},"east":{"uv":[7,12,7.5,13],"rotation":270,"texture":"#0","cullface":"down"},"south":{"uv":[7,12,8,12.5],"rotation":180,"texture":"#0","cullface":"down"},"west":{"uv":[7,12,7.5,13],"rotation":90,"texture":"#0","cullface":"down"},"down":{"uv":[7,12,8,13],"texture":"#0","cullface":"down"}}},{"from":[13,-0.5,8],"to":[15,0,9],"light_emission":15,"faces":{"north":{"uv":[13,7,15,7.5],"rotation":180,"texture":"#0","cullface":"down"},"east":{"uv":[14,7,14.5,8],"rotation":270,"texture":"#0","cullface":"down"},"south":{"uv":[13,7,15,7.5],"texture":"#0","cullface":"down"},"west":{"uv":[13,7,13.5,8],"rotation":90,"texture":"#0","cullface":"down"},"down":{"uv":[13,7,15,8],"texture":"#0","cullface":"down"}}},{"from":[14,-0.5,1],"to":[15,0,2],"light_emission":15,"faces":{"north":{"uv":[14,14,15,14.5],"texture":"#0","cullface":"down"},"east":{"uv":[14,14,14.5,15],"rotation":270,"texture":"#0","cullface":"down"},"south":{"uv":[14,14,15,14.5],"rotation":180,"texture":"#0","cullface":"down"},"west":{"uv":[14,14,14.5,15],"rotation":90,"texture":"#0","cullface":"down"},"down":{"uv":[14,14,15,15],"texture":"#0","cullface":"down"}}},{"from":[10,-0.7,3],"to":[13,0,5],"light_emission":15,"faces":{"north":{"uv":[10,12,13,12.7],"rotation":180,"texture":"#0","cullface":"down"},"east":{"uv":[12,11,12.7,13],"rotation":270,"texture":"#0","cullface":"down"},"south":{"uv":[10,11,13,11.7],"texture":"#0","cullface":"down"},"west":{"uv":[10,11,10.7,13],"rotation":90,"texture":"#0","cullface":"down"},"down":{"uv":[10,11,13,13],"texture":"#0","cullface":"down"}}},{"from":[8,9,-0.7],"to":[10,12,0],"light_emission":15,"faces":{"north":{"uv":[6,4,8,7],"texture":"#0","cullface":"north"},"east":{"uv":[6,4,6.7,7],"texture":"#0","cullface":"north"},"west":{"uv":[7,4,7.7,7],"texture":"#0","cullface":"north"},"up":{"uv":[6,4,8,4.7],"rotation":180,"texture":"#0","cullface":"north"},"down":{"uv":[6,6,8,6.7],"rotation":180,"texture":"#0","cullface":"north"}}},{"from":[8,12,-0.7],"to":[9,13,0],"light_emission":15,"faces":{"north":{"uv":[7,3,8,4],"texture":"#0","cullface":"north"},"east":{"uv":[7,3,7.7,4],"texture":"#0","cullface":"north"},"west":{"uv":[7,3,7.7,4],"texture":"#0","cullface":"north"},"up":{"uv":[7,3,8,3.7],"texture":"#0","cullface":"north"}}},{"from":[10,10,-0.7],"to":[11,11,0],"light_emission":15,"faces":{"north":{"uv":[5,5,6,6],"texture":"#0","cullface":"north"},"east":{"uv":[5,5,5.7,6],"texture":"#0","cullface":"north"},"up":{"uv":[5,5,6,5.7],"texture":"#0","cullface":"north"},"down":{"uv":[5,5,6,5.7],"texture":"#0","cullface":"north"}}},{"from":[2,12,-0.7],"to":[3,13,0],"light_emission":15,"faces":{"north":{"uv":[13,3,14,4],"texture":"#0","cullface":"north"},"east":{"uv":[13,3,13.7,4],"texture":"#0","cullface":"north"},"west":{"uv":[13,3,13.7,4],"texture":"#0","cullface":"north"},"up":{"uv":[13,3,14,3.7],"texture":"#0","cullface":"north"},"down":{"uv":[13,3,14,3.7],"texture":"#0","cullface":"north"}}},{"from":[4,2,-0.5],"to":[6,3,0],"light_emission":15,"faces":{"north":{"uv":[10,13,12,14],"texture":"#0","cullface":"north"},"east":{"uv":[10,13,10.5,14],"texture":"#0","cullface":"north"},"west":{"uv":[11,13,11.5,14],"texture":"#0","cullface":"north"},"down":{"uv":[10,13,12,13.5],"rotation":180,"texture":"#0","cullface":"north"}}}],"display":{"thirdperson_righthand":{"rotation":[75,45,0],"translation":[0,2.5,0],"scale":[0.375,0.375,0.375]},"thirdperson_lefthand":{"rotation":[75,45,0],"translation":[0,2.5,0],"scale":[0.375,0.375,0.375]},"firstperson_righthand":{"rotation":[0,45,0],"scale":[0.4,0.4,0.4]},"firstperson_lefthand":{"rotation":[0,-135,0],"scale":[0.4,0.4,0.4]},"ground":{"translation":[0,3,0],"scale":[0.25,0.25,0.25]},"gui":{"rotation":[30,-135,0],"scale":[0.625,0.625,0.625]},"fixed":{"scale":[0.5,0.5,0.5]}}}