{"credit":"Created by Marceus","format_version":"1.21.6","parent":"block/cube_all","textures":{"0":"block/deepslate_redstone_ore2","particle":"block/deepslate_redstone_ore2"},"elements":[{"from":[0,0,0],"to":[16,16,16],"faces":{"north":{"uv":[0,0,16,16],"texture":"#0","cullface":"north"},"east":{"uv":[0,0,16,16],"texture":"#0","cullface":"east"},"south":{"uv":[0,0,16,16],"texture":"#0","cullface":"south"},"west":{"uv":[0,0,16,16],"texture":"#0","cullface":"west"},"up":{"uv":[0,0,16,16],"texture":"#0","cullface":"up"},"down":{"uv":[0,0,16,16],"texture":"#0","cullface":"down"}}},{"from":[13,7,-0.5],"to":[14,8,0],"light_emission":15,"faces":{"north":{"uv":[2,8,3,9],"texture":"#0","cullface":"north"},"east":{"uv":[2,8,2.5,9],"texture":"#0","cullface":"north"},"west":{"uv":[2,8,2.5,9],"texture":"#0","cullface":"north"},"up":{"uv":[2,8,3,8.5],"texture":"#0","cullface":"north"},"down":{"uv":[2,8,3,8.5],"texture":"#0","cullface":"north"}}},{"from":[8,8,-0.5],"to":[9,9,0],"light_emission":15,"faces":{"north":{"uv":[7,7,8,8],"texture":"#0","cullface":"north"},"east":{"uv":[7,7,7.5,8],"texture":"#0","cullface":"north"},"west":{"uv":[7,7,7.5,8],"texture":"#0","cullface":"north"},"up":{"uv":[7,7,8,7.5],"texture":"#0","cullface":"north"}}},{"from":[8,5,-0.5],"to":[9,6,0],"light_emission":15,"faces":{"north":{"uv":[7,10,8,11],"texture":"#0","cullface":"north"},"east":{"uv":[7,10,7.5,11],"texture":"#0","cullface":"north"},"west":{"uv":[7,10,7.5,11],"texture":"#0","cullface":"north"},"down":{"uv":[7,10,8,10.5],"texture":"#0","cullface":"north"}}},{"from":[4,10,-0.7],"to":[5,12,0],"light_emission":15,"faces":{"north":{"uv":[11,4,12,6],"texture":"#0","cullface":"north"},"east":{"uv":[11,4,11.5,6],"texture":"#0","cullface":"north"},"west":{"uv":[11,4,11.5,6],"texture":"#0","cullface":"north"},"up":{"uv":[11,4,12,4.5],"texture":"#0","cullface":"north"},"down":{"uv":[11,5,12,5.5],"texture":"#0","cullface":"north"}}},{"from":[4,12,-0.5],"to":[5,13,0],"light_emission":15,"faces":{"north":{"uv":[11,3,12,4],"texture":"#0","cullface":"north"},"east":{"uv":[11,3,11.5,4],"texture":"#0","cullface":"north"},"west":{"uv":[11,3,11.5,4],"texture":"#0","cullface":"north"},"up":{"uv":[11,3,12,3.5],"texture":"#0","cullface":"north"}}},{"from":[5,11,-0.5],"to":[6,12,0],"light_emission":15,"faces":{"north":{"uv":[10,4,11,5],"texture":"#0","cullface":"north"},"east":{"uv":[10,4,10.5,5],"texture":"#0","cullface":"north"},"up":{"uv":[10,4,11,4.5],"texture":"#0","cullface":"north"},"down":{"uv":[10,4,11,4.5],"texture":"#0","cullface":"north"}}},{"from":[3,10,-0.5],"to":[4,12,0],"light_emission":15,"faces":{"north":{"uv":[12,4,13,6],"texture":"#0","cullface":"north"},"west":{"uv":[12,4,12.5,6],"texture":"#0","cullface":"north"},"up":{"uv":[12,4,13,4.5],"texture":"#0","cullface":"north"},"down":{"uv":[12,5,13,5.5],"texture":"#0","cullface":"north"}}},{"from":[4,9,-0.5],"to":[5,10,0],"light_emission":15,"faces":{"north":{"uv":[11,6,12,7],"texture":"#0","cullface":"north"},"east":{"uv":[11,6,11.5,7],"texture":"#0","cullface":"north"},"west":{"uv":[11,6,11.5,7],"texture":"#0","cullface":"north"},"down":{"uv":[11,6,12,6.5],"texture":"#0","cullface":"north"}}},{"from":[7,6,-0.5],"to":[8,8,0],"light_emission":15,"faces":{"north":{"uv":[8,8,9,10],"texture":"#0","cullface":"north"},"west":{"uv":[8,8,8.5,10],"texture":"#0","cullface":"north"},"up":{"uv":[8,8,9,8.5],"texture":"#0","cullface":"north"},"down":{"uv":[8,9,9,9.5],"texture":"#0","cullface":"north"}}},{"from":[9,6,-0.5],"to":[10,8,0],"light_emission":15,"faces":{"north":{"uv":[6,8,7,10],"texture":"#0","cullface":"north"},"east":{"uv":[6,8,6.5,10],"texture":"#0","cullface":"north"},"up":{"uv":[6,8,7,8.5],"texture":"#0","cullface":"north"},"down":{"uv":[6,9,7,9.5],"texture":"#0","cullface":"north"}}},{"from":[9,2,-0.5],"to":[10,3,0],"light_emission":15,"faces":{"north":{"uv":[6,13,7,14],"texture":"#0","cullface":"north"},"west":{"uv":[6,13,6.5,14],"texture":"#0","cullface":"north"},"up":{"uv":[6,13,7,13.5],"texture":"#0","cullface":"north"},"down":{"uv":[6,13,7,13.5],"texture":"#0","cullface":"north"}}},{"from":[4,2,-0.5],"to":[5,3,0],"light_emission":15,"faces":{"north":{"uv":[11,13,12,14],"texture":"#0","cullface":"north"},"east":{"uv":[11,13,11.5,14],"texture":"#0","cullface":"north"},"west":{"uv":[11,13,11.5,14],"texture":"#0","cullface":"north"},"up":{"uv":[11,13,12,13.5],"texture":"#0","cullface":"north"}}},{"from":[10,12,-0.5],"to":[11,13,0],"light_emission":15,"faces":{"north":{"uv":[5,3,6,4],"texture":"#0","cullface":"north"},"west":{"uv":[5,3,5.5,4],"texture":"#0","cullface":"north"},"up":{"uv":[5,3,6,3.5],"texture":"#0","cullface":"north"},"down":{"uv":[5,3,6,3.5],"texture":"#0","cullface":"north"}}},{"from":[11,13,-0.5],"to":[12,14,0],"light_emission":15,"faces":{"north":{"uv":[4,2,5,3],"texture":"#0","cullface":"north"},"east":{"uv":[4,2,4.5,3],"texture":"#0","cullface":"north"},"west":{"uv":[4,2,4.5,3],"texture":"#0","cullface":"north"},"up":{"uv":[4,2,5,2.5],"texture":"#0","cullface":"north"}}},{"from":[11,12,-0.7],"to":[12,13,0],"light_emission":15,"faces":{"north":{"uv":[4,3,5,4],"texture":"#0","cullface":"north"},"east":{"uv":[4,3,4.7,4],"texture":"#0","cullface":"north"},"west":{"uv":[4,3,4.7,4],"texture":"#0","cullface":"north"},"up":{"uv":[4,3,5,3.7],"texture":"#0","cullface":"north"},"down":{"uv":[4,3,5,3.7],"texture":"#0","cullface":"north"}}},{"from":[12,12,-0.5],"to":[13,13,0],"light_emission":15,"faces":{"north":{"uv":[3,3,4,4],"texture":"#0","cullface":"north"},"east":{"uv":[3,3,3.5,4],"texture":"#0","cullface":"north"},"up":{"uv":[3,3,4,3.5],"texture":"#0","cullface":"north"},"down":{"uv":[3,3,4,3.5],"texture":"#0","cullface":"north"}}},{"from":[11,11,-0.5],"to":[12,12,0],"light_emission":15,"faces":{"north":{"uv":[4,4,5,5],"texture":"#0","cullface":"north"},"east":{"uv":[4,4,4.5,5],"texture":"#0","cullface":"north"},"west":{"uv":[4,4,4.5,5],"texture":"#0","cullface":"north"},"down":{"uv":[4,4,5,4.5],"texture":"#0","cullface":"north"}}},{"from":[2,4,-0.5],"to":[4,5,0],"light_emission":15,"faces":{"north":{"uv":[12,11,14,12],"texture":"#0","cullface":"north"},"east":{"uv":[12,11,12.5,12],"texture":"#0","cullface":"north"},"west":{"uv":[13,11,13.5,12],"texture":"#0","cullface":"north"},"up":{"uv":[12,11,14,11.5],"rotation":180,"texture":"#0","cullface":"north"},"down":{"uv":[12,11,14,11.5],"rotation":180,"texture":"#0","cullface":"north"}}},{"from":[-0.5,11,10],"to":[0,12,11],"light_emission":15,"faces":{"north":{"uv":[10,4,10.5,5],"texture":"#0","cullface":"west"},"west":{"uv":[10,4,11,5],"texture":"#0","cullface":"west"},"up":{"uv":[10,4,11,4.5],"rotation":270,"texture":"#0","cullface":"west"},"down":{"uv":[10,4,11,4.5],"rotation":90,"texture":"#0","cullface":"west"}}},{"from":[-0.7,10,11],"to":[0,12,12],"light_emission":15,"faces":{"north":{"uv":[11,4,11.5,6],"texture":"#0","cullface":"west"},"south":{"uv":[11,4,11.5,6],"texture":"#0","cullface":"west"},"west":{"uv":[11,4,12,6],"texture":"#0","cullface":"west"},"up":{"uv":[11,4,12,4.5],"rotation":270,"texture":"#0","cullface":"west"},"down":{"uv":[11,5,12,5.5],"rotation":90,"texture":"#0","cullface":"west"}}},{"from":[-0.5,12,11],"to":[0,13,12],"light_emission":15,"faces":{"north":{"uv":[11,3,11.5,4],"texture":"#0","cullface":"west"},"south":{"uv":[11,3,11.5,4],"texture":"#0","cullface":"west"},"west":{"uv":[11,3,12,4],"texture":"#0","cullface":"west"},"up":{"uv":[11,3,12,3.5],"rotation":270,"texture":"#0","cullface":"west"}}},{"from":[-0.5,10,12],"to":[0,12,13],"light_emission":15,"faces":{"south":{"uv":[12,4,12.5,6],"texture":"#0","cullface":"west"},"west":{"uv":[12,4,13,6],"texture":"#0","cullface":"west"},"up":{"uv":[12,4,13,4.5],"rotation":270,"texture":"#0","cullface":"west"},"down":{"uv":[12,5,13,5.5],"rotation":90,"texture":"#0","cullface":"west"}}},{"from":[-0.5,9,11],"to":[0,10,12],"light_emission":15,"faces":{"north":{"uv":[11,6,11.5,7],"texture":"#0","cullface":"west"},"south":{"uv":[11,6,11.5,7],"texture":"#0","cullface":"west"},"west":{"uv":[11,6,12,7],"texture":"#0","cullface":"west"},"down":{"uv":[11,6,12,6.5],"rotation":90,"texture":"#0","cullface":"west"}}},{"from":[-0.7,6,7],"to":[0,8,8],"light_emission":15,"faces":{"north":{"uv":[7,8,7.5,10],"texture":"#0","cullface":"west"},"south":{"uv":[7,8,7.5,10],"texture":"#0","cullface":"west"},"west":{"uv":[7,8,8,10],"texture":"#0","cullface":"west"},"up":{"uv":[7,8,8,8.5],"rotation":270,"texture":"#0","cullface":"west"},"down":{"uv":[7,9,8,9.5],"rotation":90,"texture":"#0","cullface":"west"}}},{"from":[-0.5,6,6],"to":[0,8,7],"light_emission":15,"faces":{"north":{"uv":[6,8,6.5,10],"texture":"#0","cullface":"west"},"west":{"uv":[6,8,7,10],"texture":"#0","cullface":"west"},"up":{"uv":[6,8,7,8.5],"rotation":270,"texture":"#0","cullface":"west"},"down":{"uv":[6,9,7,9.5],"rotation":90,"texture":"#0","cullface":"west"}}},{"from":[-0.5,6,8],"to":[0,8,9],"light_emission":15,"faces":{"south":{"uv":[8,8,8.5,10],"texture":"#0","cullface":"west"},"west":{"uv":[8,8,9,10],"texture":"#0","cullface":"west"},"up":{"uv":[8,8,9,8.5],"rotation":270,"texture":"#0","cullface":"west"},"down":{"uv":[8,9,9,9.5],"rotation":90,"texture":"#0","cullface":"west"}}},{"from":[-0.5,5,7],"to":[0,6,8],"light_emission":15,"faces":{"north":{"uv":[7,10,7.5,11],"texture":"#0","cullface":"west"},"south":{"uv":[7,10,7.5,11],"texture":"#0","cullface":"west"},"west":{"uv":[7,10,8,11],"texture":"#0","cullface":"west"},"down":{"uv":[7,10,8,10.5],"rotation":90,"texture":"#0","cullface":"west"}}},{"from":[-0.5,8,7],"to":[0,9,8],"light_emission":15,"faces":{"north":{"uv":[7,7,7.5,8],"texture":"#0","cullface":"west"},"south":{"uv":[7,7,7.5,8],"texture":"#0","cullface":"west"},"west":{"uv":[7,7,8,8],"texture":"#0","cullface":"west"},"up":{"uv":[7,7,8,7.5],"rotation":270,"texture":"#0","cullface":"west"}}},{"from":[-0.7,1,10],"to":[0,2,13],"light_emission":15,"faces":{"north":{"uv":[10,14,10.7,15],"texture":"#0","cullface":"west"},"south":{"uv":[12,14,12.7,15],"texture":"#0","cullface":"west"},"west":{"uv":[10,14,13,15],"texture":"#0","cullface":"west"},"up":{"uv":[10,14,13,14.7],"rotation":90,"texture":"#0","cullface":"west"},"down":{"uv":[10,14,13,14.7],"rotation":270,"texture":"#0","cullface":"west"}}},{"from":[-0.5,12,5],"to":[0,13,6],"light_emission":15,"faces":{"south":{"uv":[5,3,5.5,4],"texture":"#0","cullface":"west"},"west":{"uv":[5,3,6,4],"texture":"#0","cullface":"west"},"up":{"uv":[5,3,6,3.5],"rotation":270,"texture":"#0","cullface":"west"},"down":{"uv":[5,3,6,3.5],"rotation":90,"texture":"#0","cullface":"west"}}},{"from":[-0.5,13,4],"to":[0,14,5],"light_emission":15,"faces":{"north":{"uv":[4,2,4.5,3],"texture":"#0","cullface":"west"},"south":{"uv":[4,2,4.5,3],"texture":"#0","cullface":"west"},"west":{"uv":[4,2,5,3],"texture":"#0","cullface":"west"},"up":{"uv":[4,2,5,2.5],"rotation":270,"texture":"#0","cullface":"west"}}},{"from":[-0.7,12,4],"to":[0,13,5],"light_emission":15,"faces":{"north":{"uv":[4,3,4.7,4],"texture":"#0","cullface":"west"},"south":{"uv":[4,3,4.7,4],"texture":"#0","cullface":"west"},"west":{"uv":[4,3,5,4],"texture":"#0","cullface":"west"},"up":{"uv":[4,3,5,3.7],"rotation":270,"texture":"#0","cullface":"west"},"down":{"uv":[4,3,5,3.7],"rotation":90,"texture":"#0","cullface":"west"}}},{"from":[-0.5,12,3],"to":[0,13,4],"light_emission":15,"faces":{"north":{"uv":[3,3,3.5,4],"texture":"#0","cullface":"west"},"west":{"uv":[3,3,4,4],"texture":"#0","cullface":"west"},"up":{"uv":[3,3,4,3.5],"rotation":270,"texture":"#0","cullface":"west"},"down":{"uv":[3,3,4,3.5],"rotation":90,"texture":"#0","cullface":"west"}}},{"from":[-0.5,11,4],"to":[0,12,5],"light_emission":15,"faces":{"north":{"uv":[4,4,4.5,5],"texture":"#0","cullface":"west"},"south":{"uv":[4,4,4.5,5],"texture":"#0","cullface":"west"},"west":{"uv":[4,4,5,5],"texture":"#0","cullface":"west"},"down":{"uv":[4,4,5,4.5],"rotation":90,"texture":"#0","cullface":"west"}}},{"from":[-0.5,2,11],"to":[0,3,12],"light_emission":15,"faces":{"north":{"uv":[11,13,11.5,14],"texture":"#0","cullface":"west"},"south":{"uv":[11,13,11.5,14],"texture":"#0","cullface":"west"},"west":{"uv":[11,13,12,14],"texture":"#0","cullface":"west"},"up":{"uv":[11,13,12,13.5],"rotation":270,"texture":"#0","cullface":"west"}}},{"from":[-0.5,2,6],"to":[0,3,7],"light_emission":15,"faces":{"south":{"uv":[6,13,6.5,14],"texture":"#0","cullface":"west"},"west":{"uv":[6,13,7,14],"texture":"#0","cullface":"west"},"up":{"uv":[6,13,7,13.5],"rotation":270,"texture":"#0","cullface":"west"},"down":{"uv":[6,13,7,13.5],"rotation":90,"texture":"#0","cullface":"west"}}},{"from":[-0.5,3,4],"to":[0,4,6],"light_emission":15,"faces":{"north":{"uv":[4,12,4.5,13],"texture":"#0","cullface":"west"},"south":{"uv":[5,12,5.5,13],"texture":"#0","cullface":"west"},"west":{"uv":[4,12,6,13],"texture":"#0","cullface":"west"},"up":{"uv":[4,12,6,12.5],"rotation":90,"texture":"#0","cullface":"west"}}},{"from":[-0.7,1,3],"to":[0,3,6],"light_emission":15,"faces":{"north":{"uv":[3,13,3.5,15],"texture":"#0","cullface":"west"},"south":{"uv":[5,13,5.5,15],"texture":"#0","cullface":"west"},"west":{"uv":[3,13,6,15],"texture":"#0","cullface":"west"},"up":{"uv":[3,13,6,13.5],"rotation":90,"texture":"#0","cullface":"west"},"down":{"uv":[3,14,6,14.5],"rotation":270,"texture":"#0","cullface":"west"}}},{"from":[-0.5,7,2],"to":[0,8,3],"light_emission":15,"faces":{"north":{"uv":[2,8,2.5,9],"texture":"#0","cullface":"west"},"south":{"uv":[2,8,2.5,9],"texture":"#0","cullface":"west"},"west":{"uv":[2,8,3,9],"texture":"#0","cullface":"west"},"up":{"uv":[2,8,3,8.5],"rotation":270,"texture":"#0","cullface":"west"},"down":{"uv":[2,8,3,8.5],"rotation":90,"texture":"#0","cullface":"west"}}},{"from":[-0.5,4,12],"to":[0,5,14],"light_emission":15,"faces":{"north":{"uv":[12,11,12.5,12],"texture":"#0","cullface":"west"},"south":{"uv":[13,11,13.5,12],"texture":"#0","cullface":"west"},"west":{"uv":[12,11,14,12],"texture":"#0","cullface":"west"},"up":{"uv":[12,11,14,11.5],"rotation":90,"texture":"#0","cullface":"west"},"down":{"uv":[12,11,14,11.5],"rotation":270,"texture":"#0","cullface":"west"}}},{"from":[10,11,16],"to":[11,12,16.5],"light_emission":15,"faces":{"south":{"uv":[10,4,11,5],"texture":"#0","cullface":"south"},"west":{"uv":[10,4,10.5,5],"texture":"#0","cullface":"south"},"up":{"uv":[10,4,11,4.5],"rotation":180,"texture":"#0","cullface":"south"},"down":{"uv":[10,4,11,4.5],"rotation":180,"texture":"#0","cullface":"south"}}},{"from":[11,10,16],"to":[12,12,16.7],"light_emission":15,"faces":{"east":{"uv":[11,4,11.5,6],"texture":"#0","cullface":"south"},"south":{"uv":[11,4,12,6],"texture":"#0","cullface":"south"},"west":{"uv":[11,4,11.5,6],"texture":"#0","cullface":"south"},"up":{"uv":[11,4,12,4.5],"rotation":180,"texture":"#0","cullface":"south"},"down":{"uv":[11,5,12,5.5],"rotation":180,"texture":"#0","cullface":"south"}}},{"from":[11,12,16],"to":[12,13,16.5],"light_emission":15,"faces":{"east":{"uv":[11,3,11.5,4],"texture":"#0","cullface":"south"},"south":{"uv":[11,3,12,4],"texture":"#0","cullface":"south"},"west":{"uv":[11,3,11.5,4],"texture":"#0","cullface":"south"},"up":{"uv":[11,3,12,3.5],"rotation":180,"texture":"#0","cullface":"south"}}},{"from":[12,10,16],"to":[13,12,16.5],"light_emission":15,"faces":{"east":{"uv":[12,4,12.5,6],"texture":"#0","cullface":"south"},"south":{"uv":[12,4,13,6],"texture":"#0","cullface":"south"},"up":{"uv":[12,4,13,4.5],"rotation":180,"texture":"#0","cullface":"south"},"down":{"uv":[12,5,13,5.5],"rotation":180,"texture":"#0","cullface":"south"}}},{"from":[11,9,16],"to":[12,10,16.5],"light_emission":15,"faces":{"east":{"uv":[11,6,11.5,7],"texture":"#0","cullface":"south"},"south":{"uv":[11,6,12,7],"texture":"#0","cullface":"south"},"west":{"uv":[11,6,11.5,7],"texture":"#0","cullface":"south"},"down":{"uv":[11,6,12,6.5],"rotation":180,"texture":"#0","cullface":"south"}}},{"from":[7,6,16],"to":[8,8,16.7],"light_emission":15,"faces":{"east":{"uv":[7,8,7.5,10],"texture":"#0","cullface":"south"},"south":{"uv":[7,8,8,10],"texture":"#0","cullface":"south"},"west":{"uv":[7,8,7.5,10],"texture":"#0","cullface":"south"},"up":{"uv":[7,8,8,8.5],"rotation":180,"texture":"#0","cullface":"south"},"down":{"uv":[7,9,8,9.5],"rotation":180,"texture":"#0","cullface":"south"}}},{"from":[6,6,16],"to":[7,8,16.5],"light_emission":15,"faces":{"south":{"uv":[6,8,7,10],"texture":"#0","cullface":"south"},"west":{"uv":[6,8,6.5,10],"texture":"#0","cullface":"south"},"up":{"uv":[6,8,7,8.5],"rotation":180,"texture":"#0","cullface":"south"},"down":{"uv":[6,9,7,9.5],"rotation":180,"texture":"#0","cullface":"south"}}},{"from":[8,6,16],"to":[9,8,16.5],"light_emission":15,"faces":{"east":{"uv":[8,8,8.5,10],"texture":"#0","cullface":"south"},"south":{"uv":[8,8,9,10],"texture":"#0","cullface":"south"},"up":{"uv":[8,8,9,8.5],"rotation":180,"texture":"#0","cullface":"south"},"down":{"uv":[8,9,9,9.5],"rotation":180,"texture":"#0","cullface":"south"}}},{"from":[7,5,16],"to":[8,6,16.5],"light_emission":15,"faces":{"east":{"uv":[7,10,7.5,11],"texture":"#0","cullface":"south"},"south":{"uv":[7,10,8,11],"texture":"#0","cullface":"south"},"west":{"uv":[7,10,7.5,11],"texture":"#0","cullface":"south"},"down":{"uv":[7,10,8,10.5],"rotation":180,"texture":"#0","cullface":"south"}}},{"from":[7,8,16],"to":[8,9,16.5],"light_emission":15,"faces":{"east":{"uv":[7,7,7.5,8],"texture":"#0","cullface":"south"},"south":{"uv":[7,7,8,8],"texture":"#0","cullface":"south"},"west":{"uv":[7,7,7.5,8],"texture":"#0","cullface":"south"},"up":{"uv":[7,7,8,7.5],"rotation":180,"texture":"#0","cullface":"south"}}},{"from":[10,1,16],"to":[13,2,16.7],"light_emission":15,"faces":{"east":{"uv":[12,14,12.7,15],"texture":"#0","cullface":"south"},"south":{"uv":[10,14,13,15],"texture":"#0","cullface":"south"},"west":{"uv":[10,14,10.7,15],"texture":"#0","cullface":"south"},"up":{"uv":[10,14,13,14.7],"texture":"#0","cullface":"south"},"down":{"uv":[10,14,13,14.7],"texture":"#0","cullface":"south"}}},{"from":[5,12,16],"to":[6,13,16.5],"light_emission":15,"faces":{"east":{"uv":[5,3,5.5,4],"texture":"#0","cullface":"south"},"south":{"uv":[5,3,6,4],"texture":"#0","cullface":"south"},"up":{"uv":[5,3,6,3.5],"rotation":180,"texture":"#0","cullface":"south"},"down":{"uv":[5,3,6,3.5],"rotation":180,"texture":"#0","cullface":"south"}}},{"from":[4,13,16],"to":[5,14,16.5],"light_emission":15,"faces":{"east":{"uv":[4,2,4.5,3],"texture":"#0","cullface":"south"},"south":{"uv":[4,2,5,3],"texture":"#0","cullface":"south"},"west":{"uv":[4,2,4.5,3],"texture":"#0","cullface":"south"},"up":{"uv":[4,2,5,2.5],"rotation":180,"texture":"#0","cullface":"south"}}},{"from":[4,12,16],"to":[5,13,16.7],"light_emission":15,"faces":{"east":{"uv":[4,3,4.7,4],"texture":"#0","cullface":"south"},"south":{"uv":[4,3,5,4],"texture":"#0","cullface":"south"},"west":{"uv":[4,3,4.7,4],"texture":"#0","cullface":"south"},"up":{"uv":[4,3,5,3.7],"rotation":180,"texture":"#0","cullface":"south"},"down":{"uv":[4,3,5,3.7],"rotation":180,"texture":"#0","cullface":"south"}}},{"from":[3,12,16],"to":[4,13,16.5],"light_emission":15,"faces":{"south":{"uv":[3,3,4,4],"texture":"#0","cullface":"south"},"west":{"uv":[3,3,3.5,4],"texture":"#0","cullface":"south"},"up":{"uv":[3,3,4,3.5],"rotation":180,"texture":"#0","cullface":"south"},"down":{"uv":[3,3,4,3.5],"rotation":180,"texture":"#0","cullface":"south"}}},{"from":[4,11,16],"to":[5,12,16.5],"light_emission":15,"faces":{"east":{"uv":[4,4,4.5,5],"texture":"#0","cullface":"south"},"south":{"uv":[4,4,5,5],"texture":"#0","cullface":"south"},"west":{"uv":[4,4,4.5,5],"texture":"#0","cullface":"south"},"down":{"uv":[4,4,5,4.5],"rotation":180,"texture":"#0","cullface":"south"}}},{"from":[11,2,16],"to":[12,3,16.5],"light_emission":15,"faces":{"east":{"uv":[11,13,11.5,14],"texture":"#0","cullface":"south"},"south":{"uv":[11,13,12,14],"texture":"#0","cullface":"south"},"west":{"uv":[11,13,11.5,14],"texture":"#0","cullface":"south"},"up":{"uv":[11,13,12,13.5],"rotation":180,"texture":"#0","cullface":"south"}}},{"from":[6,2,16],"to":[7,3,16.5],"light_emission":15,"faces":{"east":{"uv":[6,13,6.5,14],"texture":"#0","cullface":"south"},"south":{"uv":[6,13,7,14],"texture":"#0","cullface":"south"},"up":{"uv":[6,13,7,13.5],"rotation":180,"texture":"#0","cullface":"south"},"down":{"uv":[6,13,7,13.5],"rotation":180,"texture":"#0","cullface":"south"}}},{"from":[4,3,16],"to":[6,4,16.5],"light_emission":15,"faces":{"east":{"uv":[5,12,5.5,13],"texture":"#0","cullface":"south"},"south":{"uv":[4,12,6,13],"texture":"#0","cullface":"south"},"west":{"uv":[4,12,4.5,13],"texture":"#0","cullface":"south"},"up":{"uv":[4,12,6,12.5],"texture":"#0","cullface":"south"}}},{"from":[3,1,16],"to":[6,3,16.7],"light_emission":15,"faces":{"east":{"uv":[5,13,5.5,15],"texture":"#0","cullface":"south"},"south":{"uv":[3,13,6,15],"texture":"#0","cullface":"south"},"west":{"uv":[3,13,3.5,15],"texture":"#0","cullface":"south"},"up":{"uv":[3,13,6,13.5],"texture":"#0","cullface":"south"},"down":{"uv":[3,14,6,14.5],"texture":"#0","cullface":"south"}}},{"from":[2,7,16],"to":[3,8,16.5],"light_emission":15,"faces":{"east":{"uv":[2,8,2.5,9],"texture":"#0","cullface":"south"},"south":{"uv":[2,8,3,9],"texture":"#0","cullface":"south"},"west":{"uv":[2,8,2.5,9],"texture":"#0","cullface":"south"},"up":{"uv":[2,8,3,8.5],"rotation":180,"texture":"#0","cullface":"south"},"down":{"uv":[2,8,3,8.5],"rotation":180,"texture":"#0","cullface":"south"}}},{"from":[12,4,16],"to":[14,5,16.5],"light_emission":15,"faces":{"east":{"uv":[13,11,13.5,12],"texture":"#0","cullface":"south"},"south":{"uv":[12,11,14,12],"texture":"#0","cullface":"south"},"west":{"uv":[12,11,12.5,12],"texture":"#0","cullface":"south"},"up":{"uv":[12,11,14,11.5],"texture":"#0","cullface":"south"},"down":{"uv":[12,11,14,11.5],"texture":"#0","cullface":"south"}}},{"from":[16,11,5],"to":[16.5,12,6],"light_emission":15,"faces":{"east":{"uv":[10,4,11,5],"texture":"#0","cullface":"east"},"south":{"uv":[10,4,10.5,5],"texture":"#0","cullface":"east"},"up":{"uv":[10,4,11,4.5],"rotation":90,"texture":"#0","cullface":"east"},"down":{"uv":[10,4,11,4.5],"rotation":270,"texture":"#0","cullface":"east"}}},{"from":[16,10,4],"to":[16.7,12,5],"light_emission":15,"faces":{"north":{"uv":[11,4,11.5,6],"texture":"#0","cullface":"east"},"east":{"uv":[11,4,12,6],"texture":"#0","cullface":"east"},"south":{"uv":[11,4,11.5,6],"texture":"#0","cullface":"east"},"up":{"uv":[11,4,12,4.5],"rotation":90,"texture":"#0","cullface":"east"},"down":{"uv":[11,5,12,5.5],"rotation":270,"texture":"#0","cullface":"east"}}},{"from":[16,12,4],"to":[16.5,13,5],"light_emission":15,"faces":{"north":{"uv":[11,3,11.5,4],"texture":"#0","cullface":"east"},"east":{"uv":[11,3,12,4],"texture":"#0","cullface":"east"},"south":{"uv":[11,3,11.5,4],"texture":"#0","cullface":"east"},"up":{"uv":[11,3,12,3.5],"rotation":90,"texture":"#0","cullface":"east"}}},{"from":[16,10,3],"to":[16.5,12,4],"light_emission":15,"faces":{"north":{"uv":[12,4,12.5,6],"texture":"#0","cullface":"east"},"east":{"uv":[12,4,13,6],"texture":"#0","cullface":"east"},"up":{"uv":[12,4,13,4.5],"rotation":90,"texture":"#0","cullface":"east"},"down":{"uv":[12,5,13,5.5],"rotation":270,"texture":"#0","cullface":"east"}}},{"from":[16,9,4],"to":[16.5,10,5],"light_emission":15,"faces":{"north":{"uv":[11,6,11.5,7],"texture":"#0","cullface":"east"},"east":{"uv":[11,6,12,7],"texture":"#0","cullface":"east"},"south":{"uv":[11,6,11.5,7],"texture":"#0","cullface":"east"},"down":{"uv":[11,6,12,6.5],"rotation":270,"texture":"#0","cullface":"east"}}},{"from":[16,6,8],"to":[16.7,8,9],"light_emission":15,"faces":{"north":{"uv":[7,8,7.5,10],"texture":"#0","cullface":"east"},"east":{"uv":[7,8,8,10],"texture":"#0","cullface":"east"},"south":{"uv":[7,8,7.5,10],"texture":"#0","cullface":"east"},"up":{"uv":[7,8,8,8.5],"rotation":90,"texture":"#0","cullface":"east"},"down":{"uv":[7,9,8,9.5],"rotation":270,"texture":"#0","cullface":"east"}}},{"from":[16,6,9],"to":[16.5,8,10],"light_emission":15,"faces":{"east":{"uv":[6,8,7,10],"texture":"#0","cullface":"east"},"south":{"uv":[6,8,6.5,10],"texture":"#0","cullface":"east"},"up":{"uv":[6,8,7,8.5],"rotation":90,"texture":"#0","cullface":"east"},"down":{"uv":[6,9,7,9.5],"rotation":270,"texture":"#0","cullface":"east"}}},{"from":[16,6,7],"to":[16.5,8,8],"light_emission":15,"faces":{"north":{"uv":[8,8,8.5,10],"texture":"#0","cullface":"east"},"east":{"uv":[8,8,9,10],"texture":"#0","cullface":"east"},"up":{"uv":[8,8,9,8.5],"rotation":90,"texture":"#0","cullface":"east"},"down":{"uv":[8,9,9,9.5],"rotation":270,"texture":"#0","cullface":"east"}}},{"from":[16,5,8],"to":[16.5,6,9],"light_emission":15,"faces":{"north":{"uv":[7,10,7.5,11],"texture":"#0","cullface":"east"},"east":{"uv":[7,10,8,11],"texture":"#0","cullface":"east"},"south":{"uv":[7,10,7.5,11],"texture":"#0","cullface":"east"},"down":{"uv":[7,10,8,10.5],"rotation":270,"texture":"#0","cullface":"east"}}},{"from":[16,8,8],"to":[16.5,9,9],"light_emission":15,"faces":{"north":{"uv":[7,7,7.5,8],"texture":"#0","cullface":"east"},"east":{"uv":[7,7,8,8],"texture":"#0","cullface":"east"},"south":{"uv":[7,7,7.5,8],"texture":"#0","cullface":"east"},"up":{"uv":[7,7,8,7.5],"rotation":90,"texture":"#0","cullface":"east"}}},{"from":[16,1,3],"to":[16.7,2,6],"light_emission":15,"faces":{"north":{"uv":[12,14,12.7,15],"texture":"#0","cullface":"east"},"east":{"uv":[10,14,13,15],"texture":"#0","cullface":"east"},"south":{"uv":[10,14,10.7,15],"texture":"#0","cullface":"east"},"up":{"uv":[10,14,13,14.7],"rotation":270,"texture":"#0","cullface":"east"},"down":{"uv":[10,14,13,14.7],"rotation":90,"texture":"#0","cullface":"east"}}},{"from":[16,12,10],"to":[16.5,13,11],"light_emission":15,"faces":{"north":{"uv":[5,3,5.5,4],"texture":"#0","cullface":"east"},"east":{"uv":[5,3,6,4],"texture":"#0","cullface":"east"},"up":{"uv":[5,3,6,3.5],"rotation":90,"texture":"#0","cullface":"east"},"down":{"uv":[5,3,6,3.5],"rotation":270,"texture":"#0","cullface":"east"}}},{"from":[16,13,11],"to":[16.5,14,12],"light_emission":15,"faces":{"north":{"uv":[4,2,4.5,3],"texture":"#0","cullface":"east"},"east":{"uv":[4,2,5,3],"texture":"#0","cullface":"east"},"south":{"uv":[4,2,4.5,3],"texture":"#0","cullface":"east"},"up":{"uv":[4,2,5,2.5],"rotation":90,"texture":"#0","cullface":"east"}}},{"from":[16,12,11],"to":[16.7,13,12],"light_emission":15,"faces":{"north":{"uv":[4,3,4.7,4],"texture":"#0","cullface":"east"},"east":{"uv":[4,3,5,4],"texture":"#0","cullface":"east"},"south":{"uv":[4,3,4.7,4],"texture":"#0","cullface":"east"},"up":{"uv":[4,3,5,3.7],"rotation":90,"texture":"#0","cullface":"east"},"down":{"uv":[4,3,5,3.7],"rotation":270,"texture":"#0","cullface":"east"}}},{"from":[16,12,12],"to":[16.5,13,13],"light_emission":15,"faces":{"east":{"uv":[3,3,4,4],"texture":"#0","cullface":"east"},"south":{"uv":[3,3,3.5,4],"texture":"#0","cullface":"east"},"up":{"uv":[3,3,4,3.5],"rotation":90,"texture":"#0","cullface":"east"},"down":{"uv":[3,3,4,3.5],"rotation":270,"texture":"#0","cullface":"east"}}},{"from":[16,11,11],"to":[16.5,12,12],"light_emission":15,"faces":{"north":{"uv":[4,4,4.5,5],"texture":"#0","cullface":"east"},"east":{"uv":[4,4,5,5],"texture":"#0","cullface":"east"},"south":{"uv":[4,4,4.5,5],"texture":"#0","cullface":"east"},"down":{"uv":[4,4,5,4.5],"rotation":270,"texture":"#0","cullface":"east"}}},{"from":[16,2,4],"to":[16.5,3,5],"light_emission":15,"faces":{"north":{"uv":[11,13,11.5,14],"texture":"#0","cullface":"east"},"east":{"uv":[11,13,12,14],"texture":"#0","cullface":"east"},"south":{"uv":[11,13,11.5,14],"texture":"#0","cullface":"east"},"up":{"uv":[11,13,12,13.5],"rotation":90,"texture":"#0","cullface":"east"}}},{"from":[16,2,9],"to":[16.5,3,10],"light_emission":15,"faces":{"north":{"uv":[6,13,6.5,14],"texture":"#0","cullface":"east"},"east":{"uv":[6,13,7,14],"texture":"#0","cullface":"east"},"up":{"uv":[6,13,7,13.5],"rotation":90,"texture":"#0","cullface":"east"},"down":{"uv":[6,13,7,13.5],"rotation":270,"texture":"#0","cullface":"east"}}},{"from":[16,3,10],"to":[16.5,4,12],"light_emission":15,"faces":{"north":{"uv":[5,12,5.5,13],"texture":"#0","cullface":"east"},"east":{"uv":[4,12,6,13],"texture":"#0","cullface":"east"},"south":{"uv":[4,12,4.5,13],"texture":"#0","cullface":"east"},"up":{"uv":[4,12,6,12.5],"rotation":270,"texture":"#0","cullface":"east"}}},{"from":[16,1,10],"to":[16.7,3,13],"light_emission":15,"faces":{"north":{"uv":[5,13,5.5,15],"texture":"#0","cullface":"east"},"east":{"uv":[3,13,6,15],"texture":"#0","cullface":"east"},"south":{"uv":[3,13,3.5,15],"texture":"#0","cullface":"east"},"up":{"uv":[3,13,6,13.5],"rotation":270,"texture":"#0","cullface":"east"},"down":{"uv":[3,14,6,14.5],"rotation":90,"texture":"#0","cullface":"east"}}},{"from":[16,7,13],"to":[16.5,8,14],"light_emission":15,"faces":{"north":{"uv":[2,8,2.5,9],"texture":"#0","cullface":"east"},"east":{"uv":[2,8,3,9],"texture":"#0","cullface":"east"},"south":{"uv":[2,8,2.5,9],"texture":"#0","cullface":"east"},"up":{"uv":[2,8,3,8.5],"rotation":90,"texture":"#0","cullface":"east"},"down":{"uv":[2,8,3,8.5],"rotation":270,"texture":"#0","cullface":"east"}}},{"from":[16,4,2],"to":[16.5,5,4],"light_emission":15,"faces":{"north":{"uv":[13,11,13.5,12],"texture":"#0","cullface":"east"},"east":{"uv":[12,11,14,12],"texture":"#0","cullface":"east"},"south":{"uv":[12,11,12.5,12],"texture":"#0","cullface":"east"},"up":{"uv":[12,11,14,11.5],"rotation":270,"texture":"#0","cullface":"east"},"down":{"uv":[12,11,14,11.5],"rotation":90,"texture":"#0","cullface":"east"}}},{"from":[10,16,4],"to":[11,16.5,5],"light_emission":15,"faces":{"north":{"uv":[10,4,11,4.5],"texture":"#0","cullface":"up"},"south":{"uv":[10,4,11,4.5],"rotation":180,"texture":"#0","cullface":"up"},"west":{"uv":[10,4,10.5,5],"rotation":270,"texture":"#0","cullface":"up"},"up":{"uv":[10,4,11,5],"texture":"#0","cullface":"up"}}},{"from":[11,16,4],"to":[12,16.7,6],"light_emission":15,"faces":{"north":{"uv":[11,4,12,4.5],"texture":"#0","cullface":"up"},"east":{"uv":[11,4,11.5,6],"rotation":90,"texture":"#0","cullface":"up"},"south":{"uv":[11,5,12,5.5],"rotation":180,"texture":"#0","cullface":"up"},"west":{"uv":[11,4,11.5,6],"rotation":270,"texture":"#0","cullface":"up"},"up":{"uv":[11,4,12,6],"texture":"#0","cullface":"up"}}},{"from":[11,16,3],"to":[12,16.5,4],"light_emission":15,"faces":{"north":{"uv":[11,3,12,3.5],"texture":"#0","cullface":"up"},"east":{"uv":[11,3,11.5,4],"rotation":90,"texture":"#0","cullface":"up"},"west":{"uv":[11,3,11.5,4],"rotation":270,"texture":"#0","cullface":"up"},"up":{"uv":[11,3,12,4],"texture":"#0","cullface":"up"}}},{"from":[12,16,4],"to":[13,16.5,6],"light_emission":15,"faces":{"north":{"uv":[12,4,13,4.5],"texture":"#0","cullface":"up"},"east":{"uv":[12,4,12.5,6],"rotation":90,"texture":"#0","cullface":"up"},"south":{"uv":[12,5,13,5.5],"rotation":180,"texture":"#0","cullface":"up"},"up":{"uv":[12,4,13,6],"texture":"#0","cullface":"up"}}},{"from":[11,16,6],"to":[12,16.5,7],"light_emission":15,"faces":{"east":{"uv":[11,6,11.5,7],"rotation":90,"texture":"#0","cullface":"up"},"south":{"uv":[11,6,12,6.5],"rotation":180,"texture":"#0","cullface":"up"},"west":{"uv":[11,6,11.5,7],"rotation":270,"texture":"#0","cullface":"up"},"up":{"uv":[11,6,12,7],"texture":"#0","cullface":"up"}}},{"from":[7,16,8],"to":[8,16.7,10],"light_emission":15,"faces":{"north":{"uv":[7,8,8,8.5],"texture":"#0","cullface":"up"},"east":{"uv":[7,8,7.5,10],"rotation":90,"texture":"#0","cullface":"up"},"south":{"uv":[7,9,8,9.5],"rotation":180,"texture":"#0","cullface":"up"},"west":{"uv":[7,8,7.5,10],"rotation":270,"texture":"#0","cullface":"up"},"up":{"uv":[7,8,8,10],"texture":"#0","cullface":"up"}}},{"from":[6,16,8],"to":[7,16.5,10],"light_emission":15,"faces":{"north":{"uv":[6,8,7,8.5],"texture":"#0","cullface":"up"},"south":{"uv":[6,9,7,9.5],"rotation":180,"texture":"#0","cullface":"up"},"west":{"uv":[6,8,6.5,10],"rotation":270,"texture":"#0","cullface":"up"},"up":{"uv":[6,8,7,10],"texture":"#0","cullface":"up"}}},{"from":[8,16,8],"to":[9,16.5,10],"light_emission":15,"faces":{"north":{"uv":[8,8,9,8.5],"texture":"#0","cullface":"up"},"east":{"uv":[8,8,8.5,10],"rotation":90,"texture":"#0","cullface":"up"},"south":{"uv":[8,9,9,9.5],"rotation":180,"texture":"#0","cullface":"up"},"up":{"uv":[8,8,9,10],"texture":"#0","cullface":"up"}}},{"from":[7,16,10],"to":[8,16.5,11],"light_emission":15,"faces":{"east":{"uv":[7,10,7.5,11],"rotation":90,"texture":"#0","cullface":"up"},"south":{"uv":[7,10,8,10.5],"rotation":180,"texture":"#0","cullface":"up"},"west":{"uv":[7,10,7.5,11],"rotation":270,"texture":"#0","cullface":"up"},"up":{"uv":[7,10,8,11],"texture":"#0","cullface":"up"}}},{"from":[7,16,7],"to":[8,16.5,8],"light_emission":15,"faces":{"north":{"uv":[7,7,8,7.5],"texture":"#0","cullface":"up"},"east":{"uv":[7,7,7.5,8],"rotation":90,"texture":"#0","cullface":"up"},"west":{"uv":[7,7,7.5,8],"rotation":270,"texture":"#0","cullface":"up"},"up":{"uv":[7,7,8,8],"texture":"#0","cullface":"up"}}},{"from":[10,16,14],"to":[13,16.7,15],"light_emission":15,"faces":{"north":{"uv":[10,14,13,14.7],"rotation":180,"texture":"#0","cullface":"up"},"east":{"uv":[12,14,12.7,15],"rotation":90,"texture":"#0","cullface":"up"},"south":{"uv":[10,14,13,14.7],"texture":"#0","cullface":"up"},"west":{"uv":[10,14,10.7,15],"rotation":270,"texture":"#0","cullface":"up"},"up":{"uv":[10,14,13,15],"texture":"#0","cullface":"up"}}},{"from":[5,16,3],"to":[6,16.5,4],"light_emission":15,"faces":{"north":{"uv":[5,3,6,3.5],"texture":"#0","cullface":"up"},"east":{"uv":[5,3,5.5,4],"rotation":90,"texture":"#0","cullface":"up"},"south":{"uv":[5,3,6,3.5],"rotation":180,"texture":"#0","cullface":"up"},"up":{"uv":[5,3,6,4],"texture":"#0","cullface":"up"}}},{"from":[4,16,2],"to":[5,16.5,3],"light_emission":15,"faces":{"north":{"uv":[4,2,5,2.5],"texture":"#0","cullface":"up"},"east":{"uv":[4,2,4.5,3],"rotation":90,"texture":"#0","cullface":"up"},"west":{"uv":[4,2,4.5,3],"rotation":270,"texture":"#0","cullface":"up"},"up":{"uv":[4,2,5,3],"texture":"#0","cullface":"up"}}},{"from":[4,16,3],"to":[5,16.7,4],"light_emission":15,"faces":{"north":{"uv":[4,3,5,3.7],"texture":"#0","cullface":"up"},"east":{"uv":[4,3,4.7,4],"rotation":90,"texture":"#0","cullface":"up"},"south":{"uv":[4,3,5,3.7],"rotation":180,"texture":"#0","cullface":"up"},"west":{"uv":[4,3,4.7,4],"rotation":270,"texture":"#0","cullface":"up"},"up":{"uv":[4,3,5,4],"texture":"#0","cullface":"up"}}},{"from":[3,16,3],"to":[4,16.5,4],"light_emission":15,"faces":{"north":{"uv":[3,3,4,3.5],"texture":"#0","cullface":"up"},"south":{"uv":[3,3,4,3.5],"rotation":180,"texture":"#0","cullface":"up"},"west":{"uv":[3,3,3.5,4],"rotation":270,"texture":"#0","cullface":"up"},"up":{"uv":[3,3,4,4],"texture":"#0","cullface":"up"}}},{"from":[4,16,4],"to":[5,16.5,5],"light_emission":15,"faces":{"east":{"uv":[4,4,4.5,5],"rotation":90,"texture":"#0","cullface":"up"},"south":{"uv":[4,4,5,4.5],"rotation":180,"texture":"#0","cullface":"up"},"west":{"uv":[4,4,4.5,5],"rotation":270,"texture":"#0","cullface":"up"},"up":{"uv":[4,4,5,5],"texture":"#0","cullface":"up"}}},{"from":[11,16,13],"to":[12,16.5,14],"light_emission":15,"faces":{"north":{"uv":[11,13,12,13.5],"texture":"#0","cullface":"up"},"east":{"uv":[11,13,11.5,14],"rotation":90,"texture":"#0","cullface":"up"},"west":{"uv":[11,13,11.5,14],"rotation":270,"texture":"#0","cullface":"up"},"up":{"uv":[11,13,12,14],"texture":"#0","cullface":"up"}}},{"from":[6,16,13],"to":[7,16.5,14],"light_emission":15,"faces":{"north":{"uv":[6,13,7,13.5],"texture":"#0","cullface":"up"},"east":{"uv":[6,13,6.5,14],"rotation":90,"texture":"#0","cullface":"up"},"south":{"uv":[6,13,7,13.5],"rotation":180,"texture":"#0","cullface":"up"},"up":{"uv":[6,13,7,14],"texture":"#0","cullface":"up"}}},{"from":[4,16,12],"to":[6,16.5,13],"light_emission":15,"faces":{"north":{"uv":[4,12,6,12.5],"rotation":180,"texture":"#0","cullface":"up"},"east":{"uv":[5,12,5.5,13],"rotation":90,"texture":"#0","cullface":"up"},"west":{"uv":[4,12,4.5,13],"rotation":270,"texture":"#0","cullface":"up"},"up":{"uv":[4,12,6,13],"texture":"#0","cullface":"up"}}},{"from":[3,16,13],"to":[6,16.7,15],"light_emission":15,"faces":{"north":{"uv":[3,13,6,13.5],"rotation":180,"texture":"#0","cullface":"up"},"east":{"uv":[5,13,5.5,15],"rotation":90,"texture":"#0","cullface":"up"},"south":{"uv":[3,14,6,14.5],"texture":"#0","cullface":"up"},"west":{"uv":[3,13,3.5,15],"rotation":270,"texture":"#0","cullface":"up"},"up":{"uv":[3,13,6,15],"texture":"#0","cullface":"up"}}},{"from":[2,16,8],"to":[3,16.5,9],"light_emission":15,"faces":{"north":{"uv":[2,8,3,8.5],"texture":"#0","cullface":"up"},"east":{"uv":[2,8,2.5,9],"rotation":90,"texture":"#0","cullface":"up"},"south":{"uv":[2,8,3,8.5],"rotation":180,"texture":"#0","cullface":"up"},"west":{"uv":[2,8,2.5,9],"rotation":270,"texture":"#0","cullface":"up"},"up":{"uv":[2,8,3,9],"texture":"#0","cullface":"up"}}},{"from":[12,16,11],"to":[14,16.5,12],"light_emission":15,"faces":{"north":{"uv":[12,11,14,11.5],"rotation":180,"texture":"#0","cullface":"up"},"east":{"uv":[13,11,13.5,12],"rotation":90,"texture":"#0","cullface":"up"},"south":{"uv":[12,11,14,11.5],"texture":"#0","cullface":"up"},"west":{"uv":[12,11,12.5,12],"rotation":270,"texture":"#0","cullface":"up"},"up":{"uv":[12,11,14,12],"texture":"#0","cullface":"up"}}},{"from":[10,-0.5,11],"to":[11,0,12],"light_emission":15,"faces":{"north":{"uv":[10,4,11,4.5],"texture":"#0","cullface":"down"},"south":{"uv":[10,4,11,4.5],"rotation":180,"texture":"#0","cullface":"down"},"west":{"uv":[10,4,10.5,5],"rotation":90,"texture":"#0","cullface":"down"},"down":{"uv":[10,4,11,5],"texture":"#0","cullface":"down"}}},{"from":[11,-0.7,10],"to":[12,0,12],"light_emission":15,"faces":{"north":{"uv":[11,5,12,5.5],"texture":"#0","cullface":"down"},"east":{"uv":[11,4,11.5,6],"rotation":270,"texture":"#0","cullface":"down"},"south":{"uv":[11,4,12,4.5],"rotation":180,"texture":"#0","cullface":"down"},"west":{"uv":[11,4,11.5,6],"rotation":90,"texture":"#0","cullface":"down"},"down":{"uv":[11,4,12,6],"texture":"#0","cullface":"down"}}},{"from":[11,-0.5,12],"to":[12,0,13],"light_emission":15,"faces":{"east":{"uv":[11,3,11.5,4],"rotation":270,"texture":"#0","cullface":"down"},"south":{"uv":[11,3,12,3.5],"rotation":180,"texture":"#0","cullface":"down"},"west":{"uv":[11,3,11.5,4],"rotation":90,"texture":"#0","cullface":"down"},"down":{"uv":[11,3,12,4],"texture":"#0","cullface":"down"}}},{"from":[12,-0.5,10],"to":[13,0,12],"light_emission":15,"faces":{"north":{"uv":[12,5,13,5.5],"texture":"#0","cullface":"down"},"east":{"uv":[12,4,12.5,6],"rotation":270,"texture":"#0","cullface":"down"},"south":{"uv":[12,4,13,4.5],"rotation":180,"texture":"#0","cullface":"down"},"down":{"uv":[12,4,13,6],"texture":"#0","cullface":"down"}}},{"from":[11,-0.5,9],"to":[12,0,10],"light_emission":15,"faces":{"north":{"uv":[11,6,12,6.5],"texture":"#0","cullface":"down"},"east":{"uv":[11,6,11.5,7],"rotation":270,"texture":"#0","cullface":"down"},"west":{"uv":[11,6,11.5,7],"rotation":90,"texture":"#0","cullface":"down"},"down":{"uv":[11,6,12,7],"texture":"#0","cullface":"down"}}},{"from":[7,-0.7,6],"to":[8,0,8],"light_emission":15,"faces":{"north":{"uv":[7,9,8,9.5],"texture":"#0","cullface":"down"},"east":{"uv":[7,8,7.5,10],"rotation":270,"texture":"#0","cullface":"down"},"south":{"uv":[7,8,8,8.5],"rotation":180,"texture":"#0","cullface":"down"},"west":{"uv":[7,8,7.5,10],"rotation":90,"texture":"#0","cullface":"down"},"down":{"uv":[7,8,8,10],"texture":"#0","cullface":"down"}}},{"from":[6,-0.5,6],"to":[7,0,8],"light_emission":15,"faces":{"north":{"uv":[6,9,7,9.5],"texture":"#0","cullface":"down"},"south":{"uv":[6,8,7,8.5],"rotation":180,"texture":"#0","cullface":"down"},"west":{"uv":[6,8,6.5,10],"rotation":90,"texture":"#0","cullface":"down"},"down":{"uv":[6,8,7,10],"texture":"#0","cullface":"down"}}},{"from":[8,-0.5,6],"to":[9,0,8],"light_emission":15,"faces":{"north":{"uv":[8,9,9,9.5],"texture":"#0","cullface":"down"},"east":{"uv":[8,8,8.5,10],"rotation":270,"texture":"#0","cullface":"down"},"south":{"uv":[8,8,9,8.5],"rotation":180,"texture":"#0","cullface":"down"},"down":{"uv":[8,8,9,10],"texture":"#0","cullface":"down"}}},{"from":[7,-0.5,5],"to":[8,0,6],"light_emission":15,"faces":{"north":{"uv":[7,10,8,10.5],"texture":"#0","cullface":"down"},"east":{"uv":[7,10,7.5,11],"rotation":270,"texture":"#0","cullface":"down"},"west":{"uv":[7,10,7.5,11],"rotation":90,"texture":"#0","cullface":"down"},"down":{"uv":[7,10,8,11],"texture":"#0","cullface":"down"}}},{"from":[7,-0.5,8],"to":[8,0,9],"light_emission":15,"faces":{"east":{"uv":[7,7,7.5,8],"rotation":270,"texture":"#0","cullface":"down"},"south":{"uv":[7,7,8,7.5],"rotation":180,"texture":"#0","cullface":"down"},"west":{"uv":[7,7,7.5,8],"rotation":90,"texture":"#0","cullface":"down"},"down":{"uv":[7,7,8,8],"texture":"#0","cullface":"down"}}},{"from":[10,-0.7,1],"to":[13,0,2],"light_emission":15,"faces":{"north":{"uv":[10,14,13,14.7],"rotation":180,"texture":"#0","cullface":"down"},"east":{"uv":[12,14,12.7,15],"rotation":270,"texture":"#0","cullface":"down"},"south":{"uv":[10,14,13,14.7],"texture":"#0","cullface":"down"},"west":{"uv":[10,14,10.7,15],"rotation":90,"texture":"#0","cullface":"down"},"down":{"uv":[10,14,13,15],"texture":"#0","cullface":"down"}}},{"from":[5,-0.5,12],"to":[6,0,13],"light_emission":15,"faces":{"north":{"uv":[5,3,6,3.5],"texture":"#0","cullface":"down"},"east":{"uv":[5,3,5.5,4],"rotation":270,"texture":"#0","cullface":"down"},"south":{"uv":[5,3,6,3.5],"rotation":180,"texture":"#0","cullface":"down"},"down":{"uv":[5,3,6,4],"texture":"#0","cullface":"down"}}},{"from":[4,-0.5,13],"to":[5,0,14],"light_emission":15,"faces":{"east":{"uv":[4,2,4.5,3],"rotation":270,"texture":"#0","cullface":"down"},"south":{"uv":[4,2,5,2.5],"rotation":180,"texture":"#0","cullface":"down"},"west":{"uv":[4,2,4.5,3],"rotation":90,"texture":"#0","cullface":"down"},"down":{"uv":[4,2,5,3],"texture":"#0","cullface":"down"}}},{"from":[4,-0.7,12],"to":[5,0,13],"light_emission":15,"faces":{"north":{"uv":[4,3,5,3.7],"texture":"#0","cullface":"down"},"east":{"uv":[4,3,4.7,4],"rotation":270,"texture":"#0","cullface":"down"},"south":{"uv":[4,3,5,3.7],"rotation":180,"texture":"#0","cullface":"down"},"west":{"uv":[4,3,4.7,4],"rotation":90,"texture":"#0","cullface":"down"},"down":{"uv":[4,3,5,4],"texture":"#0","cullface":"down"}}},{"from":[3,-0.5,12],"to":[4,0,13],"light_emission":15,"faces":{"north":{"uv":[3,3,4,3.5],"texture":"#0","cullface":"down"},"south":{"uv":[3,3,4,3.5],"rotation":180,"texture":"#0","cullface":"down"},"west":{"uv":[3,3,3.5,4],"rotation":90,"texture":"#0","cullface":"down"},"down":{"uv":[3,3,4,4],"texture":"#0","cullface":"down"}}},{"from":[4,-0.5,11],"to":[5,0,12],"light_emission":15,"faces":{"north":{"uv":[4,4,5,4.5],"texture":"#0","cullface":"down"},"east":{"uv":[4,4,4.5,5],"rotation":270,"texture":"#0","cullface":"down"},"west":{"uv":[4,4,4.5,5],"rotation":90,"texture":"#0","cullface":"down"},"down":{"uv":[4,4,5,5],"texture":"#0","cullface":"down"}}},{"from":[11,-0.5,2],"to":[12,0,3],"light_emission":15,"faces":{"east":{"uv":[11,13,11.5,14],"rotation":270,"texture":"#0","cullface":"down"},"south":{"uv":[11,13,12,13.5],"rotation":180,"texture":"#0","cullface":"down"},"west":{"uv":[11,13,11.5,14],"rotation":90,"texture":"#0","cullface":"down"},"down":{"uv":[11,13,12,14],"texture":"#0","cullface":"down"}}},{"from":[6,-0.5,2],"to":[7,0,3],"light_emission":15,"faces":{"north":{"uv":[6,13,7,13.5],"texture":"#0","cullface":"down"},"east":{"uv":[6,13,6.5,14],"rotation":270,"texture":"#0","cullface":"down"},"south":{"uv":[6,13,7,13.5],"rotation":180,"texture":"#0","cullface":"down"},"down":{"uv":[6,13,7,14],"texture":"#0","cullface":"down"}}},{"from":[4,-0.5,3],"to":[6,0,4],"light_emission":15,"faces":{"east":{"uv":[5,12,5.5,13],"rotation":270,"texture":"#0","cullface":"down"},"south":{"uv":[4,12,6,12.5],"texture":"#0","cullface":"down"},"west":{"uv":[4,12,4.5,13],"rotation":90,"texture":"#0","cullface":"down"},"down":{"uv":[4,12,6,13],"texture":"#0","cullface":"down"}}},{"from":[3,-0.7,1],"to":[6,0,3],"light_emission":15,"faces":{"north":{"uv":[3,14,6,14.5],"rotation":180,"texture":"#0","cullface":"down"},"east":{"uv":[5,13,5.5,15],"rotation":270,"texture":"#0","cullface":"down"},"south":{"uv":[3,13,6,13.5],"texture":"#0","cullface":"down"},"west":{"uv":[3,13,3.5,15],"rotation":90,"texture":"#0","cullface":"down"},"down":{"uv":[3,13,6,15],"texture":"#0","cullface":"down"}}},{"from":[2,-0.5,7],"to":[3,0,8],"light_emission":15,"faces":{"north":{"uv":[2,8,3,8.5],"texture":"#0","cullface":"down"},"east":{"uv":[2,8,2.5,9],"rotation":270,"texture":"#0","cullface":"down"},"south":{"uv":[2,8,3,8.5],"rotation":180,"texture":"#0","cullface":"down"},"west":{"uv":[2,8,2.5,9],"rotation":90,"texture":"#0","cullface":"down"},"down":{"uv":[2,8,3,9],"texture":"#0","cullface":"down"}}},{"from":[12,-0.5,4],"to":[14,0,5],"light_emission":15,"faces":{"north":{"uv":[12,11,14,11.5],"rotation":180,"texture":"#0","cullface":"down"},"east":{"uv":[13,11,13.5,12],"rotation":270,"texture":"#0","cullface":"down"},"south":{"uv":[12,11,14,11.5],"texture":"#0","cullface":"down"},"west":{"uv":[12,11,12.5,12],"rotation":90,"texture":"#0","cullface":"down"},"down":{"uv":[12,11,14,12],"texture":"#0","cullface":"down"}}},{"from":[10,3,-0.5],"to":[12,4,0],"light_emission":15,"faces":{"north":{"uv":[4,12,6,13],"texture":"#0","cullface":"north"},"east":{"uv":[4,12,4.5,13],"texture":"#0","cullface":"north"},"west":{"uv":[5,12,5.5,13],"texture":"#0","cullface":"north"},"up":{"uv":[4,12,6,12.5],"rotation":180,"texture":"#0","cullface":"north"}}},{"from":[10,1,-0.7],"to":[13,3,0],"light_emission":15,"faces":{"north":{"uv":[3,13,6,15],"texture":"#0","cullface":"north"},"east":{"uv":[3,13,3.5,15],"texture":"#0","cullface":"north"},"west":{"uv":[5,13,5.5,15],"texture":"#0","cullface":"north"},"up":{"uv":[3,13,6,13.5],"rotation":180,"texture":"#0","cullface":"north"},"down":{"uv":[3,14,6,14.5],"rotation":180,"texture":"#0","cullface":"north"}}},{"from":[8,6,-0.7],"to":[9,8,0],"light_emission":15,"faces":{"north":{"uv":[7,8,8,10],"texture":"#0","cullface":"north"},"east":{"uv":[7,8,7.5,10],"texture":"#0","cullface":"north"},"west":{"uv":[7,8,7.5,10],"texture":"#0","cullface":"north"},"up":{"uv":[7,8,8,8.5],"texture":"#0","cullface":"north"},"down":{"uv":[7,9,8,9.5],"texture":"#0","cullface":"north"}}},{"from":[3,1,-0.7],"to":[6,2,0],"light_emission":15,"faces":{"north":{"uv":[10,14,13,15],"texture":"#0","cullface":"north"},"east":{"uv":[10,14,10.7,15],"texture":"#0","cullface":"north"},"west":{"uv":[12,14,12.7,15],"texture":"#0","cullface":"north"},"up":{"uv":[10,14,13,14.7],"rotation":180,"texture":"#0","cullface":"north"},"down":{"uv":[10,14,13,14.7],"rotation":180,"texture":"#0","cullface":"north"}}}]}