{"credit":"Created by Marceus","format_version":"1.21.6","parent":"block/cube_all","textures":{"0":"block/deepslate_gold_ore4","particle":"block/deepslate_gold_ore4"},"elements":[{"from":[0,0,0],"to":[16,16,16],"faces":{"north":{"uv":[0,0,16,16],"texture":"#0","cullface":"north"},"east":{"uv":[0,0,16,16],"texture":"#0","cullface":"east"},"south":{"uv":[0,0,16,16],"texture":"#0","cullface":"south"},"west":{"uv":[0,0,16,16],"texture":"#0","cullface":"west"},"up":{"uv":[0,0,16,16],"texture":"#0","cullface":"up"},"down":{"uv":[0,0,16,16],"texture":"#0","cullface":"down"}}},{"from":[3,4,-0.5],"to":[5,5,0],"light_emission":15,"faces":{"north":{"uv":[11,11,13,12],"texture":"#0","cullface":"north"},"east":{"uv":[11,11,11.5,12],"texture":"#0","cullface":"north"},"west":{"uv":[12,11,12.5,12],"texture":"#0","cullface":"north"},"up":{"uv":[11,11,13,11.5],"rotation":180,"texture":"#0","cullface":"north"},"down":{"uv":[11,11,13,11.5],"rotation":180,"texture":"#0","cullface":"north"}}},{"from":[-0.5,12,5],"to":[0,13,7],"light_emission":15,"faces":{"north":{"uv":[5,3,5.5,4],"texture":"#0","cullface":"west"},"west":{"uv":[5,3,7,4],"texture":"#0","cullface":"west"},"up":{"uv":[5,3,7,3.5],"rotation":90,"texture":"#0","cullface":"west"},"down":{"uv":[5,3,7,3.5],"rotation":270,"texture":"#0","cullface":"west"}}},{"from":[-0.7,11,7],"to":[0,13,9],"light_emission":15,"faces":{"north":{"uv":[7,3,7.7,5],"texture":"#0","cullface":"west"},"west":{"uv":[7,3,9,5],"texture":"#0","cullface":"west"},"up":{"uv":[7,3,9,3.7],"rotation":90,"texture":"#0","cullface":"west"},"down":{"uv":[7,4,9,4.7],"rotation":270,"texture":"#0","cullface":"west"}}},{"from":[-0.5,11,12],"to":[0,12,14],"light_emission":15,"faces":{"south":{"uv":[13,4,13.5,5],"texture":"#0","cullface":"west"},"west":{"uv":[12,4,14,5],"texture":"#0","cullface":"west"},"up":{"uv":[12,4,14,4.5],"rotation":90,"texture":"#0","cullface":"west"},"down":{"uv":[12,4,14,4.5],"rotation":270,"texture":"#0","cullface":"west"}}},{"from":[-0.7,10,9],"to":[0,13,12],"light_emission":15,"faces":{"north":{"uv":[9,3,9.7,6],"texture":"#0","cullface":"west"},"south":{"uv":[11,3,11.7,6],"texture":"#0","cullface":"west"},"west":{"uv":[9,3,12,6],"texture":"#0","cullface":"west"},"up":{"uv":[9,3,12,3.7],"rotation":90,"texture":"#0","cullface":"west"},"down":{"uv":[9,5,12,5.7],"rotation":270,"texture":"#0","cullface":"west"}}},{"from":[-0.7,7,12],"to":[0,9,14],"light_emission":15,"faces":{"north":{"uv":[12,7,12.7,9],"texture":"#0","cullface":"west"},"south":{"uv":[13,7,13.7,9],"texture":"#0","cullface":"west"},"west":{"uv":[12,7,14,9],"texture":"#0","cullface":"west"},"up":{"uv":[12,7,14,7.7],"rotation":90,"texture":"#0","cullface":"west"},"down":{"uv":[12,8,14,8.7],"rotation":270,"texture":"#0","cullface":"west"}}},{"from":[-0.5,1,5],"to":[0,2,6],"light_emission":15,"faces":{"north":{"uv":[5,14,5.5,15],"texture":"#0","cullface":"west"},"south":{"uv":[5,14,5.5,15],"texture":"#0","cullface":"west"},"west":{"uv":[5,14,6,15],"texture":"#0","cullface":"west"},"down":{"uv":[5,14,6,14.5],"rotation":90,"texture":"#0","cullface":"west"}}},{"from":[-0.7,2,4],"to":[0,3,8],"light_emission":15,"faces":{"north":{"uv":[4,13,4.7,14],"texture":"#0","cullface":"west"},"south":{"uv":[7,13,7.7,14],"texture":"#0","cullface":"west"},"west":{"uv":[4,13,8,14],"texture":"#0","cullface":"west"},"up":{"uv":[4,13,8,13.7],"rotation":90,"texture":"#0","cullface":"west"},"down":{"uv":[4,13,8,13.7],"rotation":270,"texture":"#0","cullface":"west"}}},{"from":[-0.7,9,1],"to":[0,10,6],"light_emission":15,"faces":{"north":{"uv":[1,6,1.7,7],"texture":"#0","cullface":"west"},"south":{"uv":[5,6,5.7,7],"texture":"#0","cullface":"west"},"west":{"uv":[1,6,6,7],"texture":"#0","cullface":"west"},"up":{"uv":[1,6,6,6.7],"rotation":90,"texture":"#0","cullface":"west"},"down":{"uv":[1,6,6,6.7],"rotation":270,"texture":"#0","cullface":"west"}}},{"from":[-0.7,5,3],"to":[0,6,6],"light_emission":15,"faces":{"north":{"uv":[3,10,3.7,11],"texture":"#0","cullface":"west"},"south":{"uv":[5,10,5.7,11],"texture":"#0","cullface":"west"},"west":{"uv":[3,10,6,11],"texture":"#0","cullface":"west"},"up":{"uv":[3,10,6,10.7],"rotation":90,"texture":"#0","cullface":"west"},"down":{"uv":[3,10,6,10.7],"rotation":270,"texture":"#0","cullface":"west"}}},{"from":[-0.5,10,2],"to":[0,11,4],"light_emission":15,"faces":{"north":{"uv":[2,5,2.5,6],"texture":"#0","cullface":"west"},"south":{"uv":[3,5,3.5,6],"texture":"#0","cullface":"west"},"west":{"uv":[2,5,4,6],"texture":"#0","cullface":"west"},"up":{"uv":[2,5,4,5.5],"rotation":90,"texture":"#0","cullface":"west"}}},{"from":[-0.5,6,4],"to":[0,7,5],"light_emission":15,"faces":{"north":{"uv":[4,9,4.5,10],"texture":"#0","cullface":"west"},"south":{"uv":[4,9,4.5,10],"texture":"#0","cullface":"west"},"west":{"uv":[4,9,5,10],"texture":"#0","cullface":"west"},"up":{"uv":[4,9,5,9.5],"rotation":270,"texture":"#0","cullface":"west"}}},{"from":[-0.5,13,8],"to":[0,14,9],"light_emission":15,"faces":{"north":{"uv":[8,2,8.5,3],"texture":"#0","cullface":"west"},"south":{"uv":[8,2,8.5,3],"texture":"#0","cullface":"west"},"west":{"uv":[8,2,9,3],"texture":"#0","cullface":"west"},"up":{"uv":[8,2,9,2.5],"rotation":270,"texture":"#0","cullface":"west"}}},{"from":[-0.5,7,8],"to":[0,8,9],"light_emission":15,"faces":{"north":{"uv":[8,8,8.5,9],"texture":"#0","cullface":"west"},"south":{"uv":[8,8,8.5,9],"texture":"#0","cullface":"west"},"west":{"uv":[8,8,9,9],"texture":"#0","cullface":"west"},"up":{"uv":[8,8,9,8.5],"rotation":270,"texture":"#0","cullface":"west"},"down":{"uv":[8,8,9,8.5],"rotation":90,"texture":"#0","cullface":"west"}}},{"from":[-0.5,4,11],"to":[0,5,13],"light_emission":15,"faces":{"north":{"uv":[11,11,11.5,12],"texture":"#0","cullface":"west"},"south":{"uv":[12,11,12.5,12],"texture":"#0","cullface":"west"},"west":{"uv":[11,11,13,12],"texture":"#0","cullface":"west"},"up":{"uv":[11,11,13,11.5],"rotation":90,"texture":"#0","cullface":"west"},"down":{"uv":[11,11,13,11.5],"rotation":270,"texture":"#0","cullface":"west"}}},{"from":[5,12,16],"to":[7,13,16.5],"light_emission":15,"faces":{"south":{"uv":[5,3,7,4],"texture":"#0","cullface":"south"},"west":{"uv":[5,3,5.5,4],"texture":"#0","cullface":"south"},"up":{"uv":[5,3,7,3.5],"texture":"#0","cullface":"south"},"down":{"uv":[5,3,7,3.5],"texture":"#0","cullface":"south"}}},{"from":[7,11,16],"to":[9,13,16.7],"light_emission":15,"faces":{"south":{"uv":[7,3,9,5],"texture":"#0","cullface":"south"},"west":{"uv":[7,3,7.7,5],"texture":"#0","cullface":"south"},"up":{"uv":[7,3,9,3.7],"texture":"#0","cullface":"south"},"down":{"uv":[7,4,9,4.7],"texture":"#0","cullface":"south"}}},{"from":[12,11,16],"to":[14,12,16.5],"light_emission":15,"faces":{"east":{"uv":[13,4,13.5,5],"texture":"#0","cullface":"south"},"south":{"uv":[12,4,14,5],"texture":"#0","cullface":"south"},"up":{"uv":[12,4,14,4.5],"texture":"#0","cullface":"south"},"down":{"uv":[12,4,14,4.5],"texture":"#0","cullface":"south"}}},{"from":[9,10,16],"to":[12,13,16.7],"light_emission":15,"faces":{"east":{"uv":[11,3,11.7,6],"texture":"#0","cullface":"south"},"south":{"uv":[9,3,12,6],"texture":"#0","cullface":"south"},"west":{"uv":[9,3,9.7,6],"texture":"#0","cullface":"south"},"up":{"uv":[9,3,12,3.7],"texture":"#0","cullface":"south"},"down":{"uv":[9,5,12,5.7],"texture":"#0","cullface":"south"}}},{"from":[12,7,16],"to":[14,9,16.7],"light_emission":15,"faces":{"east":{"uv":[13,7,13.7,9],"texture":"#0","cullface":"south"},"south":{"uv":[12,7,14,9],"texture":"#0","cullface":"south"},"west":{"uv":[12,7,12.7,9],"texture":"#0","cullface":"south"},"up":{"uv":[12,7,14,7.7],"texture":"#0","cullface":"south"},"down":{"uv":[12,8,14,8.7],"texture":"#0","cullface":"south"}}},{"from":[5,1,16],"to":[6,2,16.5],"light_emission":15,"faces":{"east":{"uv":[5,14,5.5,15],"texture":"#0","cullface":"south"},"south":{"uv":[5,14,6,15],"texture":"#0","cullface":"south"},"west":{"uv":[5,14,5.5,15],"texture":"#0","cullface":"south"},"down":{"uv":[5,14,6,14.5],"rotation":180,"texture":"#0","cullface":"south"}}},{"from":[4,2,16],"to":[8,3,16.7],"light_emission":15,"faces":{"east":{"uv":[7,13,7.7,14],"texture":"#0","cullface":"south"},"south":{"uv":[4,13,8,14],"texture":"#0","cullface":"south"},"west":{"uv":[4,13,4.7,14],"texture":"#0","cullface":"south"},"up":{"uv":[4,13,8,13.7],"texture":"#0","cullface":"south"},"down":{"uv":[4,13,8,13.7],"texture":"#0","cullface":"south"}}},{"from":[1,9,16],"to":[6,10,16.7],"light_emission":15,"faces":{"east":{"uv":[5,6,5.7,7],"texture":"#0","cullface":"south"},"south":{"uv":[1,6,6,7],"texture":"#0","cullface":"south"},"west":{"uv":[1,6,1.7,7],"texture":"#0","cullface":"south"},"up":{"uv":[1,6,6,6.7],"texture":"#0","cullface":"south"},"down":{"uv":[1,6,6,6.7],"texture":"#0","cullface":"south"}}},{"from":[3,5,16],"to":[6,6,16.7],"light_emission":15,"faces":{"east":{"uv":[5,10,5.7,11],"texture":"#0","cullface":"south"},"south":{"uv":[3,10,6,11],"texture":"#0","cullface":"south"},"west":{"uv":[3,10,3.7,11],"texture":"#0","cullface":"south"},"up":{"uv":[3,10,6,10.7],"texture":"#0","cullface":"south"},"down":{"uv":[3,10,6,10.7],"texture":"#0","cullface":"south"}}},{"from":[2,10,16],"to":[4,11,16.5],"light_emission":15,"faces":{"east":{"uv":[3,5,3.5,6],"texture":"#0","cullface":"south"},"south":{"uv":[2,5,4,6],"texture":"#0","cullface":"south"},"west":{"uv":[2,5,2.5,6],"texture":"#0","cullface":"south"},"up":{"uv":[2,5,4,5.5],"texture":"#0","cullface":"south"}}},{"from":[4,6,16],"to":[5,7,16.5],"light_emission":15,"faces":{"east":{"uv":[4,9,4.5,10],"texture":"#0","cullface":"south"},"south":{"uv":[4,9,5,10],"texture":"#0","cullface":"south"},"west":{"uv":[4,9,4.5,10],"texture":"#0","cullface":"south"},"up":{"uv":[4,9,5,9.5],"rotation":180,"texture":"#0","cullface":"south"}}},{"from":[8,13,16],"to":[9,14,16.5],"light_emission":15,"faces":{"east":{"uv":[8,2,8.5,3],"texture":"#0","cullface":"south"},"south":{"uv":[8,2,9,3],"texture":"#0","cullface":"south"},"west":{"uv":[8,2,8.5,3],"texture":"#0","cullface":"south"},"up":{"uv":[8,2,9,2.5],"rotation":180,"texture":"#0","cullface":"south"}}},{"from":[8,7,16],"to":[9,8,16.5],"light_emission":15,"faces":{"east":{"uv":[8,8,8.5,9],"texture":"#0","cullface":"south"},"south":{"uv":[8,8,9,9],"texture":"#0","cullface":"south"},"west":{"uv":[8,8,8.5,9],"texture":"#0","cullface":"south"},"up":{"uv":[8,8,9,8.5],"rotation":180,"texture":"#0","cullface":"south"},"down":{"uv":[8,8,9,8.5],"rotation":180,"texture":"#0","cullface":"south"}}},{"from":[11,4,16],"to":[13,5,16.5],"light_emission":15,"faces":{"east":{"uv":[12,11,12.5,12],"texture":"#0","cullface":"south"},"south":{"uv":[11,11,13,12],"texture":"#0","cullface":"south"},"west":{"uv":[11,11,11.5,12],"texture":"#0","cullface":"south"},"up":{"uv":[11,11,13,11.5],"texture":"#0","cullface":"south"},"down":{"uv":[11,11,13,11.5],"texture":"#0","cullface":"south"}}},{"from":[16,12,9],"to":[16.5,13,11],"light_emission":15,"faces":{"east":{"uv":[5,3,7,4],"texture":"#0","cullface":"east"},"south":{"uv":[5,3,5.5,4],"texture":"#0","cullface":"east"},"up":{"uv":[5,3,7,3.5],"rotation":270,"texture":"#0","cullface":"east"},"down":{"uv":[5,3,7,3.5],"rotation":90,"texture":"#0","cullface":"east"}}},{"from":[16,11,7],"to":[16.7,13,9],"light_emission":15,"faces":{"east":{"uv":[7,3,9,5],"texture":"#0","cullface":"east"},"south":{"uv":[7,3,7.7,5],"texture":"#0","cullface":"east"},"up":{"uv":[7,3,9,3.7],"rotation":270,"texture":"#0","cullface":"east"},"down":{"uv":[7,4,9,4.7],"rotation":90,"texture":"#0","cullface":"east"}}},{"from":[16,11,2],"to":[16.5,12,4],"light_emission":15,"faces":{"north":{"uv":[13,4,13.5,5],"texture":"#0","cullface":"east"},"east":{"uv":[12,4,14,5],"texture":"#0","cullface":"east"},"up":{"uv":[12,4,14,4.5],"rotation":270,"texture":"#0","cullface":"east"},"down":{"uv":[12,4,14,4.5],"rotation":90,"texture":"#0","cullface":"east"}}},{"from":[16,10,4],"to":[16.7,13,7],"light_emission":15,"faces":{"north":{"uv":[11,3,11.7,6],"texture":"#0","cullface":"east"},"east":{"uv":[9,3,12,6],"texture":"#0","cullface":"east"},"south":{"uv":[9,3,9.7,6],"texture":"#0","cullface":"east"},"up":{"uv":[9,3,12,3.7],"rotation":270,"texture":"#0","cullface":"east"},"down":{"uv":[9,5,12,5.7],"rotation":90,"texture":"#0","cullface":"east"}}},{"from":[16,7,2],"to":[16.7,9,4],"light_emission":15,"faces":{"north":{"uv":[13,7,13.7,9],"texture":"#0","cullface":"east"},"east":{"uv":[12,7,14,9],"texture":"#0","cullface":"east"},"south":{"uv":[12,7,12.7,9],"texture":"#0","cullface":"east"},"up":{"uv":[12,7,14,7.7],"rotation":270,"texture":"#0","cullface":"east"},"down":{"uv":[12,8,14,8.7],"rotation":90,"texture":"#0","cullface":"east"}}},{"from":[16,1,10],"to":[16.5,2,11],"light_emission":15,"faces":{"north":{"uv":[5,14,5.5,15],"texture":"#0","cullface":"east"},"east":{"uv":[5,14,6,15],"texture":"#0","cullface":"east"},"south":{"uv":[5,14,5.5,15],"texture":"#0","cullface":"east"},"down":{"uv":[5,14,6,14.5],"rotation":270,"texture":"#0","cullface":"east"}}},{"from":[16,2,8],"to":[16.7,3,12],"light_emission":15,"faces":{"north":{"uv":[7,13,7.7,14],"texture":"#0","cullface":"east"},"east":{"uv":[4,13,8,14],"texture":"#0","cullface":"east"},"south":{"uv":[4,13,4.7,14],"texture":"#0","cullface":"east"},"up":{"uv":[4,13,8,13.7],"rotation":270,"texture":"#0","cullface":"east"},"down":{"uv":[4,13,8,13.7],"rotation":90,"texture":"#0","cullface":"east"}}},{"from":[16,9,10],"to":[16.7,10,15],"light_emission":15,"faces":{"north":{"uv":[5,6,5.7,7],"texture":"#0","cullface":"east"},"east":{"uv":[1,6,6,7],"texture":"#0","cullface":"east"},"south":{"uv":[1,6,1.7,7],"texture":"#0","cullface":"east"},"up":{"uv":[1,6,6,6.7],"rotation":270,"texture":"#0","cullface":"east"},"down":{"uv":[1,6,6,6.7],"rotation":90,"texture":"#0","cullface":"east"}}},{"from":[16,5,10],"to":[16.7,6,13],"light_emission":15,"faces":{"north":{"uv":[5,10,5.7,11],"texture":"#0","cullface":"east"},"east":{"uv":[3,10,6,11],"texture":"#0","cullface":"east"},"south":{"uv":[3,10,3.7,11],"texture":"#0","cullface":"east"},"up":{"uv":[3,10,6,10.7],"rotation":270,"texture":"#0","cullface":"east"},"down":{"uv":[3,10,6,10.7],"rotation":90,"texture":"#0","cullface":"east"}}},{"from":[16,10,12],"to":[16.5,11,14],"light_emission":15,"faces":{"north":{"uv":[3,5,3.5,6],"texture":"#0","cullface":"east"},"east":{"uv":[2,5,4,6],"texture":"#0","cullface":"east"},"south":{"uv":[2,5,2.5,6],"texture":"#0","cullface":"east"},"up":{"uv":[2,5,4,5.5],"rotation":270,"texture":"#0","cullface":"east"}}},{"from":[16,6,11],"to":[16.5,7,12],"light_emission":15,"faces":{"north":{"uv":[4,9,4.5,10],"texture":"#0","cullface":"east"},"east":{"uv":[4,9,5,10],"texture":"#0","cullface":"east"},"south":{"uv":[4,9,4.5,10],"texture":"#0","cullface":"east"},"up":{"uv":[4,9,5,9.5],"rotation":90,"texture":"#0","cullface":"east"}}},{"from":[16,13,7],"to":[16.5,14,8],"light_emission":15,"faces":{"north":{"uv":[8,2,8.5,3],"texture":"#0","cullface":"east"},"east":{"uv":[8,2,9,3],"texture":"#0","cullface":"east"},"south":{"uv":[8,2,8.5,3],"texture":"#0","cullface":"east"},"up":{"uv":[8,2,9,2.5],"rotation":90,"texture":"#0","cullface":"east"}}},{"from":[16,7,7],"to":[16.5,8,8],"light_emission":15,"faces":{"north":{"uv":[8,8,8.5,9],"texture":"#0","cullface":"east"},"east":{"uv":[8,8,9,9],"texture":"#0","cullface":"east"},"south":{"uv":[8,8,8.5,9],"texture":"#0","cullface":"east"},"up":{"uv":[8,8,9,8.5],"rotation":90,"texture":"#0","cullface":"east"},"down":{"uv":[8,8,9,8.5],"rotation":270,"texture":"#0","cullface":"east"}}},{"from":[16,4,3],"to":[16.5,5,5],"light_emission":15,"faces":{"north":{"uv":[12,11,12.5,12],"texture":"#0","cullface":"east"},"east":{"uv":[11,11,13,12],"texture":"#0","cullface":"east"},"south":{"uv":[11,11,11.5,12],"texture":"#0","cullface":"east"},"up":{"uv":[11,11,13,11.5],"rotation":270,"texture":"#0","cullface":"east"},"down":{"uv":[11,11,13,11.5],"rotation":90,"texture":"#0","cullface":"east"}}},{"from":[5,16,3],"to":[7,16.5,4],"light_emission":15,"faces":{"north":{"uv":[5,3,7,3.5],"rotation":180,"texture":"#0","cullface":"up"},"south":{"uv":[5,3,7,3.5],"texture":"#0","cullface":"up"},"west":{"uv":[5,3,5.5,4],"rotation":270,"texture":"#0","cullface":"up"},"up":{"uv":[5,3,7,4],"texture":"#0","cullface":"up"}}},{"from":[7,16,3],"to":[9,16.7,5],"light_emission":15,"faces":{"north":{"uv":[7,3,9,3.7],"rotation":180,"texture":"#0","cullface":"up"},"south":{"uv":[7,4,9,4.7],"texture":"#0","cullface":"up"},"west":{"uv":[7,3,7.7,5],"rotation":270,"texture":"#0","cullface":"up"},"up":{"uv":[7,3,9,5],"texture":"#0","cullface":"up"}}},{"from":[12,16,4],"to":[14,16.5,5],"light_emission":15,"faces":{"north":{"uv":[12,4,14,4.5],"rotation":180,"texture":"#0","cullface":"up"},"east":{"uv":[13,4,13.5,5],"rotation":90,"texture":"#0","cullface":"up"},"south":{"uv":[12,4,14,4.5],"texture":"#0","cullface":"up"},"up":{"uv":[12,4,14,5],"texture":"#0","cullface":"up"}}},{"from":[9,16,3],"to":[12,16.7,6],"light_emission":15,"faces":{"north":{"uv":[9,3,12,3.7],"rotation":180,"texture":"#0","cullface":"up"},"east":{"uv":[11,3,11.7,6],"rotation":90,"texture":"#0","cullface":"up"},"south":{"uv":[9,5,12,5.7],"texture":"#0","cullface":"up"},"west":{"uv":[9,3,9.7,6],"rotation":270,"texture":"#0","cullface":"up"},"up":{"uv":[9,3,12,6],"texture":"#0","cullface":"up"}}},{"from":[12,16,7],"to":[14,16.7,9],"light_emission":15,"faces":{"north":{"uv":[12,7,14,7.7],"rotation":180,"texture":"#0","cullface":"up"},"east":{"uv":[13,7,13.7,9],"rotation":90,"texture":"#0","cullface":"up"},"south":{"uv":[12,8,14,8.7],"texture":"#0","cullface":"up"},"west":{"uv":[12,7,12.7,9],"rotation":270,"texture":"#0","cullface":"up"},"up":{"uv":[12,7,14,9],"texture":"#0","cullface":"up"}}},{"from":[5,16,14],"to":[6,16.5,15],"light_emission":15,"faces":{"east":{"uv":[5,14,5.5,15],"rotation":90,"texture":"#0","cullface":"up"},"south":{"uv":[5,14,6,14.5],"rotation":180,"texture":"#0","cullface":"up"},"west":{"uv":[5,14,5.5,15],"rotation":270,"texture":"#0","cullface":"up"},"up":{"uv":[5,14,6,15],"texture":"#0","cullface":"up"}}},{"from":[4,16,13],"to":[8,16.7,14],"light_emission":15,"faces":{"north":{"uv":[4,13,8,13.7],"rotation":180,"texture":"#0","cullface":"up"},"east":{"uv":[7,13,7.7,14],"rotation":90,"texture":"#0","cullface":"up"},"south":{"uv":[4,13,8,13.7],"texture":"#0","cullface":"up"},"west":{"uv":[4,13,4.7,14],"rotation":270,"texture":"#0","cullface":"up"},"up":{"uv":[4,13,8,14],"texture":"#0","cullface":"up"}}},{"from":[1,16,6],"to":[6,16.7,7],"light_emission":15,"faces":{"north":{"uv":[1,6,6,6.7],"rotation":180,"texture":"#0","cullface":"up"},"east":{"uv":[5,6,5.7,7],"rotation":90,"texture":"#0","cullface":"up"},"south":{"uv":[1,6,6,6.7],"texture":"#0","cullface":"up"},"west":{"uv":[1,6,1.7,7],"rotation":270,"texture":"#0","cullface":"up"},"up":{"uv":[1,6,6,7],"texture":"#0","cullface":"up"}}},{"from":[3,16,10],"to":[6,16.7,11],"light_emission":15,"faces":{"north":{"uv":[3,10,6,10.7],"rotation":180,"texture":"#0","cullface":"up"},"east":{"uv":[5,10,5.7,11],"rotation":90,"texture":"#0","cullface":"up"},"south":{"uv":[3,10,6,10.7],"texture":"#0","cullface":"up"},"west":{"uv":[3,10,3.7,11],"rotation":270,"texture":"#0","cullface":"up"},"up":{"uv":[3,10,6,11],"texture":"#0","cullface":"up"}}},{"from":[2,16,5],"to":[4,16.5,6],"light_emission":15,"faces":{"north":{"uv":[2,5,4,5.5],"rotation":180,"texture":"#0","cullface":"up"},"east":{"uv":[3,5,3.5,6],"rotation":90,"texture":"#0","cullface":"up"},"west":{"uv":[2,5,2.5,6],"rotation":270,"texture":"#0","cullface":"up"},"up":{"uv":[2,5,4,6],"texture":"#0","cullface":"up"}}},{"from":[4,16,9],"to":[5,16.5,10],"light_emission":15,"faces":{"north":{"uv":[4,9,5,9.5],"texture":"#0","cullface":"up"},"east":{"uv":[4,9,4.5,10],"rotation":90,"texture":"#0","cullface":"up"},"west":{"uv":[4,9,4.5,10],"rotation":270,"texture":"#0","cullface":"up"},"up":{"uv":[4,9,5,10],"texture":"#0","cullface":"up"}}},{"from":[8,16,2],"to":[9,16.5,3],"light_emission":15,"faces":{"north":{"uv":[8,2,9,2.5],"texture":"#0","cullface":"up"},"east":{"uv":[8,2,8.5,3],"rotation":90,"texture":"#0","cullface":"up"},"west":{"uv":[8,2,8.5,3],"rotation":270,"texture":"#0","cullface":"up"},"up":{"uv":[8,2,9,3],"texture":"#0","cullface":"up"}}},{"from":[8,16,8],"to":[9,16.5,9],"light_emission":15,"faces":{"north":{"uv":[8,8,9,8.5],"texture":"#0","cullface":"up"},"east":{"uv":[8,8,8.5,9],"rotation":90,"texture":"#0","cullface":"up"},"south":{"uv":[8,8,9,8.5],"rotation":180,"texture":"#0","cullface":"up"},"west":{"uv":[8,8,8.5,9],"rotation":270,"texture":"#0","cullface":"up"},"up":{"uv":[8,8,9,9],"texture":"#0","cullface":"up"}}},{"from":[11,16,11],"to":[13,16.5,12],"light_emission":15,"faces":{"north":{"uv":[11,11,13,11.5],"rotation":180,"texture":"#0","cullface":"up"},"east":{"uv":[12,11,12.5,12],"rotation":90,"texture":"#0","cullface":"up"},"south":{"uv":[11,11,13,11.5],"texture":"#0","cullface":"up"},"west":{"uv":[11,11,11.5,12],"rotation":270,"texture":"#0","cullface":"up"},"up":{"uv":[11,11,13,12],"texture":"#0","cullface":"up"}}},{"from":[5,-0.5,12],"to":[7,0,13],"light_emission":15,"faces":{"north":{"uv":[5,3,7,3.5],"rotation":180,"texture":"#0","cullface":"down"},"south":{"uv":[5,3,7,3.5],"texture":"#0","cullface":"down"},"west":{"uv":[5,3,5.5,4],"rotation":90,"texture":"#0","cullface":"down"},"down":{"uv":[5,3,7,4],"texture":"#0","cullface":"down"}}},{"from":[7,-0.7,11],"to":[9,0,13],"light_emission":15,"faces":{"north":{"uv":[7,4,9,4.7],"rotation":180,"texture":"#0","cullface":"down"},"south":{"uv":[7,3,9,3.7],"texture":"#0","cullface":"down"},"west":{"uv":[7,3,7.7,5],"rotation":90,"texture":"#0","cullface":"down"},"down":{"uv":[7,3,9,5],"texture":"#0","cullface":"down"}}},{"from":[12,-0.5,11],"to":[14,0,12],"light_emission":15,"faces":{"north":{"uv":[12,4,14,4.5],"rotation":180,"texture":"#0","cullface":"down"},"east":{"uv":[13,4,13.5,5],"rotation":270,"texture":"#0","cullface":"down"},"south":{"uv":[12,4,14,4.5],"texture":"#0","cullface":"down"},"down":{"uv":[12,4,14,5],"texture":"#0","cullface":"down"}}},{"from":[9,-0.7,10],"to":[12,0,13],"light_emission":15,"faces":{"north":{"uv":[9,5,12,5.7],"rotation":180,"texture":"#0","cullface":"down"},"east":{"uv":[11,3,11.7,6],"rotation":270,"texture":"#0","cullface":"down"},"south":{"uv":[9,3,12,3.7],"texture":"#0","cullface":"down"},"west":{"uv":[9,3,9.7,6],"rotation":90,"texture":"#0","cullface":"down"},"down":{"uv":[9,3,12,6],"texture":"#0","cullface":"down"}}},{"from":[12,-0.7,7],"to":[14,0,9],"light_emission":15,"faces":{"north":{"uv":[12,8,14,8.7],"rotation":180,"texture":"#0","cullface":"down"},"east":{"uv":[13,7,13.7,9],"rotation":270,"texture":"#0","cullface":"down"},"south":{"uv":[12,7,14,7.7],"texture":"#0","cullface":"down"},"west":{"uv":[12,7,12.7,9],"rotation":90,"texture":"#0","cullface":"down"},"down":{"uv":[12,7,14,9],"texture":"#0","cullface":"down"}}},{"from":[5,-0.5,1],"to":[6,0,2],"light_emission":15,"faces":{"north":{"uv":[5,14,6,14.5],"texture":"#0","cullface":"down"},"east":{"uv":[5,14,5.5,15],"rotation":270,"texture":"#0","cullface":"down"},"west":{"uv":[5,14,5.5,15],"rotation":90,"texture":"#0","cullface":"down"},"down":{"uv":[5,14,6,15],"texture":"#0","cullface":"down"}}},{"from":[4,-0.7,2],"to":[8,0,3],"light_emission":15,"faces":{"north":{"uv":[4,13,8,13.7],"rotation":180,"texture":"#0","cullface":"down"},"east":{"uv":[7,13,7.7,14],"rotation":270,"texture":"#0","cullface":"down"},"south":{"uv":[4,13,8,13.7],"texture":"#0","cullface":"down"},"west":{"uv":[4,13,4.7,14],"rotation":90,"texture":"#0","cullface":"down"},"down":{"uv":[4,13,8,14],"texture":"#0","cullface":"down"}}},{"from":[1,-0.7,9],"to":[6,0,10],"light_emission":15,"faces":{"north":{"uv":[1,6,6,6.7],"rotation":180,"texture":"#0","cullface":"down"},"east":{"uv":[5,6,5.7,7],"rotation":270,"texture":"#0","cullface":"down"},"south":{"uv":[1,6,6,6.7],"texture":"#0","cullface":"down"},"west":{"uv":[1,6,1.7,7],"rotation":90,"texture":"#0","cullface":"down"},"down":{"uv":[1,6,6,7],"texture":"#0","cullface":"down"}}},{"from":[3,-0.7,5],"to":[6,0,6],"light_emission":15,"faces":{"north":{"uv":[3,10,6,10.7],"rotation":180,"texture":"#0","cullface":"down"},"east":{"uv":[5,10,5.7,11],"rotation":270,"texture":"#0","cullface":"down"},"south":{"uv":[3,10,6,10.7],"texture":"#0","cullface":"down"},"west":{"uv":[3,10,3.7,11],"rotation":90,"texture":"#0","cullface":"down"},"down":{"uv":[3,10,6,11],"texture":"#0","cullface":"down"}}},{"from":[2,-0.5,10],"to":[4,0,11],"light_emission":15,"faces":{"east":{"uv":[3,5,3.5,6],"rotation":270,"texture":"#0","cullface":"down"},"south":{"uv":[2,5,4,5.5],"texture":"#0","cullface":"down"},"west":{"uv":[2,5,2.5,6],"rotation":90,"texture":"#0","cullface":"down"},"down":{"uv":[2,5,4,6],"texture":"#0","cullface":"down"}}},{"from":[4,-0.5,6],"to":[5,0,7],"light_emission":15,"faces":{"east":{"uv":[4,9,4.5,10],"rotation":270,"texture":"#0","cullface":"down"},"south":{"uv":[4,9,5,9.5],"rotation":180,"texture":"#0","cullface":"down"},"west":{"uv":[4,9,4.5,10],"rotation":90,"texture":"#0","cullface":"down"},"down":{"uv":[4,9,5,10],"texture":"#0","cullface":"down"}}},{"from":[8,-0.5,13],"to":[9,0,14],"light_emission":15,"faces":{"east":{"uv":[8,2,8.5,3],"rotation":270,"texture":"#0","cullface":"down"},"south":{"uv":[8,2,9,2.5],"rotation":180,"texture":"#0","cullface":"down"},"west":{"uv":[8,2,8.5,3],"rotation":90,"texture":"#0","cullface":"down"},"down":{"uv":[8,2,9,3],"texture":"#0","cullface":"down"}}},{"from":[8,-0.5,7],"to":[9,0,8],"light_emission":15,"faces":{"north":{"uv":[8,8,9,8.5],"texture":"#0","cullface":"down"},"east":{"uv":[8,8,8.5,9],"rotation":270,"texture":"#0","cullface":"down"},"south":{"uv":[8,8,9,8.5],"rotation":180,"texture":"#0","cullface":"down"},"west":{"uv":[8,8,8.5,9],"rotation":90,"texture":"#0","cullface":"down"},"down":{"uv":[8,8,9,9],"texture":"#0","cullface":"down"}}},{"from":[11,-0.5,4],"to":[13,0,5],"light_emission":15,"faces":{"north":{"uv":[11,11,13,11.5],"rotation":180,"texture":"#0","cullface":"down"},"east":{"uv":[12,11,12.5,12],"rotation":270,"texture":"#0","cullface":"down"},"south":{"uv":[11,11,13,11.5],"texture":"#0","cullface":"down"},"west":{"uv":[11,11,11.5,12],"rotation":90,"texture":"#0","cullface":"down"},"down":{"uv":[11,11,13,12],"texture":"#0","cullface":"down"}}},{"from":[2,11,-0.5],"to":[4,12,0],"light_emission":15,"faces":{"north":{"uv":[12,4,14,5],"texture":"#0","cullface":"north"},"west":{"uv":[13,4,13.5,5],"texture":"#0","cullface":"north"},"up":{"uv":[12,4,14,4.5],"rotation":180,"texture":"#0","cullface":"north"},"down":{"uv":[12,4,14,4.5],"rotation":180,"texture":"#0","cullface":"north"}}},{"from":[9,12,-0.5],"to":[11,13,0],"light_emission":15,"faces":{"north":{"uv":[5,3,7,4],"texture":"#0","cullface":"north"},"east":{"uv":[5,3,5.5,4],"texture":"#0","cullface":"north"},"up":{"uv":[5,3,7,3.5],"rotation":180,"texture":"#0","cullface":"north"},"down":{"uv":[5,3,7,3.5],"rotation":180,"texture":"#0","cullface":"north"}}},{"from":[10,5,-0.7],"to":[13,6,0],"light_emission":15,"faces":{"north":{"uv":[3,10,6,11],"texture":"#0","cullface":"north"},"east":{"uv":[3,10,3.7,11],"texture":"#0","cullface":"north"},"west":{"uv":[5,10,5.7,11],"texture":"#0","cullface":"north"},"up":{"uv":[3,10,6,10.7],"rotation":180,"texture":"#0","cullface":"north"},"down":{"uv":[3,10,6,10.7],"rotation":180,"texture":"#0","cullface":"north"}}},{"from":[10,9,-0.7],"to":[15,10,0],"light_emission":15,"faces":{"north":{"uv":[1,6,6,7],"texture":"#0","cullface":"north"},"east":{"uv":[1,6,1.7,7],"texture":"#0","cullface":"north"},"west":{"uv":[5,6,5.7,7],"texture":"#0","cullface":"north"},"up":{"uv":[1,6,6,6.7],"rotation":180,"texture":"#0","cullface":"north"},"down":{"uv":[1,6,6,6.7],"rotation":180,"texture":"#0","cullface":"north"}}},{"from":[8,2,-0.7],"to":[12,3,0],"light_emission":15,"faces":{"north":{"uv":[4,13,8,14],"texture":"#0","cullface":"north"},"east":{"uv":[4,13,4.7,14],"texture":"#0","cullface":"north"},"west":{"uv":[7,13,7.7,14],"texture":"#0","cullface":"north"},"up":{"uv":[4,13,8,13.7],"rotation":180,"texture":"#0","cullface":"north"},"down":{"uv":[4,13,8,13.7],"rotation":180,"texture":"#0","cullface":"north"}}},{"from":[2,7,-0.7],"to":[4,9,0],"light_emission":15,"faces":{"north":{"uv":[12,7,14,9],"texture":"#0","cullface":"north"},"east":{"uv":[12,7,12.7,9],"texture":"#0","cullface":"north"},"west":{"uv":[13,7,13.7,9],"texture":"#0","cullface":"north"},"up":{"uv":[12,7,14,7.7],"rotation":180,"texture":"#0","cullface":"north"},"down":{"uv":[12,8,14,8.7],"rotation":180,"texture":"#0","cullface":"north"}}},{"from":[7,11,-0.7],"to":[9,13,0],"light_emission":15,"faces":{"north":{"uv":[7,3,9,5],"texture":"#0","cullface":"north"},"east":{"uv":[7,3,7.7,5],"texture":"#0","cullface":"north"},"up":{"uv":[7,3,9,3.7],"rotation":180,"texture":"#0","cullface":"north"},"down":{"uv":[7,4,9,4.7],"rotation":180,"texture":"#0","cullface":"north"}}},{"from":[4,10,-0.7],"to":[7,13,0],"light_emission":15,"faces":{"north":{"uv":[9,3,12,6],"texture":"#0","cullface":"north"},"east":{"uv":[9,3,9.7,6],"texture":"#0","cullface":"north"},"west":{"uv":[11,3,11.7,6],"texture":"#0","cullface":"north"},"up":{"uv":[9,3,12,3.7],"rotation":180,"texture":"#0","cullface":"north"},"down":{"uv":[9,5,12,5.7],"rotation":180,"texture":"#0","cullface":"north"}}},{"from":[12,10,-0.5],"to":[14,11,0],"light_emission":15,"faces":{"north":{"uv":[2,5,4,6],"texture":"#0","cullface":"north"},"east":{"uv":[2,5,2.5,6],"texture":"#0","cullface":"north"},"west":{"uv":[3,5,3.5,6],"texture":"#0","cullface":"north"},"up":{"uv":[2,5,4,5.5],"rotation":180,"texture":"#0","cullface":"north"}}},{"from":[7,7,-0.5],"to":[8,8,0],"light_emission":15,"faces":{"north":{"uv":[8,8,9,9],"texture":"#0","cullface":"north"},"east":{"uv":[8,8,8.5,9],"texture":"#0","cullface":"north"},"west":{"uv":[8,8,8.5,9],"texture":"#0","cullface":"north"},"up":{"uv":[8,8,9,8.5],"texture":"#0","cullface":"north"},"down":{"uv":[8,8,9,8.5],"texture":"#0","cullface":"north"}}},{"from":[10,1,-0.5],"to":[11,2,0],"light_emission":15,"faces":{"north":{"uv":[5,14,6,15],"texture":"#0","cullface":"north"},"east":{"uv":[5,14,5.5,15],"texture":"#0","cullface":"north"},"west":{"uv":[5,14,5.5,15],"texture":"#0","cullface":"north"},"down":{"uv":[5,14,6,14.5],"texture":"#0","cullface":"north"}}},{"from":[7,13,-0.5],"to":[8,14,0],"light_emission":15,"faces":{"north":{"uv":[8,2,9,3],"texture":"#0","cullface":"north"},"east":{"uv":[8,2,8.5,3],"texture":"#0","cullface":"north"},"west":{"uv":[8,2,8.5,3],"texture":"#0","cullface":"north"},"up":{"uv":[8,2,9,2.5],"texture":"#0","cullface":"north"}}},{"from":[11,6,-0.5],"to":[12,7,0],"light_emission":15,"faces":{"north":{"uv":[4,9,5,10],"texture":"#0","cullface":"north"},"east":{"uv":[4,9,4.5,10],"texture":"#0","cullface":"north"},"west":{"uv":[4,9,4.5,10],"texture":"#0","cullface":"north"},"up":{"uv":[4,9,5,9.5],"texture":"#0","cullface":"north"}}}]}