{"credit":"Created by Marceus","format_version":"1.21.6","parent":"block/cube_all","textures":{"0":"block/deepslate_redstone_ore3","particle":"block/deepslate_redstone_ore3"},"elements":[{"from":[0,0,0],"to":[16,16,16],"faces":{"north":{"uv":[0,0,16,16],"texture":"#0","cullface":"north"},"east":{"uv":[0,0,16,16],"texture":"#0","cullface":"east"},"south":{"uv":[0,0,16,16],"texture":"#0","cullface":"south"},"west":{"uv":[0,0,16,16],"texture":"#0","cullface":"west"},"up":{"uv":[0,0,16,16],"texture":"#0","cullface":"up"},"down":{"uv":[0,0,16,16],"texture":"#0","cullface":"down"}}},{"from":[8,3,-0.5],"to":[9,4,0],"light_emission":15,"faces":{"north":{"uv":[7,12,8,13],"texture":"#0","cullface":"north"},"east":{"uv":[7,12,7.5,13],"texture":"#0","cullface":"north"},"west":{"uv":[7,12,7.5,13],"texture":"#0","cullface":"north"},"up":{"uv":[7,12,8,12.5],"texture":"#0","cullface":"north"}}},{"from":[-0.5,6,2],"to":[0,7,4],"light_emission":15,"faces":{"north":{"uv":[2,9,2.5,10],"texture":"#0","cullface":"west"},"south":{"uv":[3,9,3.5,10],"texture":"#0","cullface":"west"},"west":{"uv":[2,9,4,10],"texture":"#0","cullface":"west"},"up":{"uv":[2,9,4,9.5],"rotation":90,"texture":"#0","cullface":"west"}}},{"from":[-0.5,4,3],"to":[0,5,4],"light_emission":15,"faces":{"north":{"uv":[3,11,3.5,12],"texture":"#0","cullface":"west"},"south":{"uv":[3,11,3.5,12],"texture":"#0","cullface":"west"},"west":{"uv":[3,11,4,12],"texture":"#0","cullface":"west"},"down":{"uv":[3,11,4,11.5],"rotation":90,"texture":"#0","cullface":"west"}}},{"from":[-0.5,5,1],"to":[0,6,2],"light_emission":15,"faces":{"north":{"uv":[1,10,1.5,11],"texture":"#0","cullface":"west"},"west":{"uv":[1,10,2,11],"texture":"#0","cullface":"west"},"up":{"uv":[1,10,2,10.5],"rotation":270,"texture":"#0","cullface":"west"},"down":{"uv":[1,10,2,10.5],"rotation":90,"texture":"#0","cullface":"west"}}},{"from":[-0.5,5,4],"to":[0,6,5],"light_emission":15,"faces":{"south":{"uv":[4,10,4.5,11],"texture":"#0","cullface":"west"},"west":{"uv":[4,10,5,11],"texture":"#0","cullface":"west"},"up":{"uv":[4,10,5,10.5],"rotation":270,"texture":"#0","cullface":"west"},"down":{"uv":[4,10,5,10.5],"rotation":90,"texture":"#0","cullface":"west"}}},{"from":[-0.7,5,2],"to":[0,6,4],"light_emission":15,"faces":{"north":{"uv":[2,10,2.7,11],"texture":"#0","cullface":"west"},"south":{"uv":[3,10,3.7,11],"texture":"#0","cullface":"west"},"west":{"uv":[2,10,4,11],"texture":"#0","cullface":"west"},"up":{"uv":[2,10,4,10.7],"rotation":90,"texture":"#0","cullface":"west"},"down":{"uv":[2,10,4,10.7],"rotation":270,"texture":"#0","cullface":"west"}}},{"from":[-0.5,12,1],"to":[0,14,4],"light_emission":15,"faces":{"north":{"uv":[1,2,1.5,4],"texture":"#0","cullface":"west"},"south":{"uv":[3,2,3.5,4],"texture":"#0","cullface":"west"},"west":{"uv":[1,2,4,4],"texture":"#0","cullface":"west"},"up":{"uv":[1,2,4,2.5],"rotation":90,"texture":"#0","cullface":"west"},"down":{"uv":[1,3,4,3.5],"rotation":270,"texture":"#0","cullface":"west"}}},{"from":[-0.7,2,7],"to":[0,3,8],"light_emission":15,"faces":{"north":{"uv":[7,13,7.7,14],"texture":"#0","cullface":"west"},"south":{"uv":[7,13,7.7,14],"texture":"#0","cullface":"west"},"west":{"uv":[7,13,8,14],"texture":"#0","cullface":"west"},"up":{"uv":[7,13,8,13.7],"rotation":270,"texture":"#0","cullface":"west"},"down":{"uv":[7,13,8,13.7],"rotation":90,"texture":"#0","cullface":"west"}}},{"from":[-0.5,13,8],"to":[0,14,9],"light_emission":15,"faces":{"south":{"uv":[8,2,8.5,3],"texture":"#0","cullface":"west"},"west":{"uv":[8,2,9,3],"texture":"#0","cullface":"west"},"up":{"uv":[8,2,9,2.5],"rotation":270,"texture":"#0","cullface":"west"},"down":{"uv":[8,2,9,2.5],"rotation":90,"texture":"#0","cullface":"west"}}},{"from":[-0.5,12,7],"to":[0,13,8],"light_emission":15,"faces":{"north":{"uv":[7,3,7.5,4],"texture":"#0","cullface":"west"},"south":{"uv":[7,3,7.5,4],"texture":"#0","cullface":"west"},"west":{"uv":[7,3,8,4],"texture":"#0","cullface":"west"},"down":{"uv":[7,3,8,3.5],"rotation":90,"texture":"#0","cullface":"west"}}},{"from":[-0.7,13,7],"to":[0,14,8],"light_emission":15,"faces":{"north":{"uv":[7,2,7.7,3],"texture":"#0","cullface":"west"},"south":{"uv":[7,2,7.7,3],"texture":"#0","cullface":"west"},"west":{"uv":[7,2,8,3],"texture":"#0","cullface":"west"},"up":{"uv":[7,2,8,2.7],"rotation":270,"texture":"#0","cullface":"west"},"down":{"uv":[7,2,8,2.7],"rotation":90,"texture":"#0","cullface":"west"}}},{"from":[-0.5,13,6],"to":[0,14,7],"light_emission":15,"faces":{"north":{"uv":[6,2,6.5,3],"texture":"#0","cullface":"west"},"west":{"uv":[6,2,7,3],"texture":"#0","cullface":"west"},"up":{"uv":[6,2,7,2.5],"rotation":270,"texture":"#0","cullface":"west"},"down":{"uv":[6,2,7,2.5],"rotation":90,"texture":"#0","cullface":"west"}}},{"from":[-0.5,14,7],"to":[0,15,8],"light_emission":15,"faces":{"north":{"uv":[7,1,7.5,2],"texture":"#0","cullface":"west"},"south":{"uv":[7,1,7.5,2],"texture":"#0","cullface":"west"},"west":{"uv":[7,1,8,2],"texture":"#0","cullface":"west"},"up":{"uv":[7,1,8,1.5],"rotation":270,"texture":"#0","cullface":"west"}}},{"from":[-0.5,11,11],"to":[0,12,13],"light_emission":15,"faces":{"north":{"uv":[11,4,11.5,5],"texture":"#0","cullface":"west"},"south":{"uv":[12,4,12.5,5],"texture":"#0","cullface":"west"},"west":{"uv":[11,4,13,5],"texture":"#0","cullface":"west"},"up":{"uv":[11,4,13,4.5],"rotation":90,"texture":"#0","cullface":"west"},"down":{"uv":[11,4,13,4.5],"rotation":270,"texture":"#0","cullface":"west"}}},{"from":[-0.5,9,4],"to":[0,10,6],"light_emission":15,"faces":{"north":{"uv":[4,6,4.5,7],"texture":"#0","cullface":"west"},"south":{"uv":[5,6,5.5,7],"texture":"#0","cullface":"west"},"west":{"uv":[4,6,6,7],"texture":"#0","cullface":"west"},"up":{"uv":[4,6,6,6.5],"rotation":90,"texture":"#0","cullface":"west"},"down":{"uv":[4,6,6,6.5],"rotation":270,"texture":"#0","cullface":"west"}}},{"from":[-0.5,9,10],"to":[0,10,11],"light_emission":15,"faces":{"north":{"uv":[10,6,10.5,7],"texture":"#0","cullface":"west"},"south":{"uv":[10,6,10.5,7],"texture":"#0","cullface":"west"},"west":{"uv":[10,6,11,7],"texture":"#0","cullface":"west"},"up":{"uv":[10,6,11,6.5],"rotation":270,"texture":"#0","cullface":"west"}}},{"from":[-0.5,6,13],"to":[0,8,15],"light_emission":15,"faces":{"north":{"uv":[13,8,13.7,10],"texture":"#0","cullface":"west"},"south":{"uv":[14,8,14.7,10],"texture":"#0","cullface":"west"},"west":{"uv":[13,8,15,10],"texture":"#0","cullface":"west"},"up":{"uv":[13,8,15,8.7],"rotation":90,"texture":"#0","cullface":"west"},"down":{"uv":[13,9,15,9.7],"rotation":270,"texture":"#0","cullface":"west"}}},{"from":[-0.7,7,9],"to":[0,9,12],"light_emission":15,"faces":{"north":{"uv":[9,7,9.5,9],"texture":"#0","cullface":"west"},"south":{"uv":[11,7,11.5,9],"texture":"#0","cullface":"west"},"west":{"uv":[9,7,12,9],"texture":"#0","cullface":"west"},"up":{"uv":[9,7,12,7.5],"rotation":90,"texture":"#0","cullface":"west"},"down":{"uv":[9,8,12,8.5],"rotation":270,"texture":"#0","cullface":"west"}}},{"from":[-0.5,2,6],"to":[0,3,7],"light_emission":15,"faces":{"north":{"uv":[6,13,6.5,14],"texture":"#0","cullface":"west"},"west":{"uv":[6,13,7,14],"texture":"#0","cullface":"west"},"up":{"uv":[6,13,7,13.5],"rotation":270,"texture":"#0","cullface":"west"},"down":{"uv":[6,13,7,13.5],"rotation":90,"texture":"#0","cullface":"west"}}},{"from":[-0.5,2,8],"to":[0,3,9],"light_emission":15,"faces":{"south":{"uv":[8,13,8.5,14],"texture":"#0","cullface":"west"},"west":{"uv":[8,13,9,14],"texture":"#0","cullface":"west"},"up":{"uv":[8,13,9,13.5],"rotation":270,"texture":"#0","cullface":"west"},"down":{"uv":[8,13,9,13.5],"rotation":90,"texture":"#0","cullface":"west"}}},{"from":[-0.5,1,7],"to":[0,2,8],"light_emission":15,"faces":{"north":{"uv":[7,14,7.5,15],"texture":"#0","cullface":"west"},"south":{"uv":[7,14,7.5,15],"texture":"#0","cullface":"west"},"west":{"uv":[7,14,8,15],"texture":"#0","cullface":"west"},"down":{"uv":[7,14,8,14.5],"rotation":90,"texture":"#0","cullface":"west"}}},{"from":[-0.5,3,7],"to":[0,4,8],"light_emission":15,"faces":{"north":{"uv":[7,12,7.5,13],"texture":"#0","cullface":"west"},"south":{"uv":[7,12,7.5,13],"texture":"#0","cullface":"west"},"west":{"uv":[7,12,8,13],"texture":"#0","cullface":"west"},"up":{"uv":[7,12,8,12.5],"rotation":270,"texture":"#0","cullface":"west"}}},{"from":[2,6,16],"to":[4,7,16.5],"light_emission":15,"faces":{"east":{"uv":[3,9,3.5,10],"texture":"#0","cullface":"south"},"south":{"uv":[2,9,4,10],"texture":"#0","cullface":"south"},"west":{"uv":[2,9,2.5,10],"texture":"#0","cullface":"south"},"up":{"uv":[2,9,4,9.5],"texture":"#0","cullface":"south"}}},{"from":[3,4,16],"to":[4,5,16.5],"light_emission":15,"faces":{"east":{"uv":[3,11,3.5,12],"texture":"#0","cullface":"south"},"south":{"uv":[3,11,4,12],"texture":"#0","cullface":"south"},"west":{"uv":[3,11,3.5,12],"texture":"#0","cullface":"south"},"down":{"uv":[3,11,4,11.5],"rotation":180,"texture":"#0","cullface":"south"}}},{"from":[1,5,16],"to":[2,6,16.5],"light_emission":15,"faces":{"south":{"uv":[1,10,2,11],"texture":"#0","cullface":"south"},"west":{"uv":[1,10,1.5,11],"texture":"#0","cullface":"south"},"up":{"uv":[1,10,2,10.5],"rotation":180,"texture":"#0","cullface":"south"},"down":{"uv":[1,10,2,10.5],"rotation":180,"texture":"#0","cullface":"south"}}},{"from":[4,5,16],"to":[5,6,16.5],"light_emission":15,"faces":{"east":{"uv":[4,10,4.5,11],"texture":"#0","cullface":"south"},"south":{"uv":[4,10,5,11],"texture":"#0","cullface":"south"},"up":{"uv":[4,10,5,10.5],"rotation":180,"texture":"#0","cullface":"south"},"down":{"uv":[4,10,5,10.5],"rotation":180,"texture":"#0","cullface":"south"}}},{"from":[2,5,16],"to":[4,6,16.7],"light_emission":15,"faces":{"east":{"uv":[3,10,3.7,11],"texture":"#0","cullface":"south"},"south":{"uv":[2,10,4,11],"texture":"#0","cullface":"south"},"west":{"uv":[2,10,2.7,11],"texture":"#0","cullface":"south"},"up":{"uv":[2,10,4,10.7],"texture":"#0","cullface":"south"},"down":{"uv":[2,10,4,10.7],"texture":"#0","cullface":"south"}}},{"from":[1,12,16],"to":[4,14,16.5],"light_emission":15,"faces":{"east":{"uv":[3,2,3.5,4],"texture":"#0","cullface":"south"},"south":{"uv":[1,2,4,4],"texture":"#0","cullface":"south"},"west":{"uv":[1,2,1.5,4],"texture":"#0","cullface":"south"},"up":{"uv":[1,2,4,2.5],"texture":"#0","cullface":"south"},"down":{"uv":[1,3,4,3.5],"texture":"#0","cullface":"south"}}},{"from":[7,2,16],"to":[8,3,16.7],"light_emission":15,"faces":{"east":{"uv":[7,13,7.7,14],"texture":"#0","cullface":"south"},"south":{"uv":[7,13,8,14],"texture":"#0","cullface":"south"},"west":{"uv":[7,13,7.7,14],"texture":"#0","cullface":"south"},"up":{"uv":[7,13,8,13.7],"rotation":180,"texture":"#0","cullface":"south"},"down":{"uv":[7,13,8,13.7],"rotation":180,"texture":"#0","cullface":"south"}}},{"from":[8,13,16],"to":[9,14,16.5],"light_emission":15,"faces":{"east":{"uv":[8,2,8.5,3],"texture":"#0","cullface":"south"},"south":{"uv":[8,2,9,3],"texture":"#0","cullface":"south"},"up":{"uv":[8,2,9,2.5],"rotation":180,"texture":"#0","cullface":"south"},"down":{"uv":[8,2,9,2.5],"rotation":180,"texture":"#0","cullface":"south"}}},{"from":[7,12,16],"to":[8,13,16.5],"light_emission":15,"faces":{"east":{"uv":[7,3,7.5,4],"texture":"#0","cullface":"south"},"south":{"uv":[7,3,8,4],"texture":"#0","cullface":"south"},"west":{"uv":[7,3,7.5,4],"texture":"#0","cullface":"south"},"down":{"uv":[7,3,8,3.5],"rotation":180,"texture":"#0","cullface":"south"}}},{"from":[7,13,16],"to":[8,14,16.7],"light_emission":15,"faces":{"east":{"uv":[7,2,7.7,3],"texture":"#0","cullface":"south"},"south":{"uv":[7,2,8,3],"texture":"#0","cullface":"south"},"west":{"uv":[7,2,7.7,3],"texture":"#0","cullface":"south"},"up":{"uv":[7,2,8,2.7],"rotation":180,"texture":"#0","cullface":"south"},"down":{"uv":[7,2,8,2.7],"rotation":180,"texture":"#0","cullface":"south"}}},{"from":[6,13,16],"to":[7,14,16.5],"light_emission":15,"faces":{"south":{"uv":[6,2,7,3],"texture":"#0","cullface":"south"},"west":{"uv":[6,2,6.5,3],"texture":"#0","cullface":"south"},"up":{"uv":[6,2,7,2.5],"rotation":180,"texture":"#0","cullface":"south"},"down":{"uv":[6,2,7,2.5],"rotation":180,"texture":"#0","cullface":"south"}}},{"from":[7,14,16],"to":[8,15,16.5],"light_emission":15,"faces":{"east":{"uv":[7,1,7.5,2],"texture":"#0","cullface":"south"},"south":{"uv":[7,1,8,2],"texture":"#0","cullface":"south"},"west":{"uv":[7,1,7.5,2],"texture":"#0","cullface":"south"},"up":{"uv":[7,1,8,1.5],"rotation":180,"texture":"#0","cullface":"south"}}},{"from":[11,11,16],"to":[13,12,16.5],"light_emission":15,"faces":{"east":{"uv":[12,4,12.5,5],"texture":"#0","cullface":"south"},"south":{"uv":[11,4,13,5],"texture":"#0","cullface":"south"},"west":{"uv":[11,4,11.5,5],"texture":"#0","cullface":"south"},"up":{"uv":[11,4,13,4.5],"texture":"#0","cullface":"south"},"down":{"uv":[11,4,13,4.5],"texture":"#0","cullface":"south"}}},{"from":[4,9,16],"to":[6,10,16.5],"light_emission":15,"faces":{"east":{"uv":[5,6,5.5,7],"texture":"#0","cullface":"south"},"south":{"uv":[4,6,6,7],"texture":"#0","cullface":"south"},"west":{"uv":[4,6,4.5,7],"texture":"#0","cullface":"south"},"up":{"uv":[4,6,6,6.5],"texture":"#0","cullface":"south"},"down":{"uv":[4,6,6,6.5],"texture":"#0","cullface":"south"}}},{"from":[10,9,16],"to":[11,10,16.5],"light_emission":15,"faces":{"east":{"uv":[10,6,10.5,7],"texture":"#0","cullface":"south"},"south":{"uv":[10,6,11,7],"texture":"#0","cullface":"south"},"west":{"uv":[10,6,10.5,7],"texture":"#0","cullface":"south"},"up":{"uv":[10,6,11,6.5],"rotation":180,"texture":"#0","cullface":"south"}}},{"from":[13,6,16],"to":[15,8,16.5],"light_emission":15,"faces":{"east":{"uv":[14,8,14.7,10],"texture":"#0","cullface":"south"},"south":{"uv":[13,8,15,10],"texture":"#0","cullface":"south"},"west":{"uv":[13,8,13.7,10],"texture":"#0","cullface":"south"},"up":{"uv":[13,8,15,8.7],"texture":"#0","cullface":"south"},"down":{"uv":[13,9,15,9.7],"texture":"#0","cullface":"south"}}},{"from":[9,7,16],"to":[12,9,16.7],"light_emission":15,"faces":{"east":{"uv":[11,7,11.5,9],"texture":"#0","cullface":"south"},"south":{"uv":[9,7,12,9],"texture":"#0","cullface":"south"},"west":{"uv":[9,7,9.5,9],"texture":"#0","cullface":"south"},"up":{"uv":[9,7,12,7.5],"texture":"#0","cullface":"south"},"down":{"uv":[9,8,12,8.5],"texture":"#0","cullface":"south"}}},{"from":[6,2,16],"to":[7,3,16.5],"light_emission":15,"faces":{"south":{"uv":[6,13,7,14],"texture":"#0","cullface":"south"},"west":{"uv":[6,13,6.5,14],"texture":"#0","cullface":"south"},"up":{"uv":[6,13,7,13.5],"rotation":180,"texture":"#0","cullface":"south"},"down":{"uv":[6,13,7,13.5],"rotation":180,"texture":"#0","cullface":"south"}}},{"from":[8,2,16],"to":[9,3,16.5],"light_emission":15,"faces":{"east":{"uv":[8,13,8.5,14],"texture":"#0","cullface":"south"},"south":{"uv":[8,13,9,14],"texture":"#0","cullface":"south"},"up":{"uv":[8,13,9,13.5],"rotation":180,"texture":"#0","cullface":"south"},"down":{"uv":[8,13,9,13.5],"rotation":180,"texture":"#0","cullface":"south"}}},{"from":[7,1,16],"to":[8,2,16.5],"light_emission":15,"faces":{"east":{"uv":[7,14,7.5,15],"texture":"#0","cullface":"south"},"south":{"uv":[7,14,8,15],"texture":"#0","cullface":"south"},"west":{"uv":[7,14,7.5,15],"texture":"#0","cullface":"south"},"down":{"uv":[7,14,8,14.5],"rotation":180,"texture":"#0","cullface":"south"}}},{"from":[7,3,16],"to":[8,4,16.5],"light_emission":15,"faces":{"east":{"uv":[7,12,7.5,13],"texture":"#0","cullface":"south"},"south":{"uv":[7,12,8,13],"texture":"#0","cullface":"south"},"west":{"uv":[7,12,7.5,13],"texture":"#0","cullface":"south"},"up":{"uv":[7,12,8,12.5],"rotation":180,"texture":"#0","cullface":"south"}}},{"from":[16,6,12],"to":[16.5,7,14],"light_emission":15,"faces":{"north":{"uv":[3,9,3.5,10],"texture":"#0","cullface":"east"},"east":{"uv":[2,9,4,10],"texture":"#0","cullface":"east"},"south":{"uv":[2,9,2.5,10],"texture":"#0","cullface":"east"},"up":{"uv":[2,9,4,9.5],"rotation":270,"texture":"#0","cullface":"east"}}},{"from":[16,4,12],"to":[16.5,5,13],"light_emission":15,"faces":{"north":{"uv":[3,11,3.5,12],"texture":"#0","cullface":"east"},"east":{"uv":[3,11,4,12],"texture":"#0","cullface":"east"},"south":{"uv":[3,11,3.5,12],"texture":"#0","cullface":"east"},"down":{"uv":[3,11,4,11.5],"rotation":270,"texture":"#0","cullface":"east"}}},{"from":[16,5,14],"to":[16.5,6,15],"light_emission":15,"faces":{"east":{"uv":[1,10,2,11],"texture":"#0","cullface":"east"},"south":{"uv":[1,10,1.5,11],"texture":"#0","cullface":"east"},"up":{"uv":[1,10,2,10.5],"rotation":90,"texture":"#0","cullface":"east"},"down":{"uv":[1,10,2,10.5],"rotation":270,"texture":"#0","cullface":"east"}}},{"from":[16,5,11],"to":[16.5,6,12],"light_emission":15,"faces":{"north":{"uv":[4,10,4.5,11],"texture":"#0","cullface":"east"},"east":{"uv":[4,10,5,11],"texture":"#0","cullface":"east"},"up":{"uv":[4,10,5,10.5],"rotation":90,"texture":"#0","cullface":"east"},"down":{"uv":[4,10,5,10.5],"rotation":270,"texture":"#0","cullface":"east"}}},{"from":[16,5,12],"to":[16.7,6,14],"light_emission":15,"faces":{"north":{"uv":[3,10,3.7,11],"texture":"#0","cullface":"east"},"east":{"uv":[2,10,4,11],"texture":"#0","cullface":"east"},"south":{"uv":[2,10,2.7,11],"texture":"#0","cullface":"east"},"up":{"uv":[2,10,4,10.7],"rotation":270,"texture":"#0","cullface":"east"},"down":{"uv":[2,10,4,10.7],"rotation":90,"texture":"#0","cullface":"east"}}},{"from":[16,12,12],"to":[16.5,14,15],"light_emission":15,"faces":{"north":{"uv":[3,2,3.5,4],"texture":"#0","cullface":"east"},"east":{"uv":[1,2,4,4],"texture":"#0","cullface":"east"},"south":{"uv":[1,2,1.5,4],"texture":"#0","cullface":"east"},"up":{"uv":[1,2,4,2.5],"rotation":270,"texture":"#0","cullface":"east"},"down":{"uv":[1,3,4,3.5],"rotation":90,"texture":"#0","cullface":"east"}}},{"from":[16,2,8],"to":[16.7,3,9],"light_emission":15,"faces":{"north":{"uv":[7,13,7.7,14],"texture":"#0","cullface":"east"},"east":{"uv":[7,13,8,14],"texture":"#0","cullface":"east"},"south":{"uv":[7,13,7.7,14],"texture":"#0","cullface":"east"},"up":{"uv":[7,13,8,13.7],"rotation":90,"texture":"#0","cullface":"east"},"down":{"uv":[7,13,8,13.7],"rotation":270,"texture":"#0","cullface":"east"}}},{"from":[16,13,7],"to":[16.5,14,8],"light_emission":15,"faces":{"north":{"uv":[8,2,8.5,3],"texture":"#0","cullface":"east"},"east":{"uv":[8,2,9,3],"texture":"#0","cullface":"east"},"up":{"uv":[8,2,9,2.5],"rotation":90,"texture":"#0","cullface":"east"},"down":{"uv":[8,2,9,2.5],"rotation":270,"texture":"#0","cullface":"east"}}},{"from":[16,12,8],"to":[16.5,13,9],"light_emission":15,"faces":{"north":{"uv":[7,3,7.5,4],"texture":"#0","cullface":"east"},"east":{"uv":[7,3,8,4],"texture":"#0","cullface":"east"},"south":{"uv":[7,3,7.5,4],"texture":"#0","cullface":"east"},"down":{"uv":[7,3,8,3.5],"rotation":270,"texture":"#0","cullface":"east"}}},{"from":[16,13,8],"to":[16.7,14,9],"light_emission":15,"faces":{"north":{"uv":[7,2,7.7,3],"texture":"#0","cullface":"east"},"east":{"uv":[7,2,8,3],"texture":"#0","cullface":"east"},"south":{"uv":[7,2,7.7,3],"texture":"#0","cullface":"east"},"up":{"uv":[7,2,8,2.7],"rotation":90,"texture":"#0","cullface":"east"},"down":{"uv":[7,2,8,2.7],"rotation":270,"texture":"#0","cullface":"east"}}},{"from":[16,13,9],"to":[16.5,14,10],"light_emission":15,"faces":{"east":{"uv":[6,2,7,3],"texture":"#0","cullface":"east"},"south":{"uv":[6,2,6.5,3],"texture":"#0","cullface":"east"},"up":{"uv":[6,2,7,2.5],"rotation":90,"texture":"#0","cullface":"east"},"down":{"uv":[6,2,7,2.5],"rotation":270,"texture":"#0","cullface":"east"}}},{"from":[16,14,8],"to":[16.5,15,9],"light_emission":15,"faces":{"north":{"uv":[7,1,7.5,2],"texture":"#0","cullface":"east"},"east":{"uv":[7,1,8,2],"texture":"#0","cullface":"east"},"south":{"uv":[7,1,7.5,2],"texture":"#0","cullface":"east"},"up":{"uv":[7,1,8,1.5],"rotation":90,"texture":"#0","cullface":"east"}}},{"from":[16,11,3],"to":[16.5,12,5],"light_emission":15,"faces":{"north":{"uv":[12,4,12.5,5],"texture":"#0","cullface":"east"},"east":{"uv":[11,4,13,5],"texture":"#0","cullface":"east"},"south":{"uv":[11,4,11.5,5],"texture":"#0","cullface":"east"},"up":{"uv":[11,4,13,4.5],"rotation":270,"texture":"#0","cullface":"east"},"down":{"uv":[11,4,13,4.5],"rotation":90,"texture":"#0","cullface":"east"}}},{"from":[16,9,10],"to":[16.5,10,12],"light_emission":15,"faces":{"north":{"uv":[5,6,5.5,7],"texture":"#0","cullface":"east"},"east":{"uv":[4,6,6,7],"texture":"#0","cullface":"east"},"south":{"uv":[4,6,4.5,7],"texture":"#0","cullface":"east"},"up":{"uv":[4,6,6,6.5],"rotation":270,"texture":"#0","cullface":"east"},"down":{"uv":[4,6,6,6.5],"rotation":90,"texture":"#0","cullface":"east"}}},{"from":[16,9,5],"to":[16.5,10,6],"light_emission":15,"faces":{"north":{"uv":[10,6,10.5,7],"texture":"#0","cullface":"east"},"east":{"uv":[10,6,11,7],"texture":"#0","cullface":"east"},"south":{"uv":[10,6,10.5,7],"texture":"#0","cullface":"east"},"up":{"uv":[10,6,11,6.5],"rotation":90,"texture":"#0","cullface":"east"}}},{"from":[16,6,1],"to":[16.5,8,3],"light_emission":15,"faces":{"north":{"uv":[14,8,14.7,10],"texture":"#0","cullface":"east"},"east":{"uv":[13,8,15,10],"texture":"#0","cullface":"east"},"south":{"uv":[13,8,13.7,10],"texture":"#0","cullface":"east"},"up":{"uv":[13,8,15,8.7],"rotation":270,"texture":"#0","cullface":"east"},"down":{"uv":[13,9,15,9.7],"rotation":90,"texture":"#0","cullface":"east"}}},{"from":[16,7,4],"to":[16.7,9,7],"light_emission":15,"faces":{"north":{"uv":[11,7,11.5,9],"texture":"#0","cullface":"east"},"east":{"uv":[9,7,12,9],"texture":"#0","cullface":"east"},"south":{"uv":[9,7,9.5,9],"texture":"#0","cullface":"east"},"up":{"uv":[9,7,12,7.5],"rotation":270,"texture":"#0","cullface":"east"},"down":{"uv":[9,8,12,8.5],"rotation":90,"texture":"#0","cullface":"east"}}},{"from":[16,2,9],"to":[16.5,3,10],"light_emission":15,"faces":{"east":{"uv":[6,13,7,14],"texture":"#0","cullface":"east"},"south":{"uv":[6,13,6.5,14],"texture":"#0","cullface":"east"},"up":{"uv":[6,13,7,13.5],"rotation":90,"texture":"#0","cullface":"east"},"down":{"uv":[6,13,7,13.5],"rotation":270,"texture":"#0","cullface":"east"}}},{"from":[16,2,7],"to":[16.5,3,8],"light_emission":15,"faces":{"north":{"uv":[8,13,8.5,14],"texture":"#0","cullface":"east"},"east":{"uv":[8,13,9,14],"texture":"#0","cullface":"east"},"up":{"uv":[8,13,9,13.5],"rotation":90,"texture":"#0","cullface":"east"},"down":{"uv":[8,13,9,13.5],"rotation":270,"texture":"#0","cullface":"east"}}},{"from":[16,1,8],"to":[16.5,2,9],"light_emission":15,"faces":{"north":{"uv":[7,14,7.5,15],"texture":"#0","cullface":"east"},"east":{"uv":[7,14,8,15],"texture":"#0","cullface":"east"},"south":{"uv":[7,14,7.5,15],"texture":"#0","cullface":"east"},"down":{"uv":[7,14,8,14.5],"rotation":270,"texture":"#0","cullface":"east"}}},{"from":[16,3,8],"to":[16.5,4,9],"light_emission":15,"faces":{"north":{"uv":[7,12,7.5,13],"texture":"#0","cullface":"east"},"east":{"uv":[7,12,8,13],"texture":"#0","cullface":"east"},"south":{"uv":[7,12,7.5,13],"texture":"#0","cullface":"east"},"up":{"uv":[7,12,8,12.5],"rotation":90,"texture":"#0","cullface":"east"}}},{"from":[2,16,9],"to":[4,16.5,10],"light_emission":15,"faces":{"north":{"uv":[2,9,4,9.5],"rotation":180,"texture":"#0","cullface":"up"},"east":{"uv":[3,9,3.5,10],"rotation":90,"texture":"#0","cullface":"up"},"west":{"uv":[2,9,2.5,10],"rotation":270,"texture":"#0","cullface":"up"},"up":{"uv":[2,9,4,10],"texture":"#0","cullface":"up"}}},{"from":[3,16,11],"to":[4,16.5,12],"light_emission":15,"faces":{"east":{"uv":[3,11,3.5,12],"rotation":90,"texture":"#0","cullface":"up"},"south":{"uv":[3,11,4,11.5],"rotation":180,"texture":"#0","cullface":"up"},"west":{"uv":[3,11,3.5,12],"rotation":270,"texture":"#0","cullface":"up"},"up":{"uv":[3,11,4,12],"texture":"#0","cullface":"up"}}},{"from":[1,16,10],"to":[2,16.5,11],"light_emission":15,"faces":{"north":{"uv":[1,10,2,10.5],"texture":"#0","cullface":"up"},"south":{"uv":[1,10,2,10.5],"rotation":180,"texture":"#0","cullface":"up"},"west":{"uv":[1,10,1.5,11],"rotation":270,"texture":"#0","cullface":"up"},"up":{"uv":[1,10,2,11],"texture":"#0","cullface":"up"}}},{"from":[4,16,10],"to":[5,16.5,11],"light_emission":15,"faces":{"north":{"uv":[4,10,5,10.5],"texture":"#0","cullface":"up"},"east":{"uv":[4,10,4.5,11],"rotation":90,"texture":"#0","cullface":"up"},"south":{"uv":[4,10,5,10.5],"rotation":180,"texture":"#0","cullface":"up"},"up":{"uv":[4,10,5,11],"texture":"#0","cullface":"up"}}},{"from":[2,16,10],"to":[4,16.7,11],"light_emission":15,"faces":{"north":{"uv":[2,10,4,10.7],"rotation":180,"texture":"#0","cullface":"up"},"east":{"uv":[3,10,3.7,11],"rotation":90,"texture":"#0","cullface":"up"},"south":{"uv":[2,10,4,10.7],"texture":"#0","cullface":"up"},"west":{"uv":[2,10,2.7,11],"rotation":270,"texture":"#0","cullface":"up"},"up":{"uv":[2,10,4,11],"texture":"#0","cullface":"up"}}},{"from":[1,16,2],"to":[4,16.5,4],"light_emission":15,"faces":{"north":{"uv":[1,2,4,2.5],"rotation":180,"texture":"#0","cullface":"up"},"east":{"uv":[3,2,3.5,4],"rotation":90,"texture":"#0","cullface":"up"},"south":{"uv":[1,3,4,3.5],"texture":"#0","cullface":"up"},"west":{"uv":[1,2,1.5,4],"rotation":270,"texture":"#0","cullface":"up"},"up":{"uv":[1,2,4,4],"texture":"#0","cullface":"up"}}},{"from":[7,16,13],"to":[8,16.7,14],"light_emission":15,"faces":{"north":{"uv":[7,13,8,13.7],"texture":"#0","cullface":"up"},"east":{"uv":[7,13,7.7,14],"rotation":90,"texture":"#0","cullface":"up"},"south":{"uv":[7,13,8,13.7],"rotation":180,"texture":"#0","cullface":"up"},"west":{"uv":[7,13,7.7,14],"rotation":270,"texture":"#0","cullface":"up"},"up":{"uv":[7,13,8,14],"texture":"#0","cullface":"up"}}},{"from":[8,16,2],"to":[9,16.5,3],"light_emission":15,"faces":{"north":{"uv":[8,2,9,2.5],"texture":"#0","cullface":"up"},"east":{"uv":[8,2,8.5,3],"rotation":90,"texture":"#0","cullface":"up"},"south":{"uv":[8,2,9,2.5],"rotation":180,"texture":"#0","cullface":"up"},"up":{"uv":[8,2,9,3],"texture":"#0","cullface":"up"}}},{"from":[7,16,3],"to":[8,16.5,4],"light_emission":15,"faces":{"east":{"uv":[7,3,7.5,4],"rotation":90,"texture":"#0","cullface":"up"},"south":{"uv":[7,3,8,3.5],"rotation":180,"texture":"#0","cullface":"up"},"west":{"uv":[7,3,7.5,4],"rotation":270,"texture":"#0","cullface":"up"},"up":{"uv":[7,3,8,4],"texture":"#0","cullface":"up"}}},{"from":[7,16,2],"to":[8,16.7,3],"light_emission":15,"faces":{"north":{"uv":[7,2,8,2.7],"texture":"#0","cullface":"up"},"east":{"uv":[7,2,7.7,3],"rotation":90,"texture":"#0","cullface":"up"},"south":{"uv":[7,2,8,2.7],"rotation":180,"texture":"#0","cullface":"up"},"west":{"uv":[7,2,7.7,3],"rotation":270,"texture":"#0","cullface":"up"},"up":{"uv":[7,2,8,3],"texture":"#0","cullface":"up"}}},{"from":[6,16,2],"to":[7,16.5,3],"light_emission":15,"faces":{"north":{"uv":[6,2,7,2.5],"texture":"#0","cullface":"up"},"south":{"uv":[6,2,7,2.5],"rotation":180,"texture":"#0","cullface":"up"},"west":{"uv":[6,2,6.5,3],"rotation":270,"texture":"#0","cullface":"up"},"up":{"uv":[6,2,7,3],"texture":"#0","cullface":"up"}}},{"from":[7,16,1],"to":[8,16.5,2],"light_emission":15,"faces":{"north":{"uv":[7,1,8,1.5],"texture":"#0","cullface":"up"},"east":{"uv":[7,1,7.5,2],"rotation":90,"texture":"#0","cullface":"up"},"west":{"uv":[7,1,7.5,2],"rotation":270,"texture":"#0","cullface":"up"},"up":{"uv":[7,1,8,2],"texture":"#0","cullface":"up"}}},{"from":[11,16,4],"to":[13,16.5,5],"light_emission":15,"faces":{"north":{"uv":[11,4,13,4.5],"rotation":180,"texture":"#0","cullface":"up"},"east":{"uv":[12,4,12.5,5],"rotation":90,"texture":"#0","cullface":"up"},"south":{"uv":[11,4,13,4.5],"texture":"#0","cullface":"up"},"west":{"uv":[11,4,11.5,5],"rotation":270,"texture":"#0","cullface":"up"},"up":{"uv":[11,4,13,5],"texture":"#0","cullface":"up"}}},{"from":[4,16,6],"to":[6,16.5,7],"light_emission":15,"faces":{"north":{"uv":[4,6,6,6.5],"rotation":180,"texture":"#0","cullface":"up"},"east":{"uv":[5,6,5.5,7],"rotation":90,"texture":"#0","cullface":"up"},"south":{"uv":[4,6,6,6.5],"texture":"#0","cullface":"up"},"west":{"uv":[4,6,4.5,7],"rotation":270,"texture":"#0","cullface":"up"},"up":{"uv":[4,6,6,7],"texture":"#0","cullface":"up"}}},{"from":[10,16,6],"to":[11,16.5,7],"light_emission":15,"faces":{"north":{"uv":[10,6,11,6.5],"texture":"#0","cullface":"up"},"east":{"uv":[10,6,10.5,7],"rotation":90,"texture":"#0","cullface":"up"},"west":{"uv":[10,6,10.5,7],"rotation":270,"texture":"#0","cullface":"up"},"up":{"uv":[10,6,11,7],"texture":"#0","cullface":"up"}}},{"from":[13,16,8],"to":[15,16.5,10],"light_emission":15,"faces":{"north":{"uv":[13,8,15,8.7],"rotation":180,"texture":"#0","cullface":"up"},"east":{"uv":[14,8,14.7,10],"rotation":90,"texture":"#0","cullface":"up"},"south":{"uv":[13,9,15,9.7],"texture":"#0","cullface":"up"},"west":{"uv":[13,8,13.7,10],"rotation":270,"texture":"#0","cullface":"up"},"up":{"uv":[13,8,15,10],"texture":"#0","cullface":"up"}}},{"from":[9,16,7],"to":[12,16.7,9],"light_emission":15,"faces":{"north":{"uv":[9,7,12,7.5],"rotation":180,"texture":"#0","cullface":"up"},"east":{"uv":[11,7,11.5,9],"rotation":90,"texture":"#0","cullface":"up"},"south":{"uv":[9,8,12,8.5],"texture":"#0","cullface":"up"},"west":{"uv":[9,7,9.5,9],"rotation":270,"texture":"#0","cullface":"up"},"up":{"uv":[9,7,12,9],"texture":"#0","cullface":"up"}}},{"from":[6,16,13],"to":[7,16.5,14],"light_emission":15,"faces":{"north":{"uv":[6,13,7,13.5],"texture":"#0","cullface":"up"},"south":{"uv":[6,13,7,13.5],"rotation":180,"texture":"#0","cullface":"up"},"west":{"uv":[6,13,6.5,14],"rotation":270,"texture":"#0","cullface":"up"},"up":{"uv":[6,13,7,14],"texture":"#0","cullface":"up"}}},{"from":[8,16,13],"to":[9,16.5,14],"light_emission":15,"faces":{"north":{"uv":[8,13,9,13.5],"texture":"#0","cullface":"up"},"east":{"uv":[8,13,8.5,14],"rotation":90,"texture":"#0","cullface":"up"},"south":{"uv":[8,13,9,13.5],"rotation":180,"texture":"#0","cullface":"up"},"up":{"uv":[8,13,9,14],"texture":"#0","cullface":"up"}}},{"from":[7,16,14],"to":[8,16.5,15],"light_emission":15,"faces":{"east":{"uv":[7,14,7.5,15],"rotation":90,"texture":"#0","cullface":"up"},"south":{"uv":[7,14,8,14.5],"rotation":180,"texture":"#0","cullface":"up"},"west":{"uv":[7,14,7.5,15],"rotation":270,"texture":"#0","cullface":"up"},"up":{"uv":[7,14,8,15],"texture":"#0","cullface":"up"}}},{"from":[7,16,12],"to":[8,16.5,13],"light_emission":15,"faces":{"north":{"uv":[7,12,8,12.5],"texture":"#0","cullface":"up"},"east":{"uv":[7,12,7.5,13],"rotation":90,"texture":"#0","cullface":"up"},"west":{"uv":[7,12,7.5,13],"rotation":270,"texture":"#0","cullface":"up"},"up":{"uv":[7,12,8,13],"texture":"#0","cullface":"up"}}},{"from":[2,-0.5,6],"to":[4,0,7],"light_emission":15,"faces":{"east":{"uv":[3,9,3.5,10],"rotation":270,"texture":"#0","cullface":"down"},"south":{"uv":[2,9,4,9.5],"texture":"#0","cullface":"down"},"west":{"uv":[2,9,2.5,10],"rotation":90,"texture":"#0","cullface":"down"},"down":{"uv":[2,9,4,10],"texture":"#0","cullface":"down"}}},{"from":[3,-0.5,4],"to":[4,0,5],"light_emission":15,"faces":{"north":{"uv":[3,11,4,11.5],"texture":"#0","cullface":"down"},"east":{"uv":[3,11,3.5,12],"rotation":270,"texture":"#0","cullface":"down"},"west":{"uv":[3,11,3.5,12],"rotation":90,"texture":"#0","cullface":"down"},"down":{"uv":[3,11,4,12],"texture":"#0","cullface":"down"}}},{"from":[1,-0.5,5],"to":[2,0,6],"light_emission":15,"faces":{"north":{"uv":[1,10,2,10.5],"texture":"#0","cullface":"down"},"south":{"uv":[1,10,2,10.5],"rotation":180,"texture":"#0","cullface":"down"},"west":{"uv":[1,10,1.5,11],"rotation":90,"texture":"#0","cullface":"down"},"down":{"uv":[1,10,2,11],"texture":"#0","cullface":"down"}}},{"from":[4,-0.5,5],"to":[5,0,6],"light_emission":15,"faces":{"north":{"uv":[4,10,5,10.5],"texture":"#0","cullface":"down"},"east":{"uv":[4,10,4.5,11],"rotation":270,"texture":"#0","cullface":"down"},"south":{"uv":[4,10,5,10.5],"rotation":180,"texture":"#0","cullface":"down"},"down":{"uv":[4,10,5,11],"texture":"#0","cullface":"down"}}},{"from":[2,-0.7,5],"to":[4,0,6],"light_emission":15,"faces":{"north":{"uv":[2,10,4,10.7],"rotation":180,"texture":"#0","cullface":"down"},"east":{"uv":[3,10,3.7,11],"rotation":270,"texture":"#0","cullface":"down"},"south":{"uv":[2,10,4,10.7],"texture":"#0","cullface":"down"},"west":{"uv":[2,10,2.7,11],"rotation":90,"texture":"#0","cullface":"down"},"down":{"uv":[2,10,4,11],"texture":"#0","cullface":"down"}}},{"from":[1,-0.5,12],"to":[4,0,14],"light_emission":15,"faces":{"north":{"uv":[1,3,4,3.5],"rotation":180,"texture":"#0","cullface":"down"},"east":{"uv":[3,2,3.5,4],"rotation":270,"texture":"#0","cullface":"down"},"south":{"uv":[1,2,4,2.5],"texture":"#0","cullface":"down"},"west":{"uv":[1,2,1.5,4],"rotation":90,"texture":"#0","cullface":"down"},"down":{"uv":[1,2,4,4],"texture":"#0","cullface":"down"}}},{"from":[7,-0.7,2],"to":[8,0,3],"light_emission":15,"faces":{"north":{"uv":[7,13,8,13.7],"texture":"#0","cullface":"down"},"east":{"uv":[7,13,7.7,14],"rotation":270,"texture":"#0","cullface":"down"},"south":{"uv":[7,13,8,13.7],"rotation":180,"texture":"#0","cullface":"down"},"west":{"uv":[7,13,7.7,14],"rotation":90,"texture":"#0","cullface":"down"},"down":{"uv":[7,13,8,14],"texture":"#0","cullface":"down"}}},{"from":[8,-0.5,13],"to":[9,0,14],"light_emission":15,"faces":{"north":{"uv":[8,2,9,2.5],"texture":"#0","cullface":"down"},"east":{"uv":[8,2,8.5,3],"rotation":270,"texture":"#0","cullface":"down"},"south":{"uv":[8,2,9,2.5],"rotation":180,"texture":"#0","cullface":"down"},"down":{"uv":[8,2,9,3],"texture":"#0","cullface":"down"}}},{"from":[7,-0.5,12],"to":[8,0,13],"light_emission":15,"faces":{"north":{"uv":[7,3,8,3.5],"texture":"#0","cullface":"down"},"east":{"uv":[7,3,7.5,4],"rotation":270,"texture":"#0","cullface":"down"},"west":{"uv":[7,3,7.5,4],"rotation":90,"texture":"#0","cullface":"down"},"down":{"uv":[7,3,8,4],"texture":"#0","cullface":"down"}}},{"from":[7,-0.7,13],"to":[8,0,14],"light_emission":15,"faces":{"north":{"uv":[7,2,8,2.7],"texture":"#0","cullface":"down"},"east":{"uv":[7,2,7.7,3],"rotation":270,"texture":"#0","cullface":"down"},"south":{"uv":[7,2,8,2.7],"rotation":180,"texture":"#0","cullface":"down"},"west":{"uv":[7,2,7.7,3],"rotation":90,"texture":"#0","cullface":"down"},"down":{"uv":[7,2,8,3],"texture":"#0","cullface":"down"}}},{"from":[6,-0.5,13],"to":[7,0,14],"light_emission":15,"faces":{"north":{"uv":[6,2,7,2.5],"texture":"#0","cullface":"down"},"south":{"uv":[6,2,7,2.5],"rotation":180,"texture":"#0","cullface":"down"},"west":{"uv":[6,2,6.5,3],"rotation":90,"texture":"#0","cullface":"down"},"down":{"uv":[6,2,7,3],"texture":"#0","cullface":"down"}}},{"from":[7,-0.5,14],"to":[8,0,15],"light_emission":15,"faces":{"east":{"uv":[7,1,7.5,2],"rotation":270,"texture":"#0","cullface":"down"},"south":{"uv":[7,1,8,1.5],"rotation":180,"texture":"#0","cullface":"down"},"west":{"uv":[7,1,7.5,2],"rotation":90,"texture":"#0","cullface":"down"},"down":{"uv":[7,1,8,2],"texture":"#0","cullface":"down"}}},{"from":[11,-0.5,11],"to":[13,0,12],"light_emission":15,"faces":{"north":{"uv":[11,4,13,4.5],"rotation":180,"texture":"#0","cullface":"down"},"east":{"uv":[12,4,12.5,5],"rotation":270,"texture":"#0","cullface":"down"},"south":{"uv":[11,4,13,4.5],"texture":"#0","cullface":"down"},"west":{"uv":[11,4,11.5,5],"rotation":90,"texture":"#0","cullface":"down"},"down":{"uv":[11,4,13,5],"texture":"#0","cullface":"down"}}},{"from":[4,-0.5,9],"to":[6,0,10],"light_emission":15,"faces":{"north":{"uv":[4,6,6,6.5],"rotation":180,"texture":"#0","cullface":"down"},"east":{"uv":[5,6,5.5,7],"rotation":270,"texture":"#0","cullface":"down"},"south":{"uv":[4,6,6,6.5],"texture":"#0","cullface":"down"},"west":{"uv":[4,6,4.5,7],"rotation":90,"texture":"#0","cullface":"down"},"down":{"uv":[4,6,6,7],"texture":"#0","cullface":"down"}}},{"from":[10,-0.5,9],"to":[11,0,10],"light_emission":15,"faces":{"east":{"uv":[10,6,10.5,7],"rotation":270,"texture":"#0","cullface":"down"},"south":{"uv":[10,6,11,6.5],"rotation":180,"texture":"#0","cullface":"down"},"west":{"uv":[10,6,10.5,7],"rotation":90,"texture":"#0","cullface":"down"},"down":{"uv":[10,6,11,7],"texture":"#0","cullface":"down"}}},{"from":[13,-0.5,6],"to":[15,0,8],"light_emission":15,"faces":{"north":{"uv":[13,9,15,9.7],"rotation":180,"texture":"#0","cullface":"down"},"east":{"uv":[14,8,14.7,10],"rotation":270,"texture":"#0","cullface":"down"},"south":{"uv":[13,8,15,8.7],"texture":"#0","cullface":"down"},"west":{"uv":[13,8,13.7,10],"rotation":90,"texture":"#0","cullface":"down"},"down":{"uv":[13,8,15,10],"texture":"#0","cullface":"down"}}},{"from":[9,-0.7,7],"to":[12,0,9],"light_emission":15,"faces":{"north":{"uv":[9,8,12,8.5],"rotation":180,"texture":"#0","cullface":"down"},"east":{"uv":[11,7,11.5,9],"rotation":270,"texture":"#0","cullface":"down"},"south":{"uv":[9,7,12,7.5],"texture":"#0","cullface":"down"},"west":{"uv":[9,7,9.5,9],"rotation":90,"texture":"#0","cullface":"down"},"down":{"uv":[9,7,12,9],"texture":"#0","cullface":"down"}}},{"from":[6,-0.5,2],"to":[7,0,3],"light_emission":15,"faces":{"north":{"uv":[6,13,7,13.5],"texture":"#0","cullface":"down"},"south":{"uv":[6,13,7,13.5],"rotation":180,"texture":"#0","cullface":"down"},"west":{"uv":[6,13,6.5,14],"rotation":90,"texture":"#0","cullface":"down"},"down":{"uv":[6,13,7,14],"texture":"#0","cullface":"down"}}},{"from":[8,-0.5,2],"to":[9,0,3],"light_emission":15,"faces":{"north":{"uv":[8,13,9,13.5],"texture":"#0","cullface":"down"},"east":{"uv":[8,13,8.5,14],"rotation":270,"texture":"#0","cullface":"down"},"south":{"uv":[8,13,9,13.5],"rotation":180,"texture":"#0","cullface":"down"},"down":{"uv":[8,13,9,14],"texture":"#0","cullface":"down"}}},{"from":[7,-0.5,1],"to":[8,0,2],"light_emission":15,"faces":{"north":{"uv":[7,14,8,14.5],"texture":"#0","cullface":"down"},"east":{"uv":[7,14,7.5,15],"rotation":270,"texture":"#0","cullface":"down"},"west":{"uv":[7,14,7.5,15],"rotation":90,"texture":"#0","cullface":"down"},"down":{"uv":[7,14,8,15],"texture":"#0","cullface":"down"}}},{"from":[7,-0.5,3],"to":[8,0,4],"light_emission":15,"faces":{"east":{"uv":[7,12,7.5,13],"rotation":270,"texture":"#0","cullface":"down"},"south":{"uv":[7,12,8,12.5],"rotation":180,"texture":"#0","cullface":"down"},"west":{"uv":[7,12,7.5,13],"rotation":90,"texture":"#0","cullface":"down"},"down":{"uv":[7,12,8,13],"texture":"#0","cullface":"down"}}},{"from":[11,5,-0.5],"to":[12,6,0],"light_emission":15,"faces":{"north":{"uv":[4,10,5,11],"texture":"#0","cullface":"north"},"west":{"uv":[4,10,4.5,11],"texture":"#0","cullface":"north"},"up":{"uv":[4,10,5,10.5],"texture":"#0","cullface":"north"},"down":{"uv":[4,10,5,10.5],"texture":"#0","cullface":"north"}}},{"from":[14,5,-0.5],"to":[15,6,0],"light_emission":15,"faces":{"north":{"uv":[1,10,2,11],"texture":"#0","cullface":"north"},"east":{"uv":[1,10,1.5,11],"texture":"#0","cullface":"north"},"up":{"uv":[1,10,2,10.5],"texture":"#0","cullface":"north"},"down":{"uv":[1,10,2,10.5],"texture":"#0","cullface":"north"}}},{"from":[12,4,-0.5],"to":[13,5,0],"light_emission":15,"faces":{"north":{"uv":[3,11,4,12],"texture":"#0","cullface":"north"},"east":{"uv":[3,11,3.5,12],"texture":"#0","cullface":"north"},"west":{"uv":[3,11,3.5,12],"texture":"#0","cullface":"north"},"down":{"uv":[3,11,4,11.5],"texture":"#0","cullface":"north"}}},{"from":[7,13,-0.5],"to":[8,14,0],"light_emission":15,"faces":{"north":{"uv":[8,2,9,3],"texture":"#0","cullface":"north"},"west":{"uv":[8,2,8.5,3],"texture":"#0","cullface":"north"},"up":{"uv":[8,2,9,2.5],"texture":"#0","cullface":"north"},"down":{"uv":[8,2,9,2.5],"texture":"#0","cullface":"north"}}},{"from":[8,12,-0.5],"to":[9,13,0],"light_emission":15,"faces":{"north":{"uv":[7,3,8,4],"texture":"#0","cullface":"north"},"east":{"uv":[7,3,7.5,4],"texture":"#0","cullface":"north"},"west":{"uv":[7,3,7.5,4],"texture":"#0","cullface":"north"},"down":{"uv":[7,3,8,3.5],"texture":"#0","cullface":"north"}}},{"from":[8,13,-0.7],"to":[9,14,0],"light_emission":15,"faces":{"north":{"uv":[7,2,8,3],"texture":"#0","cullface":"north"},"east":{"uv":[7,2,7.7,3],"texture":"#0","cullface":"north"},"west":{"uv":[7,2,7.7,3],"texture":"#0","cullface":"north"},"up":{"uv":[7,2,8,2.7],"texture":"#0","cullface":"north"},"down":{"uv":[7,2,8,2.7],"texture":"#0","cullface":"north"}}},{"from":[9,13,-0.5],"to":[10,14,0],"light_emission":15,"faces":{"north":{"uv":[6,2,7,3],"texture":"#0","cullface":"north"},"east":{"uv":[6,2,6.5,3],"texture":"#0","cullface":"north"},"up":{"uv":[6,2,7,2.5],"texture":"#0","cullface":"north"},"down":{"uv":[6,2,7,2.5],"texture":"#0","cullface":"north"}}},{"from":[8,14,-0.5],"to":[9,15,0],"light_emission":15,"faces":{"north":{"uv":[7,1,8,2],"texture":"#0","cullface":"north"},"east":{"uv":[7,1,7.5,2],"texture":"#0","cullface":"north"},"west":{"uv":[7,1,7.5,2],"texture":"#0","cullface":"north"},"up":{"uv":[7,1,8,1.5],"texture":"#0","cullface":"north"}}},{"from":[8,1,-0.5],"to":[9,2,0],"light_emission":15,"faces":{"north":{"uv":[7,14,8,15],"texture":"#0","cullface":"north"},"east":{"uv":[7,14,7.5,15],"texture":"#0","cullface":"north"},"west":{"uv":[7,14,7.5,15],"texture":"#0","cullface":"north"},"down":{"uv":[7,14,8,14.5],"texture":"#0","cullface":"north"}}},{"from":[7,2,-0.5],"to":[8,3,0],"light_emission":15,"faces":{"north":{"uv":[8,13,9,14],"texture":"#0","cullface":"north"},"west":{"uv":[8,13,8.5,14],"texture":"#0","cullface":"north"},"up":{"uv":[8,13,9,13.5],"texture":"#0","cullface":"north"},"down":{"uv":[8,13,9,13.5],"texture":"#0","cullface":"north"}}},{"from":[9,2,-0.5],"to":[10,3,0],"light_emission":15,"faces":{"north":{"uv":[6,13,7,14],"texture":"#0","cullface":"north"},"east":{"uv":[6,13,6.5,14],"texture":"#0","cullface":"north"},"up":{"uv":[6,13,7,13.5],"texture":"#0","cullface":"north"},"down":{"uv":[6,13,7,13.5],"texture":"#0","cullface":"north"}}},{"from":[4,7,-0.7],"to":[7,9,0],"light_emission":15,"faces":{"north":{"uv":[9,7,12,9],"texture":"#0","cullface":"north"},"east":{"uv":[9,7,9.5,9],"texture":"#0","cullface":"north"},"west":{"uv":[11,7,11.5,9],"texture":"#0","cullface":"north"},"up":{"uv":[9,7,12,7.5],"rotation":180,"texture":"#0","cullface":"north"},"down":{"uv":[9,8,12,8.5],"rotation":180,"texture":"#0","cullface":"north"}}},{"from":[12,12,-0.5],"to":[15,14,0],"light_emission":15,"faces":{"north":{"uv":[1,2,4,4],"texture":"#0","cullface":"north"},"east":{"uv":[1,2,1.5,4],"texture":"#0","cullface":"north"},"west":{"uv":[3,2,3.5,4],"texture":"#0","cullface":"north"},"up":{"uv":[1,2,4,2.5],"rotation":180,"texture":"#0","cullface":"north"},"down":{"uv":[1,3,4,3.5],"rotation":180,"texture":"#0","cullface":"north"}}},{"from":[8,2,-0.7],"to":[9,3,0],"light_emission":15,"faces":{"north":{"uv":[7,13,8,14],"texture":"#0","cullface":"north"},"east":{"uv":[7,13,7.7,14],"texture":"#0","cullface":"north"},"west":{"uv":[7,13,7.7,14],"texture":"#0","cullface":"north"},"up":{"uv":[7,13,8,13.7],"texture":"#0","cullface":"north"},"down":{"uv":[7,13,8,13.7],"texture":"#0","cullface":"north"}}},{"from":[1,6,-0.5],"to":[3,8,0],"light_emission":15,"faces":{"north":{"uv":[13,8,15,10],"texture":"#0","cullface":"north"},"east":{"uv":[13,8,13.7,10],"texture":"#0","cullface":"north"},"west":{"uv":[14,8,14.7,10],"texture":"#0","cullface":"north"},"up":{"uv":[13,8,15,8.7],"rotation":180,"texture":"#0","cullface":"north"},"down":{"uv":[13,9,15,9.7],"rotation":180,"texture":"#0","cullface":"north"}}},{"from":[12,5,-0.7],"to":[14,6,0],"light_emission":15,"faces":{"north":{"uv":[2,10,4,11],"texture":"#0","cullface":"north"},"east":{"uv":[2,10,2.7,11],"texture":"#0","cullface":"north"},"west":{"uv":[3,10,3.7,11],"texture":"#0","cullface":"north"},"up":{"uv":[2,10,4,10.7],"rotation":180,"texture":"#0","cullface":"north"},"down":{"uv":[2,10,4,10.7],"rotation":180,"texture":"#0","cullface":"north"}}},{"from":[5,9,-0.5],"to":[6,10,0],"light_emission":15,"faces":{"north":{"uv":[10,6,11,7],"texture":"#0","cullface":"north"},"east":{"uv":[10,6,10.5,7],"texture":"#0","cullface":"north"},"west":{"uv":[10,6,10.5,7],"texture":"#0","cullface":"north"},"up":{"uv":[10,6,11,6.5],"texture":"#0","cullface":"north"}}},{"from":[10,9,-0.5],"to":[12,10,0],"light_emission":15,"faces":{"north":{"uv":[4,6,6,7],"texture":"#0","cullface":"north"},"east":{"uv":[4,6,4.5,7],"texture":"#0","cullface":"north"},"west":{"uv":[5,6,5.5,7],"texture":"#0","cullface":"north"},"up":{"uv":[4,6,6,6.5],"rotation":180,"texture":"#0","cullface":"north"},"down":{"uv":[4,6,6,6.5],"rotation":180,"texture":"#0","cullface":"north"}}},{"from":[12,6,-0.5],"to":[14,7,0],"light_emission":15,"faces":{"north":{"uv":[2,9,4,10],"texture":"#0","cullface":"north"},"east":{"uv":[2,9,2.5,10],"texture":"#0","cullface":"north"},"west":{"uv":[3,9,3.5,10],"texture":"#0","cullface":"north"},"up":{"uv":[2,9,4,9.5],"rotation":180,"texture":"#0","cullface":"north"}}},{"from":[3,11,-0.5],"to":[5,12,0],"light_emission":15,"faces":{"north":{"uv":[11,4,13,5],"texture":"#0","cullface":"north"},"east":{"uv":[11,4,11.5,5],"texture":"#0","cullface":"north"},"west":{"uv":[12,4,12.5,5],"texture":"#0","cullface":"north"},"up":{"uv":[11,4,13,4.5],"rotation":180,"texture":"#0","cullface":"north"},"down":{"uv":[11,4,13,4.5],"rotation":180,"texture":"#0","cullface":"north"}}}]}