{"credit":"Created by Marceus","format_version":"1.21.6","parent":"block/cube_all","textures":{"0":"block/deepslate_copper_ore4","particle":"block/deepslate_copper_ore4"},"elements":[{"from":[0,0,0],"to":[16,16,16],"faces":{"north":{"uv":[0,0,16,16],"texture":"#0","cullface":"north"},"east":{"uv":[0,0,16,16],"texture":"#0","cullface":"east"},"south":{"uv":[0,0,16,16],"texture":"#0","cullface":"south"},"west":{"uv":[0,0,16,16],"texture":"#0","cullface":"west"},"up":{"uv":[0,0,16,16],"texture":"#0","cullface":"up"},"down":{"uv":[0,0,16,16],"texture":"#0","cullface":"down"}}},{"from":[13,2,-0.5],"to":[15,3,0],"light_emission":15,"faces":{"north":{"uv":[1,13,3,14],"texture":"#0","cullface":"north"},"east":{"uv":[1,13,1.5,14],"texture":"#0","cullface":"north"},"west":{"uv":[2,13,2.5,14],"texture":"#0","cullface":"north"},"up":{"uv":[1,13,3,13.5],"rotation":180,"texture":"#0","cullface":"north"},"down":{"uv":[1,13,3,13.5],"rotation":180,"texture":"#0","cullface":"north"}}},{"from":[-0.5,7,12],"to":[0,8,13],"light_emission":15,"faces":{"north":{"uv":[12,8,12.5,9],"texture":"#0","cullface":"west"},"south":{"uv":[12,8,12.5,9],"texture":"#0","cullface":"west"},"west":{"uv":[12,8,13,9],"texture":"#0","cullface":"west"},"down":{"uv":[12,8,13,8.5],"rotation":90,"texture":"#0","cullface":"west"}}},{"from":[-0.5,8,13],"to":[0,9,14],"light_emission":15,"faces":{"south":{"uv":[13,7,13.5,8],"texture":"#0","cullface":"west"},"west":{"uv":[13,7,14,8],"texture":"#0","cullface":"west"},"down":{"uv":[13,7,14,7.5],"rotation":90,"texture":"#0","cullface":"west"}}},{"from":[-0.5,9,14],"to":[0,10,15],"light_emission":15,"faces":{"south":{"uv":[14,6,14.5,7],"texture":"#0","cullface":"west"},"west":{"uv":[14,6,15,7],"texture":"#0","cullface":"west"},"up":{"uv":[14,6,15,6.5],"rotation":270,"texture":"#0","cullface":"west"},"down":{"uv":[14,6,15,6.5],"rotation":90,"texture":"#0","cullface":"west"}}},{"from":[-0.5,10,10],"to":[0,11,11],"light_emission":15,"faces":{"north":{"uv":[10,5,10.5,6],"texture":"#0","cullface":"west"},"south":{"uv":[10,5,10.5,6],"texture":"#0","cullface":"west"},"west":{"uv":[10,5,11,6],"texture":"#0","cullface":"west"},"up":{"uv":[10,5,11,5.5],"rotation":270,"texture":"#0","cullface":"west"}}},{"from":[-0.5,9,8],"to":[0,10,9],"light_emission":15,"faces":{"north":{"uv":[8,6,8.5,7],"texture":"#0","cullface":"west"},"west":{"uv":[8,6,9,7],"texture":"#0","cullface":"west"},"up":{"uv":[8,6,9,6.5],"rotation":270,"texture":"#0","cullface":"west"}}},{"from":[-0.5,8,5],"to":[0,9,6],"light_emission":15,"faces":{"north":{"uv":[5,7,5.5,8],"texture":"#0","cullface":"west"},"west":{"uv":[5,7,6,8],"texture":"#0","cullface":"west"},"up":{"uv":[5,7,6,7.5],"rotation":270,"texture":"#0","cullface":"west"}}},{"from":[-0.5,7,3],"to":[0,8,5],"light_emission":15,"faces":{"north":{"uv":[3,8,3.5,9],"texture":"#0","cullface":"west"},"west":{"uv":[3,8,5,9],"texture":"#0","cullface":"west"},"up":{"uv":[3,8,5,8.5],"rotation":90,"texture":"#0","cullface":"west"},"down":{"uv":[3,8,5,8.5],"rotation":270,"texture":"#0","cullface":"west"}}},{"from":[-0.7,7,5],"to":[0,8,6],"light_emission":15,"faces":{"north":{"uv":[5,8,5.5,9],"texture":"#0","cullface":"west"},"west":{"uv":[5,8,6,9],"texture":"#0","cullface":"west"},"up":{"uv":[5,8,6,8.5],"rotation":270,"texture":"#0","cullface":"west"},"down":{"uv":[5,8,6,8.5],"rotation":90,"texture":"#0","cullface":"west"}}},{"from":[-0.7,9,13],"to":[0,10,14],"light_emission":15,"faces":{"south":{"uv":[13,6,13.5,7],"texture":"#0","cullface":"west"},"west":{"uv":[13,6,14,7],"texture":"#0","cullface":"west"},"up":{"uv":[13,6,14,6.5],"rotation":270,"texture":"#0","cullface":"west"},"down":{"uv":[13,6,14,6.5],"rotation":90,"texture":"#0","cullface":"west"}}},{"from":[-0.7,8,12],"to":[0,10,13],"light_emission":15,"faces":{"south":{"uv":[12,6,12.5,8],"texture":"#0","cullface":"west"},"west":{"uv":[12,6,13,8],"texture":"#0","cullface":"west"},"up":{"uv":[12,6,13,6.5],"rotation":270,"texture":"#0","cullface":"west"},"down":{"uv":[12,7,13,7.5],"rotation":90,"texture":"#0","cullface":"west"}}},{"from":[-0.7,8,9],"to":[0,10,12],"light_emission":15,"faces":{"north":{"uv":[9,6,9.5,8],"texture":"#0","cullface":"west"},"west":{"uv":[9,6,12,8],"texture":"#0","cullface":"west"},"up":{"uv":[9,6,12,6.5],"rotation":90,"texture":"#0","cullface":"west"},"down":{"uv":[9,7,12,7.5],"rotation":270,"texture":"#0","cullface":"west"}}},{"from":[-0.7,7,6],"to":[0,9,9],"light_emission":15,"faces":{"north":{"uv":[6,7,6.5,9],"texture":"#0","cullface":"west"},"south":{"uv":[8,7,8.5,9],"texture":"#0","cullface":"west"},"west":{"uv":[6,7,9,9],"texture":"#0","cullface":"west"},"up":{"uv":[6,7,9,7.5],"rotation":90,"texture":"#0","cullface":"west"},"down":{"uv":[6,8,9,8.5],"rotation":270,"texture":"#0","cullface":"west"}}},{"from":[-0.5,13,7],"to":[0,14,9],"light_emission":15,"faces":{"south":{"uv":[8,2,8.5,3],"texture":"#0","cullface":"west"},"west":{"uv":[7,2,9,3],"texture":"#0","cullface":"west"},"up":{"uv":[7,2,9,2.5],"rotation":90,"texture":"#0","cullface":"west"},"down":{"uv":[7,2,9,2.5],"rotation":270,"texture":"#0","cullface":"west"}}},{"from":[-0.7,12,4],"to":[0,14,7],"light_emission":15,"faces":{"north":{"uv":[4,2,4.5,4],"texture":"#0","cullface":"west"},"south":{"uv":[6,2,6.5,4],"texture":"#0","cullface":"west"},"west":{"uv":[4,2,7,4],"texture":"#0","cullface":"west"},"up":{"uv":[4,2,7,2.5],"rotation":90,"texture":"#0","cullface":"west"},"down":{"uv":[4,3,7,3.5],"rotation":270,"texture":"#0","cullface":"west"}}},{"from":[-0.5,3,5],"to":[0,4,7],"light_emission":15,"faces":{"north":{"uv":[5,12,5.5,13],"texture":"#0","cullface":"west"},"west":{"uv":[5,12,7,13],"texture":"#0","cullface":"west"},"up":{"uv":[5,12,7,12.5],"rotation":90,"texture":"#0","cullface":"west"},"down":{"uv":[5,12,7,12.5],"rotation":270,"texture":"#0","cullface":"west"}}},{"from":[-0.5,11,4],"to":[0,12,5],"light_emission":15,"faces":{"north":{"uv":[4,4,4.5,5],"texture":"#0","cullface":"west"},"south":{"uv":[4,4,4.5,5],"texture":"#0","cullface":"west"},"west":{"uv":[4,4,5,5],"texture":"#0","cullface":"west"},"down":{"uv":[4,4,5,4.5],"rotation":90,"texture":"#0","cullface":"west"}}},{"from":[-0.5,3,10],"to":[0,4,13],"light_emission":15,"faces":{"south":{"uv":[12,12,12.7,13],"texture":"#0","cullface":"west"},"west":{"uv":[10,12,13,13],"texture":"#0","cullface":"west"},"up":{"uv":[10,12,13,12.7],"rotation":90,"texture":"#0","cullface":"west"},"down":{"uv":[10,12,13,12.7],"rotation":270,"texture":"#0","cullface":"west"}}},{"from":[-0.5,4,7],"to":[0,5,8],"light_emission":15,"faces":{"north":{"uv":[7,11,7.5,12],"texture":"#0","cullface":"west"},"south":{"uv":[7,11,7.5,12],"texture":"#0","cullface":"west"},"west":{"uv":[7,11,8,12],"texture":"#0","cullface":"west"},"up":{"uv":[7,11,8,11.5],"rotation":270,"texture":"#0","cullface":"west"}}},{"from":[-0.5,12,2],"to":[0,13,4],"light_emission":15,"faces":{"north":{"uv":[2,3,2.5,4],"texture":"#0","cullface":"west"},"west":{"uv":[2,3,4,4],"texture":"#0","cullface":"west"},"up":{"uv":[2,3,4,3.5],"rotation":90,"texture":"#0","cullface":"west"},"down":{"uv":[2,3,4,3.5],"rotation":270,"texture":"#0","cullface":"west"}}},{"from":[-0.7,3,7],"to":[0,4,10],"light_emission":15,"faces":{"north":{"uv":[7,12,7.7,13],"texture":"#0","cullface":"west"},"south":{"uv":[9,12,9.7,13],"texture":"#0","cullface":"west"},"west":{"uv":[7,12,10,13],"texture":"#0","cullface":"west"},"up":{"uv":[7,12,10,12.7],"rotation":90,"texture":"#0","cullface":"west"},"down":{"uv":[7,12,10,12.7],"rotation":270,"texture":"#0","cullface":"west"}}},{"from":[-0.5,2,7],"to":[0,3,10],"light_emission":15,"faces":{"north":{"uv":[7,13,7.7,14],"texture":"#0","cullface":"west"},"south":{"uv":[9,13,9.7,14],"texture":"#0","cullface":"west"},"west":{"uv":[7,13,10,14],"texture":"#0","cullface":"west"},"down":{"uv":[7,13,10,13.7],"rotation":270,"texture":"#0","cullface":"west"}}},{"from":[-0.5,13,13],"to":[0,14,14],"light_emission":15,"faces":{"north":{"uv":[13,2,13.5,3],"texture":"#0","cullface":"west"},"south":{"uv":[13,2,13.5,3],"texture":"#0","cullface":"west"},"west":{"uv":[13,2,14,3],"texture":"#0","cullface":"west"},"up":{"uv":[13,2,14,2.5],"rotation":270,"texture":"#0","cullface":"west"},"down":{"uv":[13,2,14,2.5],"rotation":90,"texture":"#0","cullface":"west"}}},{"from":[-0.5,2,1],"to":[0,3,3],"light_emission":15,"faces":{"north":{"uv":[1,13,1.5,14],"texture":"#0","cullface":"west"},"south":{"uv":[2,13,2.5,14],"texture":"#0","cullface":"west"},"west":{"uv":[1,13,3,14],"texture":"#0","cullface":"west"},"up":{"uv":[1,13,3,13.5],"rotation":90,"texture":"#0","cullface":"west"},"down":{"uv":[1,13,3,13.5],"rotation":270,"texture":"#0","cullface":"west"}}},{"from":[12,7,16],"to":[13,8,16.5],"light_emission":15,"faces":{"east":{"uv":[12,8,12.5,9],"texture":"#0","cullface":"south"},"south":{"uv":[12,8,13,9],"texture":"#0","cullface":"south"},"west":{"uv":[12,8,12.5,9],"texture":"#0","cullface":"south"},"down":{"uv":[12,8,13,8.5],"rotation":180,"texture":"#0","cullface":"south"}}},{"from":[13,8,16],"to":[14,9,16.5],"light_emission":15,"faces":{"east":{"uv":[13,7,13.5,8],"texture":"#0","cullface":"south"},"south":{"uv":[13,7,14,8],"texture":"#0","cullface":"south"},"down":{"uv":[13,7,14,7.5],"rotation":180,"texture":"#0","cullface":"south"}}},{"from":[14,9,16],"to":[15,10,16.5],"light_emission":15,"faces":{"east":{"uv":[14,6,14.5,7],"texture":"#0","cullface":"south"},"south":{"uv":[14,6,15,7],"texture":"#0","cullface":"south"},"up":{"uv":[14,6,15,6.5],"rotation":180,"texture":"#0","cullface":"south"},"down":{"uv":[14,6,15,6.5],"rotation":180,"texture":"#0","cullface":"south"}}},{"from":[10,10,16],"to":[11,11,16.5],"light_emission":15,"faces":{"east":{"uv":[10,5,10.5,6],"texture":"#0","cullface":"south"},"south":{"uv":[10,5,11,6],"texture":"#0","cullface":"south"},"west":{"uv":[10,5,10.5,6],"texture":"#0","cullface":"south"},"up":{"uv":[10,5,11,5.5],"rotation":180,"texture":"#0","cullface":"south"}}},{"from":[8,9,16],"to":[9,10,16.5],"light_emission":15,"faces":{"south":{"uv":[8,6,9,7],"texture":"#0","cullface":"south"},"west":{"uv":[8,6,8.5,7],"texture":"#0","cullface":"south"},"up":{"uv":[8,6,9,6.5],"rotation":180,"texture":"#0","cullface":"south"}}},{"from":[5,8,16],"to":[6,9,16.5],"light_emission":15,"faces":{"south":{"uv":[5,7,6,8],"texture":"#0","cullface":"south"},"west":{"uv":[5,7,5.5,8],"texture":"#0","cullface":"south"},"up":{"uv":[5,7,6,7.5],"rotation":180,"texture":"#0","cullface":"south"}}},{"from":[3,7,16],"to":[5,8,16.5],"light_emission":15,"faces":{"south":{"uv":[3,8,5,9],"texture":"#0","cullface":"south"},"west":{"uv":[3,8,3.5,9],"texture":"#0","cullface":"south"},"up":{"uv":[3,8,5,8.5],"texture":"#0","cullface":"south"},"down":{"uv":[3,8,5,8.5],"texture":"#0","cullface":"south"}}},{"from":[5,7,16],"to":[6,8,16.7],"light_emission":15,"faces":{"south":{"uv":[5,8,6,9],"texture":"#0","cullface":"south"},"west":{"uv":[5,8,5.5,9],"texture":"#0","cullface":"south"},"up":{"uv":[5,8,6,8.5],"rotation":180,"texture":"#0","cullface":"south"},"down":{"uv":[5,8,6,8.5],"rotation":180,"texture":"#0","cullface":"south"}}},{"from":[13,9,16],"to":[14,10,16.7],"light_emission":15,"faces":{"east":{"uv":[13,6,13.5,7],"texture":"#0","cullface":"south"},"south":{"uv":[13,6,14,7],"texture":"#0","cullface":"south"},"up":{"uv":[13,6,14,6.5],"rotation":180,"texture":"#0","cullface":"south"},"down":{"uv":[13,6,14,6.5],"rotation":180,"texture":"#0","cullface":"south"}}},{"from":[12,8,16],"to":[13,10,16.7],"light_emission":15,"faces":{"east":{"uv":[12,6,12.5,8],"texture":"#0","cullface":"south"},"south":{"uv":[12,6,13,8],"texture":"#0","cullface":"south"},"up":{"uv":[12,6,13,6.5],"rotation":180,"texture":"#0","cullface":"south"},"down":{"uv":[12,7,13,7.5],"rotation":180,"texture":"#0","cullface":"south"}}},{"from":[9,8,16],"to":[12,10,16.7],"light_emission":15,"faces":{"south":{"uv":[9,6,12,8],"texture":"#0","cullface":"south"},"west":{"uv":[9,6,9.5,8],"texture":"#0","cullface":"south"},"up":{"uv":[9,6,12,6.5],"texture":"#0","cullface":"south"},"down":{"uv":[9,7,12,7.5],"texture":"#0","cullface":"south"}}},{"from":[6,7,16],"to":[9,9,16.7],"light_emission":15,"faces":{"east":{"uv":[8,7,8.5,9],"texture":"#0","cullface":"south"},"south":{"uv":[6,7,9,9],"texture":"#0","cullface":"south"},"west":{"uv":[6,7,6.5,9],"texture":"#0","cullface":"south"},"up":{"uv":[6,7,9,7.5],"texture":"#0","cullface":"south"},"down":{"uv":[6,8,9,8.5],"texture":"#0","cullface":"south"}}},{"from":[7,13,16],"to":[9,14,16.5],"light_emission":15,"faces":{"east":{"uv":[8,2,8.5,3],"texture":"#0","cullface":"south"},"south":{"uv":[7,2,9,3],"texture":"#0","cullface":"south"},"up":{"uv":[7,2,9,2.5],"texture":"#0","cullface":"south"},"down":{"uv":[7,2,9,2.5],"texture":"#0","cullface":"south"}}},{"from":[4,12,16],"to":[7,14,16.7],"light_emission":15,"faces":{"east":{"uv":[6,2,6.5,4],"texture":"#0","cullface":"south"},"south":{"uv":[4,2,7,4],"texture":"#0","cullface":"south"},"west":{"uv":[4,2,4.5,4],"texture":"#0","cullface":"south"},"up":{"uv":[4,2,7,2.5],"texture":"#0","cullface":"south"},"down":{"uv":[4,3,7,3.5],"texture":"#0","cullface":"south"}}},{"from":[5,3,16],"to":[7,4,16.5],"light_emission":15,"faces":{"south":{"uv":[5,12,7,13],"texture":"#0","cullface":"south"},"west":{"uv":[5,12,5.5,13],"texture":"#0","cullface":"south"},"up":{"uv":[5,12,7,12.5],"texture":"#0","cullface":"south"},"down":{"uv":[5,12,7,12.5],"texture":"#0","cullface":"south"}}},{"from":[4,11,16],"to":[5,12,16.5],"light_emission":15,"faces":{"east":{"uv":[4,4,4.5,5],"texture":"#0","cullface":"south"},"south":{"uv":[4,4,5,5],"texture":"#0","cullface":"south"},"west":{"uv":[4,4,4.5,5],"texture":"#0","cullface":"south"},"down":{"uv":[4,4,5,4.5],"rotation":180,"texture":"#0","cullface":"south"}}},{"from":[10,3,16],"to":[13,4,16.5],"light_emission":15,"faces":{"east":{"uv":[12,12,12.7,13],"texture":"#0","cullface":"south"},"south":{"uv":[10,12,13,13],"texture":"#0","cullface":"south"},"up":{"uv":[10,12,13,12.7],"texture":"#0","cullface":"south"},"down":{"uv":[10,12,13,12.7],"texture":"#0","cullface":"south"}}},{"from":[7,4,16],"to":[8,5,16.5],"light_emission":15,"faces":{"east":{"uv":[7,11,7.5,12],"texture":"#0","cullface":"south"},"south":{"uv":[7,11,8,12],"texture":"#0","cullface":"south"},"west":{"uv":[7,11,7.5,12],"texture":"#0","cullface":"south"},"up":{"uv":[7,11,8,11.5],"rotation":180,"texture":"#0","cullface":"south"}}},{"from":[2,12,16],"to":[4,13,16.5],"light_emission":15,"faces":{"south":{"uv":[2,3,4,4],"texture":"#0","cullface":"south"},"west":{"uv":[2,3,2.5,4],"texture":"#0","cullface":"south"},"up":{"uv":[2,3,4,3.5],"texture":"#0","cullface":"south"},"down":{"uv":[2,3,4,3.5],"texture":"#0","cullface":"south"}}},{"from":[7,3,16],"to":[10,4,16.7],"light_emission":15,"faces":{"east":{"uv":[9,12,9.7,13],"texture":"#0","cullface":"south"},"south":{"uv":[7,12,10,13],"texture":"#0","cullface":"south"},"west":{"uv":[7,12,7.7,13],"texture":"#0","cullface":"south"},"up":{"uv":[7,12,10,12.7],"texture":"#0","cullface":"south"},"down":{"uv":[7,12,10,12.7],"texture":"#0","cullface":"south"}}},{"from":[7,2,16],"to":[10,3,16.5],"light_emission":15,"faces":{"east":{"uv":[9,13,9.7,14],"texture":"#0","cullface":"south"},"south":{"uv":[7,13,10,14],"texture":"#0","cullface":"south"},"west":{"uv":[7,13,7.7,14],"texture":"#0","cullface":"south"},"down":{"uv":[7,13,10,13.7],"texture":"#0","cullface":"south"}}},{"from":[13,13,16],"to":[14,14,16.5],"light_emission":15,"faces":{"east":{"uv":[13,2,13.5,3],"texture":"#0","cullface":"south"},"south":{"uv":[13,2,14,3],"texture":"#0","cullface":"south"},"west":{"uv":[13,2,13.5,3],"texture":"#0","cullface":"south"},"up":{"uv":[13,2,14,2.5],"rotation":180,"texture":"#0","cullface":"south"},"down":{"uv":[13,2,14,2.5],"rotation":180,"texture":"#0","cullface":"south"}}},{"from":[1,2,16],"to":[3,3,16.5],"light_emission":15,"faces":{"east":{"uv":[2,13,2.5,14],"texture":"#0","cullface":"south"},"south":{"uv":[1,13,3,14],"texture":"#0","cullface":"south"},"west":{"uv":[1,13,1.5,14],"texture":"#0","cullface":"south"},"up":{"uv":[1,13,3,13.5],"texture":"#0","cullface":"south"},"down":{"uv":[1,13,3,13.5],"texture":"#0","cullface":"south"}}},{"from":[16,7,3],"to":[16.5,8,4],"light_emission":15,"faces":{"north":{"uv":[12,8,12.5,9],"texture":"#0","cullface":"east"},"east":{"uv":[12,8,13,9],"texture":"#0","cullface":"east"},"south":{"uv":[12,8,12.5,9],"texture":"#0","cullface":"east"},"down":{"uv":[12,8,13,8.5],"rotation":270,"texture":"#0","cullface":"east"}}},{"from":[16,8,2],"to":[16.5,9,3],"light_emission":15,"faces":{"north":{"uv":[13,7,13.5,8],"texture":"#0","cullface":"east"},"east":{"uv":[13,7,14,8],"texture":"#0","cullface":"east"},"down":{"uv":[13,7,14,7.5],"rotation":270,"texture":"#0","cullface":"east"}}},{"from":[16,9,1],"to":[16.5,10,2],"light_emission":15,"faces":{"north":{"uv":[14,6,14.5,7],"texture":"#0","cullface":"east"},"east":{"uv":[14,6,15,7],"texture":"#0","cullface":"east"},"up":{"uv":[14,6,15,6.5],"rotation":90,"texture":"#0","cullface":"east"},"down":{"uv":[14,6,15,6.5],"rotation":270,"texture":"#0","cullface":"east"}}},{"from":[16,10,5],"to":[16.5,11,6],"light_emission":15,"faces":{"north":{"uv":[10,5,10.5,6],"texture":"#0","cullface":"east"},"east":{"uv":[10,5,11,6],"texture":"#0","cullface":"east"},"south":{"uv":[10,5,10.5,6],"texture":"#0","cullface":"east"},"up":{"uv":[10,5,11,5.5],"rotation":90,"texture":"#0","cullface":"east"}}},{"from":[16,9,7],"to":[16.5,10,8],"light_emission":15,"faces":{"east":{"uv":[8,6,9,7],"texture":"#0","cullface":"east"},"south":{"uv":[8,6,8.5,7],"texture":"#0","cullface":"east"},"up":{"uv":[8,6,9,6.5],"rotation":90,"texture":"#0","cullface":"east"}}},{"from":[16,8,10],"to":[16.5,9,11],"light_emission":15,"faces":{"east":{"uv":[5,7,6,8],"texture":"#0","cullface":"east"},"south":{"uv":[5,7,5.5,8],"texture":"#0","cullface":"east"},"up":{"uv":[5,7,6,7.5],"rotation":90,"texture":"#0","cullface":"east"}}},{"from":[16,7,11],"to":[16.5,8,13],"light_emission":15,"faces":{"east":{"uv":[3,8,5,9],"texture":"#0","cullface":"east"},"south":{"uv":[3,8,3.5,9],"texture":"#0","cullface":"east"},"up":{"uv":[3,8,5,8.5],"rotation":270,"texture":"#0","cullface":"east"},"down":{"uv":[3,8,5,8.5],"rotation":90,"texture":"#0","cullface":"east"}}},{"from":[16,7,10],"to":[16.7,8,11],"light_emission":15,"faces":{"east":{"uv":[5,8,6,9],"texture":"#0","cullface":"east"},"south":{"uv":[5,8,5.5,9],"texture":"#0","cullface":"east"},"up":{"uv":[5,8,6,8.5],"rotation":90,"texture":"#0","cullface":"east"},"down":{"uv":[5,8,6,8.5],"rotation":270,"texture":"#0","cullface":"east"}}},{"from":[16,9,2],"to":[16.7,10,3],"light_emission":15,"faces":{"north":{"uv":[13,6,13.5,7],"texture":"#0","cullface":"east"},"east":{"uv":[13,6,14,7],"texture":"#0","cullface":"east"},"up":{"uv":[13,6,14,6.5],"rotation":90,"texture":"#0","cullface":"east"},"down":{"uv":[13,6,14,6.5],"rotation":270,"texture":"#0","cullface":"east"}}},{"from":[16,8,3],"to":[16.7,10,4],"light_emission":15,"faces":{"north":{"uv":[12,6,12.5,8],"texture":"#0","cullface":"east"},"east":{"uv":[12,6,13,8],"texture":"#0","cullface":"east"},"up":{"uv":[12,6,13,6.5],"rotation":90,"texture":"#0","cullface":"east"},"down":{"uv":[12,7,13,7.5],"rotation":270,"texture":"#0","cullface":"east"}}},{"from":[16,8,4],"to":[16.7,10,7],"light_emission":15,"faces":{"east":{"uv":[9,6,12,8],"texture":"#0","cullface":"east"},"south":{"uv":[9,6,9.5,8],"texture":"#0","cullface":"east"},"up":{"uv":[9,6,12,6.5],"rotation":270,"texture":"#0","cullface":"east"},"down":{"uv":[9,7,12,7.5],"rotation":90,"texture":"#0","cullface":"east"}}},{"from":[16,7,7],"to":[16.7,9,10],"light_emission":15,"faces":{"north":{"uv":[8,7,8.5,9],"texture":"#0","cullface":"east"},"east":{"uv":[6,7,9,9],"texture":"#0","cullface":"east"},"south":{"uv":[6,7,6.5,9],"texture":"#0","cullface":"east"},"up":{"uv":[6,7,9,7.5],"rotation":270,"texture":"#0","cullface":"east"},"down":{"uv":[6,8,9,8.5],"rotation":90,"texture":"#0","cullface":"east"}}},{"from":[16,13,7],"to":[16.5,14,9],"light_emission":15,"faces":{"north":{"uv":[8,2,8.5,3],"texture":"#0","cullface":"east"},"east":{"uv":[7,2,9,3],"texture":"#0","cullface":"east"},"up":{"uv":[7,2,9,2.5],"rotation":270,"texture":"#0","cullface":"east"},"down":{"uv":[7,2,9,2.5],"rotation":90,"texture":"#0","cullface":"east"}}},{"from":[16,12,9],"to":[16.7,14,12],"light_emission":15,"faces":{"north":{"uv":[6,2,6.5,4],"texture":"#0","cullface":"east"},"east":{"uv":[4,2,7,4],"texture":"#0","cullface":"east"},"south":{"uv":[4,2,4.5,4],"texture":"#0","cullface":"east"},"up":{"uv":[4,2,7,2.5],"rotation":270,"texture":"#0","cullface":"east"},"down":{"uv":[4,3,7,3.5],"rotation":90,"texture":"#0","cullface":"east"}}},{"from":[16,3,9],"to":[16.5,4,11],"light_emission":15,"faces":{"east":{"uv":[5,12,7,13],"texture":"#0","cullface":"east"},"south":{"uv":[5,12,5.5,13],"texture":"#0","cullface":"east"},"up":{"uv":[5,12,7,12.5],"rotation":270,"texture":"#0","cullface":"east"},"down":{"uv":[5,12,7,12.5],"rotation":90,"texture":"#0","cullface":"east"}}},{"from":[16,11,11],"to":[16.5,12,12],"light_emission":15,"faces":{"north":{"uv":[4,4,4.5,5],"texture":"#0","cullface":"east"},"east":{"uv":[4,4,5,5],"texture":"#0","cullface":"east"},"south":{"uv":[4,4,4.5,5],"texture":"#0","cullface":"east"},"down":{"uv":[4,4,5,4.5],"rotation":270,"texture":"#0","cullface":"east"}}},{"from":[16,3,3],"to":[16.5,4,6],"light_emission":15,"faces":{"north":{"uv":[12,12,12.7,13],"texture":"#0","cullface":"east"},"east":{"uv":[10,12,13,13],"texture":"#0","cullface":"east"},"up":{"uv":[10,12,13,12.7],"rotation":270,"texture":"#0","cullface":"east"},"down":{"uv":[10,12,13,12.7],"rotation":90,"texture":"#0","cullface":"east"}}},{"from":[16,4,8],"to":[16.5,5,9],"light_emission":15,"faces":{"north":{"uv":[7,11,7.5,12],"texture":"#0","cullface":"east"},"east":{"uv":[7,11,8,12],"texture":"#0","cullface":"east"},"south":{"uv":[7,11,7.5,12],"texture":"#0","cullface":"east"},"up":{"uv":[7,11,8,11.5],"rotation":90,"texture":"#0","cullface":"east"}}},{"from":[16,12,12],"to":[16.5,13,14],"light_emission":15,"faces":{"east":{"uv":[2,3,4,4],"texture":"#0","cullface":"east"},"south":{"uv":[2,3,2.5,4],"texture":"#0","cullface":"east"},"up":{"uv":[2,3,4,3.5],"rotation":270,"texture":"#0","cullface":"east"},"down":{"uv":[2,3,4,3.5],"rotation":90,"texture":"#0","cullface":"east"}}},{"from":[16,3,6],"to":[16.7,4,9],"light_emission":15,"faces":{"north":{"uv":[9,12,9.7,13],"texture":"#0","cullface":"east"},"east":{"uv":[7,12,10,13],"texture":"#0","cullface":"east"},"south":{"uv":[7,12,7.7,13],"texture":"#0","cullface":"east"},"up":{"uv":[7,12,10,12.7],"rotation":270,"texture":"#0","cullface":"east"},"down":{"uv":[7,12,10,12.7],"rotation":90,"texture":"#0","cullface":"east"}}},{"from":[16,2,6],"to":[16.5,3,9],"light_emission":15,"faces":{"north":{"uv":[9,13,9.7,14],"texture":"#0","cullface":"east"},"east":{"uv":[7,13,10,14],"texture":"#0","cullface":"east"},"south":{"uv":[7,13,7.7,14],"texture":"#0","cullface":"east"},"down":{"uv":[7,13,10,13.7],"rotation":90,"texture":"#0","cullface":"east"}}},{"from":[16,13,2],"to":[16.5,14,3],"light_emission":15,"faces":{"north":{"uv":[13,2,13.5,3],"texture":"#0","cullface":"east"},"east":{"uv":[13,2,14,3],"texture":"#0","cullface":"east"},"south":{"uv":[13,2,13.5,3],"texture":"#0","cullface":"east"},"up":{"uv":[13,2,14,2.5],"rotation":90,"texture":"#0","cullface":"east"},"down":{"uv":[13,2,14,2.5],"rotation":270,"texture":"#0","cullface":"east"}}},{"from":[16,2,13],"to":[16.5,3,15],"light_emission":15,"faces":{"north":{"uv":[2,13,2.5,14],"texture":"#0","cullface":"east"},"east":{"uv":[1,13,3,14],"texture":"#0","cullface":"east"},"south":{"uv":[1,13,1.5,14],"texture":"#0","cullface":"east"},"up":{"uv":[1,13,3,13.5],"rotation":270,"texture":"#0","cullface":"east"},"down":{"uv":[1,13,3,13.5],"rotation":90,"texture":"#0","cullface":"east"}}},{"from":[12,16,8],"to":[13,16.5,9],"light_emission":15,"faces":{"east":{"uv":[12,8,12.5,9],"rotation":90,"texture":"#0","cullface":"up"},"south":{"uv":[12,8,13,8.5],"rotation":180,"texture":"#0","cullface":"up"},"west":{"uv":[12,8,12.5,9],"rotation":270,"texture":"#0","cullface":"up"},"up":{"uv":[12,8,13,9],"texture":"#0","cullface":"up"}}},{"from":[13,16,7],"to":[14,16.5,8],"light_emission":15,"faces":{"east":{"uv":[13,7,13.5,8],"rotation":90,"texture":"#0","cullface":"up"},"south":{"uv":[13,7,14,7.5],"rotation":180,"texture":"#0","cullface":"up"},"up":{"uv":[13,7,14,8],"texture":"#0","cullface":"up"}}},{"from":[14,16,6],"to":[15,16.5,7],"light_emission":15,"faces":{"north":{"uv":[14,6,15,6.5],"texture":"#0","cullface":"up"},"east":{"uv":[14,6,14.5,7],"rotation":90,"texture":"#0","cullface":"up"},"south":{"uv":[14,6,15,6.5],"rotation":180,"texture":"#0","cullface":"up"},"up":{"uv":[14,6,15,7],"texture":"#0","cullface":"up"}}},{"from":[10,16,5],"to":[11,16.5,6],"light_emission":15,"faces":{"north":{"uv":[10,5,11,5.5],"texture":"#0","cullface":"up"},"east":{"uv":[10,5,10.5,6],"rotation":90,"texture":"#0","cullface":"up"},"west":{"uv":[10,5,10.5,6],"rotation":270,"texture":"#0","cullface":"up"},"up":{"uv":[10,5,11,6],"texture":"#0","cullface":"up"}}},{"from":[8,16,6],"to":[9,16.5,7],"light_emission":15,"faces":{"north":{"uv":[8,6,9,6.5],"texture":"#0","cullface":"up"},"west":{"uv":[8,6,8.5,7],"rotation":270,"texture":"#0","cullface":"up"},"up":{"uv":[8,6,9,7],"texture":"#0","cullface":"up"}}},{"from":[5,16,7],"to":[6,16.5,8],"light_emission":15,"faces":{"north":{"uv":[5,7,6,7.5],"texture":"#0","cullface":"up"},"west":{"uv":[5,7,5.5,8],"rotation":270,"texture":"#0","cullface":"up"},"up":{"uv":[5,7,6,8],"texture":"#0","cullface":"up"}}},{"from":[3,16,8],"to":[5,16.5,9],"light_emission":15,"faces":{"north":{"uv":[3,8,5,8.5],"rotation":180,"texture":"#0","cullface":"up"},"south":{"uv":[3,8,5,8.5],"texture":"#0","cullface":"up"},"west":{"uv":[3,8,3.5,9],"rotation":270,"texture":"#0","cullface":"up"},"up":{"uv":[3,8,5,9],"texture":"#0","cullface":"up"}}},{"from":[5,16,8],"to":[6,16.7,9],"light_emission":15,"faces":{"north":{"uv":[5,8,6,8.5],"texture":"#0","cullface":"up"},"south":{"uv":[5,8,6,8.5],"rotation":180,"texture":"#0","cullface":"up"},"west":{"uv":[5,8,5.5,9],"rotation":270,"texture":"#0","cullface":"up"},"up":{"uv":[5,8,6,9],"texture":"#0","cullface":"up"}}},{"from":[13,16,6],"to":[14,16.7,7],"light_emission":15,"faces":{"north":{"uv":[13,6,14,6.5],"texture":"#0","cullface":"up"},"east":{"uv":[13,6,13.5,7],"rotation":90,"texture":"#0","cullface":"up"},"south":{"uv":[13,6,14,6.5],"rotation":180,"texture":"#0","cullface":"up"},"up":{"uv":[13,6,14,7],"texture":"#0","cullface":"up"}}},{"from":[12,16,6],"to":[13,16.7,8],"light_emission":15,"faces":{"north":{"uv":[12,6,13,6.5],"texture":"#0","cullface":"up"},"east":{"uv":[12,6,12.5,8],"rotation":90,"texture":"#0","cullface":"up"},"south":{"uv":[12,7,13,7.5],"rotation":180,"texture":"#0","cullface":"up"},"up":{"uv":[12,6,13,8],"texture":"#0","cullface":"up"}}},{"from":[9,16,6],"to":[12,16.7,8],"light_emission":15,"faces":{"north":{"uv":[9,6,12,6.5],"rotation":180,"texture":"#0","cullface":"up"},"south":{"uv":[9,7,12,7.5],"texture":"#0","cullface":"up"},"west":{"uv":[9,6,9.5,8],"rotation":270,"texture":"#0","cullface":"up"},"up":{"uv":[9,6,12,8],"texture":"#0","cullface":"up"}}},{"from":[6,16,7],"to":[9,16.7,9],"light_emission":15,"faces":{"north":{"uv":[6,7,9,7.5],"rotation":180,"texture":"#0","cullface":"up"},"east":{"uv":[8,7,8.5,9],"rotation":90,"texture":"#0","cullface":"up"},"south":{"uv":[6,8,9,8.5],"texture":"#0","cullface":"up"},"west":{"uv":[6,7,6.5,9],"rotation":270,"texture":"#0","cullface":"up"},"up":{"uv":[6,7,9,9],"texture":"#0","cullface":"up"}}},{"from":[7,16,2],"to":[9,16.5,3],"light_emission":15,"faces":{"north":{"uv":[7,2,9,2.5],"rotation":180,"texture":"#0","cullface":"up"},"east":{"uv":[8,2,8.5,3],"rotation":90,"texture":"#0","cullface":"up"},"south":{"uv":[7,2,9,2.5],"texture":"#0","cullface":"up"},"up":{"uv":[7,2,9,3],"texture":"#0","cullface":"up"}}},{"from":[4,16,2],"to":[7,16.7,4],"light_emission":15,"faces":{"north":{"uv":[4,2,7,2.5],"rotation":180,"texture":"#0","cullface":"up"},"east":{"uv":[6,2,6.5,4],"rotation":90,"texture":"#0","cullface":"up"},"south":{"uv":[4,3,7,3.5],"texture":"#0","cullface":"up"},"west":{"uv":[4,2,4.5,4],"rotation":270,"texture":"#0","cullface":"up"},"up":{"uv":[4,2,7,4],"texture":"#0","cullface":"up"}}},{"from":[5,16,12],"to":[7,16.5,13],"light_emission":15,"faces":{"north":{"uv":[5,12,7,12.5],"rotation":180,"texture":"#0","cullface":"up"},"south":{"uv":[5,12,7,12.5],"texture":"#0","cullface":"up"},"west":{"uv":[5,12,5.5,13],"rotation":270,"texture":"#0","cullface":"up"},"up":{"uv":[5,12,7,13],"texture":"#0","cullface":"up"}}},{"from":[4,16,4],"to":[5,16.5,5],"light_emission":15,"faces":{"east":{"uv":[4,4,4.5,5],"rotation":90,"texture":"#0","cullface":"up"},"south":{"uv":[4,4,5,4.5],"rotation":180,"texture":"#0","cullface":"up"},"west":{"uv":[4,4,4.5,5],"rotation":270,"texture":"#0","cullface":"up"},"up":{"uv":[4,4,5,5],"texture":"#0","cullface":"up"}}},{"from":[10,16,12],"to":[13,16.5,13],"light_emission":15,"faces":{"north":{"uv":[10,12,13,12.7],"rotation":180,"texture":"#0","cullface":"up"},"east":{"uv":[12,12,12.7,13],"rotation":90,"texture":"#0","cullface":"up"},"south":{"uv":[10,12,13,12.7],"texture":"#0","cullface":"up"},"up":{"uv":[10,12,13,13],"texture":"#0","cullface":"up"}}},{"from":[7,16,11],"to":[8,16.5,12],"light_emission":15,"faces":{"north":{"uv":[7,11,8,11.5],"texture":"#0","cullface":"up"},"east":{"uv":[7,11,7.5,12],"rotation":90,"texture":"#0","cullface":"up"},"west":{"uv":[7,11,7.5,12],"rotation":270,"texture":"#0","cullface":"up"},"up":{"uv":[7,11,8,12],"texture":"#0","cullface":"up"}}},{"from":[2,16,3],"to":[4,16.5,4],"light_emission":15,"faces":{"north":{"uv":[2,3,4,3.5],"rotation":180,"texture":"#0","cullface":"up"},"south":{"uv":[2,3,4,3.5],"texture":"#0","cullface":"up"},"west":{"uv":[2,3,2.5,4],"rotation":270,"texture":"#0","cullface":"up"},"up":{"uv":[2,3,4,4],"texture":"#0","cullface":"up"}}},{"from":[7,16,12],"to":[10,16.7,13],"light_emission":15,"faces":{"north":{"uv":[7,12,10,12.7],"rotation":180,"texture":"#0","cullface":"up"},"east":{"uv":[9,12,9.7,13],"rotation":90,"texture":"#0","cullface":"up"},"south":{"uv":[7,12,10,12.7],"texture":"#0","cullface":"up"},"west":{"uv":[7,12,7.7,13],"rotation":270,"texture":"#0","cullface":"up"},"up":{"uv":[7,12,10,13],"texture":"#0","cullface":"up"}}},{"from":[7,16,13],"to":[10,16.5,14],"light_emission":15,"faces":{"east":{"uv":[9,13,9.7,14],"rotation":90,"texture":"#0","cullface":"up"},"south":{"uv":[7,13,10,13.7],"texture":"#0","cullface":"up"},"west":{"uv":[7,13,7.7,14],"rotation":270,"texture":"#0","cullface":"up"},"up":{"uv":[7,13,10,14],"texture":"#0","cullface":"up"}}},{"from":[13,16,2],"to":[14,16.5,3],"light_emission":15,"faces":{"north":{"uv":[13,2,14,2.5],"texture":"#0","cullface":"up"},"east":{"uv":[13,2,13.5,3],"rotation":90,"texture":"#0","cullface":"up"},"south":{"uv":[13,2,14,2.5],"rotation":180,"texture":"#0","cullface":"up"},"west":{"uv":[13,2,13.5,3],"rotation":270,"texture":"#0","cullface":"up"},"up":{"uv":[13,2,14,3],"texture":"#0","cullface":"up"}}},{"from":[1,16,13],"to":[3,16.5,14],"light_emission":15,"faces":{"north":{"uv":[1,13,3,13.5],"rotation":180,"texture":"#0","cullface":"up"},"east":{"uv":[2,13,2.5,14],"rotation":90,"texture":"#0","cullface":"up"},"south":{"uv":[1,13,3,13.5],"texture":"#0","cullface":"up"},"west":{"uv":[1,13,1.5,14],"rotation":270,"texture":"#0","cullface":"up"},"up":{"uv":[1,13,3,14],"texture":"#0","cullface":"up"}}},{"from":[12,-0.5,7],"to":[13,0,8],"light_emission":15,"faces":{"north":{"uv":[12,8,13,8.5],"texture":"#0","cullface":"down"},"east":{"uv":[12,8,12.5,9],"rotation":270,"texture":"#0","cullface":"down"},"west":{"uv":[12,8,12.5,9],"rotation":90,"texture":"#0","cullface":"down"},"down":{"uv":[12,8,13,9],"texture":"#0","cullface":"down"}}},{"from":[13,-0.5,8],"to":[14,0,9],"light_emission":15,"faces":{"north":{"uv":[13,7,14,7.5],"texture":"#0","cullface":"down"},"east":{"uv":[13,7,13.5,8],"rotation":270,"texture":"#0","cullface":"down"},"down":{"uv":[13,7,14,8],"texture":"#0","cullface":"down"}}},{"from":[14,-0.5,9],"to":[15,0,10],"light_emission":15,"faces":{"north":{"uv":[14,6,15,6.5],"texture":"#0","cullface":"down"},"east":{"uv":[14,6,14.5,7],"rotation":270,"texture":"#0","cullface":"down"},"south":{"uv":[14,6,15,6.5],"rotation":180,"texture":"#0","cullface":"down"},"down":{"uv":[14,6,15,7],"texture":"#0","cullface":"down"}}},{"from":[10,-0.5,10],"to":[11,0,11],"light_emission":15,"faces":{"east":{"uv":[10,5,10.5,6],"rotation":270,"texture":"#0","cullface":"down"},"south":{"uv":[10,5,11,5.5],"rotation":180,"texture":"#0","cullface":"down"},"west":{"uv":[10,5,10.5,6],"rotation":90,"texture":"#0","cullface":"down"},"down":{"uv":[10,5,11,6],"texture":"#0","cullface":"down"}}},{"from":[8,-0.5,9],"to":[9,0,10],"light_emission":15,"faces":{"south":{"uv":[8,6,9,6.5],"rotation":180,"texture":"#0","cullface":"down"},"west":{"uv":[8,6,8.5,7],"rotation":90,"texture":"#0","cullface":"down"},"down":{"uv":[8,6,9,7],"texture":"#0","cullface":"down"}}},{"from":[5,-0.5,8],"to":[6,0,9],"light_emission":15,"faces":{"south":{"uv":[5,7,6,7.5],"rotation":180,"texture":"#0","cullface":"down"},"west":{"uv":[5,7,5.5,8],"rotation":90,"texture":"#0","cullface":"down"},"down":{"uv":[5,7,6,8],"texture":"#0","cullface":"down"}}},{"from":[3,-0.5,7],"to":[5,0,8],"light_emission":15,"faces":{"north":{"uv":[3,8,5,8.5],"rotation":180,"texture":"#0","cullface":"down"},"south":{"uv":[3,8,5,8.5],"texture":"#0","cullface":"down"},"west":{"uv":[3,8,3.5,9],"rotation":90,"texture":"#0","cullface":"down"},"down":{"uv":[3,8,5,9],"texture":"#0","cullface":"down"}}},{"from":[5,-0.7,7],"to":[6,0,8],"light_emission":15,"faces":{"north":{"uv":[5,8,6,8.5],"texture":"#0","cullface":"down"},"south":{"uv":[5,8,6,8.5],"rotation":180,"texture":"#0","cullface":"down"},"west":{"uv":[5,8,5.5,9],"rotation":90,"texture":"#0","cullface":"down"},"down":{"uv":[5,8,6,9],"texture":"#0","cullface":"down"}}},{"from":[13,-0.7,9],"to":[14,0,10],"light_emission":15,"faces":{"north":{"uv":[13,6,14,6.5],"texture":"#0","cullface":"down"},"east":{"uv":[13,6,13.5,7],"rotation":270,"texture":"#0","cullface":"down"},"south":{"uv":[13,6,14,6.5],"rotation":180,"texture":"#0","cullface":"down"},"down":{"uv":[13,6,14,7],"texture":"#0","cullface":"down"}}},{"from":[12,-0.7,8],"to":[13,0,10],"light_emission":15,"faces":{"north":{"uv":[12,7,13,7.5],"texture":"#0","cullface":"down"},"east":{"uv":[12,6,12.5,8],"rotation":270,"texture":"#0","cullface":"down"},"south":{"uv":[12,6,13,6.5],"rotation":180,"texture":"#0","cullface":"down"},"down":{"uv":[12,6,13,8],"texture":"#0","cullface":"down"}}},{"from":[9,-0.7,8],"to":[12,0,10],"light_emission":15,"faces":{"north":{"uv":[9,7,12,7.5],"rotation":180,"texture":"#0","cullface":"down"},"south":{"uv":[9,6,12,6.5],"texture":"#0","cullface":"down"},"west":{"uv":[9,6,9.5,8],"rotation":90,"texture":"#0","cullface":"down"},"down":{"uv":[9,6,12,8],"texture":"#0","cullface":"down"}}},{"from":[6,-0.7,7],"to":[9,0,9],"light_emission":15,"faces":{"north":{"uv":[6,8,9,8.5],"rotation":180,"texture":"#0","cullface":"down"},"east":{"uv":[8,7,8.5,9],"rotation":270,"texture":"#0","cullface":"down"},"south":{"uv":[6,7,9,7.5],"texture":"#0","cullface":"down"},"west":{"uv":[6,7,6.5,9],"rotation":90,"texture":"#0","cullface":"down"},"down":{"uv":[6,7,9,9],"texture":"#0","cullface":"down"}}},{"from":[7,-0.5,13],"to":[9,0,14],"light_emission":15,"faces":{"north":{"uv":[7,2,9,2.5],"rotation":180,"texture":"#0","cullface":"down"},"east":{"uv":[8,2,8.5,3],"rotation":270,"texture":"#0","cullface":"down"},"south":{"uv":[7,2,9,2.5],"texture":"#0","cullface":"down"},"down":{"uv":[7,2,9,3],"texture":"#0","cullface":"down"}}},{"from":[4,-0.7,12],"to":[7,0,14],"light_emission":15,"faces":{"north":{"uv":[4,3,7,3.5],"rotation":180,"texture":"#0","cullface":"down"},"east":{"uv":[6,2,6.5,4],"rotation":270,"texture":"#0","cullface":"down"},"south":{"uv":[4,2,7,2.5],"texture":"#0","cullface":"down"},"west":{"uv":[4,2,4.5,4],"rotation":90,"texture":"#0","cullface":"down"},"down":{"uv":[4,2,7,4],"texture":"#0","cullface":"down"}}},{"from":[5,-0.5,3],"to":[7,0,4],"light_emission":15,"faces":{"north":{"uv":[5,12,7,12.5],"rotation":180,"texture":"#0","cullface":"down"},"south":{"uv":[5,12,7,12.5],"texture":"#0","cullface":"down"},"west":{"uv":[5,12,5.5,13],"rotation":90,"texture":"#0","cullface":"down"},"down":{"uv":[5,12,7,13],"texture":"#0","cullface":"down"}}},{"from":[4,-0.5,11],"to":[5,0,12],"light_emission":15,"faces":{"north":{"uv":[4,4,5,4.5],"texture":"#0","cullface":"down"},"east":{"uv":[4,4,4.5,5],"rotation":270,"texture":"#0","cullface":"down"},"west":{"uv":[4,4,4.5,5],"rotation":90,"texture":"#0","cullface":"down"},"down":{"uv":[4,4,5,5],"texture":"#0","cullface":"down"}}},{"from":[10,-0.5,3],"to":[13,0,4],"light_emission":15,"faces":{"north":{"uv":[10,12,13,12.7],"rotation":180,"texture":"#0","cullface":"down"},"east":{"uv":[12,12,12.7,13],"rotation":270,"texture":"#0","cullface":"down"},"south":{"uv":[10,12,13,12.7],"texture":"#0","cullface":"down"},"down":{"uv":[10,12,13,13],"texture":"#0","cullface":"down"}}},{"from":[7,-0.5,4],"to":[8,0,5],"light_emission":15,"faces":{"east":{"uv":[7,11,7.5,12],"rotation":270,"texture":"#0","cullface":"down"},"south":{"uv":[7,11,8,11.5],"rotation":180,"texture":"#0","cullface":"down"},"west":{"uv":[7,11,7.5,12],"rotation":90,"texture":"#0","cullface":"down"},"down":{"uv":[7,11,8,12],"texture":"#0","cullface":"down"}}},{"from":[2,-0.5,12],"to":[4,0,13],"light_emission":15,"faces":{"north":{"uv":[2,3,4,3.5],"rotation":180,"texture":"#0","cullface":"down"},"south":{"uv":[2,3,4,3.5],"texture":"#0","cullface":"down"},"west":{"uv":[2,3,2.5,4],"rotation":90,"texture":"#0","cullface":"down"},"down":{"uv":[2,3,4,4],"texture":"#0","cullface":"down"}}},{"from":[7,-0.7,3],"to":[10,0,4],"light_emission":15,"faces":{"north":{"uv":[7,12,10,12.7],"rotation":180,"texture":"#0","cullface":"down"},"east":{"uv":[9,12,9.7,13],"rotation":270,"texture":"#0","cullface":"down"},"south":{"uv":[7,12,10,12.7],"texture":"#0","cullface":"down"},"west":{"uv":[7,12,7.7,13],"rotation":90,"texture":"#0","cullface":"down"},"down":{"uv":[7,12,10,13],"texture":"#0","cullface":"down"}}},{"from":[7,-0.5,2],"to":[10,0,3],"light_emission":15,"faces":{"north":{"uv":[7,13,10,13.7],"rotation":180,"texture":"#0","cullface":"down"},"east":{"uv":[9,13,9.7,14],"rotation":270,"texture":"#0","cullface":"down"},"west":{"uv":[7,13,7.7,14],"rotation":90,"texture":"#0","cullface":"down"},"down":{"uv":[7,13,10,14],"texture":"#0","cullface":"down"}}},{"from":[13,-0.5,13],"to":[14,0,14],"light_emission":15,"faces":{"north":{"uv":[13,2,14,2.5],"texture":"#0","cullface":"down"},"east":{"uv":[13,2,13.5,3],"rotation":270,"texture":"#0","cullface":"down"},"south":{"uv":[13,2,14,2.5],"rotation":180,"texture":"#0","cullface":"down"},"west":{"uv":[13,2,13.5,3],"rotation":90,"texture":"#0","cullface":"down"},"down":{"uv":[13,2,14,3],"texture":"#0","cullface":"down"}}},{"from":[1,-0.5,2],"to":[3,0,3],"light_emission":15,"faces":{"north":{"uv":[1,13,3,13.5],"rotation":180,"texture":"#0","cullface":"down"},"east":{"uv":[2,13,2.5,14],"rotation":270,"texture":"#0","cullface":"down"},"south":{"uv":[1,13,3,13.5],"texture":"#0","cullface":"down"},"west":{"uv":[1,13,1.5,14],"rotation":90,"texture":"#0","cullface":"down"},"down":{"uv":[1,13,3,14],"texture":"#0","cullface":"down"}}},{"from":[11,7,-0.5],"to":[13,8,0],"light_emission":15,"faces":{"north":{"uv":[3,8,5,9],"texture":"#0","cullface":"north"},"east":{"uv":[3,8,3.5,9],"texture":"#0","cullface":"north"},"up":{"uv":[3,8,5,8.5],"rotation":180,"texture":"#0","cullface":"north"},"down":{"uv":[3,8,5,8.5],"rotation":180,"texture":"#0","cullface":"north"}}},{"from":[12,12,-0.5],"to":[14,13,0],"light_emission":15,"faces":{"north":{"uv":[2,3,4,4],"texture":"#0","cullface":"north"},"east":{"uv":[2,3,2.5,4],"texture":"#0","cullface":"north"},"up":{"uv":[2,3,4,3.5],"rotation":180,"texture":"#0","cullface":"north"},"down":{"uv":[2,3,4,3.5],"rotation":180,"texture":"#0","cullface":"north"}}},{"from":[7,13,-0.5],"to":[9,14,0],"light_emission":15,"faces":{"north":{"uv":[7,2,9,3],"texture":"#0","cullface":"north"},"west":{"uv":[8,2,8.5,3],"texture":"#0","cullface":"north"},"up":{"uv":[7,2,9,2.5],"rotation":180,"texture":"#0","cullface":"north"},"down":{"uv":[7,2,9,2.5],"rotation":180,"texture":"#0","cullface":"north"}}},{"from":[9,3,-0.5],"to":[11,4,0],"light_emission":15,"faces":{"north":{"uv":[5,12,7,13],"texture":"#0","cullface":"north"},"east":{"uv":[5,12,5.5,13],"texture":"#0","cullface":"north"},"up":{"uv":[5,12,7,12.5],"rotation":180,"texture":"#0","cullface":"north"},"down":{"uv":[5,12,7,12.5],"rotation":180,"texture":"#0","cullface":"north"}}},{"from":[2,13,-0.5],"to":[3,14,0],"light_emission":15,"faces":{"north":{"uv":[13,2,14,3],"texture":"#0","cullface":"north"},"east":{"uv":[13,2,13.5,3],"texture":"#0","cullface":"north"},"west":{"uv":[13,2,13.5,3],"texture":"#0","cullface":"north"},"up":{"uv":[13,2,14,2.5],"texture":"#0","cullface":"north"},"down":{"uv":[13,2,14,2.5],"texture":"#0","cullface":"north"}}},{"from":[8,4,-0.5],"to":[9,5,0],"light_emission":15,"faces":{"north":{"uv":[7,11,8,12],"texture":"#0","cullface":"north"},"east":{"uv":[7,11,7.5,12],"texture":"#0","cullface":"north"},"west":{"uv":[7,11,7.5,12],"texture":"#0","cullface":"north"},"up":{"uv":[7,11,8,11.5],"texture":"#0","cullface":"north"}}},{"from":[11,11,-0.5],"to":[12,12,0],"light_emission":15,"faces":{"north":{"uv":[4,4,5,5],"texture":"#0","cullface":"north"},"east":{"uv":[4,4,4.5,5],"texture":"#0","cullface":"north"},"west":{"uv":[4,4,4.5,5],"texture":"#0","cullface":"north"},"down":{"uv":[4,4,5,4.5],"texture":"#0","cullface":"north"}}},{"from":[10,8,-0.5],"to":[11,9,0],"light_emission":15,"faces":{"north":{"uv":[5,7,6,8],"texture":"#0","cullface":"north"},"east":{"uv":[5,7,5.5,8],"texture":"#0","cullface":"north"},"up":{"uv":[5,7,6,7.5],"texture":"#0","cullface":"north"}}},{"from":[7,9,-0.5],"to":[8,10,0],"light_emission":15,"faces":{"north":{"uv":[8,6,9,7],"texture":"#0","cullface":"north"},"east":{"uv":[8,6,8.5,7],"texture":"#0","cullface":"north"},"up":{"uv":[8,6,9,6.5],"texture":"#0","cullface":"north"}}},{"from":[5,10,-0.5],"to":[6,11,0],"light_emission":15,"faces":{"north":{"uv":[10,5,11,6],"texture":"#0","cullface":"north"},"east":{"uv":[10,5,10.5,6],"texture":"#0","cullface":"north"},"west":{"uv":[10,5,10.5,6],"texture":"#0","cullface":"north"},"up":{"uv":[10,5,11,5.5],"texture":"#0","cullface":"north"}}},{"from":[1,9,-0.5],"to":[2,10,0],"light_emission":15,"faces":{"north":{"uv":[14,6,15,7],"texture":"#0","cullface":"north"},"west":{"uv":[14,6,14.5,7],"texture":"#0","cullface":"north"},"up":{"uv":[14,6,15,6.5],"texture":"#0","cullface":"north"},"down":{"uv":[14,6,15,6.5],"texture":"#0","cullface":"north"}}},{"from":[2,8,-0.5],"to":[3,9,0],"light_emission":15,"faces":{"north":{"uv":[13,7,14,8],"texture":"#0","cullface":"north"},"west":{"uv":[13,7,13.5,8],"texture":"#0","cullface":"north"},"down":{"uv":[13,7,14,7.5],"texture":"#0","cullface":"north"}}},{"from":[3,7,-0.5],"to":[4,8,0],"light_emission":15,"faces":{"north":{"uv":[12,8,13,9],"texture":"#0","cullface":"north"},"east":{"uv":[12,8,12.5,9],"texture":"#0","cullface":"north"},"west":{"uv":[12,8,12.5,9],"texture":"#0","cullface":"north"},"down":{"uv":[12,8,13,8.5],"texture":"#0","cullface":"north"}}},{"from":[6,3,-0.7],"to":[9,4,0],"light_emission":15,"faces":{"north":{"uv":[7,12,10,13],"texture":"#0","cullface":"north"},"east":{"uv":[7,12,7.7,13],"texture":"#0","cullface":"north"},"west":{"uv":[9,12,9.7,13],"texture":"#0","cullface":"north"},"up":{"uv":[7,12,10,12.7],"rotation":180,"texture":"#0","cullface":"north"},"down":{"uv":[7,12,10,12.7],"rotation":180,"texture":"#0","cullface":"north"}}},{"from":[6,2,-0.5],"to":[9,3,0],"light_emission":15,"faces":{"north":{"uv":[7,13,10,14],"texture":"#0","cullface":"north"},"east":{"uv":[7,13,7.7,14],"texture":"#0","cullface":"north"},"west":{"uv":[9,13,9.7,14],"texture":"#0","cullface":"north"},"down":{"uv":[7,13,10,13.7],"rotation":180,"texture":"#0","cullface":"north"}}},{"from":[3,3,-0.5],"to":[6,4,0],"light_emission":15,"faces":{"north":{"uv":[10,12,13,13],"texture":"#0","cullface":"north"},"west":{"uv":[12,12,12.7,13],"texture":"#0","cullface":"north"},"up":{"uv":[10,12,13,12.7],"rotation":180,"texture":"#0","cullface":"north"},"down":{"uv":[10,12,13,12.7],"rotation":180,"texture":"#0","cullface":"north"}}},{"from":[9,12,-0.7],"to":[12,14,0],"light_emission":15,"faces":{"north":{"uv":[4,2,7,4],"texture":"#0","cullface":"north"},"east":{"uv":[4,2,4.5,4],"texture":"#0","cullface":"north"},"west":{"uv":[6,2,6.5,4],"texture":"#0","cullface":"north"},"up":{"uv":[4,2,7,2.5],"rotation":180,"texture":"#0","cullface":"north"},"down":{"uv":[4,3,7,3.5],"rotation":180,"texture":"#0","cullface":"north"}}},{"from":[7,7,-0.7],"to":[10,9,0],"light_emission":15,"faces":{"north":{"uv":[6,7,9,9],"texture":"#0","cullface":"north"},"east":{"uv":[6,7,6.5,9],"texture":"#0","cullface":"north"},"west":{"uv":[8,7,8.5,9],"texture":"#0","cullface":"north"},"up":{"uv":[6,7,9,7.5],"rotation":180,"texture":"#0","cullface":"north"},"down":{"uv":[6,8,9,8.5],"rotation":180,"texture":"#0","cullface":"north"}}},{"from":[4,8,-0.7],"to":[7,10,0],"light_emission":15,"faces":{"north":{"uv":[9,6,12,8],"texture":"#0","cullface":"north"},"east":{"uv":[9,6,9.5,8],"texture":"#0","cullface":"north"},"up":{"uv":[9,6,12,6.5],"rotation":180,"texture":"#0","cullface":"north"},"down":{"uv":[9,7,12,7.5],"rotation":180,"texture":"#0","cullface":"north"}}},{"from":[3,8,-0.7],"to":[4,10,0],"light_emission":15,"faces":{"north":{"uv":[12,6,13,8],"texture":"#0","cullface":"north"},"west":{"uv":[12,6,12.5,8],"texture":"#0","cullface":"north"},"up":{"uv":[12,6,13,6.5],"texture":"#0","cullface":"north"},"down":{"uv":[12,7,13,7.5],"texture":"#0","cullface":"north"}}},{"from":[2,9,-0.7],"to":[3,10,0],"light_emission":15,"faces":{"north":{"uv":[13,6,14,7],"texture":"#0","cullface":"north"},"west":{"uv":[13,6,13.5,7],"texture":"#0","cullface":"north"},"up":{"uv":[13,6,14,6.5],"texture":"#0","cullface":"north"},"down":{"uv":[13,6,14,6.5],"texture":"#0","cullface":"north"}}},{"from":[10,7,-0.7],"to":[11,8,0],"light_emission":15,"faces":{"north":{"uv":[5,8,6,9],"texture":"#0","cullface":"north"},"east":{"uv":[5,8,5.5,9],"texture":"#0","cullface":"north"},"up":{"uv":[5,8,6,8.5],"texture":"#0","cullface":"north"},"down":{"uv":[5,8,6,8.5],"texture":"#0","cullface":"north"}}}]}