{"credit":"Created by Marceus","format_version":"1.21.6","parent":"block/cube_all","textures":{"0":"block/deepslate_iron_ore3","particle":"block/deepslate_iron_ore3"},"elements":[{"from":[0,0,0],"to":[16,16,16],"faces":{"north":{"uv":[0,0,16,16],"texture":"#0","cullface":"north"},"east":{"uv":[0,0,16,16],"texture":"#0","cullface":"east"},"south":{"uv":[0,0,16,16],"texture":"#0","cullface":"south"},"west":{"uv":[0,0,16,16],"texture":"#0","cullface":"west"},"up":{"uv":[0,0,16,16],"texture":"#0","cullface":"up"},"down":{"uv":[0,0,16,16],"texture":"#0","cullface":"down"}}},{"from":[3,1,-0.5],"to":[4,2,0],"light_emission":15,"faces":{"north":{"uv":[12,14,13,15],"texture":"#0","cullface":"north"},"west":{"uv":[12,14,12.5,15],"texture":"#0","cullface":"north"},"up":{"uv":[12,14,13,14.5],"texture":"#0","cullface":"north"},"down":{"uv":[12,14,13,14.5],"texture":"#0","cullface":"north"}}},{"from":[4,2,-0.5],"to":[6,3,0],"light_emission":15,"faces":{"north":{"uv":[10,13,12,14],"texture":"#0","cullface":"north"},"east":{"uv":[10,13,10.5,14],"texture":"#0","cullface":"north"},"west":{"uv":[11,13,11.5,14],"texture":"#0","cullface":"north"},"up":{"uv":[10,13,12,13.5],"rotation":180,"texture":"#0","cullface":"north"}}},{"from":[12,12,-0.5],"to":[14,13,0],"light_emission":15,"faces":{"north":{"uv":[2,3,4,4],"texture":"#0","cullface":"north"},"east":{"uv":[2,3,2.5,4],"texture":"#0","cullface":"north"},"up":{"uv":[2,3,4,3.5],"rotation":180,"texture":"#0","cullface":"north"},"down":{"uv":[2,3,4,3.5],"rotation":180,"texture":"#0","cullface":"north"}}},{"from":[10,11,-0.5],"to":[12,12,0],"light_emission":15,"faces":{"north":{"uv":[4,4,6,5],"texture":"#0","cullface":"north"},"east":{"uv":[4,4,4.5,5],"texture":"#0","cullface":"north"},"west":{"uv":[5,4,5.5,5],"texture":"#0","cullface":"north"},"down":{"uv":[4,4,6,4.5],"rotation":180,"texture":"#0","cullface":"north"}}},{"from":[11,3,-0.5],"to":[13,4,0],"light_emission":15,"faces":{"north":{"uv":[3,12,5,13],"texture":"#0","cullface":"north"},"east":{"uv":[3,12,3.5,13],"texture":"#0","cullface":"north"},"west":{"uv":[4,12,4.5,13],"texture":"#0","cullface":"north"},"down":{"uv":[3,12,5,12.5],"rotation":180,"texture":"#0","cullface":"north"}}},{"from":[1,13,-0.5],"to":[3,14,0],"light_emission":15,"faces":{"north":{"uv":[13,2,15,3],"texture":"#0","cullface":"north"},"west":{"uv":[14,2,14.5,3],"texture":"#0","cullface":"north"},"up":{"uv":[13,2,15,2.5],"rotation":180,"texture":"#0","cullface":"north"},"down":{"uv":[13,2,15,2.5],"rotation":180,"texture":"#0","cullface":"north"}}},{"from":[4,1,-0.7],"to":[6,2,0],"light_emission":15,"faces":{"north":{"uv":[10,14,12,15],"texture":"#0","cullface":"north"},"east":{"uv":[10,14,10.5,15],"texture":"#0","cullface":"north"},"west":{"uv":[11,14,11.5,15],"texture":"#0","cullface":"north"},"up":{"uv":[10,14,12,14.5],"rotation":180,"texture":"#0","cullface":"north"},"down":{"uv":[10,14,12,14.5],"rotation":180,"texture":"#0","cullface":"north"}}},{"from":[6,1,-0.5],"to":[7,2,0],"light_emission":15,"faces":{"north":{"uv":[9,14,10,15],"texture":"#0","cullface":"north"},"east":{"uv":[9,14,9.5,15],"texture":"#0","cullface":"north"},"up":{"uv":[9,14,10,14.5],"texture":"#0","cullface":"north"},"down":{"uv":[9,14,10,14.5],"texture":"#0","cullface":"north"}}},{"from":[9,12,-0.7],"to":[12,13,0],"light_emission":15,"faces":{"north":{"uv":[4,3,7,4],"texture":"#0","cullface":"north"},"east":{"uv":[4,3,4.7,4],"texture":"#0","cullface":"north"},"west":{"uv":[6,3,6.7,4],"texture":"#0","cullface":"north"},"up":{"uv":[4,3,7,3.7],"rotation":180,"texture":"#0","cullface":"north"},"down":{"uv":[4,3,7,3.7],"rotation":180,"texture":"#0","cullface":"north"}}},{"from":[9,13,-0.5],"to":[12,14,0],"light_emission":15,"faces":{"north":{"uv":[4,2,7,3],"texture":"#0","cullface":"north"},"east":{"uv":[4,2,4.7,3],"texture":"#0","cullface":"north"},"west":{"uv":[6,2,6.7,3],"texture":"#0","cullface":"north"},"up":{"uv":[4,2,7,2.7],"rotation":180,"texture":"#0","cullface":"north"}}},{"from":[12,8,-0.5],"to":[15,9,0],"light_emission":15,"faces":{"north":{"uv":[1,7,4,8],"texture":"#0","cullface":"north"},"east":{"uv":[1,7,1.7,8],"texture":"#0","cullface":"north"},"west":{"uv":[3,7,3.7,8],"texture":"#0","cullface":"north"},"up":{"uv":[1,7,4,7.7],"rotation":180,"texture":"#0","cullface":"north"},"down":{"uv":[1,7,4,7.7],"rotation":180,"texture":"#0","cullface":"north"}}},{"from":[4,5,-0.5],"to":[7,6,0],"light_emission":15,"faces":{"north":{"uv":[9,10,12,11],"texture":"#0","cullface":"north"},"west":{"uv":[11,10,11.7,11],"texture":"#0","cullface":"north"},"up":{"uv":[9,10,12,10.7],"rotation":180,"texture":"#0","cullface":"north"},"down":{"uv":[9,10,12,10.7],"rotation":180,"texture":"#0","cullface":"north"}}},{"from":[7,6,-0.5],"to":[12,7,0],"light_emission":15,"faces":{"north":{"uv":[4,9,9,10],"texture":"#0","cullface":"north"},"east":{"uv":[4,9,4.7,10],"texture":"#0","cullface":"north"},"west":{"uv":[8,9,8.7,10],"texture":"#0","cullface":"north"},"up":{"uv":[4,9,9,9.7],"rotation":180,"texture":"#0","cullface":"north"}}},{"from":[14,4,-0.5],"to":[15,6,0],"light_emission":15,"faces":{"north":{"uv":[1,10,2,12],"texture":"#0","cullface":"north"},"east":{"uv":[1,10,1.5,12],"texture":"#0","cullface":"north"},"up":{"uv":[1,10,2,10.5],"texture":"#0","cullface":"north"},"down":{"uv":[1,11,2,11.5],"texture":"#0","cullface":"north"}}},{"from":[6,8,-0.5],"to":[7,10,0],"light_emission":15,"faces":{"north":{"uv":[9,6,10,8],"texture":"#0","cullface":"north"},"east":{"uv":[9,6,9.5,8],"texture":"#0","cullface":"north"},"up":{"uv":[9,6,10,6.5],"texture":"#0","cullface":"north"},"down":{"uv":[9,7,10,7.5],"texture":"#0","cullface":"north"}}},{"from":[2,8,-0.5],"to":[3,9,0],"light_emission":15,"faces":{"north":{"uv":[13,7,14,8],"texture":"#0","cullface":"north"},"west":{"uv":[13,7,13.5,8],"texture":"#0","cullface":"north"},"up":{"uv":[13,7,14,7.5],"texture":"#0","cullface":"north"},"down":{"uv":[13,7,14,7.5],"texture":"#0","cullface":"north"}}},{"from":[5,10,-0.5],"to":[6,11,0],"light_emission":15,"faces":{"north":{"uv":[10,5,11,6],"texture":"#0","cullface":"north"},"east":{"uv":[10,5,10.5,6],"texture":"#0","cullface":"north"},"west":{"uv":[10,5,10.5,6],"texture":"#0","cullface":"north"},"up":{"uv":[10,5,11,5.5],"texture":"#0","cullface":"north"}}},{"from":[8,12,-0.5],"to":[9,13,0],"light_emission":15,"faces":{"north":{"uv":[7,3,8,4],"texture":"#0","cullface":"north"},"west":{"uv":[7,3,7.5,4],"texture":"#0","cullface":"north"},"up":{"uv":[7,3,8,3.5],"texture":"#0","cullface":"north"},"down":{"uv":[7,3,8,3.5],"texture":"#0","cullface":"north"}}},{"from":[4,13,-0.5],"to":[5,14,0],"light_emission":15,"faces":{"north":{"uv":[11,2,12,3],"texture":"#0","cullface":"north"},"east":{"uv":[11,2,11.5,3],"texture":"#0","cullface":"north"},"up":{"uv":[11,2,12,2.5],"texture":"#0","cullface":"north"},"down":{"uv":[11,2,12,2.5],"texture":"#0","cullface":"north"}}},{"from":[2,12,-0.7],"to":[3,13,0],"light_emission":15,"faces":{"north":{"uv":[13,3,14,4],"texture":"#0","cullface":"north"},"east":{"uv":[13,3,13.7,4],"texture":"#0","cullface":"north"},"west":{"uv":[13,3,13.7,4],"texture":"#0","cullface":"north"},"up":{"uv":[13,3,14,3.7],"texture":"#0","cullface":"north"},"down":{"uv":[13,3,14,3.7],"texture":"#0","cullface":"north"}}},{"from":[3,12,-0.5],"to":[4,13,0],"light_emission":15,"faces":{"north":{"uv":[12,3,13,4],"texture":"#0","cullface":"north"},"east":{"uv":[12,3,12.5,4],"texture":"#0","cullface":"north"},"down":{"uv":[12,3,13,3.5],"texture":"#0","cullface":"north"}}},{"from":[3,14,-0.5],"to":[4,15,0],"light_emission":15,"faces":{"north":{"uv":[12,1,13,2],"texture":"#0","cullface":"north"},"east":{"uv":[12,1,12.5,2],"texture":"#0","cullface":"north"},"west":{"uv":[12,1,12.5,2],"texture":"#0","cullface":"north"},"up":{"uv":[12,1,13,1.5],"texture":"#0","cullface":"north"}}},{"from":[3,13,-0.7],"to":[4,14,0],"light_emission":15,"faces":{"north":{"uv":[12,2,13,3],"texture":"#0","cullface":"north"},"east":{"uv":[12,2,12.7,3],"texture":"#0","cullface":"north"},"west":{"uv":[12,2,12.7,3],"texture":"#0","cullface":"north"},"up":{"uv":[12,2,13,2.7],"texture":"#0","cullface":"north"},"down":{"uv":[12,2,13,2.7],"texture":"#0","cullface":"north"}}},{"from":[7,4,-0.7],"to":[14,6,0],"light_emission":15,"faces":{"north":{"uv":[2,10,9,12],"texture":"#0","cullface":"north"},"east":{"uv":[2,10,2.7,12],"texture":"#0","cullface":"north"},"west":{"uv":[8,10,8.7,12],"texture":"#0","cullface":"north"},"up":{"uv":[2,10,9,10.7],"rotation":180,"texture":"#0","cullface":"north"},"down":{"uv":[2,11,9,11.7],"rotation":180,"texture":"#0","cullface":"north"}}},{"from":[-0.5,10,10],"to":[0,11,11],"light_emission":15,"faces":{"north":{"uv":[10,5,10.5,6],"texture":"#0","cullface":"west"},"south":{"uv":[10,5,10.5,6],"texture":"#0","cullface":"west"},"west":{"uv":[10,5,11,6],"texture":"#0","cullface":"west"},"up":{"uv":[10,5,11,5.5],"rotation":270,"texture":"#0","cullface":"west"}}},{"from":[-0.5,8,13],"to":[0,9,14],"light_emission":15,"faces":{"south":{"uv":[13,7,13.5,8],"texture":"#0","cullface":"west"},"west":{"uv":[13,7,14,8],"texture":"#0","cullface":"west"},"up":{"uv":[13,7,14,7.5],"rotation":270,"texture":"#0","cullface":"west"},"down":{"uv":[13,7,14,7.5],"rotation":90,"texture":"#0","cullface":"west"}}},{"from":[-0.5,8,9],"to":[0,10,10],"light_emission":15,"faces":{"north":{"uv":[9,6,9.5,8],"texture":"#0","cullface":"west"},"west":{"uv":[9,6,10,8],"texture":"#0","cullface":"west"},"up":{"uv":[9,6,10,6.5],"rotation":270,"texture":"#0","cullface":"west"},"down":{"uv":[9,7,10,7.5],"rotation":90,"texture":"#0","cullface":"west"}}},{"from":[-0.7,8,10],"to":[0,10,13],"light_emission":15,"faces":{"north":{"uv":[6,9,6.5,11],"texture":"#0","cullface":"west"},"south":{"uv":[8,9,8.5,11],"texture":"#0","cullface":"west"},"west":{"uv":[6,9,9,11],"texture":"#0","cullface":"west"},"up":{"uv":[6,9,9,9.5],"rotation":90,"texture":"#0","cullface":"west"},"down":{"uv":[6,10,9,10.5],"rotation":270,"texture":"#0","cullface":"west"}}},{"from":[-0.5,4,1],"to":[0,6,2],"light_emission":15,"faces":{"north":{"uv":[1,10,1.5,12],"texture":"#0","cullface":"west"},"west":{"uv":[1,10,2,12],"texture":"#0","cullface":"west"},"up":{"uv":[1,10,2,10.5],"rotation":270,"texture":"#0","cullface":"west"},"down":{"uv":[1,11,2,11.5],"rotation":90,"texture":"#0","cullface":"west"}}},{"from":[-0.5,6,4],"to":[0,7,9],"light_emission":15,"faces":{"north":{"uv":[4,9,4.7,10],"texture":"#0","cullface":"west"},"south":{"uv":[8,9,8.7,10],"texture":"#0","cullface":"west"},"west":{"uv":[4,9,9,10],"texture":"#0","cullface":"west"},"up":{"uv":[4,9,9,9.7],"rotation":90,"texture":"#0","cullface":"west"}}},{"from":[-0.5,5,9],"to":[0,6,12],"light_emission":15,"faces":{"south":{"uv":[11,10,11.7,11],"texture":"#0","cullface":"west"},"west":{"uv":[9,10,12,11],"texture":"#0","cullface":"west"},"up":{"uv":[9,10,12,10.7],"rotation":90,"texture":"#0","cullface":"west"},"down":{"uv":[9,10,12,10.7],"rotation":270,"texture":"#0","cullface":"west"}}},{"from":[-0.5,3,3],"to":[0,4,5],"light_emission":15,"faces":{"north":{"uv":[3,12,3.5,13],"texture":"#0","cullface":"west"},"south":{"uv":[4,12,4.5,13],"texture":"#0","cullface":"west"},"west":{"uv":[3,12,5,13],"texture":"#0","cullface":"west"},"down":{"uv":[3,12,5,12.5],"rotation":270,"texture":"#0","cullface":"west"}}},{"from":[-0.7,12,13],"to":[0,13,14],"light_emission":15,"faces":{"north":{"uv":[13,3,13.7,4],"texture":"#0","cullface":"west"},"south":{"uv":[13,3,13.7,4],"texture":"#0","cullface":"west"},"west":{"uv":[13,3,14,4],"texture":"#0","cullface":"west"},"up":{"uv":[13,3,14,3.7],"rotation":270,"texture":"#0","cullface":"west"},"down":{"uv":[13,3,14,3.7],"rotation":90,"texture":"#0","cullface":"west"}}},{"from":[-0.5,12,12],"to":[0,13,13],"light_emission":15,"faces":{"north":{"uv":[12,3,12.5,4],"texture":"#0","cullface":"west"},"west":{"uv":[12,3,13,4],"texture":"#0","cullface":"west"},"down":{"uv":[12,3,13,3.5],"rotation":90,"texture":"#0","cullface":"west"}}},{"from":[-0.7,13,12],"to":[0,14,13],"light_emission":15,"faces":{"north":{"uv":[12,2,12.7,3],"texture":"#0","cullface":"west"},"south":{"uv":[12,2,12.7,3],"texture":"#0","cullface":"west"},"west":{"uv":[12,2,13,3],"texture":"#0","cullface":"west"},"up":{"uv":[12,2,13,2.7],"rotation":270,"texture":"#0","cullface":"west"},"down":{"uv":[12,2,13,2.7],"rotation":90,"texture":"#0","cullface":"west"}}},{"from":[-0.5,14,12],"to":[0,15,13],"light_emission":15,"faces":{"north":{"uv":[12,1,12.5,2],"texture":"#0","cullface":"west"},"south":{"uv":[12,1,12.5,2],"texture":"#0","cullface":"west"},"west":{"uv":[12,1,13,2],"texture":"#0","cullface":"west"},"up":{"uv":[12,1,13,1.5],"rotation":270,"texture":"#0","cullface":"west"}}},{"from":[-0.5,13,11],"to":[0,14,12],"light_emission":15,"faces":{"north":{"uv":[11,2,11.5,3],"texture":"#0","cullface":"west"},"west":{"uv":[11,2,12,3],"texture":"#0","cullface":"west"},"up":{"uv":[11,2,12,2.5],"rotation":270,"texture":"#0","cullface":"west"},"down":{"uv":[11,2,12,2.5],"rotation":90,"texture":"#0","cullface":"west"}}},{"from":[-0.5,13,13],"to":[0,14,15],"light_emission":15,"faces":{"south":{"uv":[14,2,14.5,3],"texture":"#0","cullface":"west"},"west":{"uv":[13,2,15,3],"texture":"#0","cullface":"west"},"up":{"uv":[13,2,15,2.5],"rotation":90,"texture":"#0","cullface":"west"},"down":{"uv":[13,2,15,2.5],"rotation":270,"texture":"#0","cullface":"west"}}},{"from":[-0.5,11,4],"to":[0,12,6],"light_emission":15,"faces":{"north":{"uv":[4,4,4.5,5],"texture":"#0","cullface":"west"},"south":{"uv":[5,4,5.5,5],"texture":"#0","cullface":"west"},"west":{"uv":[4,4,6,5],"texture":"#0","cullface":"west"},"down":{"uv":[4,4,6,4.5],"rotation":270,"texture":"#0","cullface":"west"}}},{"from":[-0.5,12,2],"to":[0,13,4],"light_emission":15,"faces":{"north":{"uv":[2,3,2.5,4],"texture":"#0","cullface":"west"},"west":{"uv":[2,3,4,4],"texture":"#0","cullface":"west"},"up":{"uv":[2,3,4,3.5],"rotation":90,"texture":"#0","cullface":"west"},"down":{"uv":[2,3,4,3.5],"rotation":270,"texture":"#0","cullface":"west"}}},{"from":[-0.5,8,1],"to":[0,9,4],"light_emission":15,"faces":{"north":{"uv":[1,7,1.7,8],"texture":"#0","cullface":"west"},"south":{"uv":[3,7,3.7,8],"texture":"#0","cullface":"west"},"west":{"uv":[1,7,4,8],"texture":"#0","cullface":"west"},"up":{"uv":[1,7,4,7.7],"rotation":90,"texture":"#0","cullface":"west"},"down":{"uv":[1,7,4,7.7],"rotation":270,"texture":"#0","cullface":"west"}}},{"from":[-0.5,12,7],"to":[0,13,8],"light_emission":15,"faces":{"south":{"uv":[7,3,7.5,4],"texture":"#0","cullface":"west"},"west":{"uv":[7,3,8,4],"texture":"#0","cullface":"west"},"up":{"uv":[7,3,8,3.5],"rotation":270,"texture":"#0","cullface":"west"},"down":{"uv":[7,3,8,3.5],"rotation":90,"texture":"#0","cullface":"west"}}},{"from":[-0.7,12,4],"to":[0,13,7],"light_emission":15,"faces":{"north":{"uv":[4,3,4.7,4],"texture":"#0","cullface":"west"},"south":{"uv":[6,3,6.7,4],"texture":"#0","cullface":"west"},"west":{"uv":[4,3,7,4],"texture":"#0","cullface":"west"},"up":{"uv":[4,3,7,3.7],"rotation":90,"texture":"#0","cullface":"west"},"down":{"uv":[4,3,7,3.7],"rotation":270,"texture":"#0","cullface":"west"}}},{"from":[-0.5,13,4],"to":[0,14,7],"light_emission":15,"faces":{"north":{"uv":[4,2,4.7,3],"texture":"#0","cullface":"west"},"south":{"uv":[6,2,6.7,3],"texture":"#0","cullface":"west"},"west":{"uv":[4,2,7,3],"texture":"#0","cullface":"west"},"up":{"uv":[4,2,7,2.7],"rotation":90,"texture":"#0","cullface":"west"}}},{"from":[-0.5,1,12],"to":[0,2,13],"light_emission":15,"faces":{"south":{"uv":[12,14,12.5,15],"texture":"#0","cullface":"west"},"west":{"uv":[12,14,13,15],"texture":"#0","cullface":"west"},"up":{"uv":[12,14,13,14.5],"rotation":270,"texture":"#0","cullface":"west"},"down":{"uv":[12,14,13,14.5],"rotation":90,"texture":"#0","cullface":"west"}}},{"from":[-0.5,2,10],"to":[0,3,12],"light_emission":15,"faces":{"north":{"uv":[10,13,10.5,14],"texture":"#0","cullface":"west"},"south":{"uv":[11,13,11.5,14],"texture":"#0","cullface":"west"},"west":{"uv":[10,13,12,14],"texture":"#0","cullface":"west"},"up":{"uv":[10,13,12,13.5],"rotation":90,"texture":"#0","cullface":"west"}}},{"from":[-0.7,1,10],"to":[0,2,12],"light_emission":15,"faces":{"north":{"uv":[10,14,10.5,15],"texture":"#0","cullface":"west"},"south":{"uv":[11,14,11.5,15],"texture":"#0","cullface":"west"},"west":{"uv":[10,14,12,15],"texture":"#0","cullface":"west"},"up":{"uv":[10,14,12,14.5],"rotation":90,"texture":"#0","cullface":"west"},"down":{"uv":[10,14,12,14.5],"rotation":270,"texture":"#0","cullface":"west"}}},{"from":[-0.5,1,9],"to":[0,2,10],"light_emission":15,"faces":{"north":{"uv":[9,14,9.5,15],"texture":"#0","cullface":"west"},"west":{"uv":[9,14,10,15],"texture":"#0","cullface":"west"},"up":{"uv":[9,14,10,14.5],"rotation":270,"texture":"#0","cullface":"west"},"down":{"uv":[9,14,10,14.5],"rotation":90,"texture":"#0","cullface":"west"}}},{"from":[-0.7,4,2],"to":[0,6,9],"light_emission":15,"faces":{"north":{"uv":[2,10,2.7,12],"texture":"#0","cullface":"west"},"south":{"uv":[8,10,8.7,12],"texture":"#0","cullface":"west"},"west":{"uv":[2,10,9,12],"texture":"#0","cullface":"west"},"up":{"uv":[2,10,9,10.7],"rotation":90,"texture":"#0","cullface":"west"},"down":{"uv":[2,11,9,11.7],"rotation":270,"texture":"#0","cullface":"west"}}},{"from":[10,10,16],"to":[11,11,16.5],"light_emission":15,"faces":{"east":{"uv":[10,5,10.5,6],"texture":"#0","cullface":"south"},"south":{"uv":[10,5,11,6],"texture":"#0","cullface":"south"},"west":{"uv":[10,5,10.5,6],"texture":"#0","cullface":"south"},"up":{"uv":[10,5,11,5.5],"rotation":180,"texture":"#0","cullface":"south"}}},{"from":[13,8,16],"to":[14,9,16.5],"light_emission":15,"faces":{"east":{"uv":[13,7,13.5,8],"texture":"#0","cullface":"south"},"south":{"uv":[13,7,14,8],"texture":"#0","cullface":"south"},"up":{"uv":[13,7,14,7.5],"rotation":180,"texture":"#0","cullface":"south"},"down":{"uv":[13,7,14,7.5],"rotation":180,"texture":"#0","cullface":"south"}}},{"from":[9,8,16],"to":[10,10,16.5],"light_emission":15,"faces":{"south":{"uv":[9,6,10,8],"texture":"#0","cullface":"south"},"west":{"uv":[9,6,9.5,8],"texture":"#0","cullface":"south"},"up":{"uv":[9,6,10,6.5],"rotation":180,"texture":"#0","cullface":"south"},"down":{"uv":[9,7,10,7.5],"rotation":180,"texture":"#0","cullface":"south"}}},{"from":[10,8,16],"to":[13,10,16.7],"light_emission":15,"faces":{"east":{"uv":[8,9,8.5,11],"texture":"#0","cullface":"south"},"south":{"uv":[6,9,9,11],"texture":"#0","cullface":"south"},"west":{"uv":[6,9,6.5,11],"texture":"#0","cullface":"south"},"up":{"uv":[6,9,9,9.5],"texture":"#0","cullface":"south"},"down":{"uv":[6,10,9,10.5],"texture":"#0","cullface":"south"}}},{"from":[1,4,16],"to":[2,6,16.5],"light_emission":15,"faces":{"south":{"uv":[1,10,2,12],"texture":"#0","cullface":"south"},"west":{"uv":[1,10,1.5,12],"texture":"#0","cullface":"south"},"up":{"uv":[1,10,2,10.5],"rotation":180,"texture":"#0","cullface":"south"},"down":{"uv":[1,11,2,11.5],"rotation":180,"texture":"#0","cullface":"south"}}},{"from":[4,6,16],"to":[9,7,16.5],"light_emission":15,"faces":{"east":{"uv":[8,9,8.7,10],"texture":"#0","cullface":"south"},"south":{"uv":[4,9,9,10],"texture":"#0","cullface":"south"},"west":{"uv":[4,9,4.7,10],"texture":"#0","cullface":"south"},"up":{"uv":[4,9,9,9.7],"texture":"#0","cullface":"south"}}},{"from":[9,5,16],"to":[12,6,16.5],"light_emission":15,"faces":{"east":{"uv":[11,10,11.7,11],"texture":"#0","cullface":"south"},"south":{"uv":[9,10,12,11],"texture":"#0","cullface":"south"},"up":{"uv":[9,10,12,10.7],"texture":"#0","cullface":"south"},"down":{"uv":[9,10,12,10.7],"texture":"#0","cullface":"south"}}},{"from":[3,3,16],"to":[5,4,16.5],"light_emission":15,"faces":{"east":{"uv":[4,12,4.5,13],"texture":"#0","cullface":"south"},"south":{"uv":[3,12,5,13],"texture":"#0","cullface":"south"},"west":{"uv":[3,12,3.5,13],"texture":"#0","cullface":"south"},"down":{"uv":[3,12,5,12.5],"texture":"#0","cullface":"south"}}},{"from":[13,12,16],"to":[14,13,16.7],"light_emission":15,"faces":{"east":{"uv":[13,3,13.7,4],"texture":"#0","cullface":"south"},"south":{"uv":[13,3,14,4],"texture":"#0","cullface":"south"},"west":{"uv":[13,3,13.7,4],"texture":"#0","cullface":"south"},"up":{"uv":[13,3,14,3.7],"rotation":180,"texture":"#0","cullface":"south"},"down":{"uv":[13,3,14,3.7],"rotation":180,"texture":"#0","cullface":"south"}}},{"from":[12,12,16],"to":[13,13,16.5],"light_emission":15,"faces":{"south":{"uv":[12,3,13,4],"texture":"#0","cullface":"south"},"west":{"uv":[12,3,12.5,4],"texture":"#0","cullface":"south"},"down":{"uv":[12,3,13,3.5],"rotation":180,"texture":"#0","cullface":"south"}}},{"from":[12,13,16],"to":[13,14,16.7],"light_emission":15,"faces":{"east":{"uv":[12,2,12.7,3],"texture":"#0","cullface":"south"},"south":{"uv":[12,2,13,3],"texture":"#0","cullface":"south"},"west":{"uv":[12,2,12.7,3],"texture":"#0","cullface":"south"},"up":{"uv":[12,2,13,2.7],"rotation":180,"texture":"#0","cullface":"south"},"down":{"uv":[12,2,13,2.7],"rotation":180,"texture":"#0","cullface":"south"}}},{"from":[12,14,16],"to":[13,15,16.5],"light_emission":15,"faces":{"east":{"uv":[12,1,12.5,2],"texture":"#0","cullface":"south"},"south":{"uv":[12,1,13,2],"texture":"#0","cullface":"south"},"west":{"uv":[12,1,12.5,2],"texture":"#0","cullface":"south"},"up":{"uv":[12,1,13,1.5],"rotation":180,"texture":"#0","cullface":"south"}}},{"from":[11,13,16],"to":[12,14,16.5],"light_emission":15,"faces":{"south":{"uv":[11,2,12,3],"texture":"#0","cullface":"south"},"west":{"uv":[11,2,11.5,3],"texture":"#0","cullface":"south"},"up":{"uv":[11,2,12,2.5],"rotation":180,"texture":"#0","cullface":"south"},"down":{"uv":[11,2,12,2.5],"rotation":180,"texture":"#0","cullface":"south"}}},{"from":[13,13,16],"to":[15,14,16.5],"light_emission":15,"faces":{"east":{"uv":[14,2,14.5,3],"texture":"#0","cullface":"south"},"south":{"uv":[13,2,15,3],"texture":"#0","cullface":"south"},"up":{"uv":[13,2,15,2.5],"texture":"#0","cullface":"south"},"down":{"uv":[13,2,15,2.5],"texture":"#0","cullface":"south"}}},{"from":[4,11,16],"to":[6,12,16.5],"light_emission":15,"faces":{"east":{"uv":[5,4,5.5,5],"texture":"#0","cullface":"south"},"south":{"uv":[4,4,6,5],"texture":"#0","cullface":"south"},"west":{"uv":[4,4,4.5,5],"texture":"#0","cullface":"south"},"down":{"uv":[4,4,6,4.5],"texture":"#0","cullface":"south"}}},{"from":[2,12,16],"to":[4,13,16.5],"light_emission":15,"faces":{"south":{"uv":[2,3,4,4],"texture":"#0","cullface":"south"},"west":{"uv":[2,3,2.5,4],"texture":"#0","cullface":"south"},"up":{"uv":[2,3,4,3.5],"texture":"#0","cullface":"south"},"down":{"uv":[2,3,4,3.5],"texture":"#0","cullface":"south"}}},{"from":[1,8,16],"to":[4,9,16.5],"light_emission":15,"faces":{"east":{"uv":[3,7,3.7,8],"texture":"#0","cullface":"south"},"south":{"uv":[1,7,4,8],"texture":"#0","cullface":"south"},"west":{"uv":[1,7,1.7,8],"texture":"#0","cullface":"south"},"up":{"uv":[1,7,4,7.7],"texture":"#0","cullface":"south"},"down":{"uv":[1,7,4,7.7],"texture":"#0","cullface":"south"}}},{"from":[7,12,16],"to":[8,13,16.5],"light_emission":15,"faces":{"east":{"uv":[7,3,7.5,4],"texture":"#0","cullface":"south"},"south":{"uv":[7,3,8,4],"texture":"#0","cullface":"south"},"up":{"uv":[7,3,8,3.5],"rotation":180,"texture":"#0","cullface":"south"},"down":{"uv":[7,3,8,3.5],"rotation":180,"texture":"#0","cullface":"south"}}},{"from":[4,12,16],"to":[7,13,16.7],"light_emission":15,"faces":{"east":{"uv":[6,3,6.7,4],"texture":"#0","cullface":"south"},"south":{"uv":[4,3,7,4],"texture":"#0","cullface":"south"},"west":{"uv":[4,3,4.7,4],"texture":"#0","cullface":"south"},"up":{"uv":[4,3,7,3.7],"texture":"#0","cullface":"south"},"down":{"uv":[4,3,7,3.7],"texture":"#0","cullface":"south"}}},{"from":[4,13,16],"to":[7,14,16.5],"light_emission":15,"faces":{"east":{"uv":[6,2,6.7,3],"texture":"#0","cullface":"south"},"south":{"uv":[4,2,7,3],"texture":"#0","cullface":"south"},"west":{"uv":[4,2,4.7,3],"texture":"#0","cullface":"south"},"up":{"uv":[4,2,7,2.7],"texture":"#0","cullface":"south"}}},{"from":[12,1,16],"to":[13,2,16.5],"light_emission":15,"faces":{"east":{"uv":[12,14,12.5,15],"texture":"#0","cullface":"south"},"south":{"uv":[12,14,13,15],"texture":"#0","cullface":"south"},"up":{"uv":[12,14,13,14.5],"rotation":180,"texture":"#0","cullface":"south"},"down":{"uv":[12,14,13,14.5],"rotation":180,"texture":"#0","cullface":"south"}}},{"from":[10,2,16],"to":[12,3,16.5],"light_emission":15,"faces":{"east":{"uv":[11,13,11.5,14],"texture":"#0","cullface":"south"},"south":{"uv":[10,13,12,14],"texture":"#0","cullface":"south"},"west":{"uv":[10,13,10.5,14],"texture":"#0","cullface":"south"},"up":{"uv":[10,13,12,13.5],"texture":"#0","cullface":"south"}}},{"from":[10,1,16],"to":[12,2,16.7],"light_emission":15,"faces":{"east":{"uv":[11,14,11.5,15],"texture":"#0","cullface":"south"},"south":{"uv":[10,14,12,15],"texture":"#0","cullface":"south"},"west":{"uv":[10,14,10.5,15],"texture":"#0","cullface":"south"},"up":{"uv":[10,14,12,14.5],"texture":"#0","cullface":"south"},"down":{"uv":[10,14,12,14.5],"texture":"#0","cullface":"south"}}},{"from":[9,1,16],"to":[10,2,16.5],"light_emission":15,"faces":{"south":{"uv":[9,14,10,15],"texture":"#0","cullface":"south"},"west":{"uv":[9,14,9.5,15],"texture":"#0","cullface":"south"},"up":{"uv":[9,14,10,14.5],"rotation":180,"texture":"#0","cullface":"south"},"down":{"uv":[9,14,10,14.5],"rotation":180,"texture":"#0","cullface":"south"}}},{"from":[2,4,16],"to":[9,6,16.7],"light_emission":15,"faces":{"east":{"uv":[8,10,8.7,12],"texture":"#0","cullface":"south"},"south":{"uv":[2,10,9,12],"texture":"#0","cullface":"south"},"west":{"uv":[2,10,2.7,12],"texture":"#0","cullface":"south"},"up":{"uv":[2,10,9,10.7],"texture":"#0","cullface":"south"},"down":{"uv":[2,11,9,11.7],"texture":"#0","cullface":"south"}}},{"from":[16,10,5],"to":[16.5,11,6],"light_emission":15,"faces":{"north":{"uv":[10,5,10.5,6],"texture":"#0","cullface":"east"},"east":{"uv":[10,5,11,6],"texture":"#0","cullface":"east"},"south":{"uv":[10,5,10.5,6],"texture":"#0","cullface":"east"},"up":{"uv":[10,5,11,5.5],"rotation":90,"texture":"#0","cullface":"east"}}},{"from":[16,8,2],"to":[16.5,9,3],"light_emission":15,"faces":{"north":{"uv":[13,7,13.5,8],"texture":"#0","cullface":"east"},"east":{"uv":[13,7,14,8],"texture":"#0","cullface":"east"},"up":{"uv":[13,7,14,7.5],"rotation":90,"texture":"#0","cullface":"east"},"down":{"uv":[13,7,14,7.5],"rotation":270,"texture":"#0","cullface":"east"}}},{"from":[16,8,6],"to":[16.5,10,7],"light_emission":15,"faces":{"east":{"uv":[9,6,10,8],"texture":"#0","cullface":"east"},"south":{"uv":[9,6,9.5,8],"texture":"#0","cullface":"east"},"up":{"uv":[9,6,10,6.5],"rotation":90,"texture":"#0","cullface":"east"},"down":{"uv":[9,7,10,7.5],"rotation":270,"texture":"#0","cullface":"east"}}},{"from":[16,8,3],"to":[16.7,10,6],"light_emission":15,"faces":{"north":{"uv":[8,9,8.5,11],"texture":"#0","cullface":"east"},"east":{"uv":[6,9,9,11],"texture":"#0","cullface":"east"},"south":{"uv":[6,9,6.5,11],"texture":"#0","cullface":"east"},"up":{"uv":[6,9,9,9.5],"rotation":270,"texture":"#0","cullface":"east"},"down":{"uv":[6,10,9,10.5],"rotation":90,"texture":"#0","cullface":"east"}}},{"from":[16,4,14],"to":[16.5,6,15],"light_emission":15,"faces":{"east":{"uv":[1,10,2,12],"texture":"#0","cullface":"east"},"south":{"uv":[1,10,1.5,12],"texture":"#0","cullface":"east"},"up":{"uv":[1,10,2,10.5],"rotation":90,"texture":"#0","cullface":"east"},"down":{"uv":[1,11,2,11.5],"rotation":270,"texture":"#0","cullface":"east"}}},{"from":[16,6,7],"to":[16.5,7,12],"light_emission":15,"faces":{"north":{"uv":[8,9,8.7,10],"texture":"#0","cullface":"east"},"east":{"uv":[4,9,9,10],"texture":"#0","cullface":"east"},"south":{"uv":[4,9,4.7,10],"texture":"#0","cullface":"east"},"up":{"uv":[4,9,9,9.7],"rotation":270,"texture":"#0","cullface":"east"}}},{"from":[16,5,4],"to":[16.5,6,7],"light_emission":15,"faces":{"north":{"uv":[11,10,11.7,11],"texture":"#0","cullface":"east"},"east":{"uv":[9,10,12,11],"texture":"#0","cullface":"east"},"up":{"uv":[9,10,12,10.7],"rotation":270,"texture":"#0","cullface":"east"},"down":{"uv":[9,10,12,10.7],"rotation":90,"texture":"#0","cullface":"east"}}},{"from":[16,3,11],"to":[16.5,4,13],"light_emission":15,"faces":{"north":{"uv":[4,12,4.5,13],"texture":"#0","cullface":"east"},"east":{"uv":[3,12,5,13],"texture":"#0","cullface":"east"},"south":{"uv":[3,12,3.5,13],"texture":"#0","cullface":"east"},"down":{"uv":[3,12,5,12.5],"rotation":90,"texture":"#0","cullface":"east"}}},{"from":[16,12,2],"to":[16.7,13,3],"light_emission":15,"faces":{"north":{"uv":[13,3,13.7,4],"texture":"#0","cullface":"east"},"east":{"uv":[13,3,14,4],"texture":"#0","cullface":"east"},"south":{"uv":[13,3,13.7,4],"texture":"#0","cullface":"east"},"up":{"uv":[13,3,14,3.7],"rotation":90,"texture":"#0","cullface":"east"},"down":{"uv":[13,3,14,3.7],"rotation":270,"texture":"#0","cullface":"east"}}},{"from":[16,12,3],"to":[16.5,13,4],"light_emission":15,"faces":{"east":{"uv":[12,3,13,4],"texture":"#0","cullface":"east"},"south":{"uv":[12,3,12.5,4],"texture":"#0","cullface":"east"},"down":{"uv":[12,3,13,3.5],"rotation":270,"texture":"#0","cullface":"east"}}},{"from":[16,13,3],"to":[16.7,14,4],"light_emission":15,"faces":{"north":{"uv":[12,2,12.7,3],"texture":"#0","cullface":"east"},"east":{"uv":[12,2,13,3],"texture":"#0","cullface":"east"},"south":{"uv":[12,2,12.7,3],"texture":"#0","cullface":"east"},"up":{"uv":[12,2,13,2.7],"rotation":90,"texture":"#0","cullface":"east"},"down":{"uv":[12,2,13,2.7],"rotation":270,"texture":"#0","cullface":"east"}}},{"from":[16,14,3],"to":[16.5,15,4],"light_emission":15,"faces":{"north":{"uv":[12,1,12.5,2],"texture":"#0","cullface":"east"},"east":{"uv":[12,1,13,2],"texture":"#0","cullface":"east"},"south":{"uv":[12,1,12.5,2],"texture":"#0","cullface":"east"},"up":{"uv":[12,1,13,1.5],"rotation":90,"texture":"#0","cullface":"east"}}},{"from":[16,13,4],"to":[16.5,14,5],"light_emission":15,"faces":{"east":{"uv":[11,2,12,3],"texture":"#0","cullface":"east"},"south":{"uv":[11,2,11.5,3],"texture":"#0","cullface":"east"},"up":{"uv":[11,2,12,2.5],"rotation":90,"texture":"#0","cullface":"east"},"down":{"uv":[11,2,12,2.5],"rotation":270,"texture":"#0","cullface":"east"}}},{"from":[16,13,1],"to":[16.5,14,3],"light_emission":15,"faces":{"north":{"uv":[14,2,14.5,3],"texture":"#0","cullface":"east"},"east":{"uv":[13,2,15,3],"texture":"#0","cullface":"east"},"up":{"uv":[13,2,15,2.5],"rotation":270,"texture":"#0","cullface":"east"},"down":{"uv":[13,2,15,2.5],"rotation":90,"texture":"#0","cullface":"east"}}},{"from":[16,11,10],"to":[16.5,12,12],"light_emission":15,"faces":{"north":{"uv":[5,4,5.5,5],"texture":"#0","cullface":"east"},"east":{"uv":[4,4,6,5],"texture":"#0","cullface":"east"},"south":{"uv":[4,4,4.5,5],"texture":"#0","cullface":"east"},"down":{"uv":[4,4,6,4.5],"rotation":90,"texture":"#0","cullface":"east"}}},{"from":[16,12,12],"to":[16.5,13,14],"light_emission":15,"faces":{"east":{"uv":[2,3,4,4],"texture":"#0","cullface":"east"},"south":{"uv":[2,3,2.5,4],"texture":"#0","cullface":"east"},"up":{"uv":[2,3,4,3.5],"rotation":270,"texture":"#0","cullface":"east"},"down":{"uv":[2,3,4,3.5],"rotation":90,"texture":"#0","cullface":"east"}}},{"from":[16,8,12],"to":[16.5,9,15],"light_emission":15,"faces":{"north":{"uv":[3,7,3.7,8],"texture":"#0","cullface":"east"},"east":{"uv":[1,7,4,8],"texture":"#0","cullface":"east"},"south":{"uv":[1,7,1.7,8],"texture":"#0","cullface":"east"},"up":{"uv":[1,7,4,7.7],"rotation":270,"texture":"#0","cullface":"east"},"down":{"uv":[1,7,4,7.7],"rotation":90,"texture":"#0","cullface":"east"}}},{"from":[16,12,8],"to":[16.5,13,9],"light_emission":15,"faces":{"north":{"uv":[7,3,7.5,4],"texture":"#0","cullface":"east"},"east":{"uv":[7,3,8,4],"texture":"#0","cullface":"east"},"up":{"uv":[7,3,8,3.5],"rotation":90,"texture":"#0","cullface":"east"},"down":{"uv":[7,3,8,3.5],"rotation":270,"texture":"#0","cullface":"east"}}},{"from":[16,12,9],"to":[16.7,13,12],"light_emission":15,"faces":{"north":{"uv":[6,3,6.7,4],"texture":"#0","cullface":"east"},"east":{"uv":[4,3,7,4],"texture":"#0","cullface":"east"},"south":{"uv":[4,3,4.7,4],"texture":"#0","cullface":"east"},"up":{"uv":[4,3,7,3.7],"rotation":270,"texture":"#0","cullface":"east"},"down":{"uv":[4,3,7,3.7],"rotation":90,"texture":"#0","cullface":"east"}}},{"from":[16,13,9],"to":[16.5,14,12],"light_emission":15,"faces":{"north":{"uv":[6,2,6.7,3],"texture":"#0","cullface":"east"},"east":{"uv":[4,2,7,3],"texture":"#0","cullface":"east"},"south":{"uv":[4,2,4.7,3],"texture":"#0","cullface":"east"},"up":{"uv":[4,2,7,2.7],"rotation":270,"texture":"#0","cullface":"east"}}},{"from":[16,1,3],"to":[16.5,2,4],"light_emission":15,"faces":{"north":{"uv":[12,14,12.5,15],"texture":"#0","cullface":"east"},"east":{"uv":[12,14,13,15],"texture":"#0","cullface":"east"},"up":{"uv":[12,14,13,14.5],"rotation":90,"texture":"#0","cullface":"east"},"down":{"uv":[12,14,13,14.5],"rotation":270,"texture":"#0","cullface":"east"}}},{"from":[16,2,4],"to":[16.5,3,6],"light_emission":15,"faces":{"north":{"uv":[11,13,11.5,14],"texture":"#0","cullface":"east"},"east":{"uv":[10,13,12,14],"texture":"#0","cullface":"east"},"south":{"uv":[10,13,10.5,14],"texture":"#0","cullface":"east"},"up":{"uv":[10,13,12,13.5],"rotation":270,"texture":"#0","cullface":"east"}}},{"from":[16,1,4],"to":[16.7,2,6],"light_emission":15,"faces":{"north":{"uv":[11,14,11.5,15],"texture":"#0","cullface":"east"},"east":{"uv":[10,14,12,15],"texture":"#0","cullface":"east"},"south":{"uv":[10,14,10.5,15],"texture":"#0","cullface":"east"},"up":{"uv":[10,14,12,14.5],"rotation":270,"texture":"#0","cullface":"east"},"down":{"uv":[10,14,12,14.5],"rotation":90,"texture":"#0","cullface":"east"}}},{"from":[16,1,6],"to":[16.5,2,7],"light_emission":15,"faces":{"east":{"uv":[9,14,10,15],"texture":"#0","cullface":"east"},"south":{"uv":[9,14,9.5,15],"texture":"#0","cullface":"east"},"up":{"uv":[9,14,10,14.5],"rotation":90,"texture":"#0","cullface":"east"},"down":{"uv":[9,14,10,14.5],"rotation":270,"texture":"#0","cullface":"east"}}},{"from":[16,4,7],"to":[16.7,6,14],"light_emission":15,"faces":{"north":{"uv":[8,10,8.7,12],"texture":"#0","cullface":"east"},"east":{"uv":[2,10,9,12],"texture":"#0","cullface":"east"},"south":{"uv":[2,10,2.7,12],"texture":"#0","cullface":"east"},"up":{"uv":[2,10,9,10.7],"rotation":270,"texture":"#0","cullface":"east"},"down":{"uv":[2,11,9,11.7],"rotation":90,"texture":"#0","cullface":"east"}}},{"from":[10,16,5],"to":[11,16.5,6],"light_emission":15,"faces":{"north":{"uv":[10,5,11,5.5],"texture":"#0","cullface":"up"},"east":{"uv":[10,5,10.5,6],"rotation":90,"texture":"#0","cullface":"up"},"west":{"uv":[10,5,10.5,6],"rotation":270,"texture":"#0","cullface":"up"},"up":{"uv":[10,5,11,6],"texture":"#0","cullface":"up"}}},{"from":[13,16,7],"to":[14,16.5,8],"light_emission":15,"faces":{"north":{"uv":[13,7,14,7.5],"texture":"#0","cullface":"up"},"east":{"uv":[13,7,13.5,8],"rotation":90,"texture":"#0","cullface":"up"},"south":{"uv":[13,7,14,7.5],"rotation":180,"texture":"#0","cullface":"up"},"up":{"uv":[13,7,14,8],"texture":"#0","cullface":"up"}}},{"from":[9,16,6],"to":[10,16.5,8],"light_emission":15,"faces":{"north":{"uv":[9,6,10,6.5],"texture":"#0","cullface":"up"},"south":{"uv":[9,7,10,7.5],"rotation":180,"texture":"#0","cullface":"up"},"west":{"uv":[9,6,9.5,8],"rotation":270,"texture":"#0","cullface":"up"},"up":{"uv":[9,6,10,8],"texture":"#0","cullface":"up"}}},{"from":[10,16,6],"to":[13,16.7,8],"light_emission":15,"faces":{"north":{"uv":[6,9,9,9.5],"rotation":180,"texture":"#0","cullface":"up"},"east":{"uv":[8,9,8.5,11],"rotation":90,"texture":"#0","cullface":"up"},"south":{"uv":[6,10,9,10.5],"texture":"#0","cullface":"up"},"west":{"uv":[6,9,6.5,11],"rotation":270,"texture":"#0","cullface":"up"},"up":{"uv":[6,9,9,11],"texture":"#0","cullface":"up"}}},{"from":[1,16,10],"to":[2,16.5,12],"light_emission":15,"faces":{"north":{"uv":[1,10,2,10.5],"texture":"#0","cullface":"up"},"south":{"uv":[1,11,2,11.5],"rotation":180,"texture":"#0","cullface":"up"},"west":{"uv":[1,10,1.5,12],"rotation":270,"texture":"#0","cullface":"up"},"up":{"uv":[1,10,2,12],"texture":"#0","cullface":"up"}}},{"from":[4,16,9],"to":[9,16.5,10],"light_emission":15,"faces":{"north":{"uv":[4,9,9,9.7],"rotation":180,"texture":"#0","cullface":"up"},"east":{"uv":[8,9,8.7,10],"rotation":90,"texture":"#0","cullface":"up"},"west":{"uv":[4,9,4.7,10],"rotation":270,"texture":"#0","cullface":"up"},"up":{"uv":[4,9,9,10],"texture":"#0","cullface":"up"}}},{"from":[9,16,10],"to":[12,16.5,11],"light_emission":15,"faces":{"north":{"uv":[9,10,12,10.7],"rotation":180,"texture":"#0","cullface":"up"},"east":{"uv":[11,10,11.7,11],"rotation":90,"texture":"#0","cullface":"up"},"south":{"uv":[9,10,12,10.7],"texture":"#0","cullface":"up"},"up":{"uv":[9,10,12,11],"texture":"#0","cullface":"up"}}},{"from":[3,16,12],"to":[5,16.5,13],"light_emission":15,"faces":{"east":{"uv":[4,12,4.5,13],"rotation":90,"texture":"#0","cullface":"up"},"south":{"uv":[3,12,5,12.5],"texture":"#0","cullface":"up"},"west":{"uv":[3,12,3.5,13],"rotation":270,"texture":"#0","cullface":"up"},"up":{"uv":[3,12,5,13],"texture":"#0","cullface":"up"}}},{"from":[13,16,3],"to":[14,16.7,4],"light_emission":15,"faces":{"north":{"uv":[13,3,14,3.7],"texture":"#0","cullface":"up"},"east":{"uv":[13,3,13.7,4],"rotation":90,"texture":"#0","cullface":"up"},"south":{"uv":[13,3,14,3.7],"rotation":180,"texture":"#0","cullface":"up"},"west":{"uv":[13,3,13.7,4],"rotation":270,"texture":"#0","cullface":"up"},"up":{"uv":[13,3,14,4],"texture":"#0","cullface":"up"}}},{"from":[12,16,3],"to":[13,16.5,4],"light_emission":15,"faces":{"south":{"uv":[12,3,13,3.5],"rotation":180,"texture":"#0","cullface":"up"},"west":{"uv":[12,3,12.5,4],"rotation":270,"texture":"#0","cullface":"up"},"up":{"uv":[12,3,13,4],"texture":"#0","cullface":"up"}}},{"from":[12,16,2],"to":[13,16.7,3],"light_emission":15,"faces":{"north":{"uv":[12,2,13,2.7],"texture":"#0","cullface":"up"},"east":{"uv":[12,2,12.7,3],"rotation":90,"texture":"#0","cullface":"up"},"south":{"uv":[12,2,13,2.7],"rotation":180,"texture":"#0","cullface":"up"},"west":{"uv":[12,2,12.7,3],"rotation":270,"texture":"#0","cullface":"up"},"up":{"uv":[12,2,13,3],"texture":"#0","cullface":"up"}}},{"from":[12,16,1],"to":[13,16.5,2],"light_emission":15,"faces":{"north":{"uv":[12,1,13,1.5],"texture":"#0","cullface":"up"},"east":{"uv":[12,1,12.5,2],"rotation":90,"texture":"#0","cullface":"up"},"west":{"uv":[12,1,12.5,2],"rotation":270,"texture":"#0","cullface":"up"},"up":{"uv":[12,1,13,2],"texture":"#0","cullface":"up"}}},{"from":[11,16,2],"to":[12,16.5,3],"light_emission":15,"faces":{"north":{"uv":[11,2,12,2.5],"texture":"#0","cullface":"up"},"south":{"uv":[11,2,12,2.5],"rotation":180,"texture":"#0","cullface":"up"},"west":{"uv":[11,2,11.5,3],"rotation":270,"texture":"#0","cullface":"up"},"up":{"uv":[11,2,12,3],"texture":"#0","cullface":"up"}}},{"from":[13,16,2],"to":[15,16.5,3],"light_emission":15,"faces":{"north":{"uv":[13,2,15,2.5],"rotation":180,"texture":"#0","cullface":"up"},"east":{"uv":[14,2,14.5,3],"rotation":90,"texture":"#0","cullface":"up"},"south":{"uv":[13,2,15,2.5],"texture":"#0","cullface":"up"},"up":{"uv":[13,2,15,3],"texture":"#0","cullface":"up"}}},{"from":[4,16,4],"to":[6,16.5,5],"light_emission":15,"faces":{"east":{"uv":[5,4,5.5,5],"rotation":90,"texture":"#0","cullface":"up"},"south":{"uv":[4,4,6,4.5],"texture":"#0","cullface":"up"},"west":{"uv":[4,4,4.5,5],"rotation":270,"texture":"#0","cullface":"up"},"up":{"uv":[4,4,6,5],"texture":"#0","cullface":"up"}}},{"from":[2,16,3],"to":[4,16.5,4],"light_emission":15,"faces":{"north":{"uv":[2,3,4,3.5],"rotation":180,"texture":"#0","cullface":"up"},"south":{"uv":[2,3,4,3.5],"texture":"#0","cullface":"up"},"west":{"uv":[2,3,2.5,4],"rotation":270,"texture":"#0","cullface":"up"},"up":{"uv":[2,3,4,4],"texture":"#0","cullface":"up"}}},{"from":[1,16,7],"to":[4,16.5,8],"light_emission":15,"faces":{"north":{"uv":[1,7,4,7.7],"rotation":180,"texture":"#0","cullface":"up"},"east":{"uv":[3,7,3.7,8],"rotation":90,"texture":"#0","cullface":"up"},"south":{"uv":[1,7,4,7.7],"texture":"#0","cullface":"up"},"west":{"uv":[1,7,1.7,8],"rotation":270,"texture":"#0","cullface":"up"},"up":{"uv":[1,7,4,8],"texture":"#0","cullface":"up"}}},{"from":[7,16,3],"to":[8,16.5,4],"light_emission":15,"faces":{"north":{"uv":[7,3,8,3.5],"texture":"#0","cullface":"up"},"east":{"uv":[7,3,7.5,4],"rotation":90,"texture":"#0","cullface":"up"},"south":{"uv":[7,3,8,3.5],"rotation":180,"texture":"#0","cullface":"up"},"up":{"uv":[7,3,8,4],"texture":"#0","cullface":"up"}}},{"from":[4,16,3],"to":[7,16.7,4],"light_emission":15,"faces":{"north":{"uv":[4,3,7,3.7],"rotation":180,"texture":"#0","cullface":"up"},"east":{"uv":[6,3,6.7,4],"rotation":90,"texture":"#0","cullface":"up"},"south":{"uv":[4,3,7,3.7],"texture":"#0","cullface":"up"},"west":{"uv":[4,3,4.7,4],"rotation":270,"texture":"#0","cullface":"up"},"up":{"uv":[4,3,7,4],"texture":"#0","cullface":"up"}}},{"from":[4,16,2],"to":[7,16.5,3],"light_emission":15,"faces":{"north":{"uv":[4,2,7,2.7],"rotation":180,"texture":"#0","cullface":"up"},"east":{"uv":[6,2,6.7,3],"rotation":90,"texture":"#0","cullface":"up"},"west":{"uv":[4,2,4.7,3],"rotation":270,"texture":"#0","cullface":"up"},"up":{"uv":[4,2,7,3],"texture":"#0","cullface":"up"}}},{"from":[12,16,14],"to":[13,16.5,15],"light_emission":15,"faces":{"north":{"uv":[12,14,13,14.5],"texture":"#0","cullface":"up"},"east":{"uv":[12,14,12.5,15],"rotation":90,"texture":"#0","cullface":"up"},"south":{"uv":[12,14,13,14.5],"rotation":180,"texture":"#0","cullface":"up"},"up":{"uv":[12,14,13,15],"texture":"#0","cullface":"up"}}},{"from":[10,16,13],"to":[12,16.5,14],"light_emission":15,"faces":{"north":{"uv":[10,13,12,13.5],"rotation":180,"texture":"#0","cullface":"up"},"east":{"uv":[11,13,11.5,14],"rotation":90,"texture":"#0","cullface":"up"},"west":{"uv":[10,13,10.5,14],"rotation":270,"texture":"#0","cullface":"up"},"up":{"uv":[10,13,12,14],"texture":"#0","cullface":"up"}}},{"from":[10,16,14],"to":[12,16.7,15],"light_emission":15,"faces":{"north":{"uv":[10,14,12,14.5],"rotation":180,"texture":"#0","cullface":"up"},"east":{"uv":[11,14,11.5,15],"rotation":90,"texture":"#0","cullface":"up"},"south":{"uv":[10,14,12,14.5],"texture":"#0","cullface":"up"},"west":{"uv":[10,14,10.5,15],"rotation":270,"texture":"#0","cullface":"up"},"up":{"uv":[10,14,12,15],"texture":"#0","cullface":"up"}}},{"from":[9,16,14],"to":[10,16.5,15],"light_emission":15,"faces":{"north":{"uv":[9,14,10,14.5],"texture":"#0","cullface":"up"},"south":{"uv":[9,14,10,14.5],"rotation":180,"texture":"#0","cullface":"up"},"west":{"uv":[9,14,9.5,15],"rotation":270,"texture":"#0","cullface":"up"},"up":{"uv":[9,14,10,15],"texture":"#0","cullface":"up"}}},{"from":[2,16,10],"to":[9,16.7,12],"light_emission":15,"faces":{"north":{"uv":[2,10,9,10.7],"rotation":180,"texture":"#0","cullface":"up"},"east":{"uv":[8,10,8.7,12],"rotation":90,"texture":"#0","cullface":"up"},"south":{"uv":[2,11,9,11.7],"texture":"#0","cullface":"up"},"west":{"uv":[2,10,2.7,12],"rotation":270,"texture":"#0","cullface":"up"},"up":{"uv":[2,10,9,12],"texture":"#0","cullface":"up"}}},{"from":[10,-0.5,10],"to":[11,0,11],"light_emission":15,"faces":{"east":{"uv":[10,5,10.5,6],"rotation":270,"texture":"#0","cullface":"down"},"south":{"uv":[10,5,11,5.5],"rotation":180,"texture":"#0","cullface":"down"},"west":{"uv":[10,5,10.5,6],"rotation":90,"texture":"#0","cullface":"down"},"down":{"uv":[10,5,11,6],"texture":"#0","cullface":"down"}}},{"from":[13,-0.5,8],"to":[14,0,9],"light_emission":15,"faces":{"north":{"uv":[13,7,14,7.5],"texture":"#0","cullface":"down"},"east":{"uv":[13,7,13.5,8],"rotation":270,"texture":"#0","cullface":"down"},"south":{"uv":[13,7,14,7.5],"rotation":180,"texture":"#0","cullface":"down"},"down":{"uv":[13,7,14,8],"texture":"#0","cullface":"down"}}},{"from":[9,-0.5,8],"to":[10,0,10],"light_emission":15,"faces":{"north":{"uv":[9,7,10,7.5],"texture":"#0","cullface":"down"},"south":{"uv":[9,6,10,6.5],"rotation":180,"texture":"#0","cullface":"down"},"west":{"uv":[9,6,9.5,8],"rotation":90,"texture":"#0","cullface":"down"},"down":{"uv":[9,6,10,8],"texture":"#0","cullface":"down"}}},{"from":[10,-0.7,8],"to":[13,0,10],"light_emission":15,"faces":{"north":{"uv":[6,10,9,10.5],"rotation":180,"texture":"#0","cullface":"down"},"east":{"uv":[8,9,8.5,11],"rotation":270,"texture":"#0","cullface":"down"},"south":{"uv":[6,9,9,9.5],"texture":"#0","cullface":"down"},"west":{"uv":[6,9,6.5,11],"rotation":90,"texture":"#0","cullface":"down"},"down":{"uv":[6,9,9,11],"texture":"#0","cullface":"down"}}},{"from":[1,-0.5,4],"to":[2,0,6],"light_emission":15,"faces":{"north":{"uv":[1,11,2,11.5],"texture":"#0","cullface":"down"},"south":{"uv":[1,10,2,10.5],"rotation":180,"texture":"#0","cullface":"down"},"west":{"uv":[1,10,1.5,12],"rotation":90,"texture":"#0","cullface":"down"},"down":{"uv":[1,10,2,12],"texture":"#0","cullface":"down"}}},{"from":[4,-0.5,6],"to":[9,0,7],"light_emission":15,"faces":{"east":{"uv":[8,9,8.7,10],"rotation":270,"texture":"#0","cullface":"down"},"south":{"uv":[4,9,9,9.7],"texture":"#0","cullface":"down"},"west":{"uv":[4,9,4.7,10],"rotation":90,"texture":"#0","cullface":"down"},"down":{"uv":[4,9,9,10],"texture":"#0","cullface":"down"}}},{"from":[9,-0.5,5],"to":[12,0,6],"light_emission":15,"faces":{"north":{"uv":[9,10,12,10.7],"rotation":180,"texture":"#0","cullface":"down"},"east":{"uv":[11,10,11.7,11],"rotation":270,"texture":"#0","cullface":"down"},"south":{"uv":[9,10,12,10.7],"texture":"#0","cullface":"down"},"down":{"uv":[9,10,12,11],"texture":"#0","cullface":"down"}}},{"from":[3,-0.5,3],"to":[5,0,4],"light_emission":15,"faces":{"north":{"uv":[3,12,5,12.5],"rotation":180,"texture":"#0","cullface":"down"},"east":{"uv":[4,12,4.5,13],"rotation":270,"texture":"#0","cullface":"down"},"west":{"uv":[3,12,3.5,13],"rotation":90,"texture":"#0","cullface":"down"},"down":{"uv":[3,12,5,13],"texture":"#0","cullface":"down"}}},{"from":[13,-0.7,12],"to":[14,0,13],"light_emission":15,"faces":{"north":{"uv":[13,3,14,3.7],"texture":"#0","cullface":"down"},"east":{"uv":[13,3,13.7,4],"rotation":270,"texture":"#0","cullface":"down"},"south":{"uv":[13,3,14,3.7],"rotation":180,"texture":"#0","cullface":"down"},"west":{"uv":[13,3,13.7,4],"rotation":90,"texture":"#0","cullface":"down"},"down":{"uv":[13,3,14,4],"texture":"#0","cullface":"down"}}},{"from":[12,-0.5,12],"to":[13,0,13],"light_emission":15,"faces":{"north":{"uv":[12,3,13,3.5],"texture":"#0","cullface":"down"},"west":{"uv":[12,3,12.5,4],"rotation":90,"texture":"#0","cullface":"down"},"down":{"uv":[12,3,13,4],"texture":"#0","cullface":"down"}}},{"from":[12,-0.7,13],"to":[13,0,14],"light_emission":15,"faces":{"north":{"uv":[12,2,13,2.7],"texture":"#0","cullface":"down"},"east":{"uv":[12,2,12.7,3],"rotation":270,"texture":"#0","cullface":"down"},"south":{"uv":[12,2,13,2.7],"rotation":180,"texture":"#0","cullface":"down"},"west":{"uv":[12,2,12.7,3],"rotation":90,"texture":"#0","cullface":"down"},"down":{"uv":[12,2,13,3],"texture":"#0","cullface":"down"}}},{"from":[12,-0.5,14],"to":[13,0,15],"light_emission":15,"faces":{"east":{"uv":[12,1,12.5,2],"rotation":270,"texture":"#0","cullface":"down"},"south":{"uv":[12,1,13,1.5],"rotation":180,"texture":"#0","cullface":"down"},"west":{"uv":[12,1,12.5,2],"rotation":90,"texture":"#0","cullface":"down"},"down":{"uv":[12,1,13,2],"texture":"#0","cullface":"down"}}},{"from":[11,-0.5,13],"to":[12,0,14],"light_emission":15,"faces":{"north":{"uv":[11,2,12,2.5],"texture":"#0","cullface":"down"},"south":{"uv":[11,2,12,2.5],"rotation":180,"texture":"#0","cullface":"down"},"west":{"uv":[11,2,11.5,3],"rotation":90,"texture":"#0","cullface":"down"},"down":{"uv":[11,2,12,3],"texture":"#0","cullface":"down"}}},{"from":[13,-0.5,13],"to":[15,0,14],"light_emission":15,"faces":{"north":{"uv":[13,2,15,2.5],"rotation":180,"texture":"#0","cullface":"down"},"east":{"uv":[14,2,14.5,3],"rotation":270,"texture":"#0","cullface":"down"},"south":{"uv":[13,2,15,2.5],"texture":"#0","cullface":"down"},"down":{"uv":[13,2,15,3],"texture":"#0","cullface":"down"}}},{"from":[4,-0.5,11],"to":[6,0,12],"light_emission":15,"faces":{"north":{"uv":[4,4,6,4.5],"rotation":180,"texture":"#0","cullface":"down"},"east":{"uv":[5,4,5.5,5],"rotation":270,"texture":"#0","cullface":"down"},"west":{"uv":[4,4,4.5,5],"rotation":90,"texture":"#0","cullface":"down"},"down":{"uv":[4,4,6,5],"texture":"#0","cullface":"down"}}},{"from":[2,-0.5,12],"to":[4,0,13],"light_emission":15,"faces":{"north":{"uv":[2,3,4,3.5],"rotation":180,"texture":"#0","cullface":"down"},"south":{"uv":[2,3,4,3.5],"texture":"#0","cullface":"down"},"west":{"uv":[2,3,2.5,4],"rotation":90,"texture":"#0","cullface":"down"},"down":{"uv":[2,3,4,4],"texture":"#0","cullface":"down"}}},{"from":[1,-0.5,8],"to":[4,0,9],"light_emission":15,"faces":{"north":{"uv":[1,7,4,7.7],"rotation":180,"texture":"#0","cullface":"down"},"east":{"uv":[3,7,3.7,8],"rotation":270,"texture":"#0","cullface":"down"},"south":{"uv":[1,7,4,7.7],"texture":"#0","cullface":"down"},"west":{"uv":[1,7,1.7,8],"rotation":90,"texture":"#0","cullface":"down"},"down":{"uv":[1,7,4,8],"texture":"#0","cullface":"down"}}},{"from":[7,-0.5,12],"to":[8,0,13],"light_emission":15,"faces":{"north":{"uv":[7,3,8,3.5],"texture":"#0","cullface":"down"},"east":{"uv":[7,3,7.5,4],"rotation":270,"texture":"#0","cullface":"down"},"south":{"uv":[7,3,8,3.5],"rotation":180,"texture":"#0","cullface":"down"},"down":{"uv":[7,3,8,4],"texture":"#0","cullface":"down"}}},{"from":[4,-0.7,12],"to":[7,0,13],"light_emission":15,"faces":{"north":{"uv":[4,3,7,3.7],"rotation":180,"texture":"#0","cullface":"down"},"east":{"uv":[6,3,6.7,4],"rotation":270,"texture":"#0","cullface":"down"},"south":{"uv":[4,3,7,3.7],"texture":"#0","cullface":"down"},"west":{"uv":[4,3,4.7,4],"rotation":90,"texture":"#0","cullface":"down"},"down":{"uv":[4,3,7,4],"texture":"#0","cullface":"down"}}},{"from":[4,-0.5,13],"to":[7,0,14],"light_emission":15,"faces":{"east":{"uv":[6,2,6.7,3],"rotation":270,"texture":"#0","cullface":"down"},"south":{"uv":[4,2,7,2.7],"texture":"#0","cullface":"down"},"west":{"uv":[4,2,4.7,3],"rotation":90,"texture":"#0","cullface":"down"},"down":{"uv":[4,2,7,3],"texture":"#0","cullface":"down"}}},{"from":[12,-0.5,1],"to":[13,0,2],"light_emission":15,"faces":{"north":{"uv":[12,14,13,14.5],"texture":"#0","cullface":"down"},"east":{"uv":[12,14,12.5,15],"rotation":270,"texture":"#0","cullface":"down"},"south":{"uv":[12,14,13,14.5],"rotation":180,"texture":"#0","cullface":"down"},"down":{"uv":[12,14,13,15],"texture":"#0","cullface":"down"}}},{"from":[10,-0.5,2],"to":[12,0,3],"light_emission":15,"faces":{"east":{"uv":[11,13,11.5,14],"rotation":270,"texture":"#0","cullface":"down"},"south":{"uv":[10,13,12,13.5],"texture":"#0","cullface":"down"},"west":{"uv":[10,13,10.5,14],"rotation":90,"texture":"#0","cullface":"down"},"down":{"uv":[10,13,12,14],"texture":"#0","cullface":"down"}}},{"from":[10,-0.7,1],"to":[12,0,2],"light_emission":15,"faces":{"north":{"uv":[10,14,12,14.5],"rotation":180,"texture":"#0","cullface":"down"},"east":{"uv":[11,14,11.5,15],"rotation":270,"texture":"#0","cullface":"down"},"south":{"uv":[10,14,12,14.5],"texture":"#0","cullface":"down"},"west":{"uv":[10,14,10.5,15],"rotation":90,"texture":"#0","cullface":"down"},"down":{"uv":[10,14,12,15],"texture":"#0","cullface":"down"}}},{"from":[9,-0.5,1],"to":[10,0,2],"light_emission":15,"faces":{"north":{"uv":[9,14,10,14.5],"texture":"#0","cullface":"down"},"south":{"uv":[9,14,10,14.5],"rotation":180,"texture":"#0","cullface":"down"},"west":{"uv":[9,14,9.5,15],"rotation":90,"texture":"#0","cullface":"down"},"down":{"uv":[9,14,10,15],"texture":"#0","cullface":"down"}}},{"from":[2,-0.7,4],"to":[9,0,6],"light_emission":15,"faces":{"north":{"uv":[2,11,9,11.7],"rotation":180,"texture":"#0","cullface":"down"},"east":{"uv":[8,10,8.7,12],"rotation":270,"texture":"#0","cullface":"down"},"south":{"uv":[2,10,9,10.7],"texture":"#0","cullface":"down"},"west":{"uv":[2,10,2.7,12],"rotation":90,"texture":"#0","cullface":"down"},"down":{"uv":[2,10,9,12],"texture":"#0","cullface":"down"}}},{"from":[3,8,-0.7],"to":[6,10,0],"light_emission":15,"faces":{"north":{"uv":[6,9,9,11],"texture":"#0","cullface":"north"},"east":{"uv":[6,9,6.5,11],"texture":"#0","cullface":"north"},"west":{"uv":[8,9,8.5,11],"texture":"#0","cullface":"north"},"up":{"uv":[6,9,9,9.5],"rotation":180,"texture":"#0","cullface":"north"},"down":{"uv":[6,10,9,10.5],"rotation":180,"texture":"#0","cullface":"north"}}}]}