{"credit":"Created by Marceus","format_version":"1.21.6","parent":"block/cube_all","textures":{"0":"block/deepslate_emerald_ore1","particle":"block/deepslate_emerald_ore1"},"elements":[{"from":[0,0,0],"to":[16,16,16],"faces":{"north":{"uv":[0,0,16,16],"texture":"#0","cullface":"north"},"east":{"uv":[0,0,16,16],"texture":"#0","cullface":"east"},"south":{"uv":[0,0,16,16],"texture":"#0","cullface":"south"},"west":{"uv":[0,0,16,16],"texture":"#0","cullface":"west"},"up":{"uv":[0,0,16,16],"texture":"#0","cullface":"up"},"down":{"uv":[0,0,16,16],"texture":"#0","cullface":"down"}}},{"from":[2,4,-0.7],"to":[4,7,0],"light_emission":15,"faces":{"north":{"uv":[12,9,14,12],"texture":"#0","cullface":"north"},"east":{"uv":[12,9,12.7,12],"texture":"#0","cullface":"north"},"west":{"uv":[13,9,13.7,12],"texture":"#0","cullface":"north"},"up":{"uv":[12,9,14,9.7],"rotation":180,"texture":"#0","cullface":"north"},"down":{"uv":[12,11,14,11.7],"rotation":180,"texture":"#0","cullface":"north"}}},{"from":[-0.5,8,10],"to":[0,9,11],"light_emission":15,"faces":{"south":{"uv":[10,7,10.5,8],"texture":"#0","cullface":"west"},"west":{"uv":[10,7,11,8],"texture":"#0","cullface":"west"},"up":{"uv":[10,7,11,7.5],"rotation":270,"texture":"#0","cullface":"west"},"down":{"uv":[10,7,11,7.5],"rotation":90,"texture":"#0","cullface":"west"}}},{"from":[-0.5,10,7],"to":[0,11,9],"light_emission":15,"faces":{"north":{"uv":[7,5,7.5,6],"texture":"#0","cullface":"west"},"south":{"uv":[8,5,8.5,6],"texture":"#0","cullface":"west"},"west":{"uv":[7,5,9,6],"texture":"#0","cullface":"west"},"up":{"uv":[7,5,9,5.5],"rotation":90,"texture":"#0","cullface":"west"}}},{"from":[-0.7,8,9],"to":[0,10,10],"light_emission":15,"faces":{"south":{"uv":[9,6,9.5,8],"texture":"#0","cullface":"west"},"west":{"uv":[9,6,10,8],"texture":"#0","cullface":"west"},"up":{"uv":[9,6,10,6.5],"rotation":270,"texture":"#0","cullface":"west"},"down":{"uv":[9,7,10,7.5],"rotation":90,"texture":"#0","cullface":"west"}}},{"from":[-0.5,8,4],"to":[0,9,6],"light_emission":15,"faces":{"north":{"uv":[4,7,4.5,8],"texture":"#0","cullface":"west"},"west":{"uv":[4,7,6,8],"texture":"#0","cullface":"west"},"up":{"uv":[4,7,6,7.5],"rotation":90,"texture":"#0","cullface":"west"},"down":{"uv":[4,7,6,7.5],"rotation":270,"texture":"#0","cullface":"west"}}},{"from":[-0.5,6,7],"to":[0,7,8],"light_emission":15,"faces":{"north":{"uv":[7,9,7.5,10],"texture":"#0","cullface":"west"},"south":{"uv":[7,9,7.5,10],"texture":"#0","cullface":"west"},"west":{"uv":[7,9,8,10],"texture":"#0","cullface":"west"},"down":{"uv":[7,9,8,9.5],"rotation":90,"texture":"#0","cullface":"west"}}},{"from":[-0.7,7,6],"to":[0,10,9],"light_emission":15,"faces":{"north":{"uv":[6,6,6.7,9],"texture":"#0","cullface":"west"},"south":{"uv":[8,6,8.7,9],"texture":"#0","cullface":"west"},"west":{"uv":[6,6,9,9],"texture":"#0","cullface":"west"},"up":{"uv":[6,6,9,6.7],"rotation":90,"texture":"#0","cullface":"west"},"down":{"uv":[6,8,9,8.7],"rotation":270,"texture":"#0","cullface":"west"}}},{"from":[-0.7,12,12],"to":[0,13,13],"light_emission":15,"faces":{"north":{"uv":[12,3,12.7,4],"texture":"#0","cullface":"west"},"south":{"uv":[12,3,12.7,4],"texture":"#0","cullface":"west"},"west":{"uv":[12,3,13,4],"texture":"#0","cullface":"west"},"up":{"uv":[12,3,13,3.7],"rotation":270,"texture":"#0","cullface":"west"},"down":{"uv":[12,3,13,3.7],"rotation":90,"texture":"#0","cullface":"west"}}},{"from":[-0.5,11,12],"to":[0,12,13],"light_emission":15,"faces":{"north":{"uv":[12,4,12.5,5],"texture":"#0","cullface":"west"},"south":{"uv":[12,4,12.5,5],"texture":"#0","cullface":"west"},"west":{"uv":[12,4,13,5],"texture":"#0","cullface":"west"},"down":{"uv":[12,4,13,4.5],"rotation":90,"texture":"#0","cullface":"west"}}},{"from":[-0.5,12,11],"to":[0,13,12],"light_emission":15,"faces":{"north":{"uv":[11,3,11.5,4],"texture":"#0","cullface":"west"},"west":{"uv":[11,3,12,4],"texture":"#0","cullface":"west"},"up":{"uv":[11,3,12,3.5],"rotation":270,"texture":"#0","cullface":"west"},"down":{"uv":[11,3,12,3.5],"rotation":90,"texture":"#0","cullface":"west"}}},{"from":[-0.5,13,12],"to":[0,14,13],"light_emission":15,"faces":{"north":{"uv":[12,2,12.5,3],"texture":"#0","cullface":"west"},"south":{"uv":[12,2,12.5,3],"texture":"#0","cullface":"west"},"west":{"uv":[12,2,13,3],"texture":"#0","cullface":"west"},"up":{"uv":[12,2,13,2.5],"rotation":270,"texture":"#0","cullface":"west"}}},{"from":[-0.5,12,13],"to":[0,13,14],"light_emission":15,"faces":{"south":{"uv":[13,3,13.5,4],"texture":"#0","cullface":"west"},"west":{"uv":[13,3,14,4],"texture":"#0","cullface":"west"},"up":{"uv":[13,3,14,3.5],"rotation":270,"texture":"#0","cullface":"west"},"down":{"uv":[13,3,14,3.5],"rotation":90,"texture":"#0","cullface":"west"}}},{"from":[-0.5,13,6],"to":[0,14,7],"light_emission":15,"faces":{"north":{"uv":[6,2,6.5,3],"texture":"#0","cullface":"west"},"west":{"uv":[6,2,7,3],"texture":"#0","cullface":"west"},"up":{"uv":[6,2,7,2.5],"rotation":270,"texture":"#0","cullface":"west"},"down":{"uv":[6,2,7,2.5],"rotation":90,"texture":"#0","cullface":"west"}}},{"from":[-0.5,5,1],"to":[0,7,2],"light_emission":15,"faces":{"north":{"uv":[1,9,1.5,11],"texture":"#0","cullface":"west"},"west":{"uv":[1,9,2,11],"texture":"#0","cullface":"west"},"up":{"uv":[1,9,2,9.5],"rotation":270,"texture":"#0","cullface":"west"},"down":{"uv":[1,10,2,10.5],"rotation":90,"texture":"#0","cullface":"west"}}},{"from":[-0.5,4,2],"to":[0,5,3],"light_emission":15,"faces":{"north":{"uv":[2,11,2.5,12],"texture":"#0","cullface":"west"},"south":{"uv":[2,11,2.5,12],"texture":"#0","cullface":"west"},"west":{"uv":[2,11,3,12],"texture":"#0","cullface":"west"},"down":{"uv":[2,11,3,11.5],"rotation":90,"texture":"#0","cullface":"west"}}},{"from":[-0.5,7,12],"to":[0,8,13],"light_emission":15,"faces":{"north":{"uv":[12,8,12.5,9],"texture":"#0","cullface":"west"},"south":{"uv":[12,8,12.5,9],"texture":"#0","cullface":"west"},"west":{"uv":[12,8,13,9],"texture":"#0","cullface":"west"},"up":{"uv":[12,8,13,8.5],"rotation":270,"texture":"#0","cullface":"west"}}},{"from":[-0.5,1,7],"to":[0,2,8],"light_emission":15,"faces":{"north":{"uv":[7,14,7.5,15],"texture":"#0","cullface":"west"},"south":{"uv":[7,14,7.5,15],"texture":"#0","cullface":"west"},"west":{"uv":[7,14,8,15],"texture":"#0","cullface":"west"},"down":{"uv":[7,14,8,14.5],"rotation":90,"texture":"#0","cullface":"west"}}},{"from":[-0.7,2,6],"to":[0,4,9],"light_emission":15,"faces":{"north":{"uv":[6,12,6.7,14],"texture":"#0","cullface":"west"},"south":{"uv":[8,12,8.7,14],"texture":"#0","cullface":"west"},"west":{"uv":[6,12,9,14],"texture":"#0","cullface":"west"},"up":{"uv":[6,12,9,12.7],"rotation":90,"texture":"#0","cullface":"west"},"down":{"uv":[6,13,9,13.7],"rotation":270,"texture":"#0","cullface":"west"}}},{"from":[-0.7,5,2],"to":[0,8,4],"light_emission":15,"faces":{"north":{"uv":[2,8,2.7,11],"texture":"#0","cullface":"west"},"south":{"uv":[3,8,3.7,11],"texture":"#0","cullface":"west"},"west":{"uv":[2,8,4,11],"texture":"#0","cullface":"west"},"up":{"uv":[2,8,4,8.7],"rotation":90,"texture":"#0","cullface":"west"},"down":{"uv":[2,10,4,10.7],"rotation":270,"texture":"#0","cullface":"west"}}},{"from":[-0.7,13,7],"to":[0,15,9],"light_emission":15,"faces":{"north":{"uv":[7,1,7.7,3],"texture":"#0","cullface":"west"},"south":{"uv":[8,1,8.7,3],"texture":"#0","cullface":"west"},"west":{"uv":[7,1,9,3],"texture":"#0","cullface":"west"},"up":{"uv":[7,1,9,1.7],"rotation":90,"texture":"#0","cullface":"west"},"down":{"uv":[7,2,9,2.7],"rotation":270,"texture":"#0","cullface":"west"}}},{"from":[-0.7,4,12],"to":[0,7,14],"light_emission":15,"faces":{"north":{"uv":[12,9,12.7,12],"texture":"#0","cullface":"west"},"south":{"uv":[13,9,13.7,12],"texture":"#0","cullface":"west"},"west":{"uv":[12,9,14,12],"texture":"#0","cullface":"west"},"up":{"uv":[12,9,14,9.7],"rotation":90,"texture":"#0","cullface":"west"},"down":{"uv":[12,11,14,11.7],"rotation":270,"texture":"#0","cullface":"west"}}},{"from":[10,8,16],"to":[11,9,16.5],"light_emission":15,"faces":{"east":{"uv":[10,7,10.5,8],"texture":"#0","cullface":"south"},"south":{"uv":[10,7,11,8],"texture":"#0","cullface":"south"},"up":{"uv":[10,7,11,7.5],"rotation":180,"texture":"#0","cullface":"south"},"down":{"uv":[10,7,11,7.5],"rotation":180,"texture":"#0","cullface":"south"}}},{"from":[7,10,16],"to":[9,11,16.5],"light_emission":15,"faces":{"east":{"uv":[8,5,8.5,6],"texture":"#0","cullface":"south"},"south":{"uv":[7,5,9,6],"texture":"#0","cullface":"south"},"west":{"uv":[7,5,7.5,6],"texture":"#0","cullface":"south"},"up":{"uv":[7,5,9,5.5],"texture":"#0","cullface":"south"}}},{"from":[9,8,16],"to":[10,10,16.7],"light_emission":15,"faces":{"east":{"uv":[9,6,9.5,8],"texture":"#0","cullface":"south"},"south":{"uv":[9,6,10,8],"texture":"#0","cullface":"south"},"up":{"uv":[9,6,10,6.5],"rotation":180,"texture":"#0","cullface":"south"},"down":{"uv":[9,7,10,7.5],"rotation":180,"texture":"#0","cullface":"south"}}},{"from":[4,8,16],"to":[6,9,16.5],"light_emission":15,"faces":{"south":{"uv":[4,7,6,8],"texture":"#0","cullface":"south"},"west":{"uv":[4,7,4.5,8],"texture":"#0","cullface":"south"},"up":{"uv":[4,7,6,7.5],"texture":"#0","cullface":"south"},"down":{"uv":[4,7,6,7.5],"texture":"#0","cullface":"south"}}},{"from":[7,6,16],"to":[8,7,16.5],"light_emission":15,"faces":{"east":{"uv":[7,9,7.5,10],"texture":"#0","cullface":"south"},"south":{"uv":[7,9,8,10],"texture":"#0","cullface":"south"},"west":{"uv":[7,9,7.5,10],"texture":"#0","cullface":"south"},"down":{"uv":[7,9,8,9.5],"rotation":180,"texture":"#0","cullface":"south"}}},{"from":[6,7,16],"to":[9,10,16.7],"light_emission":15,"faces":{"east":{"uv":[8,6,8.7,9],"texture":"#0","cullface":"south"},"south":{"uv":[6,6,9,9],"texture":"#0","cullface":"south"},"west":{"uv":[6,6,6.7,9],"texture":"#0","cullface":"south"},"up":{"uv":[6,6,9,6.7],"texture":"#0","cullface":"south"},"down":{"uv":[6,8,9,8.7],"texture":"#0","cullface":"south"}}},{"from":[12,12,16],"to":[13,13,16.7],"light_emission":15,"faces":{"east":{"uv":[12,3,12.7,4],"texture":"#0","cullface":"south"},"south":{"uv":[12,3,13,4],"texture":"#0","cullface":"south"},"west":{"uv":[12,3,12.7,4],"texture":"#0","cullface":"south"},"up":{"uv":[12,3,13,3.7],"rotation":180,"texture":"#0","cullface":"south"},"down":{"uv":[12,3,13,3.7],"rotation":180,"texture":"#0","cullface":"south"}}},{"from":[12,11,16],"to":[13,12,16.5],"light_emission":15,"faces":{"east":{"uv":[12,4,12.5,5],"texture":"#0","cullface":"south"},"south":{"uv":[12,4,13,5],"texture":"#0","cullface":"south"},"west":{"uv":[12,4,12.5,5],"texture":"#0","cullface":"south"},"down":{"uv":[12,4,13,4.5],"rotation":180,"texture":"#0","cullface":"south"}}},{"from":[11,12,16],"to":[12,13,16.5],"light_emission":15,"faces":{"south":{"uv":[11,3,12,4],"texture":"#0","cullface":"south"},"west":{"uv":[11,3,11.5,4],"texture":"#0","cullface":"south"},"up":{"uv":[11,3,12,3.5],"rotation":180,"texture":"#0","cullface":"south"},"down":{"uv":[11,3,12,3.5],"rotation":180,"texture":"#0","cullface":"south"}}},{"from":[12,13,16],"to":[13,14,16.5],"light_emission":15,"faces":{"east":{"uv":[12,2,12.5,3],"texture":"#0","cullface":"south"},"south":{"uv":[12,2,13,3],"texture":"#0","cullface":"south"},"west":{"uv":[12,2,12.5,3],"texture":"#0","cullface":"south"},"up":{"uv":[12,2,13,2.5],"rotation":180,"texture":"#0","cullface":"south"}}},{"from":[13,12,16],"to":[14,13,16.5],"light_emission":15,"faces":{"east":{"uv":[13,3,13.5,4],"texture":"#0","cullface":"south"},"south":{"uv":[13,3,14,4],"texture":"#0","cullface":"south"},"up":{"uv":[13,3,14,3.5],"rotation":180,"texture":"#0","cullface":"south"},"down":{"uv":[13,3,14,3.5],"rotation":180,"texture":"#0","cullface":"south"}}},{"from":[6,13,16],"to":[7,14,16.5],"light_emission":15,"faces":{"south":{"uv":[6,2,7,3],"texture":"#0","cullface":"south"},"west":{"uv":[6,2,6.5,3],"texture":"#0","cullface":"south"},"up":{"uv":[6,2,7,2.5],"rotation":180,"texture":"#0","cullface":"south"},"down":{"uv":[6,2,7,2.5],"rotation":180,"texture":"#0","cullface":"south"}}},{"from":[1,5,16],"to":[2,7,16.5],"light_emission":15,"faces":{"south":{"uv":[1,9,2,11],"texture":"#0","cullface":"south"},"west":{"uv":[1,9,1.5,11],"texture":"#0","cullface":"south"},"up":{"uv":[1,9,2,9.5],"rotation":180,"texture":"#0","cullface":"south"},"down":{"uv":[1,10,2,10.5],"rotation":180,"texture":"#0","cullface":"south"}}},{"from":[2,4,16],"to":[3,5,16.5],"light_emission":15,"faces":{"east":{"uv":[2,11,2.5,12],"texture":"#0","cullface":"south"},"south":{"uv":[2,11,3,12],"texture":"#0","cullface":"south"},"west":{"uv":[2,11,2.5,12],"texture":"#0","cullface":"south"},"down":{"uv":[2,11,3,11.5],"rotation":180,"texture":"#0","cullface":"south"}}},{"from":[12,7,16],"to":[13,8,16.5],"light_emission":15,"faces":{"east":{"uv":[12,8,12.5,9],"texture":"#0","cullface":"south"},"south":{"uv":[12,8,13,9],"texture":"#0","cullface":"south"},"west":{"uv":[12,8,12.5,9],"texture":"#0","cullface":"south"},"up":{"uv":[12,8,13,8.5],"rotation":180,"texture":"#0","cullface":"south"}}},{"from":[7,1,16],"to":[8,2,16.5],"light_emission":15,"faces":{"east":{"uv":[7,14,7.5,15],"texture":"#0","cullface":"south"},"south":{"uv":[7,14,8,15],"texture":"#0","cullface":"south"},"west":{"uv":[7,14,7.5,15],"texture":"#0","cullface":"south"},"down":{"uv":[7,14,8,14.5],"rotation":180,"texture":"#0","cullface":"south"}}},{"from":[6,2,16],"to":[9,4,16.7],"light_emission":15,"faces":{"east":{"uv":[8,12,8.7,14],"texture":"#0","cullface":"south"},"south":{"uv":[6,12,9,14],"texture":"#0","cullface":"south"},"west":{"uv":[6,12,6.7,14],"texture":"#0","cullface":"south"},"up":{"uv":[6,12,9,12.7],"texture":"#0","cullface":"south"},"down":{"uv":[6,13,9,13.7],"texture":"#0","cullface":"south"}}},{"from":[2,5,16],"to":[4,8,16.7],"light_emission":15,"faces":{"east":{"uv":[3,8,3.7,11],"texture":"#0","cullface":"south"},"south":{"uv":[2,8,4,11],"texture":"#0","cullface":"south"},"west":{"uv":[2,8,2.7,11],"texture":"#0","cullface":"south"},"up":{"uv":[2,8,4,8.7],"texture":"#0","cullface":"south"},"down":{"uv":[2,10,4,10.7],"texture":"#0","cullface":"south"}}},{"from":[7,13,16],"to":[9,15,16.7],"light_emission":15,"faces":{"east":{"uv":[8,1,8.7,3],"texture":"#0","cullface":"south"},"south":{"uv":[7,1,9,3],"texture":"#0","cullface":"south"},"west":{"uv":[7,1,7.7,3],"texture":"#0","cullface":"south"},"up":{"uv":[7,1,9,1.7],"texture":"#0","cullface":"south"},"down":{"uv":[7,2,9,2.7],"texture":"#0","cullface":"south"}}},{"from":[12,4,16],"to":[14,7,16.7],"light_emission":15,"faces":{"east":{"uv":[13,9,13.7,12],"texture":"#0","cullface":"south"},"south":{"uv":[12,9,14,12],"texture":"#0","cullface":"south"},"west":{"uv":[12,9,12.7,12],"texture":"#0","cullface":"south"},"up":{"uv":[12,9,14,9.7],"texture":"#0","cullface":"south"},"down":{"uv":[12,11,14,11.7],"texture":"#0","cullface":"south"}}},{"from":[16,8,5],"to":[16.5,9,6],"light_emission":15,"faces":{"north":{"uv":[10,7,10.5,8],"texture":"#0","cullface":"east"},"east":{"uv":[10,7,11,8],"texture":"#0","cullface":"east"},"up":{"uv":[10,7,11,7.5],"rotation":90,"texture":"#0","cullface":"east"},"down":{"uv":[10,7,11,7.5],"rotation":270,"texture":"#0","cullface":"east"}}},{"from":[16,10,7],"to":[16.5,11,9],"light_emission":15,"faces":{"north":{"uv":[8,5,8.5,6],"texture":"#0","cullface":"east"},"east":{"uv":[7,5,9,6],"texture":"#0","cullface":"east"},"south":{"uv":[7,5,7.5,6],"texture":"#0","cullface":"east"},"up":{"uv":[7,5,9,5.5],"rotation":270,"texture":"#0","cullface":"east"}}},{"from":[16,8,6],"to":[16.7,10,7],"light_emission":15,"faces":{"north":{"uv":[9,6,9.5,8],"texture":"#0","cullface":"east"},"east":{"uv":[9,6,10,8],"texture":"#0","cullface":"east"},"up":{"uv":[9,6,10,6.5],"rotation":90,"texture":"#0","cullface":"east"},"down":{"uv":[9,7,10,7.5],"rotation":270,"texture":"#0","cullface":"east"}}},{"from":[16,8,10],"to":[16.5,9,12],"light_emission":15,"faces":{"east":{"uv":[4,7,6,8],"texture":"#0","cullface":"east"},"south":{"uv":[4,7,4.5,8],"texture":"#0","cullface":"east"},"up":{"uv":[4,7,6,7.5],"rotation":270,"texture":"#0","cullface":"east"},"down":{"uv":[4,7,6,7.5],"rotation":90,"texture":"#0","cullface":"east"}}},{"from":[16,6,8],"to":[16.5,7,9],"light_emission":15,"faces":{"north":{"uv":[7,9,7.5,10],"texture":"#0","cullface":"east"},"east":{"uv":[7,9,8,10],"texture":"#0","cullface":"east"},"south":{"uv":[7,9,7.5,10],"texture":"#0","cullface":"east"},"down":{"uv":[7,9,8,9.5],"rotation":270,"texture":"#0","cullface":"east"}}},{"from":[16,7,7],"to":[16.7,10,10],"light_emission":15,"faces":{"north":{"uv":[8,6,8.7,9],"texture":"#0","cullface":"east"},"east":{"uv":[6,6,9,9],"texture":"#0","cullface":"east"},"south":{"uv":[6,6,6.7,9],"texture":"#0","cullface":"east"},"up":{"uv":[6,6,9,6.7],"rotation":270,"texture":"#0","cullface":"east"},"down":{"uv":[6,8,9,8.7],"rotation":90,"texture":"#0","cullface":"east"}}},{"from":[16,12,3],"to":[16.7,13,4],"light_emission":15,"faces":{"north":{"uv":[12,3,12.7,4],"texture":"#0","cullface":"east"},"east":{"uv":[12,3,13,4],"texture":"#0","cullface":"east"},"south":{"uv":[12,3,12.7,4],"texture":"#0","cullface":"east"},"up":{"uv":[12,3,13,3.7],"rotation":90,"texture":"#0","cullface":"east"},"down":{"uv":[12,3,13,3.7],"rotation":270,"texture":"#0","cullface":"east"}}},{"from":[16,11,3],"to":[16.5,12,4],"light_emission":15,"faces":{"north":{"uv":[12,4,12.5,5],"texture":"#0","cullface":"east"},"east":{"uv":[12,4,13,5],"texture":"#0","cullface":"east"},"south":{"uv":[12,4,12.5,5],"texture":"#0","cullface":"east"},"down":{"uv":[12,4,13,4.5],"rotation":270,"texture":"#0","cullface":"east"}}},{"from":[16,12,4],"to":[16.5,13,5],"light_emission":15,"faces":{"east":{"uv":[11,3,12,4],"texture":"#0","cullface":"east"},"south":{"uv":[11,3,11.5,4],"texture":"#0","cullface":"east"},"up":{"uv":[11,3,12,3.5],"rotation":90,"texture":"#0","cullface":"east"},"down":{"uv":[11,3,12,3.5],"rotation":270,"texture":"#0","cullface":"east"}}},{"from":[16,13,3],"to":[16.5,14,4],"light_emission":15,"faces":{"north":{"uv":[12,2,12.5,3],"texture":"#0","cullface":"east"},"east":{"uv":[12,2,13,3],"texture":"#0","cullface":"east"},"south":{"uv":[12,2,12.5,3],"texture":"#0","cullface":"east"},"up":{"uv":[12,2,13,2.5],"rotation":90,"texture":"#0","cullface":"east"}}},{"from":[16,12,2],"to":[16.5,13,3],"light_emission":15,"faces":{"north":{"uv":[13,3,13.5,4],"texture":"#0","cullface":"east"},"east":{"uv":[13,3,14,4],"texture":"#0","cullface":"east"},"up":{"uv":[13,3,14,3.5],"rotation":90,"texture":"#0","cullface":"east"},"down":{"uv":[13,3,14,3.5],"rotation":270,"texture":"#0","cullface":"east"}}},{"from":[16,13,9],"to":[16.5,14,10],"light_emission":15,"faces":{"east":{"uv":[6,2,7,3],"texture":"#0","cullface":"east"},"south":{"uv":[6,2,6.5,3],"texture":"#0","cullface":"east"},"up":{"uv":[6,2,7,2.5],"rotation":90,"texture":"#0","cullface":"east"},"down":{"uv":[6,2,7,2.5],"rotation":270,"texture":"#0","cullface":"east"}}},{"from":[16,5,14],"to":[16.5,7,15],"light_emission":15,"faces":{"east":{"uv":[1,9,2,11],"texture":"#0","cullface":"east"},"south":{"uv":[1,9,1.5,11],"texture":"#0","cullface":"east"},"up":{"uv":[1,9,2,9.5],"rotation":90,"texture":"#0","cullface":"east"},"down":{"uv":[1,10,2,10.5],"rotation":270,"texture":"#0","cullface":"east"}}},{"from":[16,4,13],"to":[16.5,5,14],"light_emission":15,"faces":{"north":{"uv":[2,11,2.5,12],"texture":"#0","cullface":"east"},"east":{"uv":[2,11,3,12],"texture":"#0","cullface":"east"},"south":{"uv":[2,11,2.5,12],"texture":"#0","cullface":"east"},"down":{"uv":[2,11,3,11.5],"rotation":270,"texture":"#0","cullface":"east"}}},{"from":[16,7,3],"to":[16.5,8,4],"light_emission":15,"faces":{"north":{"uv":[12,8,12.5,9],"texture":"#0","cullface":"east"},"east":{"uv":[12,8,13,9],"texture":"#0","cullface":"east"},"south":{"uv":[12,8,12.5,9],"texture":"#0","cullface":"east"},"up":{"uv":[12,8,13,8.5],"rotation":90,"texture":"#0","cullface":"east"}}},{"from":[16,1,8],"to":[16.5,2,9],"light_emission":15,"faces":{"north":{"uv":[7,14,7.5,15],"texture":"#0","cullface":"east"},"east":{"uv":[7,14,8,15],"texture":"#0","cullface":"east"},"south":{"uv":[7,14,7.5,15],"texture":"#0","cullface":"east"},"down":{"uv":[7,14,8,14.5],"rotation":270,"texture":"#0","cullface":"east"}}},{"from":[16,2,7],"to":[16.7,4,10],"light_emission":15,"faces":{"north":{"uv":[8,12,8.7,14],"texture":"#0","cullface":"east"},"east":{"uv":[6,12,9,14],"texture":"#0","cullface":"east"},"south":{"uv":[6,12,6.7,14],"texture":"#0","cullface":"east"},"up":{"uv":[6,12,9,12.7],"rotation":270,"texture":"#0","cullface":"east"},"down":{"uv":[6,13,9,13.7],"rotation":90,"texture":"#0","cullface":"east"}}},{"from":[16,5,12],"to":[16.7,8,14],"light_emission":15,"faces":{"north":{"uv":[3,8,3.7,11],"texture":"#0","cullface":"east"},"east":{"uv":[2,8,4,11],"texture":"#0","cullface":"east"},"south":{"uv":[2,8,2.7,11],"texture":"#0","cullface":"east"},"up":{"uv":[2,8,4,8.7],"rotation":270,"texture":"#0","cullface":"east"},"down":{"uv":[2,10,4,10.7],"rotation":90,"texture":"#0","cullface":"east"}}},{"from":[16,13,7],"to":[16.7,15,9],"light_emission":15,"faces":{"north":{"uv":[8,1,8.7,3],"texture":"#0","cullface":"east"},"east":{"uv":[7,1,9,3],"texture":"#0","cullface":"east"},"south":{"uv":[7,1,7.7,3],"texture":"#0","cullface":"east"},"up":{"uv":[7,1,9,1.7],"rotation":270,"texture":"#0","cullface":"east"},"down":{"uv":[7,2,9,2.7],"rotation":90,"texture":"#0","cullface":"east"}}},{"from":[16,4,2],"to":[16.7,7,4],"light_emission":15,"faces":{"north":{"uv":[13,9,13.7,12],"texture":"#0","cullface":"east"},"east":{"uv":[12,9,14,12],"texture":"#0","cullface":"east"},"south":{"uv":[12,9,12.7,12],"texture":"#0","cullface":"east"},"up":{"uv":[12,9,14,9.7],"rotation":270,"texture":"#0","cullface":"east"},"down":{"uv":[12,11,14,11.7],"rotation":90,"texture":"#0","cullface":"east"}}},{"from":[10,16,7],"to":[11,16.5,8],"light_emission":15,"faces":{"north":{"uv":[10,7,11,7.5],"texture":"#0","cullface":"up"},"east":{"uv":[10,7,10.5,8],"rotation":90,"texture":"#0","cullface":"up"},"south":{"uv":[10,7,11,7.5],"rotation":180,"texture":"#0","cullface":"up"},"up":{"uv":[10,7,11,8],"texture":"#0","cullface":"up"}}},{"from":[7,16,5],"to":[9,16.5,6],"light_emission":15,"faces":{"north":{"uv":[7,5,9,5.5],"rotation":180,"texture":"#0","cullface":"up"},"east":{"uv":[8,5,8.5,6],"rotation":90,"texture":"#0","cullface":"up"},"west":{"uv":[7,5,7.5,6],"rotation":270,"texture":"#0","cullface":"up"},"up":{"uv":[7,5,9,6],"texture":"#0","cullface":"up"}}},{"from":[9,16,6],"to":[10,16.7,8],"light_emission":15,"faces":{"north":{"uv":[9,6,10,6.5],"texture":"#0","cullface":"up"},"east":{"uv":[9,6,9.5,8],"rotation":90,"texture":"#0","cullface":"up"},"south":{"uv":[9,7,10,7.5],"rotation":180,"texture":"#0","cullface":"up"},"up":{"uv":[9,6,10,8],"texture":"#0","cullface":"up"}}},{"from":[4,16,7],"to":[6,16.5,8],"light_emission":15,"faces":{"north":{"uv":[4,7,6,7.5],"rotation":180,"texture":"#0","cullface":"up"},"south":{"uv":[4,7,6,7.5],"texture":"#0","cullface":"up"},"west":{"uv":[4,7,4.5,8],"rotation":270,"texture":"#0","cullface":"up"},"up":{"uv":[4,7,6,8],"texture":"#0","cullface":"up"}}},{"from":[7,16,9],"to":[8,16.5,10],"light_emission":15,"faces":{"east":{"uv":[7,9,7.5,10],"rotation":90,"texture":"#0","cullface":"up"},"south":{"uv":[7,9,8,9.5],"rotation":180,"texture":"#0","cullface":"up"},"west":{"uv":[7,9,7.5,10],"rotation":270,"texture":"#0","cullface":"up"},"up":{"uv":[7,9,8,10],"texture":"#0","cullface":"up"}}},{"from":[6,16,6],"to":[9,16.7,9],"light_emission":15,"faces":{"north":{"uv":[6,6,9,6.7],"rotation":180,"texture":"#0","cullface":"up"},"east":{"uv":[8,6,8.7,9],"rotation":90,"texture":"#0","cullface":"up"},"south":{"uv":[6,8,9,8.7],"texture":"#0","cullface":"up"},"west":{"uv":[6,6,6.7,9],"rotation":270,"texture":"#0","cullface":"up"},"up":{"uv":[6,6,9,9],"texture":"#0","cullface":"up"}}},{"from":[12,16,3],"to":[13,16.7,4],"light_emission":15,"faces":{"north":{"uv":[12,3,13,3.7],"texture":"#0","cullface":"up"},"east":{"uv":[12,3,12.7,4],"rotation":90,"texture":"#0","cullface":"up"},"south":{"uv":[12,3,13,3.7],"rotation":180,"texture":"#0","cullface":"up"},"west":{"uv":[12,3,12.7,4],"rotation":270,"texture":"#0","cullface":"up"},"up":{"uv":[12,3,13,4],"texture":"#0","cullface":"up"}}},{"from":[12,16,4],"to":[13,16.5,5],"light_emission":15,"faces":{"east":{"uv":[12,4,12.5,5],"rotation":90,"texture":"#0","cullface":"up"},"south":{"uv":[12,4,13,4.5],"rotation":180,"texture":"#0","cullface":"up"},"west":{"uv":[12,4,12.5,5],"rotation":270,"texture":"#0","cullface":"up"},"up":{"uv":[12,4,13,5],"texture":"#0","cullface":"up"}}},{"from":[11,16,3],"to":[12,16.5,4],"light_emission":15,"faces":{"north":{"uv":[11,3,12,3.5],"texture":"#0","cullface":"up"},"south":{"uv":[11,3,12,3.5],"rotation":180,"texture":"#0","cullface":"up"},"west":{"uv":[11,3,11.5,4],"rotation":270,"texture":"#0","cullface":"up"},"up":{"uv":[11,3,12,4],"texture":"#0","cullface":"up"}}},{"from":[12,16,2],"to":[13,16.5,3],"light_emission":15,"faces":{"north":{"uv":[12,2,13,2.5],"texture":"#0","cullface":"up"},"east":{"uv":[12,2,12.5,3],"rotation":90,"texture":"#0","cullface":"up"},"west":{"uv":[12,2,12.5,3],"rotation":270,"texture":"#0","cullface":"up"},"up":{"uv":[12,2,13,3],"texture":"#0","cullface":"up"}}},{"from":[13,16,3],"to":[14,16.5,4],"light_emission":15,"faces":{"north":{"uv":[13,3,14,3.5],"texture":"#0","cullface":"up"},"east":{"uv":[13,3,13.5,4],"rotation":90,"texture":"#0","cullface":"up"},"south":{"uv":[13,3,14,3.5],"rotation":180,"texture":"#0","cullface":"up"},"up":{"uv":[13,3,14,4],"texture":"#0","cullface":"up"}}},{"from":[6,16,2],"to":[7,16.5,3],"light_emission":15,"faces":{"north":{"uv":[6,2,7,2.5],"texture":"#0","cullface":"up"},"south":{"uv":[6,2,7,2.5],"rotation":180,"texture":"#0","cullface":"up"},"west":{"uv":[6,2,6.5,3],"rotation":270,"texture":"#0","cullface":"up"},"up":{"uv":[6,2,7,3],"texture":"#0","cullface":"up"}}},{"from":[1,16,9],"to":[2,16.5,11],"light_emission":15,"faces":{"north":{"uv":[1,9,2,9.5],"texture":"#0","cullface":"up"},"south":{"uv":[1,10,2,10.5],"rotation":180,"texture":"#0","cullface":"up"},"west":{"uv":[1,9,1.5,11],"rotation":270,"texture":"#0","cullface":"up"},"up":{"uv":[1,9,2,11],"texture":"#0","cullface":"up"}}},{"from":[2,16,11],"to":[3,16.5,12],"light_emission":15,"faces":{"east":{"uv":[2,11,2.5,12],"rotation":90,"texture":"#0","cullface":"up"},"south":{"uv":[2,11,3,11.5],"rotation":180,"texture":"#0","cullface":"up"},"west":{"uv":[2,11,2.5,12],"rotation":270,"texture":"#0","cullface":"up"},"up":{"uv":[2,11,3,12],"texture":"#0","cullface":"up"}}},{"from":[12,16,8],"to":[13,16.5,9],"light_emission":15,"faces":{"north":{"uv":[12,8,13,8.5],"texture":"#0","cullface":"up"},"east":{"uv":[12,8,12.5,9],"rotation":90,"texture":"#0","cullface":"up"},"west":{"uv":[12,8,12.5,9],"rotation":270,"texture":"#0","cullface":"up"},"up":{"uv":[12,8,13,9],"texture":"#0","cullface":"up"}}},{"from":[7,16,14],"to":[8,16.5,15],"light_emission":15,"faces":{"east":{"uv":[7,14,7.5,15],"rotation":90,"texture":"#0","cullface":"up"},"south":{"uv":[7,14,8,14.5],"rotation":180,"texture":"#0","cullface":"up"},"west":{"uv":[7,14,7.5,15],"rotation":270,"texture":"#0","cullface":"up"},"up":{"uv":[7,14,8,15],"texture":"#0","cullface":"up"}}},{"from":[6,16,12],"to":[9,16.7,14],"light_emission":15,"faces":{"north":{"uv":[6,12,9,12.7],"rotation":180,"texture":"#0","cullface":"up"},"east":{"uv":[8,12,8.7,14],"rotation":90,"texture":"#0","cullface":"up"},"south":{"uv":[6,13,9,13.7],"texture":"#0","cullface":"up"},"west":{"uv":[6,12,6.7,14],"rotation":270,"texture":"#0","cullface":"up"},"up":{"uv":[6,12,9,14],"texture":"#0","cullface":"up"}}},{"from":[2,16,8],"to":[4,16.7,11],"light_emission":15,"faces":{"north":{"uv":[2,8,4,8.7],"rotation":180,"texture":"#0","cullface":"up"},"east":{"uv":[3,8,3.7,11],"rotation":90,"texture":"#0","cullface":"up"},"south":{"uv":[2,10,4,10.7],"texture":"#0","cullface":"up"},"west":{"uv":[2,8,2.7,11],"rotation":270,"texture":"#0","cullface":"up"},"up":{"uv":[2,8,4,11],"texture":"#0","cullface":"up"}}},{"from":[7,16,1],"to":[9,16.7,3],"light_emission":15,"faces":{"north":{"uv":[7,1,9,1.7],"rotation":180,"texture":"#0","cullface":"up"},"east":{"uv":[8,1,8.7,3],"rotation":90,"texture":"#0","cullface":"up"},"south":{"uv":[7,2,9,2.7],"texture":"#0","cullface":"up"},"west":{"uv":[7,1,7.7,3],"rotation":270,"texture":"#0","cullface":"up"},"up":{"uv":[7,1,9,3],"texture":"#0","cullface":"up"}}},{"from":[12,16,9],"to":[14,16.7,12],"light_emission":15,"faces":{"north":{"uv":[12,9,14,9.7],"rotation":180,"texture":"#0","cullface":"up"},"east":{"uv":[13,9,13.7,12],"rotation":90,"texture":"#0","cullface":"up"},"south":{"uv":[12,11,14,11.7],"texture":"#0","cullface":"up"},"west":{"uv":[12,9,12.7,12],"rotation":270,"texture":"#0","cullface":"up"},"up":{"uv":[12,9,14,12],"texture":"#0","cullface":"up"}}},{"from":[10,-0.5,8],"to":[11,0,9],"light_emission":15,"faces":{"north":{"uv":[10,7,11,7.5],"texture":"#0","cullface":"down"},"east":{"uv":[10,7,10.5,8],"rotation":270,"texture":"#0","cullface":"down"},"south":{"uv":[10,7,11,7.5],"rotation":180,"texture":"#0","cullface":"down"},"down":{"uv":[10,7,11,8],"texture":"#0","cullface":"down"}}},{"from":[7,-0.5,10],"to":[9,0,11],"light_emission":15,"faces":{"east":{"uv":[8,5,8.5,6],"rotation":270,"texture":"#0","cullface":"down"},"south":{"uv":[7,5,9,5.5],"texture":"#0","cullface":"down"},"west":{"uv":[7,5,7.5,6],"rotation":90,"texture":"#0","cullface":"down"},"down":{"uv":[7,5,9,6],"texture":"#0","cullface":"down"}}},{"from":[9,-0.7,8],"to":[10,0,10],"light_emission":15,"faces":{"north":{"uv":[9,7,10,7.5],"texture":"#0","cullface":"down"},"east":{"uv":[9,6,9.5,8],"rotation":270,"texture":"#0","cullface":"down"},"south":{"uv":[9,6,10,6.5],"rotation":180,"texture":"#0","cullface":"down"},"down":{"uv":[9,6,10,8],"texture":"#0","cullface":"down"}}},{"from":[4,-0.5,8],"to":[6,0,9],"light_emission":15,"faces":{"north":{"uv":[4,7,6,7.5],"rotation":180,"texture":"#0","cullface":"down"},"south":{"uv":[4,7,6,7.5],"texture":"#0","cullface":"down"},"west":{"uv":[4,7,4.5,8],"rotation":90,"texture":"#0","cullface":"down"},"down":{"uv":[4,7,6,8],"texture":"#0","cullface":"down"}}},{"from":[7,-0.5,6],"to":[8,0,7],"light_emission":15,"faces":{"north":{"uv":[7,9,8,9.5],"texture":"#0","cullface":"down"},"east":{"uv":[7,9,7.5,10],"rotation":270,"texture":"#0","cullface":"down"},"west":{"uv":[7,9,7.5,10],"rotation":90,"texture":"#0","cullface":"down"},"down":{"uv":[7,9,8,10],"texture":"#0","cullface":"down"}}},{"from":[6,-0.7,7],"to":[9,0,10],"light_emission":15,"faces":{"north":{"uv":[6,8,9,8.7],"rotation":180,"texture":"#0","cullface":"down"},"east":{"uv":[8,6,8.7,9],"rotation":270,"texture":"#0","cullface":"down"},"south":{"uv":[6,6,9,6.7],"texture":"#0","cullface":"down"},"west":{"uv":[6,6,6.7,9],"rotation":90,"texture":"#0","cullface":"down"},"down":{"uv":[6,6,9,9],"texture":"#0","cullface":"down"}}},{"from":[12,-0.7,12],"to":[13,0,13],"light_emission":15,"faces":{"north":{"uv":[12,3,13,3.7],"texture":"#0","cullface":"down"},"east":{"uv":[12,3,12.7,4],"rotation":270,"texture":"#0","cullface":"down"},"south":{"uv":[12,3,13,3.7],"rotation":180,"texture":"#0","cullface":"down"},"west":{"uv":[12,3,12.7,4],"rotation":90,"texture":"#0","cullface":"down"},"down":{"uv":[12,3,13,4],"texture":"#0","cullface":"down"}}},{"from":[12,-0.5,11],"to":[13,0,12],"light_emission":15,"faces":{"north":{"uv":[12,4,13,4.5],"texture":"#0","cullface":"down"},"east":{"uv":[12,4,12.5,5],"rotation":270,"texture":"#0","cullface":"down"},"west":{"uv":[12,4,12.5,5],"rotation":90,"texture":"#0","cullface":"down"},"down":{"uv":[12,4,13,5],"texture":"#0","cullface":"down"}}},{"from":[11,-0.5,12],"to":[12,0,13],"light_emission":15,"faces":{"north":{"uv":[11,3,12,3.5],"texture":"#0","cullface":"down"},"south":{"uv":[11,3,12,3.5],"rotation":180,"texture":"#0","cullface":"down"},"west":{"uv":[11,3,11.5,4],"rotation":90,"texture":"#0","cullface":"down"},"down":{"uv":[11,3,12,4],"texture":"#0","cullface":"down"}}},{"from":[12,-0.5,13],"to":[13,0,14],"light_emission":15,"faces":{"east":{"uv":[12,2,12.5,3],"rotation":270,"texture":"#0","cullface":"down"},"south":{"uv":[12,2,13,2.5],"rotation":180,"texture":"#0","cullface":"down"},"west":{"uv":[12,2,12.5,3],"rotation":90,"texture":"#0","cullface":"down"},"down":{"uv":[12,2,13,3],"texture":"#0","cullface":"down"}}},{"from":[13,-0.5,12],"to":[14,0,13],"light_emission":15,"faces":{"north":{"uv":[13,3,14,3.5],"texture":"#0","cullface":"down"},"east":{"uv":[13,3,13.5,4],"rotation":270,"texture":"#0","cullface":"down"},"south":{"uv":[13,3,14,3.5],"rotation":180,"texture":"#0","cullface":"down"},"down":{"uv":[13,3,14,4],"texture":"#0","cullface":"down"}}},{"from":[6,-0.5,13],"to":[7,0,14],"light_emission":15,"faces":{"north":{"uv":[6,2,7,2.5],"texture":"#0","cullface":"down"},"south":{"uv":[6,2,7,2.5],"rotation":180,"texture":"#0","cullface":"down"},"west":{"uv":[6,2,6.5,3],"rotation":90,"texture":"#0","cullface":"down"},"down":{"uv":[6,2,7,3],"texture":"#0","cullface":"down"}}},{"from":[1,-0.5,5],"to":[2,0,7],"light_emission":15,"faces":{"north":{"uv":[1,10,2,10.5],"texture":"#0","cullface":"down"},"south":{"uv":[1,9,2,9.5],"rotation":180,"texture":"#0","cullface":"down"},"west":{"uv":[1,9,1.5,11],"rotation":90,"texture":"#0","cullface":"down"},"down":{"uv":[1,9,2,11],"texture":"#0","cullface":"down"}}},{"from":[2,-0.5,4],"to":[3,0,5],"light_emission":15,"faces":{"north":{"uv":[2,11,3,11.5],"texture":"#0","cullface":"down"},"east":{"uv":[2,11,2.5,12],"rotation":270,"texture":"#0","cullface":"down"},"west":{"uv":[2,11,2.5,12],"rotation":90,"texture":"#0","cullface":"down"},"down":{"uv":[2,11,3,12],"texture":"#0","cullface":"down"}}},{"from":[12,-0.5,7],"to":[13,0,8],"light_emission":15,"faces":{"east":{"uv":[12,8,12.5,9],"rotation":270,"texture":"#0","cullface":"down"},"south":{"uv":[12,8,13,8.5],"rotation":180,"texture":"#0","cullface":"down"},"west":{"uv":[12,8,12.5,9],"rotation":90,"texture":"#0","cullface":"down"},"down":{"uv":[12,8,13,9],"texture":"#0","cullface":"down"}}},{"from":[7,-0.5,1],"to":[8,0,2],"light_emission":15,"faces":{"north":{"uv":[7,14,8,14.5],"texture":"#0","cullface":"down"},"east":{"uv":[7,14,7.5,15],"rotation":270,"texture":"#0","cullface":"down"},"west":{"uv":[7,14,7.5,15],"rotation":90,"texture":"#0","cullface":"down"},"down":{"uv":[7,14,8,15],"texture":"#0","cullface":"down"}}},{"from":[6,-0.7,2],"to":[9,0,4],"light_emission":15,"faces":{"north":{"uv":[6,13,9,13.7],"rotation":180,"texture":"#0","cullface":"down"},"east":{"uv":[8,12,8.7,14],"rotation":270,"texture":"#0","cullface":"down"},"south":{"uv":[6,12,9,12.7],"texture":"#0","cullface":"down"},"west":{"uv":[6,12,6.7,14],"rotation":90,"texture":"#0","cullface":"down"},"down":{"uv":[6,12,9,14],"texture":"#0","cullface":"down"}}},{"from":[2,-0.7,5],"to":[4,0,8],"light_emission":15,"faces":{"north":{"uv":[2,10,4,10.7],"rotation":180,"texture":"#0","cullface":"down"},"east":{"uv":[3,8,3.7,11],"rotation":270,"texture":"#0","cullface":"down"},"south":{"uv":[2,8,4,8.7],"texture":"#0","cullface":"down"},"west":{"uv":[2,8,2.7,11],"rotation":90,"texture":"#0","cullface":"down"},"down":{"uv":[2,8,4,11],"texture":"#0","cullface":"down"}}},{"from":[7,-0.7,13],"to":[9,0,15],"light_emission":15,"faces":{"north":{"uv":[7,2,9,2.7],"rotation":180,"texture":"#0","cullface":"down"},"east":{"uv":[8,1,8.7,3],"rotation":270,"texture":"#0","cullface":"down"},"south":{"uv":[7,1,9,1.7],"texture":"#0","cullface":"down"},"west":{"uv":[7,1,7.7,3],"rotation":90,"texture":"#0","cullface":"down"},"down":{"uv":[7,1,9,3],"texture":"#0","cullface":"down"}}},{"from":[12,-0.7,4],"to":[14,0,7],"light_emission":15,"faces":{"north":{"uv":[12,11,14,11.7],"rotation":180,"texture":"#0","cullface":"down"},"east":{"uv":[13,9,13.7,12],"rotation":270,"texture":"#0","cullface":"down"},"south":{"uv":[12,9,14,9.7],"texture":"#0","cullface":"down"},"west":{"uv":[12,9,12.7,12],"rotation":90,"texture":"#0","cullface":"down"},"down":{"uv":[12,9,14,12],"texture":"#0","cullface":"down"}}},{"from":[12,5,-0.7],"to":[14,8,0],"light_emission":15,"faces":{"north":{"uv":[2,8,4,11],"texture":"#0","cullface":"north"},"east":{"uv":[2,8,2.7,11],"texture":"#0","cullface":"north"},"west":{"uv":[3,8,3.7,11],"texture":"#0","cullface":"north"},"up":{"uv":[2,8,4,8.7],"rotation":180,"texture":"#0","cullface":"north"},"down":{"uv":[2,10,4,10.7],"rotation":180,"texture":"#0","cullface":"north"}}},{"from":[7,13,-0.7],"to":[9,15,0],"light_emission":15,"faces":{"north":{"uv":[7,1,9,3],"texture":"#0","cullface":"north"},"east":{"uv":[7,1,7.7,3],"texture":"#0","cullface":"north"},"west":{"uv":[8,1,8.7,3],"texture":"#0","cullface":"north"},"up":{"uv":[7,1,9,1.7],"rotation":180,"texture":"#0","cullface":"north"},"down":{"uv":[7,2,9,2.7],"rotation":180,"texture":"#0","cullface":"north"}}},{"from":[7,2,-0.7],"to":[10,4,0],"light_emission":15,"faces":{"north":{"uv":[6,12,9,14],"texture":"#0","cullface":"north"},"east":{"uv":[6,12,6.7,14],"texture":"#0","cullface":"north"},"west":{"uv":[8,12,8.7,14],"texture":"#0","cullface":"north"},"up":{"uv":[6,12,9,12.7],"rotation":180,"texture":"#0","cullface":"north"},"down":{"uv":[6,13,9,13.7],"rotation":180,"texture":"#0","cullface":"north"}}},{"from":[7,7,-0.7],"to":[10,10,0],"light_emission":15,"faces":{"north":{"uv":[6,6,9,9],"texture":"#0","cullface":"north"},"east":{"uv":[6,6,6.7,9],"texture":"#0","cullface":"north"},"west":{"uv":[8,6,8.7,9],"texture":"#0","cullface":"north"},"up":{"uv":[6,6,9,6.7],"rotation":180,"texture":"#0","cullface":"north"},"down":{"uv":[6,8,9,8.7],"rotation":180,"texture":"#0","cullface":"north"}}},{"from":[8,1,-0.5],"to":[9,2,0],"light_emission":15,"faces":{"north":{"uv":[7,14,8,15],"texture":"#0","cullface":"north"},"east":{"uv":[7,14,7.5,15],"texture":"#0","cullface":"north"},"west":{"uv":[7,14,7.5,15],"texture":"#0","cullface":"north"},"down":{"uv":[7,14,8,14.5],"texture":"#0","cullface":"north"}}},{"from":[8,6,-0.5],"to":[9,7,0],"light_emission":15,"faces":{"north":{"uv":[7,9,8,10],"texture":"#0","cullface":"north"},"east":{"uv":[7,9,7.5,10],"texture":"#0","cullface":"north"},"west":{"uv":[7,9,7.5,10],"texture":"#0","cullface":"north"},"down":{"uv":[7,9,8,9.5],"texture":"#0","cullface":"north"}}},{"from":[10,8,-0.5],"to":[12,9,0],"light_emission":15,"faces":{"north":{"uv":[4,7,6,8],"texture":"#0","cullface":"north"},"east":{"uv":[4,7,4.5,8],"texture":"#0","cullface":"north"},"up":{"uv":[4,7,6,7.5],"rotation":180,"texture":"#0","cullface":"north"},"down":{"uv":[4,7,6,7.5],"rotation":180,"texture":"#0","cullface":"north"}}},{"from":[6,8,-0.7],"to":[7,10,0],"light_emission":15,"faces":{"north":{"uv":[9,6,10,8],"texture":"#0","cullface":"north"},"west":{"uv":[9,6,9.5,8],"texture":"#0","cullface":"north"},"up":{"uv":[9,6,10,6.5],"texture":"#0","cullface":"north"},"down":{"uv":[9,7,10,7.5],"texture":"#0","cullface":"north"}}},{"from":[5,8,-0.5],"to":[6,9,0],"light_emission":15,"faces":{"north":{"uv":[10,7,11,8],"texture":"#0","cullface":"north"},"west":{"uv":[10,7,10.5,8],"texture":"#0","cullface":"north"},"up":{"uv":[10,7,11,7.5],"texture":"#0","cullface":"north"},"down":{"uv":[10,7,11,7.5],"texture":"#0","cullface":"north"}}},{"from":[7,10,-0.5],"to":[9,11,0],"light_emission":15,"faces":{"north":{"uv":[7,5,9,6],"texture":"#0","cullface":"north"},"east":{"uv":[7,5,7.5,6],"texture":"#0","cullface":"north"},"west":{"uv":[8,5,8.5,6],"texture":"#0","cullface":"north"},"up":{"uv":[7,5,9,5.5],"rotation":180,"texture":"#0","cullface":"north"}}},{"from":[3,7,-0.5],"to":[4,8,0],"light_emission":15,"faces":{"north":{"uv":[12,8,13,9],"texture":"#0","cullface":"north"},"east":{"uv":[12,8,12.5,9],"texture":"#0","cullface":"north"},"west":{"uv":[12,8,12.5,9],"texture":"#0","cullface":"north"},"up":{"uv":[12,8,13,8.5],"texture":"#0","cullface":"north"}}},{"from":[2,12,-0.5],"to":[3,13,0],"light_emission":15,"faces":{"north":{"uv":[13,3,14,4],"texture":"#0","cullface":"north"},"west":{"uv":[13,3,13.5,4],"texture":"#0","cullface":"north"},"up":{"uv":[13,3,14,3.5],"texture":"#0","cullface":"north"},"down":{"uv":[13,3,14,3.5],"texture":"#0","cullface":"north"}}},{"from":[4,12,-0.5],"to":[5,13,0],"light_emission":15,"faces":{"north":{"uv":[11,3,12,4],"texture":"#0","cullface":"north"},"east":{"uv":[11,3,11.5,4],"texture":"#0","cullface":"north"},"up":{"uv":[11,3,12,3.5],"texture":"#0","cullface":"north"},"down":{"uv":[11,3,12,3.5],"texture":"#0","cullface":"north"}}},{"from":[3,11,-0.5],"to":[4,12,0],"light_emission":15,"faces":{"north":{"uv":[12,4,13,5],"texture":"#0","cullface":"north"},"east":{"uv":[12,4,12.5,5],"texture":"#0","cullface":"north"},"west":{"uv":[12,4,12.5,5],"texture":"#0","cullface":"north"},"down":{"uv":[12,4,13,4.5],"texture":"#0","cullface":"north"}}},{"from":[3,12,-0.7],"to":[4,13,0],"light_emission":15,"faces":{"north":{"uv":[12,3,13,4],"texture":"#0","cullface":"north"},"east":{"uv":[12,3,12.7,4],"texture":"#0","cullface":"north"},"west":{"uv":[12,3,12.7,4],"texture":"#0","cullface":"north"},"up":{"uv":[12,3,13,3.7],"texture":"#0","cullface":"north"},"down":{"uv":[12,3,13,3.7],"texture":"#0","cullface":"north"}}},{"from":[3,13,-0.5],"to":[4,14,0],"light_emission":15,"faces":{"north":{"uv":[12,2,13,3],"texture":"#0","cullface":"north"},"east":{"uv":[12,2,12.5,3],"texture":"#0","cullface":"north"},"west":{"uv":[12,2,12.5,3],"texture":"#0","cullface":"north"},"up":{"uv":[12,2,13,2.5],"texture":"#0","cullface":"north"}}},{"from":[13,4,-0.5],"to":[14,5,0],"light_emission":15,"faces":{"north":{"uv":[2,11,3,12],"texture":"#0","cullface":"north"},"east":{"uv":[2,11,2.5,12],"texture":"#0","cullface":"north"},"west":{"uv":[2,11,2.5,12],"texture":"#0","cullface":"north"},"down":{"uv":[2,11,3,11.5],"texture":"#0","cullface":"north"}}},{"from":[14,5,-0.5],"to":[15,7,0],"light_emission":15,"faces":{"north":{"uv":[1,9,2,11],"texture":"#0","cullface":"north"},"east":{"uv":[1,9,1.5,11],"texture":"#0","cullface":"north"},"up":{"uv":[1,9,2,9.5],"texture":"#0","cullface":"north"},"down":{"uv":[1,10,2,10.5],"texture":"#0","cullface":"north"}}},{"from":[9,13,-0.5],"to":[10,14,0],"light_emission":15,"faces":{"north":{"uv":[6,2,7,3],"texture":"#0","cullface":"north"},"east":{"uv":[6,2,6.5,3],"texture":"#0","cullface":"north"},"up":{"uv":[6,2,7,2.5],"texture":"#0","cullface":"north"},"down":{"uv":[6,2,7,2.5],"texture":"#0","cullface":"north"}}}]}