{"credit":"Created by Marceus","format_version":"1.21.6","credit":"Created by Marceus","parent":"display/block_inside","textures":{"0":"block/deepslate_emerald_ore","particle":"block/deepslate_emerald_ore"},"elements":[{"from":[0,0,0],"to":[16,16,16],"faces":{"north":{"uv":[0,0,16,16],"texture":"#0","cullface":"north"},"east":{"uv":[0,0,16,16],"texture":"#0","cullface":"east"},"south":{"uv":[0,0,16,16],"texture":"#0","cullface":"south"},"west":{"uv":[0,0,16,16],"texture":"#0","cullface":"west"},"up":{"uv":[0,0,16,16],"texture":"#0","cullface":"up"},"down":{"uv":[0,0,16,16],"texture":"#0","cullface":"down"}}},{"from":[10,1,-0.5],"to":[12,3,0],"light_emission":15,"faces":{"north":{"uv":[4,13,6,15],"texture":"#0","cullface":"north"},"east":{"uv":[4,13,4.5,15],"texture":"#0","cullface":"north"},"west":{"uv":[5,13,5.5,15],"texture":"#0","cullface":"north"},"up":{"uv":[4,13,6,13.5],"rotation":180,"texture":"#0","cullface":"north"},"down":{"uv":[4,14,6,14.5],"rotation":180,"texture":"#0","cullface":"north"}}},{"from":[-0.7,3,9],"to":[0,5,12],"light_emission":15,"faces":{"north":{"uv":[9,11,9.7,13],"texture":"#0","cullface":"west"},"south":{"uv":[11,11,11.7,13],"texture":"#0","cullface":"west"},"west":{"uv":[9,11,12,13],"texture":"#0","cullface":"west"},"up":{"uv":[9,11,12,11.7],"rotation":90,"texture":"#0","cullface":"west"},"down":{"uv":[9,12,12,12.7],"rotation":270,"texture":"#0","cullface":"west"}}},{"from":[-0.7,9,6],"to":[0,11,8],"light_emission":15,"faces":{"north":{"uv":[6,5,6.5,7],"texture":"#0","cullface":"west"},"south":{"uv":[7,5,7.5,7],"texture":"#0","cullface":"west"},"west":{"uv":[6,5,8,7],"texture":"#0","cullface":"west"},"up":{"uv":[6,5,8,5.5],"rotation":90,"texture":"#0","cullface":"west"},"down":{"uv":[6,6,8,6.5],"rotation":270,"texture":"#0","cullface":"west"}}},{"from":[-0.7,8,4],"to":[0,10,6],"light_emission":15,"faces":{"north":{"uv":[4,6,4.5,8],"texture":"#0","cullface":"west"},"south":{"uv":[5,6,5.5,8],"texture":"#0","cullface":"west"},"west":{"uv":[4,6,6,8],"texture":"#0","cullface":"west"},"up":{"uv":[4,6,6,6.5],"rotation":90,"texture":"#0","cullface":"west"},"down":{"uv":[4,7,6,7.5],"rotation":270,"texture":"#0","cullface":"west"}}},{"from":[-0.5,10,5],"to":[0,11,6],"light_emission":15,"faces":{"north":{"uv":[5,5,5.5,6],"texture":"#0","cullface":"west"},"west":{"uv":[5,5,6,6],"texture":"#0","cullface":"west"},"up":{"uv":[5,5,6,5.5],"rotation":270,"texture":"#0","cullface":"west"}}},{"from":[-0.5,11,6],"to":[0,12,7],"light_emission":15,"faces":{"north":{"uv":[6,4,6.5,5],"texture":"#0","cullface":"west"},"south":{"uv":[6,4,6.5,5],"texture":"#0","cullface":"west"},"west":{"uv":[6,4,7,5],"texture":"#0","cullface":"west"},"up":{"uv":[6,4,7,4.5],"rotation":270,"texture":"#0","cullface":"west"}}},{"from":[-0.5,2,9],"to":[0,3,11],"light_emission":15,"faces":{"north":{"uv":[9,13,9.5,14],"texture":"#0","cullface":"west"},"south":{"uv":[10,13,10.5,14],"texture":"#0","cullface":"west"},"west":{"uv":[9,13,11,14],"texture":"#0","cullface":"west"},"down":{"uv":[9,13,11,13.5],"rotation":270,"texture":"#0","cullface":"west"}}},{"from":[-0.5,5,9],"to":[0,6,12],"light_emission":15,"faces":{"north":{"uv":[9,10,9.5,11],"texture":"#0","cullface":"west"},"south":{"uv":[11,10,11.5,11],"texture":"#0","cullface":"west"},"west":{"uv":[9,10,12,11],"texture":"#0","cullface":"west"},"up":{"uv":[9,10,12,10.5],"rotation":90,"texture":"#0","cullface":"west"}}},{"from":[-0.5,7,4],"to":[0,8,6],"light_emission":15,"faces":{"north":{"uv":[4,8,4.5,9],"texture":"#0","cullface":"west"},"south":{"uv":[5,8,5.5,9],"texture":"#0","cullface":"west"},"west":{"uv":[4,8,6,9],"texture":"#0","cullface":"west"},"down":{"uv":[4,8,6,8.5],"rotation":270,"texture":"#0","cullface":"west"}}},{"from":[-0.5,8,6],"to":[0,9,8],"light_emission":15,"faces":{"west":{"uv":[6,7,8,8],"texture":"#0","cullface":"west"},"down":{"uv":[6,7,8,7.5],"rotation":270,"texture":"#0","cullface":"west"}}},{"from":[-0.5,8,3],"to":[0,10,4],"light_emission":15,"faces":{"north":{"uv":[3,6,3.5,8],"texture":"#0","cullface":"west"},"west":{"uv":[3,6,4,8],"texture":"#0","cullface":"west"},"up":{"uv":[3,6,4,6.5],"rotation":270,"texture":"#0","cullface":"west"},"down":{"uv":[3,7,4,7.5],"rotation":90,"texture":"#0","cullface":"west"}}},{"from":[-0.5,8,8],"to":[0,10,9],"light_emission":15,"faces":{"south":{"uv":[8,6,8.5,8],"texture":"#0","cullface":"west"},"west":{"uv":[8,6,9,8],"texture":"#0","cullface":"west"},"up":{"uv":[8,6,9,6.5],"rotation":270,"texture":"#0","cullface":"west"},"down":{"uv":[8,7,9,7.5],"rotation":90,"texture":"#0","cullface":"west"}}},{"from":[-0.5,3,8],"to":[0,5,9],"light_emission":15,"faces":{"north":{"uv":[8,11,8.5,13],"texture":"#0","cullface":"west"},"west":{"uv":[8,11,9,13],"texture":"#0","cullface":"west"},"up":{"uv":[8,11,9,11.5],"rotation":270,"texture":"#0","cullface":"west"},"down":{"uv":[8,12,9,12.5],"rotation":90,"texture":"#0","cullface":"west"}}},{"from":[-0.5,3,12],"to":[0,5,13],"light_emission":15,"faces":{"south":{"uv":[12,11,12.5,13],"texture":"#0","cullface":"west"},"west":{"uv":[12,11,13,13],"texture":"#0","cullface":"west"},"up":{"uv":[12,11,13,11.5],"rotation":270,"texture":"#0","cullface":"west"},"down":{"uv":[12,12,13,12.5],"rotation":90,"texture":"#0","cullface":"west"}}},{"from":[-0.5,7,13],"to":[0,9,15],"light_emission":15,"faces":{"north":{"uv":[13,7,13.5,9],"texture":"#0","cullface":"west"},"south":{"uv":[14,7,14.5,9],"texture":"#0","cullface":"west"},"west":{"uv":[13,7,15,9],"texture":"#0","cullface":"west"},"up":{"uv":[13,7,15,7.5],"rotation":90,"texture":"#0","cullface":"west"},"down":{"uv":[13,8,15,8.5],"rotation":270,"texture":"#0","cullface":"west"}}},{"from":[-0.5,12,10],"to":[0,14,12],"light_emission":15,"faces":{"north":{"uv":[10,2,10.5,4],"texture":"#0","cullface":"west"},"south":{"uv":[11,2,11.5,4],"texture":"#0","cullface":"west"},"west":{"uv":[10,2,12,4],"texture":"#0","cullface":"west"},"up":{"uv":[10,2,12,2.5],"rotation":90,"texture":"#0","cullface":"west"},"down":{"uv":[10,3,12,3.5],"rotation":270,"texture":"#0","cullface":"west"}}},{"from":[-0.5,12,2],"to":[0,14,4],"light_emission":15,"faces":{"north":{"uv":[2,2,2.5,4],"texture":"#0","cullface":"west"},"south":{"uv":[3,2,3.5,4],"texture":"#0","cullface":"west"},"west":{"uv":[2,2,4,4],"texture":"#0","cullface":"west"},"up":{"uv":[2,2,4,2.5],"rotation":90,"texture":"#0","cullface":"west"},"down":{"uv":[2,3,4,3.5],"rotation":270,"texture":"#0","cullface":"west"}}},{"from":[-0.5,6,1],"to":[0,8,3],"light_emission":15,"faces":{"north":{"uv":[1,8,1.5,10],"texture":"#0","cullface":"west"},"south":{"uv":[2,8,2.5,10],"texture":"#0","cullface":"west"},"west":{"uv":[1,8,3,10],"texture":"#0","cullface":"west"},"up":{"uv":[1,8,3,8.5],"rotation":90,"texture":"#0","cullface":"west"},"down":{"uv":[1,9,3,9.5],"rotation":270,"texture":"#0","cullface":"west"}}},{"from":[-0.5,1,4],"to":[0,3,6],"light_emission":15,"faces":{"north":{"uv":[4,13,4.5,15],"texture":"#0","cullface":"west"},"south":{"uv":[5,13,5.5,15],"texture":"#0","cullface":"west"},"west":{"uv":[4,13,6,15],"texture":"#0","cullface":"west"},"up":{"uv":[4,13,6,13.5],"rotation":90,"texture":"#0","cullface":"west"},"down":{"uv":[4,14,6,14.5],"rotation":270,"texture":"#0","cullface":"west"}}},{"from":[9,3,16],"to":[12,5,16.7],"light_emission":15,"faces":{"east":{"uv":[11,11,11.7,13],"texture":"#0","cullface":"south"},"south":{"uv":[9,11,12,13],"texture":"#0","cullface":"south"},"west":{"uv":[9,11,9.7,13],"texture":"#0","cullface":"south"},"up":{"uv":[9,11,12,11.7],"texture":"#0","cullface":"south"},"down":{"uv":[9,12,12,12.7],"texture":"#0","cullface":"south"}}},{"from":[6,9,16],"to":[8,11,16.7],"light_emission":15,"faces":{"east":{"uv":[7,5,7.5,7],"texture":"#0","cullface":"south"},"south":{"uv":[6,5,8,7],"texture":"#0","cullface":"south"},"west":{"uv":[6,5,6.5,7],"texture":"#0","cullface":"south"},"up":{"uv":[6,5,8,5.5],"texture":"#0","cullface":"south"},"down":{"uv":[6,6,8,6.5],"texture":"#0","cullface":"south"}}},{"from":[4,8,16],"to":[6,10,16.7],"light_emission":15,"faces":{"east":{"uv":[5,6,5.5,8],"texture":"#0","cullface":"south"},"south":{"uv":[4,6,6,8],"texture":"#0","cullface":"south"},"west":{"uv":[4,6,4.5,8],"texture":"#0","cullface":"south"},"up":{"uv":[4,6,6,6.5],"texture":"#0","cullface":"south"},"down":{"uv":[4,7,6,7.5],"texture":"#0","cullface":"south"}}},{"from":[5,10,16],"to":[6,11,16.5],"light_emission":15,"faces":{"south":{"uv":[5,5,6,6],"texture":"#0","cullface":"south"},"west":{"uv":[5,5,5.5,6],"texture":"#0","cullface":"south"},"up":{"uv":[5,5,6,5.5],"rotation":180,"texture":"#0","cullface":"south"}}},{"from":[6,11,16],"to":[7,12,16.5],"light_emission":15,"faces":{"east":{"uv":[6,4,6.5,5],"texture":"#0","cullface":"south"},"south":{"uv":[6,4,7,5],"texture":"#0","cullface":"south"},"west":{"uv":[6,4,6.5,5],"texture":"#0","cullface":"south"},"up":{"uv":[6,4,7,4.5],"rotation":180,"texture":"#0","cullface":"south"}}},{"from":[9,2,16],"to":[11,3,16.5],"light_emission":15,"faces":{"east":{"uv":[10,13,10.5,14],"texture":"#0","cullface":"south"},"south":{"uv":[9,13,11,14],"texture":"#0","cullface":"south"},"west":{"uv":[9,13,9.5,14],"texture":"#0","cullface":"south"},"down":{"uv":[9,13,11,13.5],"texture":"#0","cullface":"south"}}},{"from":[9,5,16],"to":[12,6,16.5],"light_emission":15,"faces":{"east":{"uv":[11,10,11.5,11],"texture":"#0","cullface":"south"},"south":{"uv":[9,10,12,11],"texture":"#0","cullface":"south"},"west":{"uv":[9,10,9.5,11],"texture":"#0","cullface":"south"},"up":{"uv":[9,10,12,10.5],"texture":"#0","cullface":"south"}}},{"from":[4,7,16],"to":[6,8,16.5],"light_emission":15,"faces":{"east":{"uv":[5,8,5.5,9],"texture":"#0","cullface":"south"},"south":{"uv":[4,8,6,9],"texture":"#0","cullface":"south"},"west":{"uv":[4,8,4.5,9],"texture":"#0","cullface":"south"},"down":{"uv":[4,8,6,8.5],"texture":"#0","cullface":"south"}}},{"from":[6,8,16],"to":[8,9,16.5],"light_emission":15,"faces":{"south":{"uv":[6,7,8,8],"texture":"#0","cullface":"south"},"down":{"uv":[6,7,8,7.5],"texture":"#0","cullface":"south"}}},{"from":[3,8,16],"to":[4,10,16.5],"light_emission":15,"faces":{"south":{"uv":[3,6,4,8],"texture":"#0","cullface":"south"},"west":{"uv":[3,6,3.5,8],"texture":"#0","cullface":"south"},"up":{"uv":[3,6,4,6.5],"rotation":180,"texture":"#0","cullface":"south"},"down":{"uv":[3,7,4,7.5],"rotation":180,"texture":"#0","cullface":"south"}}},{"from":[8,8,16],"to":[9,10,16.5],"light_emission":15,"faces":{"east":{"uv":[8,6,8.5,8],"texture":"#0","cullface":"south"},"south":{"uv":[8,6,9,8],"texture":"#0","cullface":"south"},"up":{"uv":[8,6,9,6.5],"rotation":180,"texture":"#0","cullface":"south"},"down":{"uv":[8,7,9,7.5],"rotation":180,"texture":"#0","cullface":"south"}}},{"from":[8,3,16],"to":[9,5,16.5],"light_emission":15,"faces":{"south":{"uv":[8,11,9,13],"texture":"#0","cullface":"south"},"west":{"uv":[8,11,8.5,13],"texture":"#0","cullface":"south"},"up":{"uv":[8,11,9,11.5],"rotation":180,"texture":"#0","cullface":"south"},"down":{"uv":[8,12,9,12.5],"rotation":180,"texture":"#0","cullface":"south"}}},{"from":[12,3,16],"to":[13,5,16.5],"light_emission":15,"faces":{"east":{"uv":[12,11,12.5,13],"texture":"#0","cullface":"south"},"south":{"uv":[12,11,13,13],"texture":"#0","cullface":"south"},"up":{"uv":[12,11,13,11.5],"rotation":180,"texture":"#0","cullface":"south"},"down":{"uv":[12,12,13,12.5],"rotation":180,"texture":"#0","cullface":"south"}}},{"from":[13,7,16],"to":[15,9,16.5],"light_emission":15,"faces":{"east":{"uv":[14,7,14.5,9],"texture":"#0","cullface":"south"},"south":{"uv":[13,7,15,9],"texture":"#0","cullface":"south"},"west":{"uv":[13,7,13.5,9],"texture":"#0","cullface":"south"},"up":{"uv":[13,7,15,7.5],"texture":"#0","cullface":"south"},"down":{"uv":[13,8,15,8.5],"texture":"#0","cullface":"south"}}},{"from":[10,12,16],"to":[12,14,16.5],"light_emission":15,"faces":{"east":{"uv":[11,2,11.5,4],"texture":"#0","cullface":"south"},"south":{"uv":[10,2,12,4],"texture":"#0","cullface":"south"},"west":{"uv":[10,2,10.5,4],"texture":"#0","cullface":"south"},"up":{"uv":[10,2,12,2.5],"texture":"#0","cullface":"south"},"down":{"uv":[10,3,12,3.5],"texture":"#0","cullface":"south"}}},{"from":[2,12,16],"to":[4,14,16.5],"light_emission":15,"faces":{"east":{"uv":[3,2,3.5,4],"texture":"#0","cullface":"south"},"south":{"uv":[2,2,4,4],"texture":"#0","cullface":"south"},"west":{"uv":[2,2,2.5,4],"texture":"#0","cullface":"south"},"up":{"uv":[2,2,4,2.5],"texture":"#0","cullface":"south"},"down":{"uv":[2,3,4,3.5],"texture":"#0","cullface":"south"}}},{"from":[1,6,16],"to":[3,8,16.5],"light_emission":15,"faces":{"east":{"uv":[2,8,2.5,10],"texture":"#0","cullface":"south"},"south":{"uv":[1,8,3,10],"texture":"#0","cullface":"south"},"west":{"uv":[1,8,1.5,10],"texture":"#0","cullface":"south"},"up":{"uv":[1,8,3,8.5],"texture":"#0","cullface":"south"},"down":{"uv":[1,9,3,9.5],"texture":"#0","cullface":"south"}}},{"from":[4,1,16],"to":[6,3,16.5],"light_emission":15,"faces":{"east":{"uv":[5,13,5.5,15],"texture":"#0","cullface":"south"},"south":{"uv":[4,13,6,15],"texture":"#0","cullface":"south"},"west":{"uv":[4,13,4.5,15],"texture":"#0","cullface":"south"},"up":{"uv":[4,13,6,13.5],"texture":"#0","cullface":"south"},"down":{"uv":[4,14,6,14.5],"texture":"#0","cullface":"south"}}},{"from":[16,3,4],"to":[16.7,5,7],"light_emission":15,"faces":{"north":{"uv":[11,11,11.7,13],"texture":"#0","cullface":"east"},"east":{"uv":[9,11,12,13],"texture":"#0","cullface":"east"},"south":{"uv":[9,11,9.7,13],"texture":"#0","cullface":"east"},"up":{"uv":[9,11,12,11.7],"rotation":270,"texture":"#0","cullface":"east"},"down":{"uv":[9,12,12,12.7],"rotation":90,"texture":"#0","cullface":"east"}}},{"from":[16,9,8],"to":[16.7,11,10],"light_emission":15,"faces":{"north":{"uv":[7,5,7.5,7],"texture":"#0","cullface":"east"},"east":{"uv":[6,5,8,7],"texture":"#0","cullface":"east"},"south":{"uv":[6,5,6.5,7],"texture":"#0","cullface":"east"},"up":{"uv":[6,5,8,5.5],"rotation":270,"texture":"#0","cullface":"east"},"down":{"uv":[6,6,8,6.5],"rotation":90,"texture":"#0","cullface":"east"}}},{"from":[16,8,10],"to":[16.7,10,12],"light_emission":15,"faces":{"north":{"uv":[5,6,5.5,8],"texture":"#0","cullface":"east"},"east":{"uv":[4,6,6,8],"texture":"#0","cullface":"east"},"south":{"uv":[4,6,4.5,8],"texture":"#0","cullface":"east"},"up":{"uv":[4,6,6,6.5],"rotation":270,"texture":"#0","cullface":"east"},"down":{"uv":[4,7,6,7.5],"rotation":90,"texture":"#0","cullface":"east"}}},{"from":[16,10,10],"to":[16.5,11,11],"light_emission":15,"faces":{"east":{"uv":[5,5,6,6],"texture":"#0","cullface":"east"},"south":{"uv":[5,5,5.5,6],"texture":"#0","cullface":"east"},"up":{"uv":[5,5,6,5.5],"rotation":90,"texture":"#0","cullface":"east"}}},{"from":[16,11,9],"to":[16.5,12,10],"light_emission":15,"faces":{"north":{"uv":[6,4,6.5,5],"texture":"#0","cullface":"east"},"east":{"uv":[6,4,7,5],"texture":"#0","cullface":"east"},"south":{"uv":[6,4,6.5,5],"texture":"#0","cullface":"east"},"up":{"uv":[6,4,7,4.5],"rotation":90,"texture":"#0","cullface":"east"}}},{"from":[16,2,5],"to":[16.5,3,7],"light_emission":15,"faces":{"north":{"uv":[10,13,10.5,14],"texture":"#0","cullface":"east"},"east":{"uv":[9,13,11,14],"texture":"#0","cullface":"east"},"south":{"uv":[9,13,9.5,14],"texture":"#0","cullface":"east"},"down":{"uv":[9,13,11,13.5],"rotation":90,"texture":"#0","cullface":"east"}}},{"from":[16,5,4],"to":[16.5,6,7],"light_emission":15,"faces":{"north":{"uv":[11,10,11.5,11],"texture":"#0","cullface":"east"},"east":{"uv":[9,10,12,11],"texture":"#0","cullface":"east"},"south":{"uv":[9,10,9.5,11],"texture":"#0","cullface":"east"},"up":{"uv":[9,10,12,10.5],"rotation":270,"texture":"#0","cullface":"east"}}},{"from":[16,7,10],"to":[16.5,8,12],"light_emission":15,"faces":{"north":{"uv":[5,8,5.5,9],"texture":"#0","cullface":"east"},"east":{"uv":[4,8,6,9],"texture":"#0","cullface":"east"},"south":{"uv":[4,8,4.5,9],"texture":"#0","cullface":"east"},"down":{"uv":[4,8,6,8.5],"rotation":90,"texture":"#0","cullface":"east"}}},{"from":[16,8,8],"to":[16.5,9,10],"light_emission":15,"faces":{"east":{"uv":[6,7,8,8],"texture":"#0","cullface":"east"},"down":{"uv":[6,7,8,7.5],"rotation":90,"texture":"#0","cullface":"east"}}},{"from":[16,8,12],"to":[16.5,10,13],"light_emission":15,"faces":{"east":{"uv":[3,6,4,8],"texture":"#0","cullface":"east"},"south":{"uv":[3,6,3.5,8],"texture":"#0","cullface":"east"},"up":{"uv":[3,6,4,6.5],"rotation":90,"texture":"#0","cullface":"east"},"down":{"uv":[3,7,4,7.5],"rotation":270,"texture":"#0","cullface":"east"}}},{"from":[16,8,7],"to":[16.5,10,8],"light_emission":15,"faces":{"north":{"uv":[8,6,8.5,8],"texture":"#0","cullface":"east"},"east":{"uv":[8,6,9,8],"texture":"#0","cullface":"east"},"up":{"uv":[8,6,9,6.5],"rotation":90,"texture":"#0","cullface":"east"},"down":{"uv":[8,7,9,7.5],"rotation":270,"texture":"#0","cullface":"east"}}},{"from":[16,3,7],"to":[16.5,5,8],"light_emission":15,"faces":{"east":{"uv":[8,11,9,13],"texture":"#0","cullface":"east"},"south":{"uv":[8,11,8.5,13],"texture":"#0","cullface":"east"},"up":{"uv":[8,11,9,11.5],"rotation":90,"texture":"#0","cullface":"east"},"down":{"uv":[8,12,9,12.5],"rotation":270,"texture":"#0","cullface":"east"}}},{"from":[16,3,3],"to":[16.5,5,4],"light_emission":15,"faces":{"north":{"uv":[12,11,12.5,13],"texture":"#0","cullface":"east"},"east":{"uv":[12,11,13,13],"texture":"#0","cullface":"east"},"up":{"uv":[12,11,13,11.5],"rotation":90,"texture":"#0","cullface":"east"},"down":{"uv":[12,12,13,12.5],"rotation":270,"texture":"#0","cullface":"east"}}},{"from":[16,7,1],"to":[16.5,9,3],"light_emission":15,"faces":{"north":{"uv":[14,7,14.5,9],"texture":"#0","cullface":"east"},"east":{"uv":[13,7,15,9],"texture":"#0","cullface":"east"},"south":{"uv":[13,7,13.5,9],"texture":"#0","cullface":"east"},"up":{"uv":[13,7,15,7.5],"rotation":270,"texture":"#0","cullface":"east"},"down":{"uv":[13,8,15,8.5],"rotation":90,"texture":"#0","cullface":"east"}}},{"from":[16,12,4],"to":[16.5,14,6],"light_emission":15,"faces":{"north":{"uv":[11,2,11.5,4],"texture":"#0","cullface":"east"},"east":{"uv":[10,2,12,4],"texture":"#0","cullface":"east"},"south":{"uv":[10,2,10.5,4],"texture":"#0","cullface":"east"},"up":{"uv":[10,2,12,2.5],"rotation":270,"texture":"#0","cullface":"east"},"down":{"uv":[10,3,12,3.5],"rotation":90,"texture":"#0","cullface":"east"}}},{"from":[16,12,12],"to":[16.5,14,14],"light_emission":15,"faces":{"north":{"uv":[3,2,3.5,4],"texture":"#0","cullface":"east"},"east":{"uv":[2,2,4,4],"texture":"#0","cullface":"east"},"south":{"uv":[2,2,2.5,4],"texture":"#0","cullface":"east"},"up":{"uv":[2,2,4,2.5],"rotation":270,"texture":"#0","cullface":"east"},"down":{"uv":[2,3,4,3.5],"rotation":90,"texture":"#0","cullface":"east"}}},{"from":[16,6,13],"to":[16.5,8,15],"light_emission":15,"faces":{"north":{"uv":[2,8,2.5,10],"texture":"#0","cullface":"east"},"east":{"uv":[1,8,3,10],"texture":"#0","cullface":"east"},"south":{"uv":[1,8,1.5,10],"texture":"#0","cullface":"east"},"up":{"uv":[1,8,3,8.5],"rotation":270,"texture":"#0","cullface":"east"},"down":{"uv":[1,9,3,9.5],"rotation":90,"texture":"#0","cullface":"east"}}},{"from":[16,1,10],"to":[16.5,3,12],"light_emission":15,"faces":{"north":{"uv":[5,13,5.5,15],"texture":"#0","cullface":"east"},"east":{"uv":[4,13,6,15],"texture":"#0","cullface":"east"},"south":{"uv":[4,13,4.5,15],"texture":"#0","cullface":"east"},"up":{"uv":[4,13,6,13.5],"rotation":270,"texture":"#0","cullface":"east"},"down":{"uv":[4,14,6,14.5],"rotation":90,"texture":"#0","cullface":"east"}}},{"from":[9,16,11],"to":[12,16.7,13],"light_emission":15,"faces":{"north":{"uv":[9,11,12,11.7],"rotation":180,"texture":"#0","cullface":"up"},"east":{"uv":[11,11,11.7,13],"rotation":90,"texture":"#0","cullface":"up"},"south":{"uv":[9,12,12,12.7],"texture":"#0","cullface":"up"},"west":{"uv":[9,11,9.7,13],"rotation":270,"texture":"#0","cullface":"up"},"up":{"uv":[9,11,12,13],"texture":"#0","cullface":"up"}}},{"from":[6,16,5],"to":[8,16.7,7],"light_emission":15,"faces":{"north":{"uv":[6,5,8,5.5],"rotation":180,"texture":"#0","cullface":"up"},"east":{"uv":[7,5,7.5,7],"rotation":90,"texture":"#0","cullface":"up"},"south":{"uv":[6,6,8,6.5],"texture":"#0","cullface":"up"},"west":{"uv":[6,5,6.5,7],"rotation":270,"texture":"#0","cullface":"up"},"up":{"uv":[6,5,8,7],"texture":"#0","cullface":"up"}}},{"from":[4,16,6],"to":[6,16.7,8],"light_emission":15,"faces":{"north":{"uv":[4,6,6,6.5],"rotation":180,"texture":"#0","cullface":"up"},"east":{"uv":[5,6,5.5,8],"rotation":90,"texture":"#0","cullface":"up"},"south":{"uv":[4,7,6,7.5],"texture":"#0","cullface":"up"},"west":{"uv":[4,6,4.5,8],"rotation":270,"texture":"#0","cullface":"up"},"up":{"uv":[4,6,6,8],"texture":"#0","cullface":"up"}}},{"from":[5,16,5],"to":[6,16.5,6],"light_emission":15,"faces":{"north":{"uv":[5,5,6,5.5],"texture":"#0","cullface":"up"},"west":{"uv":[5,5,5.5,6],"rotation":270,"texture":"#0","cullface":"up"},"up":{"uv":[5,5,6,6],"texture":"#0","cullface":"up"}}},{"from":[6,16,4],"to":[7,16.5,5],"light_emission":15,"faces":{"north":{"uv":[6,4,7,4.5],"texture":"#0","cullface":"up"},"east":{"uv":[6,4,6.5,5],"rotation":90,"texture":"#0","cullface":"up"},"west":{"uv":[6,4,6.5,5],"rotation":270,"texture":"#0","cullface":"up"},"up":{"uv":[6,4,7,5],"texture":"#0","cullface":"up"}}},{"from":[9,16,13],"to":[11,16.5,14],"light_emission":15,"faces":{"east":{"uv":[10,13,10.5,14],"rotation":90,"texture":"#0","cullface":"up"},"south":{"uv":[9,13,11,13.5],"texture":"#0","cullface":"up"},"west":{"uv":[9,13,9.5,14],"rotation":270,"texture":"#0","cullface":"up"},"up":{"uv":[9,13,11,14],"texture":"#0","cullface":"up"}}},{"from":[9,16,10],"to":[12,16.5,11],"light_emission":15,"faces":{"north":{"uv":[9,10,12,10.5],"rotation":180,"texture":"#0","cullface":"up"},"east":{"uv":[11,10,11.5,11],"rotation":90,"texture":"#0","cullface":"up"},"west":{"uv":[9,10,9.5,11],"rotation":270,"texture":"#0","cullface":"up"},"up":{"uv":[9,10,12,11],"texture":"#0","cullface":"up"}}},{"from":[4,16,8],"to":[6,16.5,9],"light_emission":15,"faces":{"east":{"uv":[5,8,5.5,9],"rotation":90,"texture":"#0","cullface":"up"},"south":{"uv":[4,8,6,8.5],"texture":"#0","cullface":"up"},"west":{"uv":[4,8,4.5,9],"rotation":270,"texture":"#0","cullface":"up"},"up":{"uv":[4,8,6,9],"texture":"#0","cullface":"up"}}},{"from":[6,16,7],"to":[8,16.5,8],"light_emission":15,"faces":{"south":{"uv":[6,7,8,7.5],"texture":"#0","cullface":"up"},"up":{"uv":[6,7,8,8],"texture":"#0","cullface":"up"}}},{"from":[3,16,6],"to":[4,16.5,8],"light_emission":15,"faces":{"north":{"uv":[3,6,4,6.5],"texture":"#0","cullface":"up"},"south":{"uv":[3,7,4,7.5],"rotation":180,"texture":"#0","cullface":"up"},"west":{"uv":[3,6,3.5,8],"rotation":270,"texture":"#0","cullface":"up"},"up":{"uv":[3,6,4,8],"texture":"#0","cullface":"up"}}},{"from":[8,16,6],"to":[9,16.5,8],"light_emission":15,"faces":{"north":{"uv":[8,6,9,6.5],"texture":"#0","cullface":"up"},"east":{"uv":[8,6,8.5,8],"rotation":90,"texture":"#0","cullface":"up"},"south":{"uv":[8,7,9,7.5],"rotation":180,"texture":"#0","cullface":"up"},"up":{"uv":[8,6,9,8],"texture":"#0","cullface":"up"}}},{"from":[8,16,11],"to":[9,16.5,13],"light_emission":15,"faces":{"north":{"uv":[8,11,9,11.5],"texture":"#0","cullface":"up"},"south":{"uv":[8,12,9,12.5],"rotation":180,"texture":"#0","cullface":"up"},"west":{"uv":[8,11,8.5,13],"rotation":270,"texture":"#0","cullface":"up"},"up":{"uv":[8,11,9,13],"texture":"#0","cullface":"up"}}},{"from":[12,16,11],"to":[13,16.5,13],"light_emission":15,"faces":{"north":{"uv":[12,11,13,11.5],"texture":"#0","cullface":"up"},"east":{"uv":[12,11,12.5,13],"rotation":90,"texture":"#0","cullface":"up"},"south":{"uv":[12,12,13,12.5],"rotation":180,"texture":"#0","cullface":"up"},"up":{"uv":[12,11,13,13],"texture":"#0","cullface":"up"}}},{"from":[13,16,7],"to":[15,16.5,9],"light_emission":15,"faces":{"north":{"uv":[13,7,15,7.5],"rotation":180,"texture":"#0","cullface":"up"},"east":{"uv":[14,7,14.5,9],"rotation":90,"texture":"#0","cullface":"up"},"south":{"uv":[13,8,15,8.5],"texture":"#0","cullface":"up"},"west":{"uv":[13,7,13.5,9],"rotation":270,"texture":"#0","cullface":"up"},"up":{"uv":[13,7,15,9],"texture":"#0","cullface":"up"}}},{"from":[10,16,2],"to":[12,16.5,4],"light_emission":15,"faces":{"north":{"uv":[10,2,12,2.5],"rotation":180,"texture":"#0","cullface":"up"},"east":{"uv":[11,2,11.5,4],"rotation":90,"texture":"#0","cullface":"up"},"south":{"uv":[10,3,12,3.5],"texture":"#0","cullface":"up"},"west":{"uv":[10,2,10.5,4],"rotation":270,"texture":"#0","cullface":"up"},"up":{"uv":[10,2,12,4],"texture":"#0","cullface":"up"}}},{"from":[2,16,2],"to":[4,16.5,4],"light_emission":15,"faces":{"north":{"uv":[2,2,4,2.5],"rotation":180,"texture":"#0","cullface":"up"},"east":{"uv":[3,2,3.5,4],"rotation":90,"texture":"#0","cullface":"up"},"south":{"uv":[2,3,4,3.5],"texture":"#0","cullface":"up"},"west":{"uv":[2,2,2.5,4],"rotation":270,"texture":"#0","cullface":"up"},"up":{"uv":[2,2,4,4],"texture":"#0","cullface":"up"}}},{"from":[1,16,8],"to":[3,16.5,10],"light_emission":15,"faces":{"north":{"uv":[1,8,3,8.5],"rotation":180,"texture":"#0","cullface":"up"},"east":{"uv":[2,8,2.5,10],"rotation":90,"texture":"#0","cullface":"up"},"south":{"uv":[1,9,3,9.5],"texture":"#0","cullface":"up"},"west":{"uv":[1,8,1.5,10],"rotation":270,"texture":"#0","cullface":"up"},"up":{"uv":[1,8,3,10],"texture":"#0","cullface":"up"}}},{"from":[4,16,13],"to":[6,16.5,15],"light_emission":15,"faces":{"north":{"uv":[4,13,6,13.5],"rotation":180,"texture":"#0","cullface":"up"},"east":{"uv":[5,13,5.5,15],"rotation":90,"texture":"#0","cullface":"up"},"south":{"uv":[4,14,6,14.5],"texture":"#0","cullface":"up"},"west":{"uv":[4,13,4.5,15],"rotation":270,"texture":"#0","cullface":"up"},"up":{"uv":[4,13,6,15],"texture":"#0","cullface":"up"}}},{"from":[9,-0.7,3],"to":[12,0,5],"light_emission":15,"faces":{"north":{"uv":[9,12,12,12.7],"rotation":180,"texture":"#0","cullface":"down"},"east":{"uv":[11,11,11.7,13],"rotation":270,"texture":"#0","cullface":"down"},"south":{"uv":[9,11,12,11.7],"texture":"#0","cullface":"down"},"west":{"uv":[9,11,9.7,13],"rotation":90,"texture":"#0","cullface":"down"},"down":{"uv":[9,11,12,13],"texture":"#0","cullface":"down"}}},{"from":[6,-0.7,9],"to":[8,0,11],"light_emission":15,"faces":{"north":{"uv":[6,6,8,6.5],"rotation":180,"texture":"#0","cullface":"down"},"east":{"uv":[7,5,7.5,7],"rotation":270,"texture":"#0","cullface":"down"},"south":{"uv":[6,5,8,5.5],"texture":"#0","cullface":"down"},"west":{"uv":[6,5,6.5,7],"rotation":90,"texture":"#0","cullface":"down"},"down":{"uv":[6,5,8,7],"texture":"#0","cullface":"down"}}},{"from":[4,-0.7,8],"to":[6,0,10],"light_emission":15,"faces":{"north":{"uv":[4,7,6,7.5],"rotation":180,"texture":"#0","cullface":"down"},"east":{"uv":[5,6,5.5,8],"rotation":270,"texture":"#0","cullface":"down"},"south":{"uv":[4,6,6,6.5],"texture":"#0","cullface":"down"},"west":{"uv":[4,6,4.5,8],"rotation":90,"texture":"#0","cullface":"down"},"down":{"uv":[4,6,6,8],"texture":"#0","cullface":"down"}}},{"from":[5,-0.5,10],"to":[6,0,11],"light_emission":15,"faces":{"south":{"uv":[5,5,6,5.5],"rotation":180,"texture":"#0","cullface":"down"},"west":{"uv":[5,5,5.5,6],"rotation":90,"texture":"#0","cullface":"down"},"down":{"uv":[5,5,6,6],"texture":"#0","cullface":"down"}}},{"from":[6,-0.5,11],"to":[7,0,12],"light_emission":15,"faces":{"east":{"uv":[6,4,6.5,5],"rotation":270,"texture":"#0","cullface":"down"},"south":{"uv":[6,4,7,4.5],"rotation":180,"texture":"#0","cullface":"down"},"west":{"uv":[6,4,6.5,5],"rotation":90,"texture":"#0","cullface":"down"},"down":{"uv":[6,4,7,5],"texture":"#0","cullface":"down"}}},{"from":[9,-0.5,2],"to":[11,0,3],"light_emission":15,"faces":{"north":{"uv":[9,13,11,13.5],"rotation":180,"texture":"#0","cullface":"down"},"east":{"uv":[10,13,10.5,14],"rotation":270,"texture":"#0","cullface":"down"},"west":{"uv":[9,13,9.5,14],"rotation":90,"texture":"#0","cullface":"down"},"down":{"uv":[9,13,11,14],"texture":"#0","cullface":"down"}}},{"from":[9,-0.5,5],"to":[12,0,6],"light_emission":15,"faces":{"east":{"uv":[11,10,11.5,11],"rotation":270,"texture":"#0","cullface":"down"},"south":{"uv":[9,10,12,10.5],"texture":"#0","cullface":"down"},"west":{"uv":[9,10,9.5,11],"rotation":90,"texture":"#0","cullface":"down"},"down":{"uv":[9,10,12,11],"texture":"#0","cullface":"down"}}},{"from":[4,-0.5,7],"to":[6,0,8],"light_emission":15,"faces":{"north":{"uv":[4,8,6,8.5],"rotation":180,"texture":"#0","cullface":"down"},"east":{"uv":[5,8,5.5,9],"rotation":270,"texture":"#0","cullface":"down"},"west":{"uv":[4,8,4.5,9],"rotation":90,"texture":"#0","cullface":"down"},"down":{"uv":[4,8,6,9],"texture":"#0","cullface":"down"}}},{"from":[6,-0.5,8],"to":[8,0,9],"light_emission":15,"faces":{"north":{"uv":[6,7,8,7.5],"rotation":180,"texture":"#0","cullface":"down"},"down":{"uv":[6,7,8,8],"texture":"#0","cullface":"down"}}},{"from":[3,-0.5,8],"to":[4,0,10],"light_emission":15,"faces":{"north":{"uv":[3,7,4,7.5],"texture":"#0","cullface":"down"},"south":{"uv":[3,6,4,6.5],"rotation":180,"texture":"#0","cullface":"down"},"west":{"uv":[3,6,3.5,8],"rotation":90,"texture":"#0","cullface":"down"},"down":{"uv":[3,6,4,8],"texture":"#0","cullface":"down"}}},{"from":[8,-0.5,8],"to":[9,0,10],"light_emission":15,"faces":{"north":{"uv":[8,7,9,7.5],"texture":"#0","cullface":"down"},"east":{"uv":[8,6,8.5,8],"rotation":270,"texture":"#0","cullface":"down"},"south":{"uv":[8,6,9,6.5],"rotation":180,"texture":"#0","cullface":"down"},"down":{"uv":[8,6,9,8],"texture":"#0","cullface":"down"}}},{"from":[8,-0.5,3],"to":[9,0,5],"light_emission":15,"faces":{"north":{"uv":[8,12,9,12.5],"texture":"#0","cullface":"down"},"south":{"uv":[8,11,9,11.5],"rotation":180,"texture":"#0","cullface":"down"},"west":{"uv":[8,11,8.5,13],"rotation":90,"texture":"#0","cullface":"down"},"down":{"uv":[8,11,9,13],"texture":"#0","cullface":"down"}}},{"from":[12,-0.5,3],"to":[13,0,5],"light_emission":15,"faces":{"north":{"uv":[12,12,13,12.5],"texture":"#0","cullface":"down"},"east":{"uv":[12,11,12.5,13],"rotation":270,"texture":"#0","cullface":"down"},"south":{"uv":[12,11,13,11.5],"rotation":180,"texture":"#0","cullface":"down"},"down":{"uv":[12,11,13,13],"texture":"#0","cullface":"down"}}},{"from":[13,-0.5,7],"to":[15,0,9],"light_emission":15,"faces":{"north":{"uv":[13,8,15,8.5],"rotation":180,"texture":"#0","cullface":"down"},"east":{"uv":[14,7,14.5,9],"rotation":270,"texture":"#0","cullface":"down"},"south":{"uv":[13,7,15,7.5],"texture":"#0","cullface":"down"},"west":{"uv":[13,7,13.5,9],"rotation":90,"texture":"#0","cullface":"down"},"down":{"uv":[13,7,15,9],"texture":"#0","cullface":"down"}}},{"from":[10,-0.5,12],"to":[12,0,14],"light_emission":15,"faces":{"north":{"uv":[10,3,12,3.5],"rotation":180,"texture":"#0","cullface":"down"},"east":{"uv":[11,2,11.5,4],"rotation":270,"texture":"#0","cullface":"down"},"south":{"uv":[10,2,12,2.5],"texture":"#0","cullface":"down"},"west":{"uv":[10,2,10.5,4],"rotation":90,"texture":"#0","cullface":"down"},"down":{"uv":[10,2,12,4],"texture":"#0","cullface":"down"}}},{"from":[2,-0.5,12],"to":[4,0,14],"light_emission":15,"faces":{"north":{"uv":[2,3,4,3.5],"rotation":180,"texture":"#0","cullface":"down"},"east":{"uv":[3,2,3.5,4],"rotation":270,"texture":"#0","cullface":"down"},"south":{"uv":[2,2,4,2.5],"texture":"#0","cullface":"down"},"west":{"uv":[2,2,2.5,4],"rotation":90,"texture":"#0","cullface":"down"},"down":{"uv":[2,2,4,4],"texture":"#0","cullface":"down"}}},{"from":[1,-0.5,6],"to":[3,0,8],"light_emission":15,"faces":{"north":{"uv":[1,9,3,9.5],"rotation":180,"texture":"#0","cullface":"down"},"east":{"uv":[2,8,2.5,10],"rotation":270,"texture":"#0","cullface":"down"},"south":{"uv":[1,8,3,8.5],"texture":"#0","cullface":"down"},"west":{"uv":[1,8,1.5,10],"rotation":90,"texture":"#0","cullface":"down"},"down":{"uv":[1,8,3,10],"texture":"#0","cullface":"down"}}},{"from":[4,-0.5,1],"to":[6,0,3],"light_emission":15,"faces":{"north":{"uv":[4,14,6,14.5],"rotation":180,"texture":"#0","cullface":"down"},"east":{"uv":[5,13,5.5,15],"rotation":270,"texture":"#0","cullface":"down"},"south":{"uv":[4,13,6,13.5],"texture":"#0","cullface":"down"},"west":{"uv":[4,13,4.5,15],"rotation":90,"texture":"#0","cullface":"down"},"down":{"uv":[4,13,6,15],"texture":"#0","cullface":"down"}}},{"from":[13,6,-0.5],"to":[15,8,0],"light_emission":15,"faces":{"north":{"uv":[1,8,3,10],"texture":"#0","cullface":"north"},"east":{"uv":[1,8,1.5,10],"texture":"#0","cullface":"north"},"west":{"uv":[2,8,2.5,10],"texture":"#0","cullface":"north"},"up":{"uv":[1,8,3,8.5],"rotation":180,"texture":"#0","cullface":"north"},"down":{"uv":[1,9,3,9.5],"rotation":180,"texture":"#0","cullface":"north"}}},{"from":[12,12,-0.5],"to":[14,14,0],"light_emission":15,"faces":{"north":{"uv":[2,2,4,4],"texture":"#0","cullface":"north"},"east":{"uv":[2,2,2.5,4],"texture":"#0","cullface":"north"},"west":{"uv":[3,2,3.5,4],"texture":"#0","cullface":"north"},"up":{"uv":[2,2,4,2.5],"rotation":180,"texture":"#0","cullface":"north"},"down":{"uv":[2,3,4,3.5],"rotation":180,"texture":"#0","cullface":"north"}}},{"from":[10,8,-0.7],"to":[12,10,0],"light_emission":15,"faces":{"north":{"uv":[4,6,6,8],"texture":"#0","cullface":"north"},"east":{"uv":[4,6,4.5,8],"texture":"#0","cullface":"north"},"west":{"uv":[5,6,5.5,8],"texture":"#0","cullface":"north"},"up":{"uv":[4,6,6,6.5],"rotation":180,"texture":"#0","cullface":"north"},"down":{"uv":[4,7,6,7.5],"rotation":180,"texture":"#0","cullface":"north"}}},{"from":[8,9,-0.7],"to":[10,11,0],"light_emission":15,"faces":{"north":{"uv":[6,5,8,7],"texture":"#0","cullface":"north"},"east":{"uv":[6,5,6.5,7],"texture":"#0","cullface":"north"},"west":{"uv":[7,5,7.5,7],"texture":"#0","cullface":"north"},"up":{"uv":[6,5,8,5.5],"rotation":180,"texture":"#0","cullface":"north"},"down":{"uv":[6,6,8,6.5],"rotation":180,"texture":"#0","cullface":"north"}}},{"from":[4,3,-0.7],"to":[7,5,0],"light_emission":15,"faces":{"north":{"uv":[9,11,12,13],"texture":"#0","cullface":"north"},"east":{"uv":[9,11,9.7,13],"texture":"#0","cullface":"north"},"west":{"uv":[11,11,11.7,13],"texture":"#0","cullface":"north"},"up":{"uv":[9,11,12,11.7],"rotation":180,"texture":"#0","cullface":"north"},"down":{"uv":[9,12,12,12.7],"rotation":180,"texture":"#0","cullface":"north"}}},{"from":[4,12,-0.5],"to":[6,14,0],"light_emission":15,"faces":{"north":{"uv":[10,2,12,4],"texture":"#0","cullface":"north"},"east":{"uv":[10,2,10.5,4],"texture":"#0","cullface":"north"},"west":{"uv":[11,2,11.5,4],"texture":"#0","cullface":"north"},"up":{"uv":[10,2,12,2.5],"rotation":180,"texture":"#0","cullface":"north"},"down":{"uv":[10,3,12,3.5],"rotation":180,"texture":"#0","cullface":"north"}}},{"from":[1,7,-0.5],"to":[3,9,0],"light_emission":15,"faces":{"north":{"uv":[13,7,15,9],"texture":"#0","cullface":"north"},"east":{"uv":[13,7,13.5,9],"texture":"#0","cullface":"north"},"west":{"uv":[14,7,14.5,9],"texture":"#0","cullface":"north"},"up":{"uv":[13,7,15,7.5],"rotation":180,"texture":"#0","cullface":"north"},"down":{"uv":[13,8,15,8.5],"rotation":180,"texture":"#0","cullface":"north"}}},{"from":[3,3,-0.5],"to":[4,5,0],"light_emission":15,"faces":{"north":{"uv":[12,11,13,13],"texture":"#0","cullface":"north"},"west":{"uv":[12,11,12.5,13],"texture":"#0","cullface":"north"},"up":{"uv":[12,11,13,11.5],"texture":"#0","cullface":"north"},"down":{"uv":[12,12,13,12.5],"texture":"#0","cullface":"north"}}},{"from":[7,3,-0.5],"to":[8,5,0],"light_emission":15,"faces":{"north":{"uv":[8,11,9,13],"texture":"#0","cullface":"north"},"east":{"uv":[8,11,8.5,13],"texture":"#0","cullface":"north"},"up":{"uv":[8,11,9,11.5],"texture":"#0","cullface":"north"},"down":{"uv":[8,12,9,12.5],"texture":"#0","cullface":"north"}}},{"from":[7,8,-0.5],"to":[8,10,0],"light_emission":15,"faces":{"north":{"uv":[8,6,9,8],"texture":"#0","cullface":"north"},"west":{"uv":[8,6,8.5,8],"texture":"#0","cullface":"north"},"up":{"uv":[8,6,9,6.5],"texture":"#0","cullface":"north"},"down":{"uv":[8,7,9,7.5],"texture":"#0","cullface":"north"}}},{"from":[12,8,-0.5],"to":[13,10,0],"light_emission":15,"faces":{"north":{"uv":[3,6,4,8],"texture":"#0","cullface":"north"},"east":{"uv":[3,6,3.5,8],"texture":"#0","cullface":"north"},"up":{"uv":[3,6,4,6.5],"texture":"#0","cullface":"north"},"down":{"uv":[3,7,4,7.5],"texture":"#0","cullface":"north"}}},{"from":[8,8,-0.5],"to":[10,9,0],"light_emission":15,"faces":{"north":{"uv":[6,7,8,8],"texture":"#0","cullface":"north"},"down":{"uv":[6,7,8,7.5],"rotation":180,"texture":"#0","cullface":"north"}}},{"from":[9,11,-0.5],"to":[10,12,0],"light_emission":15,"faces":{"north":{"uv":[6,4,7,5],"texture":"#0","cullface":"north"},"east":{"uv":[6,4,6.5,5],"texture":"#0","cullface":"north"},"west":{"uv":[6,4,6.5,5],"texture":"#0","cullface":"north"},"up":{"uv":[6,4,7,4.5],"texture":"#0","cullface":"north"}}},{"from":[10,10,-0.5],"to":[11,11,0],"light_emission":15,"faces":{"north":{"uv":[5,5,6,6],"texture":"#0","cullface":"north"},"east":{"uv":[5,5,5.5,6],"texture":"#0","cullface":"north"},"up":{"uv":[5,5,6,5.5],"texture":"#0","cullface":"north"}}},{"from":[4,5,-0.5],"to":[7,6,0],"light_emission":15,"faces":{"north":{"uv":[9,10,12,11],"texture":"#0","cullface":"north"},"east":{"uv":[9,10,9.5,11],"texture":"#0","cullface":"north"},"west":{"uv":[11,10,11.5,11],"texture":"#0","cullface":"north"},"up":{"uv":[9,10,12,10.5],"rotation":180,"texture":"#0","cullface":"north"}}},{"from":[5,2,-0.5],"to":[7,3,0],"light_emission":15,"faces":{"north":{"uv":[9,13,11,14],"texture":"#0","cullface":"north"},"east":{"uv":[9,13,9.5,14],"texture":"#0","cullface":"north"},"west":{"uv":[10,13,10.5,14],"texture":"#0","cullface":"north"},"down":{"uv":[9,13,11,13.5],"rotation":180,"texture":"#0","cullface":"north"}}},{"from":[10,7,-0.5],"to":[12,8,0],"light_emission":15,"faces":{"north":{"uv":[4,8,6,9],"texture":"#0","cullface":"north"},"east":{"uv":[4,8,4.5,9],"texture":"#0","cullface":"north"},"west":{"uv":[5,8,5.5,9],"texture":"#0","cullface":"north"},"down":{"uv":[4,8,6,8.5],"rotation":180,"texture":"#0","cullface":"north"}}}],"display":{"thirdperson_righthand":{"rotation":[75,45,0],"translation":[0,2.5,0],"scale":[0.375,0.375,0.375]},"thirdperson_lefthand":{"rotation":[75,45,0],"translation":[0,2.5,0],"scale":[0.375,0.375,0.375]},"firstperson_righthand":{"rotation":[0,45,0],"scale":[0.4,0.4,0.4]},"firstperson_lefthand":{"rotation":[0,-135,0],"scale":[0.4,0.4,0.4]},"ground":{"translation":[0,3,0],"scale":[0.25,0.25,0.25]},"gui":{"rotation":[30,-135,0],"scale":[0.625,0.625,0.625]},"fixed":{"scale":[0.5,0.5,0.5]}}}