{"credit":"Created by Marceus","format_version":"1.21.6","parent":"block/cube_all","textures":{"0":"block/deepslate_redstone_ore","particle":"block/deepslate_redstone_ore"},"elements":[{"from":[0,0,0],"to":[16,16,16],"faces":{"north":{"uv":[0,0,16,16],"texture":"#0","cullface":"north"},"east":{"uv":[0,0,16,16],"texture":"#0","cullface":"east"},"south":{"uv":[0,0,16,16],"texture":"#0","cullface":"south"},"west":{"uv":[0,0,16,16],"texture":"#0","cullface":"west"},"up":{"uv":[0,0,16,16],"texture":"#0","cullface":"up"},"down":{"uv":[0,0,16,16],"texture":"#0","cullface":"down"}}},{"from":[3,3,-0.5],"to":[5,4,0],"light_emission":15,"faces":{"north":{"uv":[11,12,13,13],"texture":"#0","cullface":"north"},"east":{"uv":[11,12,11.5,13],"texture":"#0","cullface":"north"},"west":{"uv":[12,12,12.5,13],"texture":"#0","cullface":"north"},"up":{"uv":[11,12,13,12.5],"rotation":180,"texture":"#0","cullface":"north"},"down":{"uv":[11,12,13,12.5],"rotation":180,"texture":"#0","cullface":"north"}}},{"from":[-0.7,11,4],"to":[0,12,8],"light_emission":15,"faces":{"north":{"uv":[4,4,4.7,5],"texture":"#0","cullface":"west"},"south":{"uv":[7,4,7.7,5],"texture":"#0","cullface":"west"},"west":{"uv":[4,4,8,5],"texture":"#0","cullface":"west"},"up":{"uv":[4,4,8,4.7],"rotation":90,"texture":"#0","cullface":"west"},"down":{"uv":[4,4,8,4.7],"rotation":270,"texture":"#0","cullface":"west"}}},{"from":[-0.5,11,8],"to":[0,12,10],"light_emission":15,"faces":{"south":{"uv":[9,4,9.5,5],"texture":"#0","cullface":"west"},"west":{"uv":[8,4,10,5],"texture":"#0","cullface":"west"},"up":{"uv":[8,4,10,4.5],"rotation":90,"texture":"#0","cullface":"west"},"down":{"uv":[8,4,10,4.5],"rotation":270,"texture":"#0","cullface":"west"}}},{"from":[-0.5,11,3],"to":[0,12,4],"light_emission":15,"faces":{"north":{"uv":[3,4,3.5,5],"texture":"#0","cullface":"west"},"west":{"uv":[3,4,4,5],"texture":"#0","cullface":"west"},"up":{"uv":[3,4,4,4.5],"rotation":270,"texture":"#0","cullface":"west"},"down":{"uv":[3,4,4,4.5],"rotation":90,"texture":"#0","cullface":"west"}}},{"from":[-0.5,10,4],"to":[0,11,8],"light_emission":15,"faces":{"north":{"uv":[4,5,4.7,6],"texture":"#0","cullface":"west"},"south":{"uv":[7,5,7.7,6],"texture":"#0","cullface":"west"},"west":{"uv":[4,5,8,6],"texture":"#0","cullface":"west"},"down":{"uv":[4,5,8,5.7],"rotation":270,"texture":"#0","cullface":"west"}}},{"from":[-0.5,12,5],"to":[0,13,8],"light_emission":15,"faces":{"north":{"uv":[5,3,5.7,4],"texture":"#0","cullface":"west"},"south":{"uv":[7,3,7.7,4],"texture":"#0","cullface":"west"},"west":{"uv":[5,3,8,4],"texture":"#0","cullface":"west"},"up":{"uv":[5,3,8,3.7],"rotation":90,"texture":"#0","cullface":"west"}}},{"from":[-0.7,6,1],"to":[0,8,3],"light_emission":15,"faces":{"north":{"uv":[1,8,1.7,10],"texture":"#0","cullface":"west"},"south":{"uv":[2,8,2.7,10],"texture":"#0","cullface":"west"},"west":{"uv":[1,8,3,10],"texture":"#0","cullface":"west"},"up":{"uv":[1,8,3,8.7],"rotation":90,"texture":"#0","cullface":"west"},"down":{"uv":[1,9,3,9.7],"rotation":270,"texture":"#0","cullface":"west"}}},{"from":[-0.7,3,4],"to":[0,4,6],"light_emission":15,"faces":{"north":{"uv":[4,12,4.5,13],"texture":"#0","cullface":"west"},"south":{"uv":[5,12,5.5,13],"texture":"#0","cullface":"west"},"west":{"uv":[4,12,6,13],"texture":"#0","cullface":"west"},"up":{"uv":[4,12,6,12.5],"rotation":90,"texture":"#0","cullface":"west"},"down":{"uv":[4,12,6,12.5],"rotation":270,"texture":"#0","cullface":"west"}}},{"from":[-0.7,7,11],"to":[0,8,14],"light_emission":15,"faces":{"north":{"uv":[11,8,11.7,9],"texture":"#0","cullface":"west"},"south":{"uv":[13,8,13.7,9],"texture":"#0","cullface":"west"},"west":{"uv":[11,8,14,9],"texture":"#0","cullface":"west"},"up":{"uv":[11,8,14,8.7],"rotation":90,"texture":"#0","cullface":"west"},"down":{"uv":[11,8,14,8.7],"rotation":270,"texture":"#0","cullface":"west"}}},{"from":[-0.5,6,11],"to":[0,7,14],"light_emission":15,"faces":{"north":{"uv":[11,9,11.7,10],"texture":"#0","cullface":"west"},"south":{"uv":[13,9,13.7,10],"texture":"#0","cullface":"west"},"west":{"uv":[11,9,14,10],"texture":"#0","cullface":"west"},"down":{"uv":[11,9,14,9.7],"rotation":270,"texture":"#0","cullface":"west"}}},{"from":[-0.5,7,14],"to":[0,8,15],"light_emission":15,"faces":{"south":{"uv":[14,8,14.5,9],"texture":"#0","cullface":"west"},"west":{"uv":[14,8,15,9],"texture":"#0","cullface":"west"},"up":{"uv":[14,8,15,8.5],"rotation":270,"texture":"#0","cullface":"west"},"down":{"uv":[14,8,15,8.5],"rotation":90,"texture":"#0","cullface":"west"}}},{"from":[-0.5,7,9],"to":[0,8,11],"light_emission":15,"faces":{"north":{"uv":[9,8,9.5,9],"texture":"#0","cullface":"west"},"west":{"uv":[9,8,11,9],"texture":"#0","cullface":"west"},"up":{"uv":[9,8,11,8.5],"rotation":90,"texture":"#0","cullface":"west"},"down":{"uv":[9,8,11,8.5],"rotation":270,"texture":"#0","cullface":"west"}}},{"from":[-0.5,7,3],"to":[0,8,4],"light_emission":15,"faces":{"south":{"uv":[3,8,3.5,9],"texture":"#0","cullface":"west"},"west":{"uv":[3,8,4,9],"texture":"#0","cullface":"west"},"up":{"uv":[3,8,4,8.5],"rotation":270,"texture":"#0","cullface":"west"},"down":{"uv":[3,8,4,8.5],"rotation":90,"texture":"#0","cullface":"west"}}},{"from":[-0.5,3,3],"to":[0,4,4],"light_emission":15,"faces":{"north":{"uv":[3,12,3.5,13],"texture":"#0","cullface":"west"},"west":{"uv":[3,12,4,13],"texture":"#0","cullface":"west"},"up":{"uv":[3,12,4,12.5],"rotation":270,"texture":"#0","cullface":"west"},"down":{"uv":[3,12,4,12.5],"rotation":90,"texture":"#0","cullface":"west"}}},{"from":[-0.5,3,6],"to":[0,4,8],"light_emission":15,"faces":{"south":{"uv":[7,12,7.5,13],"texture":"#0","cullface":"west"},"west":{"uv":[6,12,8,13],"texture":"#0","cullface":"west"},"up":{"uv":[6,12,8,12.5],"rotation":90,"texture":"#0","cullface":"west"},"down":{"uv":[6,12,8,12.5],"rotation":270,"texture":"#0","cullface":"west"}}},{"from":[-0.5,2,4],"to":[0,3,6],"light_emission":15,"faces":{"north":{"uv":[4,13,4.5,14],"texture":"#0","cullface":"west"},"south":{"uv":[5,13,5.5,14],"texture":"#0","cullface":"west"},"west":{"uv":[4,13,6,14],"texture":"#0","cullface":"west"},"down":{"uv":[4,13,6,13.5],"rotation":270,"texture":"#0","cullface":"west"}}},{"from":[-0.5,10,12],"to":[0,11,14],"light_emission":15,"faces":{"north":{"uv":[12,5,12.5,6],"texture":"#0","cullface":"west"},"south":{"uv":[13,5,13.5,6],"texture":"#0","cullface":"west"},"west":{"uv":[12,5,14,6],"texture":"#0","cullface":"west"},"up":{"uv":[12,5,14,5.5],"rotation":90,"texture":"#0","cullface":"west"},"down":{"uv":[12,5,14,5.5],"rotation":270,"texture":"#0","cullface":"west"}}},{"from":[-0.5,3,11],"to":[0,4,13],"light_emission":15,"faces":{"north":{"uv":[11,12,11.5,13],"texture":"#0","cullface":"west"},"south":{"uv":[12,12,12.5,13],"texture":"#0","cullface":"west"},"west":{"uv":[11,12,13,13],"texture":"#0","cullface":"west"},"up":{"uv":[11,12,13,12.5],"rotation":90,"texture":"#0","cullface":"west"},"down":{"uv":[11,12,13,12.5],"rotation":270,"texture":"#0","cullface":"west"}}},{"from":[9,7,16],"to":[11,8,16.5],"light_emission":15,"faces":{"south":{"uv":[9,8,11,9],"texture":"#0","cullface":"south"},"west":{"uv":[9,8,9.5,9],"texture":"#0","cullface":"south"},"up":{"uv":[9,8,11,8.5],"texture":"#0","cullface":"south"},"down":{"uv":[9,8,11,8.5],"texture":"#0","cullface":"south"}}},{"from":[4,11,16],"to":[8,12,16.7],"light_emission":15,"faces":{"east":{"uv":[7,4,7.7,5],"texture":"#0","cullface":"south"},"south":{"uv":[4,4,8,5],"texture":"#0","cullface":"south"},"west":{"uv":[4,4,4.7,5],"texture":"#0","cullface":"south"},"up":{"uv":[4,4,8,4.7],"texture":"#0","cullface":"south"},"down":{"uv":[4,4,8,4.7],"texture":"#0","cullface":"south"}}},{"from":[8,11,16],"to":[10,12,16.5],"light_emission":15,"faces":{"east":{"uv":[9,4,9.5,5],"texture":"#0","cullface":"south"},"south":{"uv":[8,4,10,5],"texture":"#0","cullface":"south"},"up":{"uv":[8,4,10,4.5],"texture":"#0","cullface":"south"},"down":{"uv":[8,4,10,4.5],"texture":"#0","cullface":"south"}}},{"from":[3,11,16],"to":[4,12,16.5],"light_emission":15,"faces":{"south":{"uv":[3,4,4,5],"texture":"#0","cullface":"south"},"west":{"uv":[3,4,3.5,5],"texture":"#0","cullface":"south"},"up":{"uv":[3,4,4,4.5],"rotation":180,"texture":"#0","cullface":"south"},"down":{"uv":[3,4,4,4.5],"rotation":180,"texture":"#0","cullface":"south"}}},{"from":[4,10,16],"to":[8,11,16.5],"light_emission":15,"faces":{"east":{"uv":[7,5,7.7,6],"texture":"#0","cullface":"south"},"south":{"uv":[4,5,8,6],"texture":"#0","cullface":"south"},"west":{"uv":[4,5,4.7,6],"texture":"#0","cullface":"south"},"down":{"uv":[4,5,8,5.7],"texture":"#0","cullface":"south"}}},{"from":[5,12,16],"to":[8,13,16.5],"light_emission":15,"faces":{"east":{"uv":[7,3,7.7,4],"texture":"#0","cullface":"south"},"south":{"uv":[5,3,8,4],"texture":"#0","cullface":"south"},"west":{"uv":[5,3,5.7,4],"texture":"#0","cullface":"south"},"up":{"uv":[5,3,8,3.7],"texture":"#0","cullface":"south"}}},{"from":[1,6,16],"to":[3,8,16.7],"light_emission":15,"faces":{"east":{"uv":[2,8,2.7,10],"texture":"#0","cullface":"south"},"south":{"uv":[1,8,3,10],"texture":"#0","cullface":"south"},"west":{"uv":[1,8,1.7,10],"texture":"#0","cullface":"south"},"up":{"uv":[1,8,3,8.7],"texture":"#0","cullface":"south"},"down":{"uv":[1,9,3,9.7],"texture":"#0","cullface":"south"}}},{"from":[4,3,16],"to":[6,4,16.7],"light_emission":15,"faces":{"east":{"uv":[5,12,5.5,13],"texture":"#0","cullface":"south"},"south":{"uv":[4,12,6,13],"texture":"#0","cullface":"south"},"west":{"uv":[4,12,4.5,13],"texture":"#0","cullface":"south"},"up":{"uv":[4,12,6,12.5],"texture":"#0","cullface":"south"},"down":{"uv":[4,12,6,12.5],"texture":"#0","cullface":"south"}}},{"from":[11,7,16],"to":[14,8,16.7],"light_emission":15,"faces":{"east":{"uv":[13,8,13.7,9],"texture":"#0","cullface":"south"},"south":{"uv":[11,8,14,9],"texture":"#0","cullface":"south"},"west":{"uv":[11,8,11.7,9],"texture":"#0","cullface":"south"},"up":{"uv":[11,8,14,8.7],"texture":"#0","cullface":"south"},"down":{"uv":[11,8,14,8.7],"texture":"#0","cullface":"south"}}},{"from":[11,6,16],"to":[14,7,16.5],"light_emission":15,"faces":{"east":{"uv":[13,9,13.7,10],"texture":"#0","cullface":"south"},"south":{"uv":[11,9,14,10],"texture":"#0","cullface":"south"},"west":{"uv":[11,9,11.7,10],"texture":"#0","cullface":"south"},"down":{"uv":[11,9,14,9.7],"texture":"#0","cullface":"south"}}},{"from":[14,7,16],"to":[15,8,16.5],"light_emission":15,"faces":{"east":{"uv":[14,8,14.5,9],"texture":"#0","cullface":"south"},"south":{"uv":[14,8,15,9],"texture":"#0","cullface":"south"},"up":{"uv":[14,8,15,8.5],"rotation":180,"texture":"#0","cullface":"south"},"down":{"uv":[14,8,15,8.5],"rotation":180,"texture":"#0","cullface":"south"}}},{"from":[3,7,16],"to":[4,8,16.5],"light_emission":15,"faces":{"east":{"uv":[3,8,3.5,9],"texture":"#0","cullface":"south"},"south":{"uv":[3,8,4,9],"texture":"#0","cullface":"south"},"up":{"uv":[3,8,4,8.5],"rotation":180,"texture":"#0","cullface":"south"},"down":{"uv":[3,8,4,8.5],"rotation":180,"texture":"#0","cullface":"south"}}},{"from":[3,3,16],"to":[4,4,16.5],"light_emission":15,"faces":{"south":{"uv":[3,12,4,13],"texture":"#0","cullface":"south"},"west":{"uv":[3,12,3.5,13],"texture":"#0","cullface":"south"},"up":{"uv":[3,12,4,12.5],"rotation":180,"texture":"#0","cullface":"south"},"down":{"uv":[3,12,4,12.5],"rotation":180,"texture":"#0","cullface":"south"}}},{"from":[6,3,16],"to":[8,4,16.5],"light_emission":15,"faces":{"east":{"uv":[7,12,7.5,13],"texture":"#0","cullface":"south"},"south":{"uv":[6,12,8,13],"texture":"#0","cullface":"south"},"up":{"uv":[6,12,8,12.5],"texture":"#0","cullface":"south"},"down":{"uv":[6,12,8,12.5],"texture":"#0","cullface":"south"}}},{"from":[4,2,16],"to":[6,3,16.5],"light_emission":15,"faces":{"east":{"uv":[5,13,5.5,14],"texture":"#0","cullface":"south"},"south":{"uv":[4,13,6,14],"texture":"#0","cullface":"south"},"west":{"uv":[4,13,4.5,14],"texture":"#0","cullface":"south"},"down":{"uv":[4,13,6,13.5],"texture":"#0","cullface":"south"}}},{"from":[12,10,16],"to":[14,11,16.5],"light_emission":15,"faces":{"east":{"uv":[13,5,13.5,6],"texture":"#0","cullface":"south"},"south":{"uv":[12,5,14,6],"texture":"#0","cullface":"south"},"west":{"uv":[12,5,12.5,6],"texture":"#0","cullface":"south"},"up":{"uv":[12,5,14,5.5],"texture":"#0","cullface":"south"},"down":{"uv":[12,5,14,5.5],"texture":"#0","cullface":"south"}}},{"from":[11,3,16],"to":[13,4,16.5],"light_emission":15,"faces":{"east":{"uv":[12,12,12.5,13],"texture":"#0","cullface":"south"},"south":{"uv":[11,12,13,13],"texture":"#0","cullface":"south"},"west":{"uv":[11,12,11.5,13],"texture":"#0","cullface":"south"},"up":{"uv":[11,12,13,12.5],"texture":"#0","cullface":"south"},"down":{"uv":[11,12,13,12.5],"texture":"#0","cullface":"south"}}},{"from":[16,7,5],"to":[16.5,8,7],"light_emission":15,"faces":{"east":{"uv":[9,8,11,9],"texture":"#0","cullface":"east"},"south":{"uv":[9,8,9.5,9],"texture":"#0","cullface":"east"},"up":{"uv":[9,8,11,8.5],"rotation":270,"texture":"#0","cullface":"east"},"down":{"uv":[9,8,11,8.5],"rotation":90,"texture":"#0","cullface":"east"}}},{"from":[16,11,8],"to":[16.7,12,12],"light_emission":15,"faces":{"north":{"uv":[7,4,7.7,5],"texture":"#0","cullface":"east"},"east":{"uv":[4,4,8,5],"texture":"#0","cullface":"east"},"south":{"uv":[4,4,4.7,5],"texture":"#0","cullface":"east"},"up":{"uv":[4,4,8,4.7],"rotation":270,"texture":"#0","cullface":"east"},"down":{"uv":[4,4,8,4.7],"rotation":90,"texture":"#0","cullface":"east"}}},{"from":[16,11,6],"to":[16.5,12,8],"light_emission":15,"faces":{"north":{"uv":[9,4,9.5,5],"texture":"#0","cullface":"east"},"east":{"uv":[8,4,10,5],"texture":"#0","cullface":"east"},"up":{"uv":[8,4,10,4.5],"rotation":270,"texture":"#0","cullface":"east"},"down":{"uv":[8,4,10,4.5],"rotation":90,"texture":"#0","cullface":"east"}}},{"from":[16,11,12],"to":[16.5,12,13],"light_emission":15,"faces":{"east":{"uv":[3,4,4,5],"texture":"#0","cullface":"east"},"south":{"uv":[3,4,3.5,5],"texture":"#0","cullface":"east"},"up":{"uv":[3,4,4,4.5],"rotation":90,"texture":"#0","cullface":"east"},"down":{"uv":[3,4,4,4.5],"rotation":270,"texture":"#0","cullface":"east"}}},{"from":[16,10,8],"to":[16.5,11,12],"light_emission":15,"faces":{"north":{"uv":[7,5,7.7,6],"texture":"#0","cullface":"east"},"east":{"uv":[4,5,8,6],"texture":"#0","cullface":"east"},"south":{"uv":[4,5,4.7,6],"texture":"#0","cullface":"east"},"down":{"uv":[4,5,8,5.7],"rotation":90,"texture":"#0","cullface":"east"}}},{"from":[16,12,8],"to":[16.5,13,11],"light_emission":15,"faces":{"north":{"uv":[7,3,7.7,4],"texture":"#0","cullface":"east"},"east":{"uv":[5,3,8,4],"texture":"#0","cullface":"east"},"south":{"uv":[5,3,5.7,4],"texture":"#0","cullface":"east"},"up":{"uv":[5,3,8,3.7],"rotation":270,"texture":"#0","cullface":"east"}}},{"from":[16,6,13],"to":[16.7,8,15],"light_emission":15,"faces":{"north":{"uv":[2,8,2.7,10],"texture":"#0","cullface":"east"},"east":{"uv":[1,8,3,10],"texture":"#0","cullface":"east"},"south":{"uv":[1,8,1.7,10],"texture":"#0","cullface":"east"},"up":{"uv":[1,8,3,8.7],"rotation":270,"texture":"#0","cullface":"east"},"down":{"uv":[1,9,3,9.7],"rotation":90,"texture":"#0","cullface":"east"}}},{"from":[16,3,10],"to":[16.7,4,12],"light_emission":15,"faces":{"north":{"uv":[5,12,5.5,13],"texture":"#0","cullface":"east"},"east":{"uv":[4,12,6,13],"texture":"#0","cullface":"east"},"south":{"uv":[4,12,4.5,13],"texture":"#0","cullface":"east"},"up":{"uv":[4,12,6,12.5],"rotation":270,"texture":"#0","cullface":"east"},"down":{"uv":[4,12,6,12.5],"rotation":90,"texture":"#0","cullface":"east"}}},{"from":[16,7,2],"to":[16.7,8,5],"light_emission":15,"faces":{"north":{"uv":[13,8,13.7,9],"texture":"#0","cullface":"east"},"east":{"uv":[11,8,14,9],"texture":"#0","cullface":"east"},"south":{"uv":[11,8,11.7,9],"texture":"#0","cullface":"east"},"up":{"uv":[11,8,14,8.7],"rotation":270,"texture":"#0","cullface":"east"},"down":{"uv":[11,8,14,8.7],"rotation":90,"texture":"#0","cullface":"east"}}},{"from":[16,6,2],"to":[16.5,7,5],"light_emission":15,"faces":{"north":{"uv":[13,9,13.7,10],"texture":"#0","cullface":"east"},"east":{"uv":[11,9,14,10],"texture":"#0","cullface":"east"},"south":{"uv":[11,9,11.7,10],"texture":"#0","cullface":"east"},"down":{"uv":[11,9,14,9.7],"rotation":90,"texture":"#0","cullface":"east"}}},{"from":[16,7,1],"to":[16.5,8,2],"light_emission":15,"faces":{"north":{"uv":[14,8,14.5,9],"texture":"#0","cullface":"east"},"east":{"uv":[14,8,15,9],"texture":"#0","cullface":"east"},"up":{"uv":[14,8,15,8.5],"rotation":90,"texture":"#0","cullface":"east"},"down":{"uv":[14,8,15,8.5],"rotation":270,"texture":"#0","cullface":"east"}}},{"from":[16,7,12],"to":[16.5,8,13],"light_emission":15,"faces":{"north":{"uv":[3,8,3.5,9],"texture":"#0","cullface":"east"},"east":{"uv":[3,8,4,9],"texture":"#0","cullface":"east"},"up":{"uv":[3,8,4,8.5],"rotation":90,"texture":"#0","cullface":"east"},"down":{"uv":[3,8,4,8.5],"rotation":270,"texture":"#0","cullface":"east"}}},{"from":[16,3,12],"to":[16.5,4,13],"light_emission":15,"faces":{"east":{"uv":[3,12,4,13],"texture":"#0","cullface":"east"},"south":{"uv":[3,12,3.5,13],"texture":"#0","cullface":"east"},"up":{"uv":[3,12,4,12.5],"rotation":90,"texture":"#0","cullface":"east"},"down":{"uv":[3,12,4,12.5],"rotation":270,"texture":"#0","cullface":"east"}}},{"from":[16,3,8],"to":[16.5,4,10],"light_emission":15,"faces":{"north":{"uv":[7,12,7.5,13],"texture":"#0","cullface":"east"},"east":{"uv":[6,12,8,13],"texture":"#0","cullface":"east"},"up":{"uv":[6,12,8,12.5],"rotation":270,"texture":"#0","cullface":"east"},"down":{"uv":[6,12,8,12.5],"rotation":90,"texture":"#0","cullface":"east"}}},{"from":[16,2,10],"to":[16.5,3,12],"light_emission":15,"faces":{"north":{"uv":[5,13,5.5,14],"texture":"#0","cullface":"east"},"east":{"uv":[4,13,6,14],"texture":"#0","cullface":"east"},"south":{"uv":[4,13,4.5,14],"texture":"#0","cullface":"east"},"down":{"uv":[4,13,6,13.5],"rotation":90,"texture":"#0","cullface":"east"}}},{"from":[16,10,2],"to":[16.5,11,4],"light_emission":15,"faces":{"north":{"uv":[13,5,13.5,6],"texture":"#0","cullface":"east"},"east":{"uv":[12,5,14,6],"texture":"#0","cullface":"east"},"south":{"uv":[12,5,12.5,6],"texture":"#0","cullface":"east"},"up":{"uv":[12,5,14,5.5],"rotation":270,"texture":"#0","cullface":"east"},"down":{"uv":[12,5,14,5.5],"rotation":90,"texture":"#0","cullface":"east"}}},{"from":[16,3,3],"to":[16.5,4,5],"light_emission":15,"faces":{"north":{"uv":[12,12,12.5,13],"texture":"#0","cullface":"east"},"east":{"uv":[11,12,13,13],"texture":"#0","cullface":"east"},"south":{"uv":[11,12,11.5,13],"texture":"#0","cullface":"east"},"up":{"uv":[11,12,13,12.5],"rotation":270,"texture":"#0","cullface":"east"},"down":{"uv":[11,12,13,12.5],"rotation":90,"texture":"#0","cullface":"east"}}},{"from":[9,16,8],"to":[11,16.5,9],"light_emission":15,"faces":{"north":{"uv":[9,8,11,8.5],"rotation":180,"texture":"#0","cullface":"up"},"south":{"uv":[9,8,11,8.5],"texture":"#0","cullface":"up"},"west":{"uv":[9,8,9.5,9],"rotation":270,"texture":"#0","cullface":"up"},"up":{"uv":[9,8,11,9],"texture":"#0","cullface":"up"}}},{"from":[4,16,4],"to":[8,16.7,5],"light_emission":15,"faces":{"north":{"uv":[4,4,8,4.7],"rotation":180,"texture":"#0","cullface":"up"},"east":{"uv":[7,4,7.7,5],"rotation":90,"texture":"#0","cullface":"up"},"south":{"uv":[4,4,8,4.7],"texture":"#0","cullface":"up"},"west":{"uv":[4,4,4.7,5],"rotation":270,"texture":"#0","cullface":"up"},"up":{"uv":[4,4,8,5],"texture":"#0","cullface":"up"}}},{"from":[8,16,4],"to":[10,16.5,5],"light_emission":15,"faces":{"north":{"uv":[8,4,10,4.5],"rotation":180,"texture":"#0","cullface":"up"},"east":{"uv":[9,4,9.5,5],"rotation":90,"texture":"#0","cullface":"up"},"south":{"uv":[8,4,10,4.5],"texture":"#0","cullface":"up"},"up":{"uv":[8,4,10,5],"texture":"#0","cullface":"up"}}},{"from":[3,16,4],"to":[4,16.5,5],"light_emission":15,"faces":{"north":{"uv":[3,4,4,4.5],"texture":"#0","cullface":"up"},"south":{"uv":[3,4,4,4.5],"rotation":180,"texture":"#0","cullface":"up"},"west":{"uv":[3,4,3.5,5],"rotation":270,"texture":"#0","cullface":"up"},"up":{"uv":[3,4,4,5],"texture":"#0","cullface":"up"}}},{"from":[4,16,5],"to":[8,16.5,6],"light_emission":15,"faces":{"east":{"uv":[7,5,7.7,6],"rotation":90,"texture":"#0","cullface":"up"},"south":{"uv":[4,5,8,5.7],"texture":"#0","cullface":"up"},"west":{"uv":[4,5,4.7,6],"rotation":270,"texture":"#0","cullface":"up"},"up":{"uv":[4,5,8,6],"texture":"#0","cullface":"up"}}},{"from":[5,16,3],"to":[8,16.5,4],"light_emission":15,"faces":{"north":{"uv":[5,3,8,3.7],"rotation":180,"texture":"#0","cullface":"up"},"east":{"uv":[7,3,7.7,4],"rotation":90,"texture":"#0","cullface":"up"},"west":{"uv":[5,3,5.7,4],"rotation":270,"texture":"#0","cullface":"up"},"up":{"uv":[5,3,8,4],"texture":"#0","cullface":"up"}}},{"from":[1,16,8],"to":[3,16.7,10],"light_emission":15,"faces":{"north":{"uv":[1,8,3,8.7],"rotation":180,"texture":"#0","cullface":"up"},"east":{"uv":[2,8,2.7,10],"rotation":90,"texture":"#0","cullface":"up"},"south":{"uv":[1,9,3,9.7],"texture":"#0","cullface":"up"},"west":{"uv":[1,8,1.7,10],"rotation":270,"texture":"#0","cullface":"up"},"up":{"uv":[1,8,3,10],"texture":"#0","cullface":"up"}}},{"from":[4,16,12],"to":[6,16.7,13],"light_emission":15,"faces":{"north":{"uv":[4,12,6,12.5],"rotation":180,"texture":"#0","cullface":"up"},"east":{"uv":[5,12,5.5,13],"rotation":90,"texture":"#0","cullface":"up"},"south":{"uv":[4,12,6,12.5],"texture":"#0","cullface":"up"},"west":{"uv":[4,12,4.5,13],"rotation":270,"texture":"#0","cullface":"up"},"up":{"uv":[4,12,6,13],"texture":"#0","cullface":"up"}}},{"from":[11,16,8],"to":[14,16.7,9],"light_emission":15,"faces":{"north":{"uv":[11,8,14,8.7],"rotation":180,"texture":"#0","cullface":"up"},"east":{"uv":[13,8,13.7,9],"rotation":90,"texture":"#0","cullface":"up"},"south":{"uv":[11,8,14,8.7],"texture":"#0","cullface":"up"},"west":{"uv":[11,8,11.7,9],"rotation":270,"texture":"#0","cullface":"up"},"up":{"uv":[11,8,14,9],"texture":"#0","cullface":"up"}}},{"from":[11,16,9],"to":[14,16.5,10],"light_emission":15,"faces":{"east":{"uv":[13,9,13.7,10],"rotation":90,"texture":"#0","cullface":"up"},"south":{"uv":[11,9,14,9.7],"texture":"#0","cullface":"up"},"west":{"uv":[11,9,11.7,10],"rotation":270,"texture":"#0","cullface":"up"},"up":{"uv":[11,9,14,10],"texture":"#0","cullface":"up"}}},{"from":[14,16,8],"to":[15,16.5,9],"light_emission":15,"faces":{"north":{"uv":[14,8,15,8.5],"texture":"#0","cullface":"up"},"east":{"uv":[14,8,14.5,9],"rotation":90,"texture":"#0","cullface":"up"},"south":{"uv":[14,8,15,8.5],"rotation":180,"texture":"#0","cullface":"up"},"up":{"uv":[14,8,15,9],"texture":"#0","cullface":"up"}}},{"from":[3,16,8],"to":[4,16.5,9],"light_emission":15,"faces":{"north":{"uv":[3,8,4,8.5],"texture":"#0","cullface":"up"},"east":{"uv":[3,8,3.5,9],"rotation":90,"texture":"#0","cullface":"up"},"south":{"uv":[3,8,4,8.5],"rotation":180,"texture":"#0","cullface":"up"},"up":{"uv":[3,8,4,9],"texture":"#0","cullface":"up"}}},{"from":[3,16,12],"to":[4,16.5,13],"light_emission":15,"faces":{"north":{"uv":[3,12,4,12.5],"texture":"#0","cullface":"up"},"south":{"uv":[3,12,4,12.5],"rotation":180,"texture":"#0","cullface":"up"},"west":{"uv":[3,12,3.5,13],"rotation":270,"texture":"#0","cullface":"up"},"up":{"uv":[3,12,4,13],"texture":"#0","cullface":"up"}}},{"from":[6,16,12],"to":[8,16.5,13],"light_emission":15,"faces":{"north":{"uv":[6,12,8,12.5],"rotation":180,"texture":"#0","cullface":"up"},"east":{"uv":[7,12,7.5,13],"rotation":90,"texture":"#0","cullface":"up"},"south":{"uv":[6,12,8,12.5],"texture":"#0","cullface":"up"},"up":{"uv":[6,12,8,13],"texture":"#0","cullface":"up"}}},{"from":[4,16,13],"to":[6,16.5,14],"light_emission":15,"faces":{"east":{"uv":[5,13,5.5,14],"rotation":90,"texture":"#0","cullface":"up"},"south":{"uv":[4,13,6,13.5],"texture":"#0","cullface":"up"},"west":{"uv":[4,13,4.5,14],"rotation":270,"texture":"#0","cullface":"up"},"up":{"uv":[4,13,6,14],"texture":"#0","cullface":"up"}}},{"from":[12,16,5],"to":[14,16.5,6],"light_emission":15,"faces":{"north":{"uv":[12,5,14,5.5],"rotation":180,"texture":"#0","cullface":"up"},"east":{"uv":[13,5,13.5,6],"rotation":90,"texture":"#0","cullface":"up"},"south":{"uv":[12,5,14,5.5],"texture":"#0","cullface":"up"},"west":{"uv":[12,5,12.5,6],"rotation":270,"texture":"#0","cullface":"up"},"up":{"uv":[12,5,14,6],"texture":"#0","cullface":"up"}}},{"from":[11,16,12],"to":[13,16.5,13],"light_emission":15,"faces":{"north":{"uv":[11,12,13,12.5],"rotation":180,"texture":"#0","cullface":"up"},"east":{"uv":[12,12,12.5,13],"rotation":90,"texture":"#0","cullface":"up"},"south":{"uv":[11,12,13,12.5],"texture":"#0","cullface":"up"},"west":{"uv":[11,12,11.5,13],"rotation":270,"texture":"#0","cullface":"up"},"up":{"uv":[11,12,13,13],"texture":"#0","cullface":"up"}}},{"from":[9,-0.5,7],"to":[11,0,8],"light_emission":15,"faces":{"north":{"uv":[9,8,11,8.5],"rotation":180,"texture":"#0","cullface":"down"},"south":{"uv":[9,8,11,8.5],"texture":"#0","cullface":"down"},"west":{"uv":[9,8,9.5,9],"rotation":90,"texture":"#0","cullface":"down"},"down":{"uv":[9,8,11,9],"texture":"#0","cullface":"down"}}},{"from":[4,-0.7,11],"to":[8,0,12],"light_emission":15,"faces":{"north":{"uv":[4,4,8,4.7],"rotation":180,"texture":"#0","cullface":"down"},"east":{"uv":[7,4,7.7,5],"rotation":270,"texture":"#0","cullface":"down"},"south":{"uv":[4,4,8,4.7],"texture":"#0","cullface":"down"},"west":{"uv":[4,4,4.7,5],"rotation":90,"texture":"#0","cullface":"down"},"down":{"uv":[4,4,8,5],"texture":"#0","cullface":"down"}}},{"from":[8,-0.5,11],"to":[10,0,12],"light_emission":15,"faces":{"north":{"uv":[8,4,10,4.5],"rotation":180,"texture":"#0","cullface":"down"},"east":{"uv":[9,4,9.5,5],"rotation":270,"texture":"#0","cullface":"down"},"south":{"uv":[8,4,10,4.5],"texture":"#0","cullface":"down"},"down":{"uv":[8,4,10,5],"texture":"#0","cullface":"down"}}},{"from":[3,-0.5,11],"to":[4,0,12],"light_emission":15,"faces":{"north":{"uv":[3,4,4,4.5],"texture":"#0","cullface":"down"},"south":{"uv":[3,4,4,4.5],"rotation":180,"texture":"#0","cullface":"down"},"west":{"uv":[3,4,3.5,5],"rotation":90,"texture":"#0","cullface":"down"},"down":{"uv":[3,4,4,5],"texture":"#0","cullface":"down"}}},{"from":[4,-0.5,10],"to":[8,0,11],"light_emission":15,"faces":{"north":{"uv":[4,5,8,5.7],"rotation":180,"texture":"#0","cullface":"down"},"east":{"uv":[7,5,7.7,6],"rotation":270,"texture":"#0","cullface":"down"},"west":{"uv":[4,5,4.7,6],"rotation":90,"texture":"#0","cullface":"down"},"down":{"uv":[4,5,8,6],"texture":"#0","cullface":"down"}}},{"from":[5,-0.5,12],"to":[8,0,13],"light_emission":15,"faces":{"east":{"uv":[7,3,7.7,4],"rotation":270,"texture":"#0","cullface":"down"},"south":{"uv":[5,3,8,3.7],"texture":"#0","cullface":"down"},"west":{"uv":[5,3,5.7,4],"rotation":90,"texture":"#0","cullface":"down"},"down":{"uv":[5,3,8,4],"texture":"#0","cullface":"down"}}},{"from":[1,-0.7,6],"to":[3,0,8],"light_emission":15,"faces":{"north":{"uv":[1,9,3,9.7],"rotation":180,"texture":"#0","cullface":"down"},"east":{"uv":[2,8,2.7,10],"rotation":270,"texture":"#0","cullface":"down"},"south":{"uv":[1,8,3,8.7],"texture":"#0","cullface":"down"},"west":{"uv":[1,8,1.7,10],"rotation":90,"texture":"#0","cullface":"down"},"down":{"uv":[1,8,3,10],"texture":"#0","cullface":"down"}}},{"from":[4,-0.7,3],"to":[6,0,4],"light_emission":15,"faces":{"north":{"uv":[4,12,6,12.5],"rotation":180,"texture":"#0","cullface":"down"},"east":{"uv":[5,12,5.5,13],"rotation":270,"texture":"#0","cullface":"down"},"south":{"uv":[4,12,6,12.5],"texture":"#0","cullface":"down"},"west":{"uv":[4,12,4.5,13],"rotation":90,"texture":"#0","cullface":"down"},"down":{"uv":[4,12,6,13],"texture":"#0","cullface":"down"}}},{"from":[11,-0.7,7],"to":[14,0,8],"light_emission":15,"faces":{"north":{"uv":[11,8,14,8.7],"rotation":180,"texture":"#0","cullface":"down"},"east":{"uv":[13,8,13.7,9],"rotation":270,"texture":"#0","cullface":"down"},"south":{"uv":[11,8,14,8.7],"texture":"#0","cullface":"down"},"west":{"uv":[11,8,11.7,9],"rotation":90,"texture":"#0","cullface":"down"},"down":{"uv":[11,8,14,9],"texture":"#0","cullface":"down"}}},{"from":[11,-0.5,6],"to":[14,0,7],"light_emission":15,"faces":{"north":{"uv":[11,9,14,9.7],"rotation":180,"texture":"#0","cullface":"down"},"east":{"uv":[13,9,13.7,10],"rotation":270,"texture":"#0","cullface":"down"},"west":{"uv":[11,9,11.7,10],"rotation":90,"texture":"#0","cullface":"down"},"down":{"uv":[11,9,14,10],"texture":"#0","cullface":"down"}}},{"from":[14,-0.5,7],"to":[15,0,8],"light_emission":15,"faces":{"north":{"uv":[14,8,15,8.5],"texture":"#0","cullface":"down"},"east":{"uv":[14,8,14.5,9],"rotation":270,"texture":"#0","cullface":"down"},"south":{"uv":[14,8,15,8.5],"rotation":180,"texture":"#0","cullface":"down"},"down":{"uv":[14,8,15,9],"texture":"#0","cullface":"down"}}},{"from":[3,-0.5,7],"to":[4,0,8],"light_emission":15,"faces":{"north":{"uv":[3,8,4,8.5],"texture":"#0","cullface":"down"},"east":{"uv":[3,8,3.5,9],"rotation":270,"texture":"#0","cullface":"down"},"south":{"uv":[3,8,4,8.5],"rotation":180,"texture":"#0","cullface":"down"},"down":{"uv":[3,8,4,9],"texture":"#0","cullface":"down"}}},{"from":[3,-0.5,3],"to":[4,0,4],"light_emission":15,"faces":{"north":{"uv":[3,12,4,12.5],"texture":"#0","cullface":"down"},"south":{"uv":[3,12,4,12.5],"rotation":180,"texture":"#0","cullface":"down"},"west":{"uv":[3,12,3.5,13],"rotation":90,"texture":"#0","cullface":"down"},"down":{"uv":[3,12,4,13],"texture":"#0","cullface":"down"}}},{"from":[6,-0.5,3],"to":[8,0,4],"light_emission":15,"faces":{"north":{"uv":[6,12,8,12.5],"rotation":180,"texture":"#0","cullface":"down"},"east":{"uv":[7,12,7.5,13],"rotation":270,"texture":"#0","cullface":"down"},"south":{"uv":[6,12,8,12.5],"texture":"#0","cullface":"down"},"down":{"uv":[6,12,8,13],"texture":"#0","cullface":"down"}}},{"from":[4,-0.5,2],"to":[6,0,3],"light_emission":15,"faces":{"north":{"uv":[4,13,6,13.5],"rotation":180,"texture":"#0","cullface":"down"},"east":{"uv":[5,13,5.5,14],"rotation":270,"texture":"#0","cullface":"down"},"west":{"uv":[4,13,4.5,14],"rotation":90,"texture":"#0","cullface":"down"},"down":{"uv":[4,13,6,14],"texture":"#0","cullface":"down"}}},{"from":[12,-0.5,10],"to":[14,0,11],"light_emission":15,"faces":{"north":{"uv":[12,5,14,5.5],"rotation":180,"texture":"#0","cullface":"down"},"east":{"uv":[13,5,13.5,6],"rotation":270,"texture":"#0","cullface":"down"},"south":{"uv":[12,5,14,5.5],"texture":"#0","cullface":"down"},"west":{"uv":[12,5,12.5,6],"rotation":90,"texture":"#0","cullface":"down"},"down":{"uv":[12,5,14,6],"texture":"#0","cullface":"down"}}},{"from":[11,-0.5,3],"to":[13,0,4],"light_emission":15,"faces":{"north":{"uv":[11,12,13,12.5],"rotation":180,"texture":"#0","cullface":"down"},"east":{"uv":[12,12,12.5,13],"rotation":270,"texture":"#0","cullface":"down"},"south":{"uv":[11,12,13,12.5],"texture":"#0","cullface":"down"},"west":{"uv":[11,12,11.5,13],"rotation":90,"texture":"#0","cullface":"down"},"down":{"uv":[11,12,13,13],"texture":"#0","cullface":"down"}}},{"from":[2,10,-0.5],"to":[4,11,0],"light_emission":15,"faces":{"north":{"uv":[12,5,14,6],"texture":"#0","cullface":"north"},"east":{"uv":[12,5,12.5,6],"texture":"#0","cullface":"north"},"west":{"uv":[13,5,13.5,6],"texture":"#0","cullface":"north"},"up":{"uv":[12,5,14,5.5],"rotation":180,"texture":"#0","cullface":"north"},"down":{"uv":[12,5,14,5.5],"rotation":180,"texture":"#0","cullface":"north"}}},{"from":[2,6,-0.5],"to":[5,7,0],"light_emission":15,"faces":{"north":{"uv":[11,9,14,10],"texture":"#0","cullface":"north"},"east":{"uv":[11,9,11.7,10],"texture":"#0","cullface":"north"},"west":{"uv":[13,9,13.7,10],"texture":"#0","cullface":"north"},"down":{"uv":[11,9,14,9.7],"rotation":180,"texture":"#0","cullface":"north"}}},{"from":[8,12,-0.5],"to":[11,13,0],"light_emission":15,"faces":{"north":{"uv":[5,3,8,4],"texture":"#0","cullface":"north"},"east":{"uv":[5,3,5.7,4],"texture":"#0","cullface":"north"},"west":{"uv":[7,3,7.7,4],"texture":"#0","cullface":"north"},"up":{"uv":[5,3,8,3.7],"rotation":180,"texture":"#0","cullface":"north"}}},{"from":[8,10,-0.5],"to":[12,11,0],"light_emission":15,"faces":{"north":{"uv":[4,5,8,6],"texture":"#0","cullface":"north"},"east":{"uv":[4,5,4.7,6],"texture":"#0","cullface":"north"},"west":{"uv":[7,5,7.7,6],"texture":"#0","cullface":"north"},"down":{"uv":[4,5,8,5.7],"rotation":180,"texture":"#0","cullface":"north"}}},{"from":[2,7,-0.7],"to":[5,8,0],"light_emission":15,"faces":{"north":{"uv":[11,8,14,9],"texture":"#0","cullface":"north"},"east":{"uv":[11,8,11.7,9],"texture":"#0","cullface":"north"},"west":{"uv":[13,8,13.7,9],"texture":"#0","cullface":"north"},"up":{"uv":[11,8,14,8.7],"rotation":180,"texture":"#0","cullface":"north"},"down":{"uv":[11,8,14,8.7],"rotation":180,"texture":"#0","cullface":"north"}}},{"from":[8,11,-0.7],"to":[12,12,0],"light_emission":15,"faces":{"north":{"uv":[4,4,8,5],"texture":"#0","cullface":"north"},"east":{"uv":[4,4,4.7,5],"texture":"#0","cullface":"north"},"west":{"uv":[7,4,7.7,5],"texture":"#0","cullface":"north"},"up":{"uv":[4,4,8,4.7],"rotation":180,"texture":"#0","cullface":"north"},"down":{"uv":[4,4,8,4.7],"rotation":180,"texture":"#0","cullface":"north"}}},{"from":[10,2,-0.5],"to":[12,3,0],"light_emission":15,"faces":{"north":{"uv":[4,13,6,14],"texture":"#0","cullface":"north"},"east":{"uv":[4,13,4.5,14],"texture":"#0","cullface":"north"},"west":{"uv":[5,13,5.5,14],"texture":"#0","cullface":"north"},"down":{"uv":[4,13,6,13.5],"rotation":180,"texture":"#0","cullface":"north"}}},{"from":[10,3,-0.7],"to":[12,4,0],"light_emission":15,"faces":{"north":{"uv":[4,12,6,13],"texture":"#0","cullface":"north"},"east":{"uv":[4,12,4.5,13],"texture":"#0","cullface":"north"},"west":{"uv":[5,12,5.5,13],"texture":"#0","cullface":"north"},"up":{"uv":[4,12,6,12.5],"rotation":180,"texture":"#0","cullface":"north"},"down":{"uv":[4,12,6,12.5],"rotation":180,"texture":"#0","cullface":"north"}}},{"from":[13,6,-0.7],"to":[15,8,0],"light_emission":15,"faces":{"north":{"uv":[1,8,3,10],"texture":"#0","cullface":"north"},"east":{"uv":[1,8,1.7,10],"texture":"#0","cullface":"north"},"west":{"uv":[2,8,2.7,10],"texture":"#0","cullface":"north"},"up":{"uv":[1,8,3,8.7],"rotation":180,"texture":"#0","cullface":"north"},"down":{"uv":[1,9,3,9.7],"rotation":180,"texture":"#0","cullface":"north"}}},{"from":[8,3,-0.5],"to":[10,4,0],"light_emission":15,"faces":{"north":{"uv":[6,12,8,13],"texture":"#0","cullface":"north"},"west":{"uv":[7,12,7.5,13],"texture":"#0","cullface":"north"},"up":{"uv":[6,12,8,12.5],"rotation":180,"texture":"#0","cullface":"north"},"down":{"uv":[6,12,8,12.5],"rotation":180,"texture":"#0","cullface":"north"}}},{"from":[5,7,-0.5],"to":[7,8,0],"light_emission":15,"faces":{"north":{"uv":[9,8,11,9],"texture":"#0","cullface":"north"},"east":{"uv":[9,8,9.5,9],"texture":"#0","cullface":"north"},"up":{"uv":[9,8,11,8.5],"rotation":180,"texture":"#0","cullface":"north"},"down":{"uv":[9,8,11,8.5],"rotation":180,"texture":"#0","cullface":"north"}}},{"from":[12,3,-0.5],"to":[13,4,0],"light_emission":15,"faces":{"north":{"uv":[3,12,4,13],"texture":"#0","cullface":"north"},"east":{"uv":[3,12,3.5,13],"texture":"#0","cullface":"north"},"up":{"uv":[3,12,4,12.5],"texture":"#0","cullface":"north"},"down":{"uv":[3,12,4,12.5],"texture":"#0","cullface":"north"}}},{"from":[12,7,-0.5],"to":[13,8,0],"light_emission":15,"faces":{"north":{"uv":[3,8,4,9],"texture":"#0","cullface":"north"},"west":{"uv":[3,8,3.5,9],"texture":"#0","cullface":"north"},"up":{"uv":[3,8,4,8.5],"texture":"#0","cullface":"north"},"down":{"uv":[3,8,4,8.5],"texture":"#0","cullface":"north"}}},{"from":[12,11,-0.5],"to":[13,12,0],"light_emission":15,"faces":{"north":{"uv":[3,4,4,5],"texture":"#0","cullface":"north"},"east":{"uv":[3,4,3.5,5],"texture":"#0","cullface":"north"},"up":{"uv":[3,4,4,4.5],"texture":"#0","cullface":"north"},"down":{"uv":[3,4,4,4.5],"texture":"#0","cullface":"north"}}},{"from":[6,11,-0.5],"to":[8,12,0],"light_emission":15,"faces":{"north":{"uv":[8,4,10,5],"texture":"#0","cullface":"north"},"west":{"uv":[9,4,9.5,5],"texture":"#0","cullface":"north"},"up":{"uv":[8,4,10,4.5],"rotation":180,"texture":"#0","cullface":"north"},"down":{"uv":[8,4,10,4.5],"rotation":180,"texture":"#0","cullface":"north"}}},{"from":[1,7,-0.5],"to":[2,8,0],"light_emission":15,"faces":{"north":{"uv":[14,8,15,9],"texture":"#0","cullface":"north"},"west":{"uv":[14,8,14.5,9],"texture":"#0","cullface":"north"},"up":{"uv":[14,8,15,8.5],"texture":"#0","cullface":"north"},"down":{"uv":[14,8,15,8.5],"texture":"#0","cullface":"north"}}}]}