{"credit":"Created by Marceus","format_version":"1.21.6","parent":"block/cube_all","textures":{"0":"block/deepslate_diamond_ore3","particle":"block/deepslate_diamond_ore3"},"elements":[{"from":[16,4,9],"to":[16.7,6,10],"light_emission":15,"faces":{"north":{"uv":[6,10,6.7,12],"texture":"#0","cullface":"east"},"east":{"uv":[6,10,7,12],"texture":"#0","cullface":"east"},"south":{"uv":[6,10,6.7,12],"texture":"#0","cullface":"east"},"up":{"uv":[6,10,7,10.7],"rotation":270,"texture":"#0","cullface":"east"},"down":{"uv":[6,11,7,11.7],"rotation":90,"texture":"#0","cullface":"east"}}},{"from":[-0.5,7,2],"to":[0,8,4],"light_emission":15,"faces":{"north":{"uv":[2,8,2.5,9],"texture":"#0","cullface":"west"},"south":{"uv":[3,8,3.5,9],"texture":"#0","cullface":"west"},"west":{"uv":[2,8,4,9],"texture":"#0","cullface":"west"},"up":{"uv":[2,8,4,8.5],"rotation":90,"texture":"#0","cullface":"west"},"down":{"uv":[2,8,4,8.5],"rotation":270,"texture":"#0","cullface":"west"}}},{"from":[-0.5,1,2],"to":[0,2,3],"light_emission":15,"faces":{"north":{"uv":[2,14,2.5,15],"texture":"#0","cullface":"west"},"south":{"uv":[2,14,2.5,15],"texture":"#0","cullface":"west"},"west":{"uv":[2,14,3,15],"texture":"#0","cullface":"west"},"up":{"uv":[2,14,3,14.5],"rotation":270,"texture":"#0","cullface":"west"},"down":{"uv":[2,14,3,14.5],"rotation":90,"texture":"#0","cullface":"west"}}},{"from":[-0.5,12,13],"to":[0,13,14],"light_emission":15,"faces":{"north":{"uv":[13,3,13.5,4],"texture":"#0","cullface":"west"},"south":{"uv":[13,3,13.5,4],"texture":"#0","cullface":"west"},"west":{"uv":[13,3,14,4],"texture":"#0","cullface":"west"},"up":{"uv":[13,3,14,3.5],"rotation":270,"texture":"#0","cullface":"west"},"down":{"uv":[13,3,14,3.5],"rotation":90,"texture":"#0","cullface":"west"}}},{"from":[-0.7,12,7],"to":[0,13,10],"light_emission":15,"faces":{"south":{"uv":[9,3,9.7,4],"texture":"#0","cullface":"west"},"west":{"uv":[7,3,10,4],"texture":"#0","cullface":"west"},"up":{"uv":[7,3,10,3.7],"rotation":90,"texture":"#0","cullface":"west"},"down":{"uv":[7,3,10,3.7],"rotation":270,"texture":"#0","cullface":"west"}}},{"from":[-0.7,4,6],"to":[0,6,7],"light_emission":15,"faces":{"north":{"uv":[6,10,6.7,12],"texture":"#0","cullface":"west"},"south":{"uv":[6,10,6.7,12],"texture":"#0","cullface":"west"},"west":{"uv":[6,10,7,12],"texture":"#0","cullface":"west"},"up":{"uv":[6,10,7,10.7],"rotation":90,"texture":"#0","cullface":"west"},"down":{"uv":[6,11,7,11.7],"rotation":270,"texture":"#0","cullface":"west"}}},{"from":[-0.7,3,7],"to":[0,5,10],"light_emission":15,"faces":{"north":{"uv":[7,11,7.7,13],"texture":"#0","cullface":"west"},"south":{"uv":[9,11,9.7,13],"texture":"#0","cullface":"west"},"west":{"uv":[7,11,10,13],"texture":"#0","cullface":"west"},"up":{"uv":[7,11,10,11.7],"rotation":90,"texture":"#0","cullface":"west"},"down":{"uv":[7,12,10,12.7],"rotation":270,"texture":"#0","cullface":"west"}}},{"from":[-0.5,3,10],"to":[0,4,12],"light_emission":15,"faces":{"south":{"uv":[11,12,11.7,13],"texture":"#0","cullface":"west"},"west":{"uv":[10,12,12,13],"texture":"#0","cullface":"west"},"up":{"uv":[10,12,12,12.7],"rotation":90,"texture":"#0","cullface":"west"},"down":{"uv":[10,12,12,12.7],"rotation":270,"texture":"#0","cullface":"west"}}},{"from":[-0.5,5,5],"to":[0,6,6],"light_emission":15,"faces":{"north":{"uv":[5,10,5.5,11],"texture":"#0","cullface":"west"},"west":{"uv":[5,10,6,11],"texture":"#0","cullface":"west"},"up":{"uv":[5,10,6,10.5],"rotation":270,"texture":"#0","cullface":"west"},"down":{"uv":[5,10,6,10.5],"rotation":90,"texture":"#0","cullface":"west"}}},{"from":[-0.5,13,5],"to":[0,14,6],"light_emission":15,"faces":{"north":{"uv":[5,2,5.5,3],"texture":"#0","cullface":"west"},"south":{"uv":[5,2,5.5,3],"texture":"#0","cullface":"west"},"west":{"uv":[5,2,6,3],"texture":"#0","cullface":"west"},"up":{"uv":[5,2,6,2.5],"rotation":270,"texture":"#0","cullface":"west"}}},{"from":[-0.5,12,3],"to":[0,13,4],"light_emission":15,"faces":{"north":{"uv":[3,3,3.5,4],"texture":"#0","cullface":"west"},"west":{"uv":[3,3,4,4],"texture":"#0","cullface":"west"},"up":{"uv":[3,3,4,3.5],"rotation":270,"texture":"#0","cullface":"west"},"down":{"uv":[3,3,4,3.5],"rotation":90,"texture":"#0","cullface":"west"}}},{"from":[-0.5,8,8],"to":[0,9,9],"light_emission":15,"faces":{"north":{"uv":[8,7,8.5,8],"texture":"#0","cullface":"west"},"west":{"uv":[8,7,9,8],"texture":"#0","cullface":"west"},"up":{"uv":[8,7,9,7.5],"rotation":270,"texture":"#0","cullface":"west"},"down":{"uv":[8,7,9,7.5],"rotation":90,"texture":"#0","cullface":"west"}}},{"from":[-0.5,6,11],"to":[0,7,12],"light_emission":15,"faces":{"north":{"uv":[11,9,11.5,10],"texture":"#0","cullface":"west"},"south":{"uv":[11,9,11.5,10],"texture":"#0","cullface":"west"},"west":{"uv":[11,9,12,10],"texture":"#0","cullface":"west"},"down":{"uv":[11,9,12,9.5],"rotation":90,"texture":"#0","cullface":"west"}}},{"from":[-0.7,7,12],"to":[0,8,14],"light_emission":15,"faces":{"south":{"uv":[13,8,13.7,9],"texture":"#0","cullface":"west"},"west":{"uv":[12,8,14,9],"texture":"#0","cullface":"west"},"up":{"uv":[12,8,14,8.7],"rotation":90,"texture":"#0","cullface":"west"},"down":{"uv":[12,8,14,8.7],"rotation":270,"texture":"#0","cullface":"west"}}},{"from":[-0.7,7,9],"to":[0,9,12],"light_emission":15,"faces":{"north":{"uv":[9,7,9.7,9],"texture":"#0","cullface":"west"},"south":{"uv":[11,7,11.7,9],"texture":"#0","cullface":"west"},"west":{"uv":[9,7,12,9],"texture":"#0","cullface":"west"},"up":{"uv":[9,7,12,7.7],"rotation":90,"texture":"#0","cullface":"west"},"down":{"uv":[9,8,12,8.7],"rotation":270,"texture":"#0","cullface":"west"}}},{"from":[4,11,16],"to":[7,13,16.7],"light_emission":15,"faces":{"east":{"uv":[6,3,6.7,5],"texture":"#0","cullface":"south"},"south":{"uv":[4,3,7,5],"texture":"#0","cullface":"south"},"west":{"uv":[4,3,4.7,5],"texture":"#0","cullface":"south"},"up":{"uv":[4,3,7,3.7],"texture":"#0","cullface":"south"},"down":{"uv":[4,4,7,4.7],"texture":"#0","cullface":"south"}}},{"from":[9,7,16],"to":[12,9,16.7],"light_emission":15,"faces":{"east":{"uv":[11,7,11.7,9],"texture":"#0","cullface":"south"},"south":{"uv":[9,7,12,9],"texture":"#0","cullface":"south"},"west":{"uv":[9,7,9.7,9],"texture":"#0","cullface":"south"},"up":{"uv":[9,7,12,7.7],"texture":"#0","cullface":"south"},"down":{"uv":[9,8,12,8.7],"texture":"#0","cullface":"south"}}},{"from":[12,7,16],"to":[14,8,16.7],"light_emission":15,"faces":{"east":{"uv":[13,8,13.7,9],"texture":"#0","cullface":"south"},"south":{"uv":[12,8,14,9],"texture":"#0","cullface":"south"},"up":{"uv":[12,8,14,8.7],"texture":"#0","cullface":"south"},"down":{"uv":[12,8,14,8.7],"texture":"#0","cullface":"south"}}},{"from":[11,6,16],"to":[12,7,16.5],"light_emission":15,"faces":{"east":{"uv":[11,9,11.5,10],"texture":"#0","cullface":"south"},"south":{"uv":[11,9,12,10],"texture":"#0","cullface":"south"},"west":{"uv":[11,9,11.5,10],"texture":"#0","cullface":"south"},"down":{"uv":[11,9,12,9.5],"rotation":180,"texture":"#0","cullface":"south"}}},{"from":[8,8,16],"to":[9,9,16.5],"light_emission":15,"faces":{"south":{"uv":[8,7,9,8],"texture":"#0","cullface":"south"},"west":{"uv":[8,7,8.5,8],"texture":"#0","cullface":"south"},"up":{"uv":[8,7,9,7.5],"rotation":180,"texture":"#0","cullface":"south"},"down":{"uv":[8,7,9,7.5],"rotation":180,"texture":"#0","cullface":"south"}}},{"from":[3,12,16],"to":[4,13,16.5],"light_emission":15,"faces":{"south":{"uv":[3,3,4,4],"texture":"#0","cullface":"south"},"west":{"uv":[3,3,3.5,4],"texture":"#0","cullface":"south"},"up":{"uv":[3,3,4,3.5],"rotation":180,"texture":"#0","cullface":"south"},"down":{"uv":[3,3,4,3.5],"rotation":180,"texture":"#0","cullface":"south"}}},{"from":[5,13,16],"to":[6,14,16.5],"light_emission":15,"faces":{"east":{"uv":[5,2,5.5,3],"texture":"#0","cullface":"south"},"south":{"uv":[5,2,6,3],"texture":"#0","cullface":"south"},"west":{"uv":[5,2,5.5,3],"texture":"#0","cullface":"south"},"up":{"uv":[5,2,6,2.5],"rotation":180,"texture":"#0","cullface":"south"}}},{"from":[5,5,16],"to":[6,6,16.5],"light_emission":15,"faces":{"south":{"uv":[5,10,6,11],"texture":"#0","cullface":"south"},"west":{"uv":[5,10,5.5,11],"texture":"#0","cullface":"south"},"up":{"uv":[5,10,6,10.5],"rotation":180,"texture":"#0","cullface":"south"},"down":{"uv":[5,10,6,10.5],"rotation":180,"texture":"#0","cullface":"south"}}},{"from":[10,3,16],"to":[12,4,16.5],"light_emission":15,"faces":{"east":{"uv":[11,12,11.7,13],"texture":"#0","cullface":"south"},"south":{"uv":[10,12,12,13],"texture":"#0","cullface":"south"},"up":{"uv":[10,12,12,12.7],"texture":"#0","cullface":"south"},"down":{"uv":[10,12,12,12.7],"texture":"#0","cullface":"south"}}},{"from":[7,3,16],"to":[10,5,16.7],"light_emission":15,"faces":{"east":{"uv":[9,11,9.7,13],"texture":"#0","cullface":"south"},"south":{"uv":[7,11,10,13],"texture":"#0","cullface":"south"},"west":{"uv":[7,11,7.7,13],"texture":"#0","cullface":"south"},"up":{"uv":[7,11,10,11.7],"texture":"#0","cullface":"south"},"down":{"uv":[7,12,10,12.7],"texture":"#0","cullface":"south"}}},{"from":[6,4,16],"to":[7,6,16.7],"light_emission":15,"faces":{"east":{"uv":[6,10,6.7,12],"texture":"#0","cullface":"south"},"south":{"uv":[6,10,7,12],"texture":"#0","cullface":"south"},"west":{"uv":[6,10,6.7,12],"texture":"#0","cullface":"south"},"up":{"uv":[6,10,7,10.7],"texture":"#0","cullface":"south"},"down":{"uv":[6,11,7,11.7],"texture":"#0","cullface":"south"}}},{"from":[7,12,16],"to":[10,13,16.7],"light_emission":15,"faces":{"east":{"uv":[9,3,9.7,4],"texture":"#0","cullface":"south"},"south":{"uv":[7,3,10,4],"texture":"#0","cullface":"south"},"up":{"uv":[7,3,10,3.7],"texture":"#0","cullface":"south"},"down":{"uv":[7,3,10,3.7],"texture":"#0","cullface":"south"}}},{"from":[2,7,16],"to":[4,8,16.5],"light_emission":15,"faces":{"east":{"uv":[3,8,3.5,9],"texture":"#0","cullface":"south"},"south":{"uv":[2,8,4,9],"texture":"#0","cullface":"south"},"west":{"uv":[2,8,2.5,9],"texture":"#0","cullface":"south"},"up":{"uv":[2,8,4,8.5],"texture":"#0","cullface":"south"},"down":{"uv":[2,8,4,8.5],"texture":"#0","cullface":"south"}}},{"from":[4,-0.7,11],"to":[7,0,13],"light_emission":15,"faces":{"north":{"uv":[4,4,7,4.7],"rotation":180,"texture":"#0","cullface":"down"},"east":{"uv":[6,3,6.7,5],"rotation":270,"texture":"#0","cullface":"down"},"south":{"uv":[4,3,7,3.7],"texture":"#0","cullface":"down"},"west":{"uv":[4,3,4.7,5],"rotation":90,"texture":"#0","cullface":"down"},"down":{"uv":[4,3,7,5],"texture":"#0","cullface":"down"}}},{"from":[13,1,-0.5],"to":[14,2,0],"light_emission":15,"faces":{"north":{"uv":[2,14,3,15],"texture":"#0","cullface":"north"},"east":{"uv":[2,14,2.5,15],"texture":"#0","cullface":"north"},"west":{"uv":[2,14,2.5,15],"texture":"#0","cullface":"north"},"up":{"uv":[2,14,3,14.5],"texture":"#0","cullface":"north"},"down":{"uv":[2,14,3,14.5],"texture":"#0","cullface":"north"}}},{"from":[2,12,-0.5],"to":[3,13,0],"light_emission":15,"faces":{"north":{"uv":[13,3,14,4],"texture":"#0","cullface":"north"},"east":{"uv":[13,3,13.5,4],"texture":"#0","cullface":"north"},"west":{"uv":[13,3,13.5,4],"texture":"#0","cullface":"north"},"up":{"uv":[13,3,14,3.5],"texture":"#0","cullface":"north"},"down":{"uv":[13,3,14,3.5],"texture":"#0","cullface":"north"}}},{"from":[12,7,-0.5],"to":[14,8,0],"light_emission":15,"faces":{"north":{"uv":[2,8,4,9],"texture":"#0","cullface":"north"},"east":{"uv":[2,8,2.5,9],"texture":"#0","cullface":"north"},"west":{"uv":[3,8,3.5,9],"texture":"#0","cullface":"north"},"up":{"uv":[2,8,4,8.5],"rotation":180,"texture":"#0","cullface":"north"},"down":{"uv":[2,8,4,8.5],"rotation":180,"texture":"#0","cullface":"north"}}},{"from":[6,12,-0.7],"to":[9,13,0],"light_emission":15,"faces":{"north":{"uv":[7,3,10,4],"texture":"#0","cullface":"north"},"west":{"uv":[9,3,9.7,4],"texture":"#0","cullface":"north"},"up":{"uv":[7,3,10,3.7],"rotation":180,"texture":"#0","cullface":"north"},"down":{"uv":[7,3,10,3.7],"rotation":180,"texture":"#0","cullface":"north"}}},{"from":[9,4,-0.7],"to":[10,6,0],"light_emission":15,"faces":{"north":{"uv":[6,10,7,12],"texture":"#0","cullface":"north"},"east":{"uv":[6,10,6.7,12],"texture":"#0","cullface":"north"},"west":{"uv":[6,10,6.7,12],"texture":"#0","cullface":"north"},"up":{"uv":[6,10,7,10.7],"rotation":180,"texture":"#0","cullface":"north"},"down":{"uv":[6,11,7,11.7],"rotation":180,"texture":"#0","cullface":"north"}}},{"from":[6,3,-0.7],"to":[9,5,0],"light_emission":15,"faces":{"north":{"uv":[7,11,10,13],"texture":"#0","cullface":"north"},"east":{"uv":[7,11,7.7,13],"texture":"#0","cullface":"north"},"west":{"uv":[9,11,9.7,13],"texture":"#0","cullface":"north"},"up":{"uv":[7,11,10,11.7],"rotation":180,"texture":"#0","cullface":"north"},"down":{"uv":[7,12,10,12.7],"rotation":180,"texture":"#0","cullface":"north"}}},{"from":[4,3,-0.5],"to":[6,4,0],"light_emission":15,"faces":{"north":{"uv":[10,12,12,13],"texture":"#0","cullface":"north"},"west":{"uv":[11,12,11.7,13],"texture":"#0","cullface":"north"},"up":{"uv":[10,12,12,12.7],"rotation":180,"texture":"#0","cullface":"north"},"down":{"uv":[10,12,12,12.7],"rotation":180,"texture":"#0","cullface":"north"}}},{"from":[10,5,-0.5],"to":[11,6,0],"light_emission":15,"faces":{"north":{"uv":[5,10,6,11],"texture":"#0","cullface":"north"},"east":{"uv":[5,10,5.5,11],"texture":"#0","cullface":"north"},"up":{"uv":[5,10,6,10.5],"texture":"#0","cullface":"north"},"down":{"uv":[5,10,6,10.5],"texture":"#0","cullface":"north"}}},{"from":[10,13,-0.5],"to":[11,14,0],"light_emission":15,"faces":{"north":{"uv":[5,2,6,3],"texture":"#0","cullface":"north"},"east":{"uv":[5,2,5.5,3],"texture":"#0","cullface":"north"},"west":{"uv":[5,2,5.5,3],"texture":"#0","cullface":"north"},"up":{"uv":[5,2,6,2.5],"texture":"#0","cullface":"north"}}},{"from":[12,12,-0.5],"to":[13,13,0],"light_emission":15,"faces":{"north":{"uv":[3,3,4,4],"texture":"#0","cullface":"north"},"east":{"uv":[3,3,3.5,4],"texture":"#0","cullface":"north"},"up":{"uv":[3,3,4,3.5],"texture":"#0","cullface":"north"},"down":{"uv":[3,3,4,3.5],"texture":"#0","cullface":"north"}}},{"from":[7,8,-0.5],"to":[8,9,0],"light_emission":15,"faces":{"north":{"uv":[8,7,9,8],"texture":"#0","cullface":"north"},"east":{"uv":[8,7,8.5,8],"texture":"#0","cullface":"north"},"up":{"uv":[8,7,9,7.5],"texture":"#0","cullface":"north"},"down":{"uv":[8,7,9,7.5],"texture":"#0","cullface":"north"}}},{"from":[4,6,-0.5],"to":[5,7,0],"light_emission":15,"faces":{"north":{"uv":[11,9,12,10],"texture":"#0","cullface":"north"},"east":{"uv":[11,9,11.5,10],"texture":"#0","cullface":"north"},"west":{"uv":[11,9,11.5,10],"texture":"#0","cullface":"north"},"down":{"uv":[11,9,12,9.5],"texture":"#0","cullface":"north"}}},{"from":[2,7,-0.7],"to":[4,8,0],"light_emission":15,"faces":{"north":{"uv":[12,8,14,9],"texture":"#0","cullface":"north"},"west":{"uv":[13,8,13.7,9],"texture":"#0","cullface":"north"},"up":{"uv":[12,8,14,8.7],"rotation":180,"texture":"#0","cullface":"north"},"down":{"uv":[12,8,14,8.7],"rotation":180,"texture":"#0","cullface":"north"}}},{"from":[4,7,-0.7],"to":[7,9,0],"light_emission":15,"faces":{"north":{"uv":[9,7,12,9],"texture":"#0","cullface":"north"},"east":{"uv":[9,7,9.7,9],"texture":"#0","cullface":"north"},"west":{"uv":[11,7,11.7,9],"texture":"#0","cullface":"north"},"up":{"uv":[9,7,12,7.7],"rotation":180,"texture":"#0","cullface":"north"},"down":{"uv":[9,8,12,8.7],"rotation":180,"texture":"#0","cullface":"north"}}},{"from":[9,11,-0.7],"to":[12,13,0],"light_emission":15,"faces":{"north":{"uv":[4,3,7,5],"texture":"#0","cullface":"north"},"east":{"uv":[4,3,4.7,5],"texture":"#0","cullface":"north"},"west":{"uv":[6,3,6.7,5],"texture":"#0","cullface":"north"},"up":{"uv":[4,3,7,3.7],"rotation":180,"texture":"#0","cullface":"north"},"down":{"uv":[4,4,7,4.7],"rotation":180,"texture":"#0","cullface":"north"}}},{"from":[9,-0.7,7],"to":[12,0,9],"light_emission":15,"faces":{"north":{"uv":[9,8,12,8.7],"rotation":180,"texture":"#0","cullface":"down"},"east":{"uv":[11,7,11.7,9],"rotation":270,"texture":"#0","cullface":"down"},"south":{"uv":[9,7,12,7.7],"texture":"#0","cullface":"down"},"west":{"uv":[9,7,9.7,9],"rotation":90,"texture":"#0","cullface":"down"},"down":{"uv":[9,7,12,9],"texture":"#0","cullface":"down"}}},{"from":[12,-0.7,7],"to":[14,0,8],"light_emission":15,"faces":{"north":{"uv":[12,8,14,8.7],"rotation":180,"texture":"#0","cullface":"down"},"east":{"uv":[13,8,13.7,9],"rotation":270,"texture":"#0","cullface":"down"},"south":{"uv":[12,8,14,8.7],"texture":"#0","cullface":"down"},"down":{"uv":[12,8,14,9],"texture":"#0","cullface":"down"}}},{"from":[11,-0.5,6],"to":[12,0,7],"light_emission":15,"faces":{"north":{"uv":[11,9,12,9.5],"texture":"#0","cullface":"down"},"east":{"uv":[11,9,11.5,10],"rotation":270,"texture":"#0","cullface":"down"},"west":{"uv":[11,9,11.5,10],"rotation":90,"texture":"#0","cullface":"down"},"down":{"uv":[11,9,12,10],"texture":"#0","cullface":"down"}}},{"from":[8,-0.5,8],"to":[9,0,9],"light_emission":15,"faces":{"north":{"uv":[8,7,9,7.5],"texture":"#0","cullface":"down"},"south":{"uv":[8,7,9,7.5],"rotation":180,"texture":"#0","cullface":"down"},"west":{"uv":[8,7,8.5,8],"rotation":90,"texture":"#0","cullface":"down"},"down":{"uv":[8,7,9,8],"texture":"#0","cullface":"down"}}},{"from":[3,-0.5,12],"to":[4,0,13],"light_emission":15,"faces":{"north":{"uv":[3,3,4,3.5],"texture":"#0","cullface":"down"},"south":{"uv":[3,3,4,3.5],"rotation":180,"texture":"#0","cullface":"down"},"west":{"uv":[3,3,3.5,4],"rotation":90,"texture":"#0","cullface":"down"},"down":{"uv":[3,3,4,4],"texture":"#0","cullface":"down"}}},{"from":[5,-0.5,13],"to":[6,0,14],"light_emission":15,"faces":{"east":{"uv":[5,2,5.5,3],"rotation":270,"texture":"#0","cullface":"down"},"south":{"uv":[5,2,6,2.5],"rotation":180,"texture":"#0","cullface":"down"},"west":{"uv":[5,2,5.5,3],"rotation":90,"texture":"#0","cullface":"down"},"down":{"uv":[5,2,6,3],"texture":"#0","cullface":"down"}}},{"from":[5,-0.5,5],"to":[6,0,6],"light_emission":15,"faces":{"north":{"uv":[5,10,6,10.5],"texture":"#0","cullface":"down"},"south":{"uv":[5,10,6,10.5],"rotation":180,"texture":"#0","cullface":"down"},"west":{"uv":[5,10,5.5,11],"rotation":90,"texture":"#0","cullface":"down"},"down":{"uv":[5,10,6,11],"texture":"#0","cullface":"down"}}},{"from":[10,-0.5,3],"to":[12,0,4],"light_emission":15,"faces":{"north":{"uv":[10,12,12,12.7],"rotation":180,"texture":"#0","cullface":"down"},"east":{"uv":[11,12,11.7,13],"rotation":270,"texture":"#0","cullface":"down"},"south":{"uv":[10,12,12,12.7],"texture":"#0","cullface":"down"},"down":{"uv":[10,12,12,13],"texture":"#0","cullface":"down"}}},{"from":[7,-0.7,3],"to":[10,0,5],"light_emission":15,"faces":{"north":{"uv":[7,12,10,12.7],"rotation":180,"texture":"#0","cullface":"down"},"east":{"uv":[9,11,9.7,13],"rotation":270,"texture":"#0","cullface":"down"},"south":{"uv":[7,11,10,11.7],"texture":"#0","cullface":"down"},"west":{"uv":[7,11,7.7,13],"rotation":90,"texture":"#0","cullface":"down"},"down":{"uv":[7,11,10,13],"texture":"#0","cullface":"down"}}},{"from":[6,-0.7,4],"to":[7,0,6],"light_emission":15,"faces":{"north":{"uv":[6,11,7,11.7],"rotation":180,"texture":"#0","cullface":"down"},"east":{"uv":[6,10,6.7,12],"rotation":270,"texture":"#0","cullface":"down"},"south":{"uv":[6,10,7,10.7],"texture":"#0","cullface":"down"},"west":{"uv":[6,10,6.7,12],"rotation":90,"texture":"#0","cullface":"down"},"down":{"uv":[6,10,7,12],"texture":"#0","cullface":"down"}}},{"from":[7,-0.7,12],"to":[10,0,13],"light_emission":15,"faces":{"north":{"uv":[7,3,10,3.7],"rotation":180,"texture":"#0","cullface":"down"},"east":{"uv":[9,3,9.7,4],"rotation":270,"texture":"#0","cullface":"down"},"south":{"uv":[7,3,10,3.7],"texture":"#0","cullface":"down"},"down":{"uv":[7,3,10,4],"texture":"#0","cullface":"down"}}},{"from":[2,-0.5,7],"to":[4,0,8],"light_emission":15,"faces":{"north":{"uv":[2,8,4,8.5],"rotation":180,"texture":"#0","cullface":"down"},"east":{"uv":[3,8,3.5,9],"rotation":270,"texture":"#0","cullface":"down"},"south":{"uv":[2,8,4,8.5],"texture":"#0","cullface":"down"},"west":{"uv":[2,8,2.5,9],"rotation":90,"texture":"#0","cullface":"down"},"down":{"uv":[2,8,4,9],"texture":"#0","cullface":"down"}}},{"from":[13,-0.5,12],"to":[14,0,13],"light_emission":15,"faces":{"north":{"uv":[13,3,14,3.5],"texture":"#0","cullface":"down"},"east":{"uv":[13,3,13.5,4],"rotation":270,"texture":"#0","cullface":"down"},"south":{"uv":[13,3,14,3.5],"rotation":180,"texture":"#0","cullface":"down"},"west":{"uv":[13,3,13.5,4],"rotation":90,"texture":"#0","cullface":"down"},"down":{"uv":[13,3,14,4],"texture":"#0","cullface":"down"}}},{"from":[2,-0.5,1],"to":[3,0,2],"light_emission":15,"faces":{"north":{"uv":[2,14,3,14.5],"texture":"#0","cullface":"down"},"east":{"uv":[2,14,2.5,15],"rotation":270,"texture":"#0","cullface":"down"},"south":{"uv":[2,14,3,14.5],"rotation":180,"texture":"#0","cullface":"down"},"west":{"uv":[2,14,2.5,15],"rotation":90,"texture":"#0","cullface":"down"},"down":{"uv":[2,14,3,15],"texture":"#0","cullface":"down"}}},{"from":[4,16,3],"to":[7,16.7,5],"light_emission":15,"faces":{"north":{"uv":[4,3,7,3.7],"rotation":180,"texture":"#0","cullface":"up"},"east":{"uv":[6,3,6.7,5],"rotation":90,"texture":"#0","cullface":"up"},"south":{"uv":[4,4,7,4.7],"texture":"#0","cullface":"up"},"west":{"uv":[4,3,4.7,5],"rotation":270,"texture":"#0","cullface":"up"},"up":{"uv":[4,3,7,5],"texture":"#0","cullface":"up"}}},{"from":[9,16,7],"to":[12,16.7,9],"light_emission":15,"faces":{"north":{"uv":[9,7,12,7.7],"rotation":180,"texture":"#0","cullface":"up"},"east":{"uv":[11,7,11.7,9],"rotation":90,"texture":"#0","cullface":"up"},"south":{"uv":[9,8,12,8.7],"texture":"#0","cullface":"up"},"west":{"uv":[9,7,9.7,9],"rotation":270,"texture":"#0","cullface":"up"},"up":{"uv":[9,7,12,9],"texture":"#0","cullface":"up"}}},{"from":[12,16,8],"to":[14,16.7,9],"light_emission":15,"faces":{"north":{"uv":[12,8,14,8.7],"rotation":180,"texture":"#0","cullface":"up"},"east":{"uv":[13,8,13.7,9],"rotation":90,"texture":"#0","cullface":"up"},"south":{"uv":[12,8,14,8.7],"texture":"#0","cullface":"up"},"up":{"uv":[12,8,14,9],"texture":"#0","cullface":"up"}}},{"from":[11,16,9],"to":[12,16.5,10],"light_emission":15,"faces":{"east":{"uv":[11,9,11.5,10],"rotation":90,"texture":"#0","cullface":"up"},"south":{"uv":[11,9,12,9.5],"rotation":180,"texture":"#0","cullface":"up"},"west":{"uv":[11,9,11.5,10],"rotation":270,"texture":"#0","cullface":"up"},"up":{"uv":[11,9,12,10],"texture":"#0","cullface":"up"}}},{"from":[8,16,7],"to":[9,16.5,8],"light_emission":15,"faces":{"north":{"uv":[8,7,9,7.5],"texture":"#0","cullface":"up"},"south":{"uv":[8,7,9,7.5],"rotation":180,"texture":"#0","cullface":"up"},"west":{"uv":[8,7,8.5,8],"rotation":270,"texture":"#0","cullface":"up"},"up":{"uv":[8,7,9,8],"texture":"#0","cullface":"up"}}},{"from":[3,16,3],"to":[4,16.5,4],"light_emission":15,"faces":{"north":{"uv":[3,3,4,3.5],"texture":"#0","cullface":"up"},"south":{"uv":[3,3,4,3.5],"rotation":180,"texture":"#0","cullface":"up"},"west":{"uv":[3,3,3.5,4],"rotation":270,"texture":"#0","cullface":"up"},"up":{"uv":[3,3,4,4],"texture":"#0","cullface":"up"}}},{"from":[5,16,2],"to":[6,16.5,3],"light_emission":15,"faces":{"north":{"uv":[5,2,6,2.5],"texture":"#0","cullface":"up"},"east":{"uv":[5,2,5.5,3],"rotation":90,"texture":"#0","cullface":"up"},"west":{"uv":[5,2,5.5,3],"rotation":270,"texture":"#0","cullface":"up"},"up":{"uv":[5,2,6,3],"texture":"#0","cullface":"up"}}},{"from":[5,16,10],"to":[6,16.5,11],"light_emission":15,"faces":{"north":{"uv":[5,10,6,10.5],"texture":"#0","cullface":"up"},"south":{"uv":[5,10,6,10.5],"rotation":180,"texture":"#0","cullface":"up"},"west":{"uv":[5,10,5.5,11],"rotation":270,"texture":"#0","cullface":"up"},"up":{"uv":[5,10,6,11],"texture":"#0","cullface":"up"}}},{"from":[10,16,12],"to":[12,16.5,13],"light_emission":15,"faces":{"north":{"uv":[10,12,12,12.7],"rotation":180,"texture":"#0","cullface":"up"},"east":{"uv":[11,12,11.7,13],"rotation":90,"texture":"#0","cullface":"up"},"south":{"uv":[10,12,12,12.7],"texture":"#0","cullface":"up"},"up":{"uv":[10,12,12,13],"texture":"#0","cullface":"up"}}},{"from":[7,16,11],"to":[10,16.7,13],"light_emission":15,"faces":{"north":{"uv":[7,11,10,11.7],"rotation":180,"texture":"#0","cullface":"up"},"east":{"uv":[9,11,9.7,13],"rotation":90,"texture":"#0","cullface":"up"},"south":{"uv":[7,12,10,12.7],"texture":"#0","cullface":"up"},"west":{"uv":[7,11,7.7,13],"rotation":270,"texture":"#0","cullface":"up"},"up":{"uv":[7,11,10,13],"texture":"#0","cullface":"up"}}},{"from":[6,16,10],"to":[7,16.7,12],"light_emission":15,"faces":{"north":{"uv":[6,10,7,10.7],"rotation":180,"texture":"#0","cullface":"up"},"east":{"uv":[6,10,6.7,12],"rotation":90,"texture":"#0","cullface":"up"},"south":{"uv":[6,11,7,11.7],"texture":"#0","cullface":"up"},"west":{"uv":[6,10,6.7,12],"rotation":270,"texture":"#0","cullface":"up"},"up":{"uv":[6,10,7,12],"texture":"#0","cullface":"up"}}},{"from":[7,16,3],"to":[10,16.7,4],"light_emission":15,"faces":{"north":{"uv":[7,3,10,3.7],"rotation":180,"texture":"#0","cullface":"up"},"east":{"uv":[9,3,9.7,4],"rotation":90,"texture":"#0","cullface":"up"},"south":{"uv":[7,3,10,3.7],"texture":"#0","cullface":"up"},"up":{"uv":[7,3,10,4],"texture":"#0","cullface":"up"}}},{"from":[2,16,8],"to":[4,16.5,9],"light_emission":15,"faces":{"north":{"uv":[2,8,4,8.5],"rotation":180,"texture":"#0","cullface":"up"},"east":{"uv":[3,8,3.5,9],"rotation":90,"texture":"#0","cullface":"up"},"south":{"uv":[2,8,4,8.5],"texture":"#0","cullface":"up"},"west":{"uv":[2,8,2.5,9],"rotation":270,"texture":"#0","cullface":"up"},"up":{"uv":[2,8,4,9],"texture":"#0","cullface":"up"}}},{"from":[13,16,3],"to":[14,16.5,4],"light_emission":15,"faces":{"north":{"uv":[13,3,14,3.5],"texture":"#0","cullface":"up"},"east":{"uv":[13,3,13.5,4],"rotation":90,"texture":"#0","cullface":"up"},"south":{"uv":[13,3,14,3.5],"rotation":180,"texture":"#0","cullface":"up"},"west":{"uv":[13,3,13.5,4],"rotation":270,"texture":"#0","cullface":"up"},"up":{"uv":[13,3,14,4],"texture":"#0","cullface":"up"}}},{"from":[2,16,14],"to":[3,16.5,15],"light_emission":15,"faces":{"north":{"uv":[2,14,3,14.5],"texture":"#0","cullface":"up"},"east":{"uv":[2,14,2.5,15],"rotation":90,"texture":"#0","cullface":"up"},"south":{"uv":[2,14,3,14.5],"rotation":180,"texture":"#0","cullface":"up"},"west":{"uv":[2,14,2.5,15],"rotation":270,"texture":"#0","cullface":"up"},"up":{"uv":[2,14,3,15],"texture":"#0","cullface":"up"}}},{"from":[16,11,9],"to":[16.7,13,12],"light_emission":15,"faces":{"north":{"uv":[6,3,6.7,5],"texture":"#0","cullface":"east"},"east":{"uv":[4,3,7,5],"texture":"#0","cullface":"east"},"south":{"uv":[4,3,4.7,5],"texture":"#0","cullface":"east"},"up":{"uv":[4,3,7,3.7],"rotation":270,"texture":"#0","cullface":"east"},"down":{"uv":[4,4,7,4.7],"rotation":90,"texture":"#0","cullface":"east"}}},{"from":[16,7,4],"to":[16.7,9,7],"light_emission":15,"faces":{"north":{"uv":[11,7,11.7,9],"texture":"#0","cullface":"east"},"east":{"uv":[9,7,12,9],"texture":"#0","cullface":"east"},"south":{"uv":[9,7,9.7,9],"texture":"#0","cullface":"east"},"up":{"uv":[9,7,12,7.7],"rotation":270,"texture":"#0","cullface":"east"},"down":{"uv":[9,8,12,8.7],"rotation":90,"texture":"#0","cullface":"east"}}},{"from":[16,7,2],"to":[16.7,8,4],"light_emission":15,"faces":{"north":{"uv":[13,8,13.7,9],"texture":"#0","cullface":"east"},"east":{"uv":[12,8,14,9],"texture":"#0","cullface":"east"},"up":{"uv":[12,8,14,8.7],"rotation":270,"texture":"#0","cullface":"east"},"down":{"uv":[12,8,14,8.7],"rotation":90,"texture":"#0","cullface":"east"}}},{"from":[16,6,4],"to":[16.5,7,5],"light_emission":15,"faces":{"north":{"uv":[11,9,11.5,10],"texture":"#0","cullface":"east"},"east":{"uv":[11,9,12,10],"texture":"#0","cullface":"east"},"south":{"uv":[11,9,11.5,10],"texture":"#0","cullface":"east"},"down":{"uv":[11,9,12,9.5],"rotation":270,"texture":"#0","cullface":"east"}}},{"from":[16,8,7],"to":[16.5,9,8],"light_emission":15,"faces":{"east":{"uv":[8,7,9,8],"texture":"#0","cullface":"east"},"south":{"uv":[8,7,8.5,8],"texture":"#0","cullface":"east"},"up":{"uv":[8,7,9,7.5],"rotation":90,"texture":"#0","cullface":"east"},"down":{"uv":[8,7,9,7.5],"rotation":270,"texture":"#0","cullface":"east"}}},{"from":[16,12,12],"to":[16.5,13,13],"light_emission":15,"faces":{"east":{"uv":[3,3,4,4],"texture":"#0","cullface":"east"},"south":{"uv":[3,3,3.5,4],"texture":"#0","cullface":"east"},"up":{"uv":[3,3,4,3.5],"rotation":90,"texture":"#0","cullface":"east"},"down":{"uv":[3,3,4,3.5],"rotation":270,"texture":"#0","cullface":"east"}}},{"from":[16,13,10],"to":[16.5,14,11],"light_emission":15,"faces":{"north":{"uv":[5,2,5.5,3],"texture":"#0","cullface":"east"},"east":{"uv":[5,2,6,3],"texture":"#0","cullface":"east"},"south":{"uv":[5,2,5.5,3],"texture":"#0","cullface":"east"},"up":{"uv":[5,2,6,2.5],"rotation":90,"texture":"#0","cullface":"east"}}},{"from":[16,5,10],"to":[16.5,6,11],"light_emission":15,"faces":{"east":{"uv":[5,10,6,11],"texture":"#0","cullface":"east"},"south":{"uv":[5,10,5.5,11],"texture":"#0","cullface":"east"},"up":{"uv":[5,10,6,10.5],"rotation":90,"texture":"#0","cullface":"east"},"down":{"uv":[5,10,6,10.5],"rotation":270,"texture":"#0","cullface":"east"}}},{"from":[16,3,4],"to":[16.5,4,6],"light_emission":15,"faces":{"north":{"uv":[11,12,11.7,13],"texture":"#0","cullface":"east"},"east":{"uv":[10,12,12,13],"texture":"#0","cullface":"east"},"up":{"uv":[10,12,12,12.7],"rotation":270,"texture":"#0","cullface":"east"},"down":{"uv":[10,12,12,12.7],"rotation":90,"texture":"#0","cullface":"east"}}},{"from":[16,3,6],"to":[16.7,5,9],"light_emission":15,"faces":{"north":{"uv":[9,11,9.7,13],"texture":"#0","cullface":"east"},"east":{"uv":[7,11,10,13],"texture":"#0","cullface":"east"},"south":{"uv":[7,11,7.7,13],"texture":"#0","cullface":"east"},"up":{"uv":[7,11,10,11.7],"rotation":270,"texture":"#0","cullface":"east"},"down":{"uv":[7,12,10,12.7],"rotation":90,"texture":"#0","cullface":"east"}}},{"from":[16,12,6],"to":[16.7,13,9],"light_emission":15,"faces":{"north":{"uv":[9,3,9.7,4],"texture":"#0","cullface":"east"},"east":{"uv":[7,3,10,4],"texture":"#0","cullface":"east"},"up":{"uv":[7,3,10,3.7],"rotation":270,"texture":"#0","cullface":"east"},"down":{"uv":[7,3,10,3.7],"rotation":90,"texture":"#0","cullface":"east"}}},{"from":[16,7,12],"to":[16.5,8,14],"light_emission":15,"faces":{"north":{"uv":[3,8,3.5,9],"texture":"#0","cullface":"east"},"east":{"uv":[2,8,4,9],"texture":"#0","cullface":"east"},"south":{"uv":[2,8,2.5,9],"texture":"#0","cullface":"east"},"up":{"uv":[2,8,4,8.5],"rotation":270,"texture":"#0","cullface":"east"},"down":{"uv":[2,8,4,8.5],"rotation":90,"texture":"#0","cullface":"east"}}},{"from":[16,12,2],"to":[16.5,13,3],"light_emission":15,"faces":{"north":{"uv":[13,3,13.5,4],"texture":"#0","cullface":"east"},"east":{"uv":[13,3,14,4],"texture":"#0","cullface":"east"},"south":{"uv":[13,3,13.5,4],"texture":"#0","cullface":"east"},"up":{"uv":[13,3,14,3.5],"rotation":90,"texture":"#0","cullface":"east"},"down":{"uv":[13,3,14,3.5],"rotation":270,"texture":"#0","cullface":"east"}}},{"from":[16,1,13],"to":[16.5,2,14],"light_emission":15,"faces":{"north":{"uv":[2,14,2.5,15],"texture":"#0","cullface":"east"},"east":{"uv":[2,14,3,15],"texture":"#0","cullface":"east"},"south":{"uv":[2,14,2.5,15],"texture":"#0","cullface":"east"},"up":{"uv":[2,14,3,14.5],"rotation":90,"texture":"#0","cullface":"east"},"down":{"uv":[2,14,3,14.5],"rotation":270,"texture":"#0","cullface":"east"}}},{"from":[13,12,16],"to":[14,13,16.5],"light_emission":15,"faces":{"east":{"uv":[13,3,13.5,4],"texture":"#0","cullface":"south"},"south":{"uv":[13,3,14,4],"texture":"#0","cullface":"south"},"west":{"uv":[13,3,13.5,4],"texture":"#0","cullface":"south"},"up":{"uv":[13,3,14,3.5],"rotation":180,"texture":"#0","cullface":"south"},"down":{"uv":[13,3,14,3.5],"rotation":180,"texture":"#0","cullface":"south"}}},{"from":[2,1,16],"to":[3,2,16.5],"light_emission":15,"faces":{"east":{"uv":[2,14,2.5,15],"texture":"#0","cullface":"south"},"south":{"uv":[2,14,3,15],"texture":"#0","cullface":"south"},"west":{"uv":[2,14,2.5,15],"texture":"#0","cullface":"south"},"up":{"uv":[2,14,3,14.5],"rotation":180,"texture":"#0","cullface":"south"},"down":{"uv":[2,14,3,14.5],"rotation":180,"texture":"#0","cullface":"south"}}},{"from":[-0.7,11,4],"to":[0,13,7],"light_emission":15,"faces":{"north":{"uv":[4,3,4.7,5],"texture":"#0","cullface":"west"},"south":{"uv":[6,3,6.7,5],"texture":"#0","cullface":"west"},"west":{"uv":[4,3,7,5],"texture":"#0","cullface":"west"},"up":{"uv":[4,3,7,3.7],"rotation":90,"texture":"#0","cullface":"west"},"down":{"uv":[4,4,7,4.7],"rotation":270,"texture":"#0","cullface":"west"}}},{"from":[0,0,0],"to":[16,16,16],"faces":{"north":{"uv":[0,0,16,16],"texture":"#0","cullface":"north"},"east":{"uv":[0,0,16,16],"texture":"#0","cullface":"east"},"south":{"uv":[0,0,16,16],"texture":"#0","cullface":"south"},"west":{"uv":[0,0,16,16],"texture":"#0","cullface":"west"},"up":{"uv":[0,0,16,16],"texture":"#0","cullface":"up"},"down":{"uv":[0,0,16,16],"texture":"#0","cullface":"down"}}}]}