{"credit":"Created by Marceus","format_version":"1.21.6","parent":"block/cube_all","textures":{"all":"block/deepslate_coal_ore3","particle":"block/deepslate_coal_ore3_e"},"elements":[{"from":[0,0,0],"to":[16,16,16],"faces":{"north":{"uv":[0,0,16,16],"texture":"#all","cullface":"north"},"east":{"uv":[0,0,16,16],"texture":"#all","cullface":"east"},"south":{"uv":[0,0,16,16],"texture":"#all","cullface":"south"},"west":{"uv":[0,0,16,16],"texture":"#all","cullface":"west"},"up":{"uv":[0,0,16,16],"texture":"#all","cullface":"up"},"down":{"uv":[0,0,16,16],"texture":"#all","cullface":"down"}}},{"from":[12,2,-0.7],"to":[14,3,0],"light_emission":15,"faces":{"north":{"uv":[2,13,4,14],"texture":"#all","cullface":"north"},"east":{"uv":[2,13,2.5,14],"texture":"#all","cullface":"north"},"west":{"uv":[3,13,3.5,14],"texture":"#all","cullface":"north"},"up":{"uv":[2,13,4,13.5],"rotation":180,"texture":"#all","cullface":"north"},"down":{"uv":[2,13,4,13.5],"rotation":180,"texture":"#all","cullface":"north"}}},{"from":[-0.5,12,2],"to":[0,13,3],"light_emission":15,"faces":{"north":{"uv":[2,3,2.5,4],"texture":"#all","cullface":"west"},"west":{"uv":[2,3,3,4],"texture":"#all","cullface":"west"},"up":{"uv":[2,3,3,3.5],"rotation":270,"texture":"#all","cullface":"west"}}},{"from":[-0.5,10,4],"to":[0,11,5],"light_emission":15,"faces":{"south":{"uv":[4,5,4.5,6],"texture":"#all","cullface":"west"},"west":{"uv":[4,5,5,6],"texture":"#all","cullface":"west"},"down":{"uv":[4,5,5,5.5],"rotation":90,"texture":"#all","cullface":"west"}}},{"from":[-0.5,11,5],"to":[0,13,6],"light_emission":15,"faces":{"south":{"uv":[5,3,5.5,5],"texture":"#all","cullface":"west"},"west":{"uv":[5,3,6,5],"texture":"#all","cullface":"west"},"up":{"uv":[5,3,6,3.5],"rotation":270,"texture":"#all","cullface":"west"},"down":{"uv":[5,4,6,4.5],"rotation":90,"texture":"#all","cullface":"west"}}},{"from":[-0.5,9,3],"to":[0,10,4],"light_emission":15,"faces":{"north":{"uv":[3,6,3.5,7],"texture":"#all","cullface":"west"},"south":{"uv":[3,6,3.5,7],"texture":"#all","cullface":"west"},"west":{"uv":[3,6,4,7],"texture":"#all","cullface":"west"},"down":{"uv":[3,6,4,6.5],"rotation":90,"texture":"#all","cullface":"west"}}},{"from":[-0.5,10,2],"to":[0,11,3],"light_emission":15,"faces":{"north":{"uv":[2,5,2.5,6],"texture":"#all","cullface":"west"},"west":{"uv":[2,5,3,6],"texture":"#all","cullface":"west"},"down":{"uv":[2,5,3,5.5],"rotation":90,"texture":"#all","cullface":"west"}}},{"from":[-0.5,11,1],"to":[0,12,2],"light_emission":15,"faces":{"north":{"uv":[1,4,1.5,5],"texture":"#all","cullface":"west"},"west":{"uv":[1,4,2,5],"texture":"#all","cullface":"west"},"up":{"uv":[1,4,2,4.5],"rotation":270,"texture":"#all","cullface":"west"},"down":{"uv":[1,4,2,4.5],"rotation":90,"texture":"#all","cullface":"west"}}},{"from":[-0.5,13,3],"to":[0,14,5],"light_emission":15,"faces":{"north":{"uv":[3,2,3.5,3],"texture":"#all","cullface":"west"},"south":{"uv":[4,2,4.5,3],"texture":"#all","cullface":"west"},"west":{"uv":[3,2,5,3],"texture":"#all","cullface":"west"},"up":{"uv":[3,2,5,2.5],"rotation":90,"texture":"#all","cullface":"west"}}},{"from":[-0.7,11,2],"to":[0,12,3],"light_emission":15,"faces":{"north":{"uv":[2,4,2.7,5],"texture":"#all","cullface":"west"},"west":{"uv":[2,4,3,5],"texture":"#all","cullface":"west"},"up":{"uv":[2,4,3,4.7],"rotation":270,"texture":"#all","cullface":"west"},"down":{"uv":[2,4,3,4.7],"rotation":90,"texture":"#all","cullface":"west"}}},{"from":[-0.7,10,3],"to":[0,11,4],"light_emission":15,"faces":{"north":{"uv":[3,5,3.7,6],"texture":"#all","cullface":"west"},"south":{"uv":[3,5,3.7,6],"texture":"#all","cullface":"west"},"west":{"uv":[3,5,4,6],"texture":"#all","cullface":"west"},"down":{"uv":[3,5,4,5.7],"rotation":90,"texture":"#all","cullface":"west"}}},{"from":[-0.7,11,3],"to":[0,13,5],"light_emission":15,"faces":{"north":{"uv":[3,3,3.7,5],"texture":"#all","cullface":"west"},"south":{"uv":[4,3,4.7,5],"texture":"#all","cullface":"west"},"west":{"uv":[3,3,5,5],"texture":"#all","cullface":"west"},"up":{"uv":[3,3,5,3.7],"rotation":90,"texture":"#all","cullface":"west"},"down":{"uv":[3,4,5,4.7],"rotation":270,"texture":"#all","cullface":"west"}}},{"from":[-0.5,12,11],"to":[0,13,12],"light_emission":15,"faces":{"south":{"uv":[12,4,11.5,3],"texture":"#all","cullface":"west"},"west":{"uv":[11,3,12,4],"texture":"#all","cullface":"west"},"up":{"uv":[11,3,12,3.5],"rotation":270,"texture":"#all","cullface":"west"},"down":{"uv":[11,3,12,3.5],"rotation":90,"texture":"#all","cullface":"west"}}},{"from":[-0.5,12,8],"to":[0,13,9],"light_emission":15,"faces":{"north":{"uv":[8,3,8.5,4],"texture":"#all","cullface":"west"},"west":{"uv":[8,3,9,4],"texture":"#all","cullface":"west"},"down":{"uv":[8,3,9,3.5],"rotation":90,"texture":"#all","cullface":"west"}}},{"from":[-0.5,13,8],"to":[0,14,10],"light_emission":15,"faces":{"north":{"uv":[8,2,8.5,3],"texture":"#all","cullface":"west"},"west":{"uv":[8,2,10,3],"texture":"#all","cullface":"west"},"up":{"uv":[8,2,10,2.5],"rotation":90,"texture":"#all","cullface":"west"}}},{"from":[-0.5,10,10],"to":[0,11,11],"light_emission":15,"faces":{"north":{"uv":[10,5,10.5,6],"texture":"#all","cullface":"west"},"south":{"uv":[10,5,10.5,6],"texture":"#all","cullface":"west"},"west":{"uv":[10,5,11,6],"texture":"#all","cullface":"west"},"down":{"uv":[10,5,11,5.5],"rotation":90,"texture":"#all","cullface":"west"}}},{"from":[-0.5,13,10],"to":[0,14,11],"light_emission":15,"faces":{"south":{"uv":[10,2,10.5,3],"texture":"#all","cullface":"west"},"west":{"uv":[10,2,11,3],"texture":"#all","cullface":"west"},"up":{"uv":[10,2,11,2.5],"rotation":270,"texture":"#all","cullface":"west"}}},{"from":[-0.7,11,9],"to":[0,13,11],"light_emission":15,"faces":{"north":{"uv":[9,3,9.7,5],"texture":"#all","cullface":"west"},"south":{"uv":[10,3,10.7,5],"texture":"#all","cullface":"west"},"west":{"uv":[9,3,11,5],"texture":"#all","cullface":"west"},"up":{"uv":[9,3,11,3.7],"rotation":90,"texture":"#all","cullface":"west"},"down":{"uv":[9,4,11,4.7],"rotation":270,"texture":"#all","cullface":"west"}}},{"from":[-0.5,9,12],"to":[0,11,15],"light_emission":15,"faces":{"north":{"uv":[12,5,12.5,7],"texture":"#all","cullface":"west"},"south":{"uv":[14,5,14.5,7],"texture":"#all","cullface":"west"},"west":{"uv":[12,5,15,7],"texture":"#all","cullface":"west"},"up":{"uv":[12,5,15,5.5],"rotation":90,"texture":"#all","cullface":"west"},"down":{"uv":[12,6,15,6.5],"rotation":270,"texture":"#all","cullface":"west"}}},{"from":[-0.7,6,12],"to":[0,7,13],"light_emission":15,"faces":{"north":{"uv":[12,9,12.7,10],"texture":"#all","cullface":"west"},"south":{"uv":[12,9,12.7,10],"texture":"#all","cullface":"west"},"west":{"uv":[12,9,13,10],"texture":"#all","cullface":"west"},"up":{"uv":[12,9,13,9.7],"rotation":270,"texture":"#all","cullface":"west"}}},{"from":[-0.7,5,12],"to":[0,6,14],"light_emission":15,"faces":{"north":{"uv":[12,10,12.5,11],"texture":"#all","cullface":"west"},"south":{"uv":[13,10,13.5,11],"texture":"#all","cullface":"west"},"west":{"uv":[12,10,14,11],"texture":"#all","cullface":"west"},"up":{"uv":[12,10,14,10.5],"rotation":90,"texture":"#all","cullface":"west"},"down":{"uv":[12,10,14,10.5],"rotation":270,"texture":"#all","cullface":"west"}}},{"from":[-0.5,5,11],"to":[0,7,12],"light_emission":15,"faces":{"north":{"uv":[11,9,11.5,11],"texture":"#all","cullface":"west"},"west":{"uv":[11,9,12,11],"texture":"#all","cullface":"west"},"up":{"uv":[11,9,12,9.5],"rotation":270,"texture":"#all","cullface":"west"},"down":{"uv":[11,10,12,10.5],"rotation":90,"texture":"#all","cullface":"west"}}},{"from":[-0.5,7,12],"to":[0,8,13],"light_emission":15,"faces":{"north":{"uv":[12,8,12.5,9],"texture":"#all","cullface":"west"},"south":{"uv":[12,8,12.5,9],"texture":"#all","cullface":"west"},"west":{"uv":[12,8,13,9],"texture":"#all","cullface":"west"},"up":{"uv":[12,8,13,8.5],"rotation":270,"texture":"#all","cullface":"west"}}},{"from":[-0.5,6,13],"to":[0,7,14],"light_emission":15,"faces":{"south":{"uv":[13,9,13.5,10],"texture":"#all","cullface":"west"},"west":{"uv":[13,9,14,10],"texture":"#all","cullface":"west"},"up":{"uv":[13,9,14,9.5],"rotation":270,"texture":"#all","cullface":"west"}}},{"from":[-0.5,5,14],"to":[0,6,15],"light_emission":15,"faces":{"south":{"uv":[14,10,14.5,11],"texture":"#all","cullface":"west"},"west":{"uv":[14,10,15,11],"texture":"#all","cullface":"west"},"up":{"uv":[14,10,15,10.5],"rotation":270,"texture":"#all","cullface":"west"},"down":{"uv":[14,10,15,10.5],"rotation":90,"texture":"#all","cullface":"west"}}},{"from":[-0.5,4,12],"to":[0,5,14],"light_emission":15,"faces":{"north":{"uv":[12,11,12.5,12],"texture":"#all","cullface":"west"},"south":{"uv":[13,11,13.5,12],"texture":"#all","cullface":"west"},"west":{"uv":[12,11,14,12],"texture":"#all","cullface":"west"},"down":{"uv":[12,11,14,11.5],"rotation":270,"texture":"#all","cullface":"west"}}},{"from":[-0.5,1,9],"to":[0,2,10],"light_emission":15,"faces":{"north":{"uv":[9,14,9.5,15],"texture":"#all","cullface":"west"},"south":{"uv":[9,14,9.5,15],"texture":"#all","cullface":"west"},"west":{"uv":[9,14,10,15],"texture":"#all","cullface":"west"},"down":{"uv":[9,14,10,14.5],"rotation":90,"texture":"#all","cullface":"west"}}},{"from":[-0.5,2,10],"to":[0,3,11],"light_emission":15,"faces":{"south":{"uv":[10,13,10.5,14],"texture":"#all","cullface":"west"},"west":{"uv":[10,13,11,14],"texture":"#all","cullface":"west"},"up":{"uv":[10,13,11,13.5],"rotation":270,"texture":"#all","cullface":"west"},"down":{"uv":[10,13,11,13.5],"rotation":90,"texture":"#all","cullface":"west"}}},{"from":[-0.5,2,7],"to":[0,3,8],"light_emission":15,"faces":{"north":{"uv":[7,13,7.5,14],"texture":"#all","cullface":"west"},"west":{"uv":[7,13,8,14],"texture":"#all","cullface":"west"},"up":{"uv":[7,13,8,13.5],"rotation":270,"texture":"#all","cullface":"west"},"down":{"uv":[7,13,8,13.5],"rotation":90,"texture":"#all","cullface":"west"}}},{"from":[-0.5,2,1],"to":[0,3,2],"light_emission":15,"faces":{"north":{"uv":[1,13,1.5,14],"texture":"#all","cullface":"west"},"west":{"uv":[1,13,2,14],"texture":"#all","cullface":"west"},"up":{"uv":[1,13,2,13.5],"rotation":270,"texture":"#all","cullface":"west"},"down":{"uv":[1,13,2,13.5],"rotation":90,"texture":"#all","cullface":"west"}}},{"from":[-0.5,3,2],"to":[0,4,4],"light_emission":15,"faces":{"north":{"uv":[2,12,2.5,13],"texture":"#all","cullface":"west"},"south":{"uv":[3,12,3.5,13],"texture":"#all","cullface":"west"},"west":{"uv":[2,12,4,13],"texture":"#all","cullface":"west"},"up":{"uv":[2,12,4,12.5],"rotation":90,"texture":"#all","cullface":"west"}}},{"from":[-0.5,2,4],"to":[0,3,5],"light_emission":15,"faces":{"south":{"uv":[4,13,4.5,14],"texture":"#all","cullface":"west"},"west":{"uv":[4,13,5,14],"texture":"#all","cullface":"west"},"up":{"uv":[4,13,5,13.5],"rotation":270,"texture":"#all","cullface":"west"},"down":{"uv":[4,13,5,13.5],"rotation":90,"texture":"#all","cullface":"west"}}},{"from":[-0.5,3,8],"to":[0,4,10],"light_emission":15,"faces":{"north":{"uv":[8,12,8.5,13],"texture":"#all","cullface":"west"},"south":{"uv":[9,12,9.5,13],"texture":"#all","cullface":"west"},"west":{"uv":[8,12,10,13],"texture":"#all","cullface":"west"},"up":{"uv":[8,12,10,12.5],"rotation":90,"texture":"#all","cullface":"west"}}},{"from":[-0.7,2,8],"to":[0,3,10],"light_emission":15,"faces":{"north":{"uv":[8,13,8.5,14],"texture":"#all","cullface":"west"},"south":{"uv":[9,13,9.5,14],"texture":"#all","cullface":"west"},"west":{"uv":[8,13,10,14],"texture":"#all","cullface":"west"},"up":{"uv":[8,13,10,13.5],"rotation":90,"texture":"#all","cullface":"west"},"down":{"uv":[8,13,10,13.5],"rotation":270,"texture":"#all","cullface":"west"}}},{"from":[-0.7,2,2],"to":[0,3,4],"light_emission":15,"faces":{"north":{"uv":[2,13,2.5,14],"texture":"#all","cullface":"west"},"south":{"uv":[3,13,3.5,14],"texture":"#all","cullface":"west"},"west":{"uv":[2,13,4,14],"texture":"#all","cullface":"west"},"up":{"uv":[2,13,4,13.5],"rotation":90,"texture":"#all","cullface":"west"},"down":{"uv":[2,13,4,13.5],"rotation":270,"texture":"#all","cullface":"west"}}},{"from":[2,12,16],"to":[3,13,16.5],"light_emission":15,"faces":{"south":{"uv":[2,3,3,4],"texture":"#all","cullface":"south"},"west":{"uv":[2,3,2.5,4],"texture":"#all","cullface":"south"},"up":{"uv":[2,3,3,3.5],"rotation":180,"texture":"#all","cullface":"south"}}},{"from":[4,10,16],"to":[5,11,16.5],"light_emission":15,"faces":{"east":{"uv":[4,5,4.5,6],"texture":"#all","cullface":"south"},"south":{"uv":[4,5,5,6],"texture":"#all","cullface":"south"},"down":{"uv":[4,5,5,5.5],"rotation":180,"texture":"#all","cullface":"south"}}},{"from":[5,11,16],"to":[6,13,16.5],"light_emission":15,"faces":{"east":{"uv":[5,3,5.5,5],"texture":"#all","cullface":"south"},"south":{"uv":[5,3,6,5],"texture":"#all","cullface":"south"},"up":{"uv":[5,3,6,3.5],"rotation":180,"texture":"#all","cullface":"south"},"down":{"uv":[5,4,6,4.5],"rotation":180,"texture":"#all","cullface":"south"}}},{"from":[3,9,16],"to":[4,10,16.5],"light_emission":15,"faces":{"east":{"uv":[3,6,3.5,7],"texture":"#all","cullface":"south"},"south":{"uv":[3,6,4,7],"texture":"#all","cullface":"south"},"west":{"uv":[3,6,3.5,7],"texture":"#all","cullface":"south"},"down":{"uv":[3,6,4,6.5],"rotation":180,"texture":"#all","cullface":"south"}}},{"from":[2,10,16],"to":[3,11,16.5],"light_emission":15,"faces":{"south":{"uv":[2,5,3,6],"texture":"#all","cullface":"south"},"west":{"uv":[2,5,2.5,6],"texture":"#all","cullface":"south"},"down":{"uv":[2,5,3,5.5],"rotation":180,"texture":"#all","cullface":"south"}}},{"from":[1,11,16],"to":[2,12,16.5],"light_emission":15,"faces":{"south":{"uv":[1,4,2,5],"texture":"#all","cullface":"south"},"west":{"uv":[1,4,1.5,5],"texture":"#all","cullface":"south"},"up":{"uv":[1,4,2,4.5],"rotation":180,"texture":"#all","cullface":"south"},"down":{"uv":[1,4,2,4.5],"rotation":180,"texture":"#all","cullface":"south"}}},{"from":[3,13,16],"to":[5,14,16.5],"light_emission":15,"faces":{"east":{"uv":[4,2,4.5,3],"texture":"#all","cullface":"south"},"south":{"uv":[3,2,5,3],"texture":"#all","cullface":"south"},"west":{"uv":[3,2,3.5,3],"texture":"#all","cullface":"south"},"up":{"uv":[3,2,5,2.5],"texture":"#all","cullface":"south"}}},{"from":[2,11,16],"to":[3,12,16.7],"light_emission":15,"faces":{"south":{"uv":[2,4,3,5],"texture":"#all","cullface":"south"},"west":{"uv":[2,4,2.7,5],"texture":"#all","cullface":"south"},"up":{"uv":[2,4,3,4.7],"rotation":180,"texture":"#all","cullface":"south"},"down":{"uv":[2,4,3,4.7],"rotation":180,"texture":"#all","cullface":"south"}}},{"from":[3,10,16],"to":[4,11,16.7],"light_emission":15,"faces":{"east":{"uv":[3,5,3.7,6],"texture":"#all","cullface":"south"},"south":{"uv":[3,5,4,6],"texture":"#all","cullface":"south"},"west":{"uv":[3,5,3.7,6],"texture":"#all","cullface":"south"},"down":{"uv":[3,5,4,5.7],"rotation":180,"texture":"#all","cullface":"south"}}},{"from":[3,11,16],"to":[5,13,16.7],"light_emission":15,"faces":{"east":{"uv":[4,3,4.7,5],"texture":"#all","cullface":"south"},"south":{"uv":[3,3,5,5],"texture":"#all","cullface":"south"},"west":{"uv":[3,3,3.7,5],"texture":"#all","cullface":"south"},"up":{"uv":[3,3,5,3.7],"texture":"#all","cullface":"south"},"down":{"uv":[3,4,5,4.7],"texture":"#all","cullface":"south"}}},{"from":[11,12,16],"to":[12,13,16.5],"light_emission":15,"faces":{"east":{"uv":[12,4,11.5,3],"texture":"#all","cullface":"south"},"south":{"uv":[11,3,12,4],"texture":"#all","cullface":"south"},"up":{"uv":[11,3,12,3.5],"rotation":180,"texture":"#all","cullface":"south"},"down":{"uv":[11,3,12,3.5],"rotation":180,"texture":"#all","cullface":"south"}}},{"from":[8,12,16],"to":[9,13,16.5],"light_emission":15,"faces":{"south":{"uv":[8,3,9,4],"texture":"#all","cullface":"south"},"west":{"uv":[8,3,8.5,4],"texture":"#all","cullface":"south"},"down":{"uv":[8,3,9,3.5],"rotation":180,"texture":"#all","cullface":"south"}}},{"from":[8,13,16],"to":[10,14,16.5],"light_emission":15,"faces":{"south":{"uv":[8,2,10,3],"texture":"#all","cullface":"south"},"west":{"uv":[8,2,8.5,3],"texture":"#all","cullface":"south"},"up":{"uv":[8,2,10,2.5],"texture":"#all","cullface":"south"}}},{"from":[10,10,16],"to":[11,11,16.5],"light_emission":15,"faces":{"east":{"uv":[10,5,10.5,6],"texture":"#all","cullface":"south"},"south":{"uv":[10,5,11,6],"texture":"#all","cullface":"south"},"west":{"uv":[10,5,10.5,6],"texture":"#all","cullface":"south"},"down":{"uv":[10,5,11,5.5],"rotation":180,"texture":"#all","cullface":"south"}}},{"from":[10,13,16],"to":[11,14,16.5],"light_emission":15,"faces":{"east":{"uv":[10,2,10.5,3],"texture":"#all","cullface":"south"},"south":{"uv":[10,2,11,3],"texture":"#all","cullface":"south"},"up":{"uv":[10,2,11,2.5],"rotation":180,"texture":"#all","cullface":"south"}}},{"from":[9,11,16],"to":[11,13,16.7],"light_emission":15,"faces":{"east":{"uv":[10,3,10.7,5],"texture":"#all","cullface":"south"},"south":{"uv":[9,3,11,5],"texture":"#all","cullface":"south"},"west":{"uv":[9,3,9.7,5],"texture":"#all","cullface":"south"},"up":{"uv":[9,3,11,3.7],"texture":"#all","cullface":"south"},"down":{"uv":[9,4,11,4.7],"texture":"#all","cullface":"south"}}},{"from":[12,9,16],"to":[15,11,16.5],"light_emission":15,"faces":{"east":{"uv":[14,5,14.5,7],"texture":"#all","cullface":"south"},"south":{"uv":[12,5,15,7],"texture":"#all","cullface":"south"},"west":{"uv":[12,5,12.5,7],"texture":"#all","cullface":"south"},"up":{"uv":[12,5,15,5.5],"texture":"#all","cullface":"south"},"down":{"uv":[12,6,15,6.5],"texture":"#all","cullface":"south"}}},{"from":[12,6,16],"to":[13,7,16.7],"light_emission":15,"faces":{"east":{"uv":[12,9,12.7,10],"texture":"#all","cullface":"south"},"south":{"uv":[12,9,13,10],"texture":"#all","cullface":"south"},"west":{"uv":[12,9,12.7,10],"texture":"#all","cullface":"south"},"up":{"uv":[12,9,13,9.7],"rotation":180,"texture":"#all","cullface":"south"}}},{"from":[12,5,16],"to":[14,6,16.7],"light_emission":15,"faces":{"east":{"uv":[13,10,13.5,11],"texture":"#all","cullface":"south"},"south":{"uv":[12,10,14,11],"texture":"#all","cullface":"south"},"west":{"uv":[12,10,12.5,11],"texture":"#all","cullface":"south"},"up":{"uv":[12,10,14,10.5],"texture":"#all","cullface":"south"},"down":{"uv":[12,10,14,10.5],"texture":"#all","cullface":"south"}}},{"from":[11,5,16],"to":[12,7,16.5],"light_emission":15,"faces":{"south":{"uv":[11,9,12,11],"texture":"#all","cullface":"south"},"west":{"uv":[11,9,11.5,11],"texture":"#all","cullface":"south"},"up":{"uv":[11,9,12,9.5],"rotation":180,"texture":"#all","cullface":"south"},"down":{"uv":[11,10,12,10.5],"rotation":180,"texture":"#all","cullface":"south"}}},{"from":[12,7,16],"to":[13,8,16.5],"light_emission":15,"faces":{"east":{"uv":[12,8,12.5,9],"texture":"#all","cullface":"south"},"south":{"uv":[12,8,13,9],"texture":"#all","cullface":"south"},"west":{"uv":[12,8,12.5,9],"texture":"#all","cullface":"south"},"up":{"uv":[12,8,13,8.5],"rotation":180,"texture":"#all","cullface":"south"}}},{"from":[13,6,16],"to":[14,7,16.5],"light_emission":15,"faces":{"east":{"uv":[13,9,13.5,10],"texture":"#all","cullface":"south"},"south":{"uv":[13,9,14,10],"texture":"#all","cullface":"south"},"up":{"uv":[13,9,14,9.5],"rotation":180,"texture":"#all","cullface":"south"}}},{"from":[14,5,16],"to":[15,6,16.5],"light_emission":15,"faces":{"east":{"uv":[14,10,14.5,11],"texture":"#all","cullface":"south"},"south":{"uv":[14,10,15,11],"texture":"#all","cullface":"south"},"up":{"uv":[14,10,15,10.5],"rotation":180,"texture":"#all","cullface":"south"},"down":{"uv":[14,10,15,10.5],"rotation":180,"texture":"#all","cullface":"south"}}},{"from":[12,4,16],"to":[14,5,16.5],"light_emission":15,"faces":{"east":{"uv":[13,11,13.5,12],"texture":"#all","cullface":"south"},"south":{"uv":[12,11,14,12],"texture":"#all","cullface":"south"},"west":{"uv":[12,11,12.5,12],"texture":"#all","cullface":"south"},"down":{"uv":[12,11,14,11.5],"texture":"#all","cullface":"south"}}},{"from":[9,1,16],"to":[10,2,16.5],"light_emission":15,"faces":{"east":{"uv":[9,14,9.5,15],"texture":"#all","cullface":"south"},"south":{"uv":[9,14,10,15],"texture":"#all","cullface":"south"},"west":{"uv":[9,14,9.5,15],"texture":"#all","cullface":"south"},"down":{"uv":[9,14,10,14.5],"rotation":180,"texture":"#all","cullface":"south"}}},{"from":[10,2,16],"to":[11,3,16.5],"light_emission":15,"faces":{"east":{"uv":[10,13,10.5,14],"texture":"#all","cullface":"south"},"south":{"uv":[10,13,11,14],"texture":"#all","cullface":"south"},"up":{"uv":[10,13,11,13.5],"rotation":180,"texture":"#all","cullface":"south"},"down":{"uv":[10,13,11,13.5],"rotation":180,"texture":"#all","cullface":"south"}}},{"from":[7,2,16],"to":[8,3,16.5],"light_emission":15,"faces":{"south":{"uv":[7,13,8,14],"texture":"#all","cullface":"south"},"west":{"uv":[7,13,7.5,14],"texture":"#all","cullface":"south"},"up":{"uv":[7,13,8,13.5],"rotation":180,"texture":"#all","cullface":"south"},"down":{"uv":[7,13,8,13.5],"rotation":180,"texture":"#all","cullface":"south"}}},{"from":[1,2,16],"to":[2,3,16.5],"light_emission":15,"faces":{"south":{"uv":[1,13,2,14],"texture":"#all","cullface":"south"},"west":{"uv":[1,13,1.5,14],"texture":"#all","cullface":"south"},"up":{"uv":[1,13,2,13.5],"rotation":180,"texture":"#all","cullface":"south"},"down":{"uv":[1,13,2,13.5],"rotation":180,"texture":"#all","cullface":"south"}}},{"from":[2,3,16],"to":[4,4,16.5],"light_emission":15,"faces":{"east":{"uv":[3,12,3.5,13],"texture":"#all","cullface":"south"},"south":{"uv":[2,12,4,13],"texture":"#all","cullface":"south"},"west":{"uv":[2,12,2.5,13],"texture":"#all","cullface":"south"},"up":{"uv":[2,12,4,12.5],"texture":"#all","cullface":"south"}}},{"from":[4,2,16],"to":[5,3,16.5],"light_emission":15,"faces":{"east":{"uv":[4,13,4.5,14],"texture":"#all","cullface":"south"},"south":{"uv":[4,13,5,14],"texture":"#all","cullface":"south"},"up":{"uv":[4,13,5,13.5],"rotation":180,"texture":"#all","cullface":"south"},"down":{"uv":[4,13,5,13.5],"rotation":180,"texture":"#all","cullface":"south"}}},{"from":[8,3,16],"to":[10,4,16.5],"light_emission":15,"faces":{"east":{"uv":[9,12,9.5,13],"texture":"#all","cullface":"south"},"south":{"uv":[8,12,10,13],"texture":"#all","cullface":"south"},"west":{"uv":[8,12,8.5,13],"texture":"#all","cullface":"south"},"up":{"uv":[8,12,10,12.5],"texture":"#all","cullface":"south"}}},{"from":[8,2,16],"to":[10,3,16.7],"light_emission":15,"faces":{"east":{"uv":[9,13,9.5,14],"texture":"#all","cullface":"south"},"south":{"uv":[8,13,10,14],"texture":"#all","cullface":"south"},"west":{"uv":[8,13,8.5,14],"texture":"#all","cullface":"south"},"up":{"uv":[8,13,10,13.5],"texture":"#all","cullface":"south"},"down":{"uv":[8,13,10,13.5],"texture":"#all","cullface":"south"}}},{"from":[2,2,16],"to":[4,3,16.7],"light_emission":15,"faces":{"east":{"uv":[3,13,3.5,14],"texture":"#all","cullface":"south"},"south":{"uv":[2,13,4,14],"texture":"#all","cullface":"south"},"west":{"uv":[2,13,2.5,14],"texture":"#all","cullface":"south"},"up":{"uv":[2,13,4,13.5],"texture":"#all","cullface":"south"},"down":{"uv":[2,13,4,13.5],"texture":"#all","cullface":"south"}}},{"from":[16,12,13],"to":[16.5,13,14],"light_emission":15,"faces":{"east":{"uv":[2,3,3,4],"texture":"#all","cullface":"east"},"south":{"uv":[2,3,2.5,4],"texture":"#all","cullface":"east"},"up":{"uv":[2,3,3,3.5],"rotation":90,"texture":"#all","cullface":"east"}}},{"from":[16,10,11],"to":[16.5,11,12],"light_emission":15,"faces":{"north":{"uv":[4,5,4.5,6],"texture":"#all","cullface":"east"},"east":{"uv":[4,5,5,6],"texture":"#all","cullface":"east"},"down":{"uv":[4,5,5,5.5],"rotation":270,"texture":"#all","cullface":"east"}}},{"from":[16,11,10],"to":[16.5,13,11],"light_emission":15,"faces":{"north":{"uv":[5,3,5.5,5],"texture":"#all","cullface":"east"},"east":{"uv":[5,3,6,5],"texture":"#all","cullface":"east"},"up":{"uv":[5,3,6,3.5],"rotation":90,"texture":"#all","cullface":"east"},"down":{"uv":[5,4,6,4.5],"rotation":270,"texture":"#all","cullface":"east"}}},{"from":[16,9,12],"to":[16.5,10,13],"light_emission":15,"faces":{"north":{"uv":[3,6,3.5,7],"texture":"#all","cullface":"east"},"east":{"uv":[3,6,4,7],"texture":"#all","cullface":"east"},"south":{"uv":[3,6,3.5,7],"texture":"#all","cullface":"east"},"down":{"uv":[3,6,4,6.5],"rotation":270,"texture":"#all","cullface":"east"}}},{"from":[16,10,13],"to":[16.5,11,14],"light_emission":15,"faces":{"east":{"uv":[2,5,3,6],"texture":"#all","cullface":"east"},"south":{"uv":[2,5,2.5,6],"texture":"#all","cullface":"east"},"down":{"uv":[2,5,3,5.5],"rotation":270,"texture":"#all","cullface":"east"}}},{"from":[16,11,14],"to":[16.5,12,15],"light_emission":15,"faces":{"east":{"uv":[1,4,2,5],"texture":"#all","cullface":"east"},"south":{"uv":[1,4,1.5,5],"texture":"#all","cullface":"east"},"up":{"uv":[1,4,2,4.5],"rotation":90,"texture":"#all","cullface":"east"},"down":{"uv":[1,4,2,4.5],"rotation":270,"texture":"#all","cullface":"east"}}},{"from":[16,13,11],"to":[16.5,14,13],"light_emission":15,"faces":{"north":{"uv":[4,2,4.5,3],"texture":"#all","cullface":"east"},"east":{"uv":[3,2,5,3],"texture":"#all","cullface":"east"},"south":{"uv":[3,2,3.5,3],"texture":"#all","cullface":"east"},"up":{"uv":[3,2,5,2.5],"rotation":270,"texture":"#all","cullface":"east"}}},{"from":[16,11,13],"to":[16.7,12,14],"light_emission":15,"faces":{"east":{"uv":[2,4,3,5],"texture":"#all","cullface":"east"},"south":{"uv":[2,4,2.7,5],"texture":"#all","cullface":"east"},"up":{"uv":[2,4,3,4.7],"rotation":90,"texture":"#all","cullface":"east"},"down":{"uv":[2,4,3,4.7],"rotation":270,"texture":"#all","cullface":"east"}}},{"from":[16,10,12],"to":[16.7,11,13],"light_emission":15,"faces":{"north":{"uv":[3,5,3.7,6],"texture":"#all","cullface":"east"},"east":{"uv":[3,5,4,6],"texture":"#all","cullface":"east"},"south":{"uv":[3,5,3.7,6],"texture":"#all","cullface":"east"},"down":{"uv":[3,5,4,5.7],"rotation":270,"texture":"#all","cullface":"east"}}},{"from":[16,11,11],"to":[16.7,13,13],"light_emission":15,"faces":{"north":{"uv":[4,3,4.7,5],"texture":"#all","cullface":"east"},"east":{"uv":[3,3,5,5],"texture":"#all","cullface":"east"},"south":{"uv":[3,3,3.7,5],"texture":"#all","cullface":"east"},"up":{"uv":[3,3,5,3.7],"rotation":270,"texture":"#all","cullface":"east"},"down":{"uv":[3,4,5,4.7],"rotation":90,"texture":"#all","cullface":"east"}}},{"from":[16,12,4],"to":[16.5,13,5],"light_emission":15,"faces":{"north":{"uv":[12,4,11.5,3],"texture":"#all","cullface":"east"},"east":{"uv":[11,3,12,4],"texture":"#all","cullface":"east"},"up":{"uv":[11,3,12,3.5],"rotation":90,"texture":"#all","cullface":"east"},"down":{"uv":[11,3,12,3.5],"rotation":270,"texture":"#all","cullface":"east"}}},{"from":[16,12,7],"to":[16.5,13,8],"light_emission":15,"faces":{"east":{"uv":[8,3,9,4],"texture":"#all","cullface":"east"},"south":{"uv":[8,3,8.5,4],"texture":"#all","cullface":"east"},"down":{"uv":[8,3,9,3.5],"rotation":270,"texture":"#all","cullface":"east"}}},{"from":[16,13,6],"to":[16.5,14,8],"light_emission":15,"faces":{"east":{"uv":[8,2,10,3],"texture":"#all","cullface":"east"},"south":{"uv":[8,2,8.5,3],"texture":"#all","cullface":"east"},"up":{"uv":[8,2,10,2.5],"rotation":270,"texture":"#all","cullface":"east"}}},{"from":[16,10,5],"to":[16.5,11,6],"light_emission":15,"faces":{"north":{"uv":[10,5,10.5,6],"texture":"#all","cullface":"east"},"east":{"uv":[10,5,11,6],"texture":"#all","cullface":"east"},"south":{"uv":[10,5,10.5,6],"texture":"#all","cullface":"east"},"down":{"uv":[10,5,11,5.5],"rotation":270,"texture":"#all","cullface":"east"}}},{"from":[16,13,5],"to":[16.5,14,6],"light_emission":15,"faces":{"north":{"uv":[10,2,10.5,3],"texture":"#all","cullface":"east"},"east":{"uv":[10,2,11,3],"texture":"#all","cullface":"east"},"up":{"uv":[10,2,11,2.5],"rotation":90,"texture":"#all","cullface":"east"}}},{"from":[16,11,5],"to":[16.7,13,7],"light_emission":15,"faces":{"north":{"uv":[10,3,10.7,5],"texture":"#all","cullface":"east"},"east":{"uv":[9,3,11,5],"texture":"#all","cullface":"east"},"south":{"uv":[9,3,9.7,5],"texture":"#all","cullface":"east"},"up":{"uv":[9,3,11,3.7],"rotation":270,"texture":"#all","cullface":"east"},"down":{"uv":[9,4,11,4.7],"rotation":90,"texture":"#all","cullface":"east"}}},{"from":[16,9,1],"to":[16.5,11,4],"light_emission":15,"faces":{"north":{"uv":[14,5,14.5,7],"texture":"#all","cullface":"east"},"east":{"uv":[12,5,15,7],"texture":"#all","cullface":"east"},"south":{"uv":[12,5,12.5,7],"texture":"#all","cullface":"east"},"up":{"uv":[12,5,15,5.5],"rotation":270,"texture":"#all","cullface":"east"},"down":{"uv":[12,6,15,6.5],"rotation":90,"texture":"#all","cullface":"east"}}},{"from":[16,6,3],"to":[16.7,7,4],"light_emission":15,"faces":{"north":{"uv":[12,9,12.7,10],"texture":"#all","cullface":"east"},"east":{"uv":[12,9,13,10],"texture":"#all","cullface":"east"},"south":{"uv":[12,9,12.7,10],"texture":"#all","cullface":"east"},"up":{"uv":[12,9,13,9.7],"rotation":90,"texture":"#all","cullface":"east"}}},{"from":[16,5,2],"to":[16.7,6,4],"light_emission":15,"faces":{"north":{"uv":[13,10,13.5,11],"texture":"#all","cullface":"east"},"east":{"uv":[12,10,14,11],"texture":"#all","cullface":"east"},"south":{"uv":[12,10,12.5,11],"texture":"#all","cullface":"east"},"up":{"uv":[12,10,14,10.5],"rotation":270,"texture":"#all","cullface":"east"},"down":{"uv":[12,10,14,10.5],"rotation":90,"texture":"#all","cullface":"east"}}},{"from":[16,5,4],"to":[16.5,7,5],"light_emission":15,"faces":{"east":{"uv":[11,9,12,11],"texture":"#all","cullface":"east"},"south":{"uv":[11,9,11.5,11],"texture":"#all","cullface":"east"},"up":{"uv":[11,9,12,9.5],"rotation":90,"texture":"#all","cullface":"east"},"down":{"uv":[11,10,12,10.5],"rotation":270,"texture":"#all","cullface":"east"}}},{"from":[16,7,3],"to":[16.5,8,4],"light_emission":15,"faces":{"north":{"uv":[12,8,12.5,9],"texture":"#all","cullface":"east"},"east":{"uv":[12,8,13,9],"texture":"#all","cullface":"east"},"south":{"uv":[12,8,12.5,9],"texture":"#all","cullface":"east"},"up":{"uv":[12,8,13,8.5],"rotation":90,"texture":"#all","cullface":"east"}}},{"from":[16,6,2],"to":[16.5,7,3],"light_emission":15,"faces":{"north":{"uv":[13,9,13.5,10],"texture":"#all","cullface":"east"},"east":{"uv":[13,9,14,10],"texture":"#all","cullface":"east"},"up":{"uv":[13,9,14,9.5],"rotation":90,"texture":"#all","cullface":"east"}}},{"from":[16,5,1],"to":[16.5,6,2],"light_emission":15,"faces":{"north":{"uv":[14,10,14.5,11],"texture":"#all","cullface":"east"},"east":{"uv":[14,10,15,11],"texture":"#all","cullface":"east"},"up":{"uv":[14,10,15,10.5],"rotation":90,"texture":"#all","cullface":"east"},"down":{"uv":[14,10,15,10.5],"rotation":270,"texture":"#all","cullface":"east"}}},{"from":[16,4,2],"to":[16.5,5,4],"light_emission":15,"faces":{"north":{"uv":[13,11,13.5,12],"texture":"#all","cullface":"east"},"east":{"uv":[12,11,14,12],"texture":"#all","cullface":"east"},"south":{"uv":[12,11,12.5,12],"texture":"#all","cullface":"east"},"down":{"uv":[12,11,14,11.5],"rotation":90,"texture":"#all","cullface":"east"}}},{"from":[16,1,6],"to":[16.5,2,7],"light_emission":15,"faces":{"north":{"uv":[9,14,9.5,15],"texture":"#all","cullface":"east"},"east":{"uv":[9,14,10,15],"texture":"#all","cullface":"east"},"south":{"uv":[9,14,9.5,15],"texture":"#all","cullface":"east"},"down":{"uv":[9,14,10,14.5],"rotation":270,"texture":"#all","cullface":"east"}}},{"from":[16,2,5],"to":[16.5,3,6],"light_emission":15,"faces":{"north":{"uv":[10,13,10.5,14],"texture":"#all","cullface":"east"},"east":{"uv":[10,13,11,14],"texture":"#all","cullface":"east"},"up":{"uv":[10,13,11,13.5],"rotation":90,"texture":"#all","cullface":"east"},"down":{"uv":[10,13,11,13.5],"rotation":270,"texture":"#all","cullface":"east"}}},{"from":[16,2,8],"to":[16.5,3,9],"light_emission":15,"faces":{"east":{"uv":[7,13,8,14],"texture":"#all","cullface":"east"},"south":{"uv":[7,13,7.5,14],"texture":"#all","cullface":"east"},"up":{"uv":[7,13,8,13.5],"rotation":90,"texture":"#all","cullface":"east"},"down":{"uv":[7,13,8,13.5],"rotation":270,"texture":"#all","cullface":"east"}}},{"from":[16,2,14],"to":[16.5,3,15],"light_emission":15,"faces":{"east":{"uv":[1,13,2,14],"texture":"#all","cullface":"east"},"south":{"uv":[1,13,1.5,14],"texture":"#all","cullface":"east"},"up":{"uv":[1,13,2,13.5],"rotation":90,"texture":"#all","cullface":"east"},"down":{"uv":[1,13,2,13.5],"rotation":270,"texture":"#all","cullface":"east"}}},{"from":[16,3,12],"to":[16.5,4,14],"light_emission":15,"faces":{"north":{"uv":[3,12,3.5,13],"texture":"#all","cullface":"east"},"east":{"uv":[2,12,4,13],"texture":"#all","cullface":"east"},"south":{"uv":[2,12,2.5,13],"texture":"#all","cullface":"east"},"up":{"uv":[2,12,4,12.5],"rotation":270,"texture":"#all","cullface":"east"}}},{"from":[16,2,11],"to":[16.5,3,12],"light_emission":15,"faces":{"north":{"uv":[4,13,4.5,14],"texture":"#all","cullface":"east"},"east":{"uv":[4,13,5,14],"texture":"#all","cullface":"east"},"up":{"uv":[4,13,5,13.5],"rotation":90,"texture":"#all","cullface":"east"},"down":{"uv":[4,13,5,13.5],"rotation":270,"texture":"#all","cullface":"east"}}},{"from":[16,3,6],"to":[16.5,4,8],"light_emission":15,"faces":{"north":{"uv":[9,12,9.5,13],"texture":"#all","cullface":"east"},"east":{"uv":[8,12,10,13],"texture":"#all","cullface":"east"},"south":{"uv":[8,12,8.5,13],"texture":"#all","cullface":"east"},"up":{"uv":[8,12,10,12.5],"rotation":270,"texture":"#all","cullface":"east"}}},{"from":[16,2,6],"to":[16.7,3,8],"light_emission":15,"faces":{"north":{"uv":[9,13,9.5,14],"texture":"#all","cullface":"east"},"east":{"uv":[8,13,10,14],"texture":"#all","cullface":"east"},"south":{"uv":[8,13,8.5,14],"texture":"#all","cullface":"east"},"up":{"uv":[8,13,10,13.5],"rotation":270,"texture":"#all","cullface":"east"},"down":{"uv":[8,13,10,13.5],"rotation":90,"texture":"#all","cullface":"east"}}},{"from":[16,2,12],"to":[16.7,3,14],"light_emission":15,"faces":{"north":{"uv":[3,13,3.5,14],"texture":"#all","cullface":"east"},"east":{"uv":[2,13,4,14],"texture":"#all","cullface":"east"},"south":{"uv":[2,13,2.5,14],"texture":"#all","cullface":"east"},"up":{"uv":[2,13,4,13.5],"rotation":270,"texture":"#all","cullface":"east"},"down":{"uv":[2,13,4,13.5],"rotation":90,"texture":"#all","cullface":"east"}}},{"from":[2,16,3],"to":[3,16.5,4],"light_emission":15,"faces":{"north":{"uv":[2,3,3,3.5],"texture":"#all","cullface":"up"},"west":{"uv":[2,3,2.5,4],"rotation":270,"texture":"#all","cullface":"up"},"up":{"uv":[2,3,3,4],"texture":"#all","cullface":"up"}}},{"from":[4,16,5],"to":[5,16.5,6],"light_emission":15,"faces":{"east":{"uv":[4,5,4.5,6],"rotation":90,"texture":"#all","cullface":"up"},"south":{"uv":[4,5,5,5.5],"rotation":180,"texture":"#all","cullface":"up"},"up":{"uv":[4,5,5,6],"texture":"#all","cullface":"up"}}},{"from":[5,16,3],"to":[6,16.5,5],"light_emission":15,"faces":{"north":{"uv":[5,3,6,3.5],"texture":"#all","cullface":"up"},"east":{"uv":[5,3,5.5,5],"rotation":90,"texture":"#all","cullface":"up"},"south":{"uv":[5,4,6,4.5],"rotation":180,"texture":"#all","cullface":"up"},"up":{"uv":[5,3,6,5],"texture":"#all","cullface":"up"}}},{"from":[3,16,6],"to":[4,16.5,7],"light_emission":15,"faces":{"east":{"uv":[3,6,3.5,7],"rotation":90,"texture":"#all","cullface":"up"},"south":{"uv":[3,6,4,6.5],"rotation":180,"texture":"#all","cullface":"up"},"west":{"uv":[3,6,3.5,7],"rotation":270,"texture":"#all","cullface":"up"},"up":{"uv":[3,6,4,7],"texture":"#all","cullface":"up"}}},{"from":[2,16,5],"to":[3,16.5,6],"light_emission":15,"faces":{"south":{"uv":[2,5,3,5.5],"rotation":180,"texture":"#all","cullface":"up"},"west":{"uv":[2,5,2.5,6],"rotation":270,"texture":"#all","cullface":"up"},"up":{"uv":[2,5,3,6],"texture":"#all","cullface":"up"}}},{"from":[1,16,4],"to":[2,16.5,5],"light_emission":15,"faces":{"north":{"uv":[1,4,2,4.5],"texture":"#all","cullface":"up"},"south":{"uv":[1,4,2,4.5],"rotation":180,"texture":"#all","cullface":"up"},"west":{"uv":[1,4,1.5,5],"rotation":270,"texture":"#all","cullface":"up"},"up":{"uv":[1,4,2,5],"texture":"#all","cullface":"up"}}},{"from":[3,16,2],"to":[5,16.5,3],"light_emission":15,"faces":{"north":{"uv":[3,2,5,2.5],"rotation":180,"texture":"#all","cullface":"up"},"east":{"uv":[4,2,4.5,3],"rotation":90,"texture":"#all","cullface":"up"},"west":{"uv":[3,2,3.5,3],"rotation":270,"texture":"#all","cullface":"up"},"up":{"uv":[3,2,5,3],"texture":"#all","cullface":"up"}}},{"from":[2,16,4],"to":[3,16.7,5],"light_emission":15,"faces":{"north":{"uv":[2,4,3,4.7],"texture":"#all","cullface":"up"},"south":{"uv":[2,4,3,4.7],"rotation":180,"texture":"#all","cullface":"up"},"west":{"uv":[2,4,2.7,5],"rotation":270,"texture":"#all","cullface":"up"},"up":{"uv":[2,4,3,5],"texture":"#all","cullface":"up"}}},{"from":[3,16,5],"to":[4,16.7,6],"light_emission":15,"faces":{"east":{"uv":[3,5,3.7,6],"rotation":90,"texture":"#all","cullface":"up"},"south":{"uv":[3,5,4,5.7],"rotation":180,"texture":"#all","cullface":"up"},"west":{"uv":[3,5,3.7,6],"rotation":270,"texture":"#all","cullface":"up"},"up":{"uv":[3,5,4,6],"texture":"#all","cullface":"up"}}},{"from":[3,16,3],"to":[5,16.7,5],"light_emission":15,"faces":{"north":{"uv":[3,3,5,3.7],"rotation":180,"texture":"#all","cullface":"up"},"east":{"uv":[4,3,4.7,5],"rotation":90,"texture":"#all","cullface":"up"},"south":{"uv":[3,4,5,4.7],"texture":"#all","cullface":"up"},"west":{"uv":[3,3,3.7,5],"rotation":270,"texture":"#all","cullface":"up"},"up":{"uv":[3,3,5,5],"texture":"#all","cullface":"up"}}},{"from":[11,16,3],"to":[12,16.5,4],"light_emission":15,"faces":{"north":{"uv":[11,3,12,3.5],"texture":"#all","cullface":"up"},"east":{"uv":[12,4,11.5,3],"rotation":90,"texture":"#all","cullface":"up"},"south":{"uv":[11,3,12,3.5],"rotation":180,"texture":"#all","cullface":"up"},"up":{"uv":[11,3,12,4],"texture":"#all","cullface":"up"}}},{"from":[8,16,3],"to":[9,16.5,4],"light_emission":15,"faces":{"south":{"uv":[8,3,9,3.5],"rotation":180,"texture":"#all","cullface":"up"},"west":{"uv":[8,3,8.5,4],"rotation":270,"texture":"#all","cullface":"up"},"up":{"uv":[8,3,9,4],"texture":"#all","cullface":"up"}}},{"from":[8,16,2],"to":[10,16.5,3],"light_emission":15,"faces":{"north":{"uv":[8,2,10,2.5],"rotation":180,"texture":"#all","cullface":"up"},"west":{"uv":[8,2,8.5,3],"rotation":270,"texture":"#all","cullface":"up"},"up":{"uv":[8,2,10,3],"texture":"#all","cullface":"up"}}},{"from":[10,16,5],"to":[11,16.5,6],"light_emission":15,"faces":{"east":{"uv":[10,5,10.5,6],"rotation":90,"texture":"#all","cullface":"up"},"south":{"uv":[10,5,11,5.5],"rotation":180,"texture":"#all","cullface":"up"},"west":{"uv":[10,5,10.5,6],"rotation":270,"texture":"#all","cullface":"up"},"up":{"uv":[10,5,11,6],"texture":"#all","cullface":"up"}}},{"from":[10,16,2],"to":[11,16.5,3],"light_emission":15,"faces":{"north":{"uv":[10,2,11,2.5],"texture":"#all","cullface":"up"},"east":{"uv":[10,2,10.5,3],"rotation":90,"texture":"#all","cullface":"up"},"up":{"uv":[10,2,11,3],"texture":"#all","cullface":"up"}}},{"from":[9,16,3],"to":[11,16.7,5],"light_emission":15,"faces":{"north":{"uv":[9,3,11,3.7],"rotation":180,"texture":"#all","cullface":"up"},"east":{"uv":[10,3,10.7,5],"rotation":90,"texture":"#all","cullface":"up"},"south":{"uv":[9,4,11,4.7],"texture":"#all","cullface":"up"},"west":{"uv":[9,3,9.7,5],"rotation":270,"texture":"#all","cullface":"up"},"up":{"uv":[9,3,11,5],"texture":"#all","cullface":"up"}}},{"from":[12,16,5],"to":[15,16.5,7],"light_emission":15,"faces":{"north":{"uv":[12,5,15,5.5],"rotation":180,"texture":"#all","cullface":"up"},"east":{"uv":[14,5,14.5,7],"rotation":90,"texture":"#all","cullface":"up"},"south":{"uv":[12,6,15,6.5],"texture":"#all","cullface":"up"},"west":{"uv":[12,5,12.5,7],"rotation":270,"texture":"#all","cullface":"up"},"up":{"uv":[12,5,15,7],"texture":"#all","cullface":"up"}}},{"from":[12,16,9],"to":[13,16.7,10],"light_emission":15,"faces":{"north":{"uv":[12,9,13,9.7],"texture":"#all","cullface":"up"},"east":{"uv":[12,9,12.7,10],"rotation":90,"texture":"#all","cullface":"up"},"west":{"uv":[12,9,12.7,10],"rotation":270,"texture":"#all","cullface":"up"},"up":{"uv":[12,9,13,10],"texture":"#all","cullface":"up"}}},{"from":[12,16,10],"to":[14,16.7,11],"light_emission":15,"faces":{"north":{"uv":[12,10,14,10.5],"rotation":180,"texture":"#all","cullface":"up"},"east":{"uv":[13,10,13.5,11],"rotation":90,"texture":"#all","cullface":"up"},"south":{"uv":[12,10,14,10.5],"texture":"#all","cullface":"up"},"west":{"uv":[12,10,12.5,11],"rotation":270,"texture":"#all","cullface":"up"},"up":{"uv":[12,10,14,11],"texture":"#all","cullface":"up"}}},{"from":[11,16,9],"to":[12,16.5,11],"light_emission":15,"faces":{"north":{"uv":[11,9,12,9.5],"texture":"#all","cullface":"up"},"south":{"uv":[11,10,12,10.5],"rotation":180,"texture":"#all","cullface":"up"},"west":{"uv":[11,9,11.5,11],"rotation":270,"texture":"#all","cullface":"up"},"up":{"uv":[11,9,12,11],"texture":"#all","cullface":"up"}}},{"from":[12,16,8],"to":[13,16.5,9],"light_emission":15,"faces":{"north":{"uv":[12,8,13,8.5],"texture":"#all","cullface":"up"},"east":{"uv":[12,8,12.5,9],"rotation":90,"texture":"#all","cullface":"up"},"west":{"uv":[12,8,12.5,9],"rotation":270,"texture":"#all","cullface":"up"},"up":{"uv":[12,8,13,9],"texture":"#all","cullface":"up"}}},{"from":[13,16,9],"to":[14,16.5,10],"light_emission":15,"faces":{"north":{"uv":[13,9,14,9.5],"texture":"#all","cullface":"up"},"east":{"uv":[13,9,13.5,10],"rotation":90,"texture":"#all","cullface":"up"},"up":{"uv":[13,9,14,10],"texture":"#all","cullface":"up"}}},{"from":[14,16,10],"to":[15,16.5,11],"light_emission":15,"faces":{"north":{"uv":[14,10,15,10.5],"texture":"#all","cullface":"up"},"east":{"uv":[14,10,14.5,11],"rotation":90,"texture":"#all","cullface":"up"},"south":{"uv":[14,10,15,10.5],"rotation":180,"texture":"#all","cullface":"up"},"up":{"uv":[14,10,15,11],"texture":"#all","cullface":"up"}}},{"from":[12,16,11],"to":[14,16.5,12],"light_emission":15,"faces":{"east":{"uv":[13,11,13.5,12],"rotation":90,"texture":"#all","cullface":"up"},"south":{"uv":[12,11,14,11.5],"texture":"#all","cullface":"up"},"west":{"uv":[12,11,12.5,12],"rotation":270,"texture":"#all","cullface":"up"},"up":{"uv":[12,11,14,12],"texture":"#all","cullface":"up"}}},{"from":[9,16,14],"to":[10,16.5,15],"light_emission":15,"faces":{"east":{"uv":[9,14,9.5,15],"rotation":90,"texture":"#all","cullface":"up"},"south":{"uv":[9,14,10,14.5],"rotation":180,"texture":"#all","cullface":"up"},"west":{"uv":[9,14,9.5,15],"rotation":270,"texture":"#all","cullface":"up"},"up":{"uv":[9,14,10,15],"texture":"#all","cullface":"up"}}},{"from":[10,16,13],"to":[11,16.5,14],"light_emission":15,"faces":{"north":{"uv":[10,13,11,13.5],"texture":"#all","cullface":"up"},"east":{"uv":[10,13,10.5,14],"rotation":90,"texture":"#all","cullface":"up"},"south":{"uv":[10,13,11,13.5],"rotation":180,"texture":"#all","cullface":"up"},"up":{"uv":[10,13,11,14],"texture":"#all","cullface":"up"}}},{"from":[7,16,13],"to":[8,16.5,14],"light_emission":15,"faces":{"north":{"uv":[7,13,8,13.5],"texture":"#all","cullface":"up"},"south":{"uv":[7,13,8,13.5],"rotation":180,"texture":"#all","cullface":"up"},"west":{"uv":[7,13,7.5,14],"rotation":270,"texture":"#all","cullface":"up"},"up":{"uv":[7,13,8,14],"texture":"#all","cullface":"up"}}},{"from":[1,16,13],"to":[2,16.5,14],"light_emission":15,"faces":{"north":{"uv":[1,13,2,13.5],"texture":"#all","cullface":"up"},"south":{"uv":[1,13,2,13.5],"rotation":180,"texture":"#all","cullface":"up"},"west":{"uv":[1,13,1.5,14],"rotation":270,"texture":"#all","cullface":"up"},"up":{"uv":[1,13,2,14],"texture":"#all","cullface":"up"}}},{"from":[2,16,12],"to":[4,16.5,13],"light_emission":15,"faces":{"north":{"uv":[2,12,4,12.5],"rotation":180,"texture":"#all","cullface":"up"},"east":{"uv":[3,12,3.5,13],"rotation":90,"texture":"#all","cullface":"up"},"west":{"uv":[2,12,2.5,13],"rotation":270,"texture":"#all","cullface":"up"},"up":{"uv":[2,12,4,13],"texture":"#all","cullface":"up"}}},{"from":[4,16,13],"to":[5,16.5,14],"light_emission":15,"faces":{"north":{"uv":[4,13,5,13.5],"texture":"#all","cullface":"up"},"east":{"uv":[4,13,4.5,14],"rotation":90,"texture":"#all","cullface":"up"},"south":{"uv":[4,13,5,13.5],"rotation":180,"texture":"#all","cullface":"up"},"up":{"uv":[4,13,5,14],"texture":"#all","cullface":"up"}}},{"from":[8,16,12],"to":[10,16.5,13],"light_emission":15,"faces":{"north":{"uv":[8,12,10,12.5],"rotation":180,"texture":"#all","cullface":"up"},"east":{"uv":[9,12,9.5,13],"rotation":90,"texture":"#all","cullface":"up"},"west":{"uv":[8,12,8.5,13],"rotation":270,"texture":"#all","cullface":"up"},"up":{"uv":[8,12,10,13],"texture":"#all","cullface":"up"}}},{"from":[8,16,13],"to":[10,16.7,14],"light_emission":15,"faces":{"north":{"uv":[8,13,10,13.5],"rotation":180,"texture":"#all","cullface":"up"},"east":{"uv":[9,13,9.5,14],"rotation":90,"texture":"#all","cullface":"up"},"south":{"uv":[8,13,10,13.5],"texture":"#all","cullface":"up"},"west":{"uv":[8,13,8.5,14],"rotation":270,"texture":"#all","cullface":"up"},"up":{"uv":[8,13,10,14],"texture":"#all","cullface":"up"}}},{"from":[2,16,13],"to":[4,16.7,14],"light_emission":15,"faces":{"north":{"uv":[2,13,4,13.5],"rotation":180,"texture":"#all","cullface":"up"},"east":{"uv":[3,13,3.5,14],"rotation":90,"texture":"#all","cullface":"up"},"south":{"uv":[2,13,4,13.5],"texture":"#all","cullface":"up"},"west":{"uv":[2,13,2.5,14],"rotation":270,"texture":"#all","cullface":"up"},"up":{"uv":[2,13,4,14],"texture":"#all","cullface":"up"}}},{"from":[2,-0.5,12],"to":[3,0,13],"light_emission":15,"faces":{"south":{"uv":[2,3,3,3.5],"rotation":180,"texture":"#all","cullface":"down"},"west":{"uv":[2,3,2.5,4],"rotation":90,"texture":"#all","cullface":"down"},"down":{"uv":[2,3,3,4],"texture":"#all","cullface":"down"}}},{"from":[4,-0.5,10],"to":[5,0,11],"light_emission":15,"faces":{"north":{"uv":[4,5,5,5.5],"texture":"#all","cullface":"down"},"east":{"uv":[4,5,4.5,6],"rotation":270,"texture":"#all","cullface":"down"},"down":{"uv":[4,5,5,6],"texture":"#all","cullface":"down"}}},{"from":[5,-0.5,11],"to":[6,0,13],"light_emission":15,"faces":{"north":{"uv":[5,4,6,4.5],"texture":"#all","cullface":"down"},"east":{"uv":[5,3,5.5,5],"rotation":270,"texture":"#all","cullface":"down"},"south":{"uv":[5,3,6,3.5],"rotation":180,"texture":"#all","cullface":"down"},"down":{"uv":[5,3,6,5],"texture":"#all","cullface":"down"}}},{"from":[3,-0.5,9],"to":[4,0,10],"light_emission":15,"faces":{"north":{"uv":[3,6,4,6.5],"texture":"#all","cullface":"down"},"east":{"uv":[3,6,3.5,7],"rotation":270,"texture":"#all","cullface":"down"},"west":{"uv":[3,6,3.5,7],"rotation":90,"texture":"#all","cullface":"down"},"down":{"uv":[3,6,4,7],"texture":"#all","cullface":"down"}}},{"from":[2,-0.5,10],"to":[3,0,11],"light_emission":15,"faces":{"north":{"uv":[2,5,3,5.5],"texture":"#all","cullface":"down"},"west":{"uv":[2,5,2.5,6],"rotation":90,"texture":"#all","cullface":"down"},"down":{"uv":[2,5,3,6],"texture":"#all","cullface":"down"}}},{"from":[1,-0.5,11],"to":[2,0,12],"light_emission":15,"faces":{"north":{"uv":[1,4,2,4.5],"texture":"#all","cullface":"down"},"south":{"uv":[1,4,2,4.5],"rotation":180,"texture":"#all","cullface":"down"},"west":{"uv":[1,4,1.5,5],"rotation":90,"texture":"#all","cullface":"down"},"down":{"uv":[1,4,2,5],"texture":"#all","cullface":"down"}}},{"from":[3,-0.5,13],"to":[5,0,14],"light_emission":15,"faces":{"east":{"uv":[4,2,4.5,3],"rotation":270,"texture":"#all","cullface":"down"},"south":{"uv":[3,2,5,2.5],"texture":"#all","cullface":"down"},"west":{"uv":[3,2,3.5,3],"rotation":90,"texture":"#all","cullface":"down"},"down":{"uv":[3,2,5,3],"texture":"#all","cullface":"down"}}},{"from":[2,-0.7,11],"to":[3,0,12],"light_emission":15,"faces":{"north":{"uv":[2,4,3,4.7],"texture":"#all","cullface":"down"},"south":{"uv":[2,4,3,4.7],"rotation":180,"texture":"#all","cullface":"down"},"west":{"uv":[2,4,2.7,5],"rotation":90,"texture":"#all","cullface":"down"},"down":{"uv":[2,4,3,5],"texture":"#all","cullface":"down"}}},{"from":[3,-0.7,10],"to":[4,0,11],"light_emission":15,"faces":{"north":{"uv":[3,5,4,5.7],"texture":"#all","cullface":"down"},"east":{"uv":[3,5,3.7,6],"rotation":270,"texture":"#all","cullface":"down"},"west":{"uv":[3,5,3.7,6],"rotation":90,"texture":"#all","cullface":"down"},"down":{"uv":[3,5,4,6],"texture":"#all","cullface":"down"}}},{"from":[3,-0.7,11],"to":[5,0,13],"light_emission":15,"faces":{"north":{"uv":[3,4,5,4.7],"rotation":180,"texture":"#all","cullface":"down"},"east":{"uv":[4,3,4.7,5],"rotation":270,"texture":"#all","cullface":"down"},"south":{"uv":[3,3,5,3.7],"texture":"#all","cullface":"down"},"west":{"uv":[3,3,3.7,5],"rotation":90,"texture":"#all","cullface":"down"},"down":{"uv":[3,3,5,5],"texture":"#all","cullface":"down"}}},{"from":[11,-0.5,12],"to":[12,0,13],"light_emission":15,"faces":{"north":{"uv":[11,3,12,3.5],"texture":"#all","cullface":"down"},"east":{"uv":[12,4,11.5,3],"rotation":270,"texture":"#all","cullface":"down"},"south":{"uv":[11,3,12,3.5],"rotation":180,"texture":"#all","cullface":"down"},"down":{"uv":[11,3,12,4],"texture":"#all","cullface":"down"}}},{"from":[8,-0.5,12],"to":[9,0,13],"light_emission":15,"faces":{"north":{"uv":[8,3,9,3.5],"texture":"#all","cullface":"down"},"west":{"uv":[8,3,8.5,4],"rotation":90,"texture":"#all","cullface":"down"},"down":{"uv":[8,3,9,4],"texture":"#all","cullface":"down"}}},{"from":[8,-0.5,13],"to":[10,0,14],"light_emission":15,"faces":{"south":{"uv":[8,2,10,2.5],"texture":"#all","cullface":"down"},"west":{"uv":[8,2,8.5,3],"rotation":90,"texture":"#all","cullface":"down"},"down":{"uv":[8,2,10,3],"texture":"#all","cullface":"down"}}},{"from":[10,-0.5,10],"to":[11,0,11],"light_emission":15,"faces":{"north":{"uv":[10,5,11,5.5],"texture":"#all","cullface":"down"},"east":{"uv":[10,5,10.5,6],"rotation":270,"texture":"#all","cullface":"down"},"west":{"uv":[10,5,10.5,6],"rotation":90,"texture":"#all","cullface":"down"},"down":{"uv":[10,5,11,6],"texture":"#all","cullface":"down"}}},{"from":[10,-0.5,13],"to":[11,0,14],"light_emission":15,"faces":{"east":{"uv":[10,2,10.5,3],"rotation":270,"texture":"#all","cullface":"down"},"south":{"uv":[10,2,11,2.5],"rotation":180,"texture":"#all","cullface":"down"},"down":{"uv":[10,2,11,3],"texture":"#all","cullface":"down"}}},{"from":[9,-0.7,11],"to":[11,0,13],"light_emission":15,"faces":{"north":{"uv":[9,4,11,4.7],"rotation":180,"texture":"#all","cullface":"down"},"east":{"uv":[10,3,10.7,5],"rotation":270,"texture":"#all","cullface":"down"},"south":{"uv":[9,3,11,3.7],"texture":"#all","cullface":"down"},"west":{"uv":[9,3,9.7,5],"rotation":90,"texture":"#all","cullface":"down"},"down":{"uv":[9,3,11,5],"texture":"#all","cullface":"down"}}},{"from":[12,-0.5,9],"to":[15,0,11],"light_emission":15,"faces":{"north":{"uv":[12,6,15,6.5],"rotation":180,"texture":"#all","cullface":"down"},"east":{"uv":[14,5,14.5,7],"rotation":270,"texture":"#all","cullface":"down"},"south":{"uv":[12,5,15,5.5],"texture":"#all","cullface":"down"},"west":{"uv":[12,5,12.5,7],"rotation":90,"texture":"#all","cullface":"down"},"down":{"uv":[12,5,15,7],"texture":"#all","cullface":"down"}}},{"from":[12,-0.7,6],"to":[13,0,7],"light_emission":15,"faces":{"east":{"uv":[12,9,12.7,10],"rotation":270,"texture":"#all","cullface":"down"},"south":{"uv":[12,9,13,9.7],"rotation":180,"texture":"#all","cullface":"down"},"west":{"uv":[12,9,12.7,10],"rotation":90,"texture":"#all","cullface":"down"},"down":{"uv":[12,9,13,10],"texture":"#all","cullface":"down"}}},{"from":[12,-0.7,5],"to":[14,0,6],"light_emission":15,"faces":{"north":{"uv":[12,10,14,10.5],"rotation":180,"texture":"#all","cullface":"down"},"east":{"uv":[13,10,13.5,11],"rotation":270,"texture":"#all","cullface":"down"},"south":{"uv":[12,10,14,10.5],"texture":"#all","cullface":"down"},"west":{"uv":[12,10,12.5,11],"rotation":90,"texture":"#all","cullface":"down"},"down":{"uv":[12,10,14,11],"texture":"#all","cullface":"down"}}},{"from":[11,-0.5,5],"to":[12,0,7],"light_emission":15,"faces":{"north":{"uv":[11,10,12,10.5],"texture":"#all","cullface":"down"},"south":{"uv":[11,9,12,9.5],"rotation":180,"texture":"#all","cullface":"down"},"west":{"uv":[11,9,11.5,11],"rotation":90,"texture":"#all","cullface":"down"},"down":{"uv":[11,9,12,11],"texture":"#all","cullface":"down"}}},{"from":[12,-0.5,7],"to":[13,0,8],"light_emission":15,"faces":{"east":{"uv":[12,8,12.5,9],"rotation":270,"texture":"#all","cullface":"down"},"south":{"uv":[12,8,13,8.5],"rotation":180,"texture":"#all","cullface":"down"},"west":{"uv":[12,8,12.5,9],"rotation":90,"texture":"#all","cullface":"down"},"down":{"uv":[12,8,13,9],"texture":"#all","cullface":"down"}}},{"from":[13,-0.5,6],"to":[14,0,7],"light_emission":15,"faces":{"east":{"uv":[13,9,13.5,10],"rotation":270,"texture":"#all","cullface":"down"},"south":{"uv":[13,9,14,9.5],"rotation":180,"texture":"#all","cullface":"down"},"down":{"uv":[13,9,14,10],"texture":"#all","cullface":"down"}}},{"from":[14,-0.5,5],"to":[15,0,6],"light_emission":15,"faces":{"north":{"uv":[14,10,15,10.5],"texture":"#all","cullface":"down"},"east":{"uv":[14,10,14.5,11],"rotation":270,"texture":"#all","cullface":"down"},"south":{"uv":[14,10,15,10.5],"rotation":180,"texture":"#all","cullface":"down"},"down":{"uv":[14,10,15,11],"texture":"#all","cullface":"down"}}},{"from":[12,-0.5,4],"to":[14,0,5],"light_emission":15,"faces":{"north":{"uv":[12,11,14,11.5],"rotation":180,"texture":"#all","cullface":"down"},"east":{"uv":[13,11,13.5,12],"rotation":270,"texture":"#all","cullface":"down"},"west":{"uv":[12,11,12.5,12],"rotation":90,"texture":"#all","cullface":"down"},"down":{"uv":[12,11,14,12],"texture":"#all","cullface":"down"}}},{"from":[9,-0.5,1],"to":[10,0,2],"light_emission":15,"faces":{"north":{"uv":[9,14,10,14.5],"texture":"#all","cullface":"down"},"east":{"uv":[9,14,9.5,15],"rotation":270,"texture":"#all","cullface":"down"},"west":{"uv":[9,14,9.5,15],"rotation":90,"texture":"#all","cullface":"down"},"down":{"uv":[9,14,10,15],"texture":"#all","cullface":"down"}}},{"from":[10,-0.5,2],"to":[11,0,3],"light_emission":15,"faces":{"north":{"uv":[10,13,11,13.5],"texture":"#all","cullface":"down"},"east":{"uv":[10,13,10.5,14],"rotation":270,"texture":"#all","cullface":"down"},"south":{"uv":[10,13,11,13.5],"rotation":180,"texture":"#all","cullface":"down"},"down":{"uv":[10,13,11,14],"texture":"#all","cullface":"down"}}},{"from":[7,-0.5,2],"to":[8,0,3],"light_emission":15,"faces":{"north":{"uv":[7,13,8,13.5],"texture":"#all","cullface":"down"},"south":{"uv":[7,13,8,13.5],"rotation":180,"texture":"#all","cullface":"down"},"west":{"uv":[7,13,7.5,14],"rotation":90,"texture":"#all","cullface":"down"},"down":{"uv":[7,13,8,14],"texture":"#all","cullface":"down"}}},{"from":[1,-0.5,2],"to":[2,0,3],"light_emission":15,"faces":{"north":{"uv":[1,13,2,13.5],"texture":"#all","cullface":"down"},"south":{"uv":[1,13,2,13.5],"rotation":180,"texture":"#all","cullface":"down"},"west":{"uv":[1,13,1.5,14],"rotation":90,"texture":"#all","cullface":"down"},"down":{"uv":[1,13,2,14],"texture":"#all","cullface":"down"}}},{"from":[2,-0.5,3],"to":[4,0,4],"light_emission":15,"faces":{"east":{"uv":[3,12,3.5,13],"rotation":270,"texture":"#all","cullface":"down"},"south":{"uv":[2,12,4,12.5],"texture":"#all","cullface":"down"},"west":{"uv":[2,12,2.5,13],"rotation":90,"texture":"#all","cullface":"down"},"down":{"uv":[2,12,4,13],"texture":"#all","cullface":"down"}}},{"from":[4,-0.5,2],"to":[5,0,3],"light_emission":15,"faces":{"north":{"uv":[4,13,5,13.5],"texture":"#all","cullface":"down"},"east":{"uv":[4,13,4.5,14],"rotation":270,"texture":"#all","cullface":"down"},"south":{"uv":[4,13,5,13.5],"rotation":180,"texture":"#all","cullface":"down"},"down":{"uv":[4,13,5,14],"texture":"#all","cullface":"down"}}},{"from":[8,-0.5,3],"to":[10,0,4],"light_emission":15,"faces":{"east":{"uv":[9,12,9.5,13],"rotation":270,"texture":"#all","cullface":"down"},"south":{"uv":[8,12,10,12.5],"texture":"#all","cullface":"down"},"west":{"uv":[8,12,8.5,13],"rotation":90,"texture":"#all","cullface":"down"},"down":{"uv":[8,12,10,13],"texture":"#all","cullface":"down"}}},{"from":[8,-0.7,2],"to":[10,0,3],"light_emission":15,"faces":{"north":{"uv":[8,13,10,13.5],"rotation":180,"texture":"#all","cullface":"down"},"east":{"uv":[9,13,9.5,14],"rotation":270,"texture":"#all","cullface":"down"},"south":{"uv":[8,13,10,13.5],"texture":"#all","cullface":"down"},"west":{"uv":[8,13,8.5,14],"rotation":90,"texture":"#all","cullface":"down"},"down":{"uv":[8,13,10,14],"texture":"#all","cullface":"down"}}},{"from":[2,-0.7,2],"to":[4,0,3],"light_emission":15,"faces":{"north":{"uv":[2,13,4,13.5],"rotation":180,"texture":"#all","cullface":"down"},"east":{"uv":[3,13,3.5,14],"rotation":270,"texture":"#all","cullface":"down"},"south":{"uv":[2,13,4,13.5],"texture":"#all","cullface":"down"},"west":{"uv":[2,13,2.5,14],"rotation":90,"texture":"#all","cullface":"down"},"down":{"uv":[2,13,4,14],"texture":"#all","cullface":"down"}}},{"from":[6,2,-0.7],"to":[8,3,0],"light_emission":15,"faces":{"north":{"uv":[8,13,10,14],"texture":"#all","cullface":"north"},"east":{"uv":[8,13,8.5,14],"texture":"#all","cullface":"north"},"west":{"uv":[9,13,9.5,14],"texture":"#all","cullface":"north"},"up":{"uv":[8,13,10,13.5],"rotation":180,"texture":"#all","cullface":"north"},"down":{"uv":[8,13,10,13.5],"rotation":180,"texture":"#all","cullface":"north"}}},{"from":[2,5,-0.7],"to":[4,6,0],"light_emission":15,"faces":{"north":{"uv":[12,10,14,11],"texture":"#all","cullface":"north"},"east":{"uv":[12,10,12.5,11],"texture":"#all","cullface":"north"},"west":{"uv":[13,10,13.5,11],"texture":"#all","cullface":"north"},"up":{"uv":[12,10,14,10.5],"rotation":180,"texture":"#all","cullface":"north"},"down":{"uv":[12,10,14,10.5],"rotation":180,"texture":"#all","cullface":"north"}}},{"from":[3,6,-0.7],"to":[4,7,0],"light_emission":15,"faces":{"north":{"uv":[12,9,13,10],"texture":"#all","cullface":"north"},"east":{"uv":[12,9,12.7,10],"texture":"#all","cullface":"north"},"west":{"uv":[12,9,12.7,10],"texture":"#all","cullface":"north"},"up":{"uv":[12,9,13,9.7],"texture":"#all","cullface":"north"}}},{"from":[6,3,-0.5],"to":[8,4,0],"light_emission":15,"faces":{"north":{"uv":[8,12,10,13],"texture":"#all","cullface":"north"},"east":{"uv":[8,12,8.5,13],"texture":"#all","cullface":"north"},"west":{"uv":[9,12,9.5,13],"texture":"#all","cullface":"north"},"up":{"uv":[8,12,10,12.5],"rotation":180,"texture":"#all","cullface":"north"}}},{"from":[6,13,-0.5],"to":[8,14,0],"light_emission":15,"faces":{"north":{"uv":[8,2,10,3],"texture":"#all","cullface":"north"},"east":{"uv":[8,2,8.5,3],"texture":"#all","cullface":"north"},"up":{"uv":[8,2,10,2.5],"rotation":180,"texture":"#all","cullface":"north"}}},{"from":[11,13,-0.5],"to":[13,14,0],"light_emission":15,"faces":{"north":{"uv":[3,2,5,3],"texture":"#all","cullface":"north"},"east":{"uv":[3,2,3.5,3],"texture":"#all","cullface":"north"},"west":{"uv":[4,2,4.5,3],"texture":"#all","cullface":"north"},"up":{"uv":[3,2,5,2.5],"rotation":180,"texture":"#all","cullface":"north"}}},{"from":[1,9,-0.5],"to":[4,11,0],"light_emission":15,"faces":{"north":{"uv":[12,5,15,7],"texture":"#all","cullface":"north"},"east":{"uv":[12,5,12.5,7],"texture":"#all","cullface":"north"},"west":{"uv":[14,5,14.5,7],"texture":"#all","cullface":"north"},"up":{"uv":[12,5,15,5.5],"rotation":180,"texture":"#all","cullface":"north"},"down":{"uv":[12,6,15,6.5],"rotation":180,"texture":"#all","cullface":"north"}}},{"from":[5,11,-0.7],"to":[7,13,0],"light_emission":15,"faces":{"north":{"uv":[9,3,11,5],"texture":"#all","cullface":"north"},"east":{"uv":[9,3,9.7,5],"texture":"#all","cullface":"north"},"west":{"uv":[10,3,10.7,5],"texture":"#all","cullface":"north"},"up":{"uv":[9,3,11,3.7],"rotation":180,"texture":"#all","cullface":"north"},"down":{"uv":[9,4,11,4.7],"rotation":180,"texture":"#all","cullface":"north"}}},{"from":[11,11,-0.7],"to":[13,13,0],"light_emission":15,"faces":{"north":{"uv":[3,3,5,5],"texture":"#all","cullface":"north"},"east":{"uv":[3,3,3.7,5],"texture":"#all","cullface":"north"},"west":{"uv":[4,3,4.7,5],"texture":"#all","cullface":"north"},"up":{"uv":[3,3,5,3.7],"rotation":180,"texture":"#all","cullface":"north"},"down":{"uv":[3,4,5,4.7],"rotation":180,"texture":"#all","cullface":"north"}}},{"from":[12,10,-0.7],"to":[13,11,0],"light_emission":15,"faces":{"north":{"uv":[3,5,4,6],"texture":"#all","cullface":"north"},"east":{"uv":[3,5,3.7,6],"texture":"#all","cullface":"north"},"west":{"uv":[3,5,3.7,6],"texture":"#all","cullface":"north"},"down":{"uv":[3,5,4,5.7],"texture":"#all","cullface":"north"}}},{"from":[13,11,-0.7],"to":[14,12,0],"light_emission":15,"faces":{"north":{"uv":[2,4,3,5],"texture":"#all","cullface":"north"},"east":{"uv":[2,4,2.7,5],"texture":"#all","cullface":"north"},"up":{"uv":[2,4,3,4.7],"texture":"#all","cullface":"north"},"down":{"uv":[2,4,3,4.7],"texture":"#all","cullface":"north"}}},{"from":[2,4,-0.5],"to":[4,5,0],"light_emission":15,"faces":{"north":{"uv":[12,11,14,12],"texture":"#all","cullface":"north"},"east":{"uv":[12,11,12.5,12],"texture":"#all","cullface":"north"},"west":{"uv":[13,11,13.5,12],"texture":"#all","cullface":"north"},"down":{"uv":[12,11,14,11.5],"rotation":180,"texture":"#all","cullface":"north"}}},{"from":[11,2,-0.5],"to":[12,3,0],"light_emission":15,"faces":{"north":{"uv":[4,13,5,14],"texture":"#all","cullface":"north"},"west":{"uv":[4,13,4.5,14],"texture":"#all","cullface":"north"},"up":{"uv":[4,13,5,13.5],"texture":"#all","cullface":"north"},"down":{"uv":[4,13,5,13.5],"texture":"#all","cullface":"north"}}},{"from":[14,2,-0.5],"to":[15,3,0],"light_emission":15,"faces":{"north":{"uv":[1,13,2,14],"texture":"#all","cullface":"north"},"east":{"uv":[1,13,1.5,14],"texture":"#all","cullface":"north"},"up":{"uv":[1,13,2,13.5],"texture":"#all","cullface":"north"},"down":{"uv":[1,13,2,13.5],"texture":"#all","cullface":"north"}}},{"from":[8,2,-0.5],"to":[9,3,0],"light_emission":15,"faces":{"north":{"uv":[7,13,8,14],"texture":"#all","cullface":"north"},"east":{"uv":[7,13,7.5,14],"texture":"#all","cullface":"north"},"up":{"uv":[7,13,8,13.5],"texture":"#all","cullface":"north"},"down":{"uv":[7,13,8,13.5],"texture":"#all","cullface":"north"}}},{"from":[5,2,-0.5],"to":[6,3,0],"light_emission":15,"faces":{"north":{"uv":[10,13,11,14],"texture":"#all","cullface":"north"},"west":{"uv":[10,13,10.5,14],"texture":"#all","cullface":"north"},"up":{"uv":[10,13,11,13.5],"texture":"#all","cullface":"north"},"down":{"uv":[10,13,11,13.5],"texture":"#all","cullface":"north"}}},{"from":[1,5,-0.5],"to":[2,6,0],"light_emission":15,"faces":{"north":{"uv":[14,10,15,11],"texture":"#all","cullface":"north"},"west":{"uv":[14,10,14.5,11],"texture":"#all","cullface":"north"},"up":{"uv":[14,10,15,10.5],"texture":"#all","cullface":"north"},"down":{"uv":[14,10,15,10.5],"texture":"#all","cullface":"north"}}},{"from":[2,6,-0.5],"to":[3,7,0],"light_emission":15,"faces":{"north":{"uv":[13,9,14,10],"texture":"#all","cullface":"north"},"west":{"uv":[13,9,13.5,10],"texture":"#all","cullface":"north"},"up":{"uv":[13,9,14,9.5],"texture":"#all","cullface":"north"}}},{"from":[3,7,-0.5],"to":[4,8,0],"light_emission":15,"faces":{"north":{"uv":[12,8,13,9],"texture":"#all","cullface":"north"},"east":{"uv":[12,8,12.5,9],"texture":"#all","cullface":"north"},"west":{"uv":[12,8,12.5,9],"texture":"#all","cullface":"north"},"up":{"uv":[12,8,13,8.5],"texture":"#all","cullface":"north"}}},{"from":[12,9,-0.5],"to":[13,10,0],"light_emission":15,"faces":{"north":{"uv":[3,6,4,7],"texture":"#all","cullface":"north"},"east":{"uv":[3,6,3.5,7],"texture":"#all","cullface":"north"},"west":{"uv":[3,6,3.5,7],"texture":"#all","cullface":"north"},"down":{"uv":[3,6,4,6.5],"texture":"#all","cullface":"north"}}},{"from":[13,10,-0.5],"to":[14,11,0],"light_emission":15,"faces":{"north":{"uv":[2,5,3,6],"texture":"#all","cullface":"north"},"east":{"uv":[2,5,2.5,6],"texture":"#all","cullface":"north"},"down":{"uv":[2,5,3,5.5],"texture":"#all","cullface":"north"}}},{"from":[14,11,-0.5],"to":[15,12,0],"light_emission":15,"faces":{"north":{"uv":[1,4,2,5],"texture":"#all","cullface":"north"},"east":{"uv":[1,4,1.5,5],"texture":"#all","cullface":"north"},"up":{"uv":[1,4,2,4.5],"texture":"#all","cullface":"north"},"down":{"uv":[1,4,2,4.5],"texture":"#all","cullface":"north"}}},{"from":[5,10,-0.5],"to":[6,11,0],"light_emission":15,"faces":{"north":{"uv":[10,5,11,6],"texture":"#all","cullface":"north"},"east":{"uv":[10,5,10.5,6],"texture":"#all","cullface":"north"},"west":{"uv":[10,5,10.5,6],"texture":"#all","cullface":"north"},"down":{"uv":[10,5,11,5.5],"texture":"#all","cullface":"north"}}},{"from":[11,10,-0.5],"to":[12,11,0],"light_emission":15,"faces":{"north":{"uv":[4,5,5,6],"texture":"#all","cullface":"north"},"west":{"uv":[4,5,4.5,6],"texture":"#all","cullface":"north"},"down":{"uv":[4,5,5,5.5],"texture":"#all","cullface":"north"}}},{"from":[13,12,-0.5],"to":[14,13,0],"light_emission":15,"faces":{"north":{"uv":[2,3,3,4],"texture":"#all","cullface":"north"},"east":{"uv":[2,3,2.5,4],"texture":"#all","cullface":"north"},"up":{"uv":[2,3,3,3.5],"texture":"#all","cullface":"north"}}},{"from":[4,12,-0.5],"to":[5,13,0],"light_emission":15,"faces":{"north":{"uv":[11,3,12,4],"texture":"#all","cullface":"north"},"west":{"uv":[12,4,11.5,3],"texture":"#all","cullface":"north"},"up":{"uv":[11,3,12,3.5],"texture":"#all","cullface":"north"},"down":{"uv":[11,3,12,3.5],"texture":"#all","cullface":"north"}}},{"from":[5,13,-0.5],"to":[6,14,0],"light_emission":15,"faces":{"north":{"uv":[10,2,11,3],"texture":"#all","cullface":"north"},"west":{"uv":[10,2,10.5,3],"texture":"#all","cullface":"north"},"up":{"uv":[10,2,11,2.5],"texture":"#all","cullface":"north"}}},{"from":[7,12,-0.5],"to":[8,13,0],"light_emission":15,"faces":{"north":{"uv":[8,3,9,4],"texture":"#all","cullface":"north"},"east":{"uv":[8,3,8.5,4],"texture":"#all","cullface":"north"},"down":{"uv":[8,3,9,3.5],"texture":"#all","cullface":"north"}}},{"from":[4,5,-0.5],"to":[5,7,0],"light_emission":15,"faces":{"north":{"uv":[11,9,12,11],"texture":"#all","cullface":"north"},"east":{"uv":[11,9,11.5,11],"texture":"#all","cullface":"north"},"up":{"uv":[11,9,12,9.5],"texture":"#all","cullface":"north"},"down":{"uv":[11,10,12,10.5],"texture":"#all","cullface":"north"}}},{"from":[10,11,-0.5],"to":[11,13,0],"light_emission":15,"faces":{"north":{"uv":[5,3,6,5],"texture":"#all","cullface":"north"},"west":{"uv":[5,3,5.5,5],"texture":"#all","cullface":"north"},"up":{"uv":[5,3,6,3.5],"texture":"#all","cullface":"north"},"down":{"uv":[5,4,6,4.5],"texture":"#all","cullface":"north"}}},{"from":[6,1,-0.5],"to":[7,2,0],"light_emission":15,"faces":{"north":{"uv":[9,14,10,15],"texture":"#all","cullface":"north"},"east":{"uv":[9,14,9.5,15],"texture":"#all","cullface":"north"},"west":{"uv":[9,14,9.5,15],"texture":"#all","cullface":"north"},"down":{"uv":[9,14,10,14.5],"texture":"#all","cullface":"north"}}},{"from":[12,3,-0.5],"to":[14,4,0],"light_emission":15,"faces":{"north":{"uv":[2,12,4,13],"texture":"#all","cullface":"north"},"east":{"uv":[2,12,2.5,13],"texture":"#all","cullface":"north"},"west":{"uv":[3,12,3.5,13],"texture":"#all","cullface":"north"},"up":{"uv":[2,12,4,12.5],"rotation":180,"texture":"#all","cullface":"north"}}}]}