{"credit":"Created by Marceus","format_version":"1.21.6","parent":"block/cube_all","textures":{"0":"block/deepslate_iron_ore2","particle":"block/deepslate_iron_ore2"},"elements":[{"from":[0,0,0],"to":[16,16,16],"faces":{"north":{"uv":[0,0,16,16],"texture":"#0","cullface":"north"},"east":{"uv":[0,0,16,16],"texture":"#0","cullface":"east"},"south":{"uv":[0,0,16,16],"texture":"#0","cullface":"south"},"west":{"uv":[0,0,16,16],"texture":"#0","cullface":"west"},"up":{"uv":[0,0,16,16],"texture":"#0","cullface":"up"},"down":{"uv":[0,0,16,16],"texture":"#0","cullface":"down"}}},{"from":[3,2,-0.5],"to":[4,3,0],"light_emission":15,"faces":{"north":{"uv":[12,13,13,14],"texture":"#0","cullface":"north"},"east":{"uv":[12,13,12.5,14],"texture":"#0","cullface":"north"},"up":{"uv":[12,13,13,13.5],"texture":"#0","cullface":"north"},"down":{"uv":[12,13,13,13.5],"texture":"#0","cullface":"north"}}},{"from":[2,3,-0.5],"to":[3,4,0],"light_emission":15,"faces":{"north":{"uv":[13,12,14,13],"texture":"#0","cullface":"north"},"east":{"uv":[13,12,13.5,13],"texture":"#0","cullface":"north"},"west":{"uv":[13,12,13.5,13],"texture":"#0","cullface":"north"},"up":{"uv":[13,12,14,12.5],"texture":"#0","cullface":"north"}}},{"from":[2,2,-0.7],"to":[3,3,0],"light_emission":15,"faces":{"north":{"uv":[13,13,14,14],"texture":"#0","cullface":"north"},"east":{"uv":[13,13,13.7,14],"texture":"#0","cullface":"north"},"west":{"uv":[13,13,13.7,14],"texture":"#0","cullface":"north"},"up":{"uv":[13,13,14,13.7],"texture":"#0","cullface":"north"},"down":{"uv":[13,13,14,13.7],"texture":"#0","cullface":"north"}}},{"from":[1,2,-0.5],"to":[2,3,0],"light_emission":15,"faces":{"north":{"uv":[14,13,15,14],"texture":"#0","cullface":"north"},"west":{"uv":[14,13,14.5,14],"texture":"#0","cullface":"north"},"up":{"uv":[14,13,15,13.5],"texture":"#0","cullface":"north"},"down":{"uv":[14,13,15,13.5],"texture":"#0","cullface":"north"}}},{"from":[1,9,-0.5],"to":[4,10,0],"light_emission":15,"faces":{"north":{"uv":[12,6,15,7],"texture":"#0","cullface":"north"},"east":{"uv":[12,6,12.7,7],"texture":"#0","cullface":"north"},"west":{"uv":[14,6,14.7,7],"texture":"#0","cullface":"north"},"up":{"uv":[12,6,15,6.7],"rotation":180,"texture":"#0","cullface":"north"},"down":{"uv":[12,6,15,6.7],"rotation":180,"texture":"#0","cullface":"north"}}},{"from":[10,1,-0.5],"to":[13,2,0],"light_emission":15,"faces":{"north":{"uv":[3,14,6,15],"texture":"#0","cullface":"north"},"east":{"uv":[3,14,3.7,15],"texture":"#0","cullface":"north"},"west":{"uv":[5,14,5.7,15],"texture":"#0","cullface":"north"},"down":{"uv":[3,14,6,14.7],"rotation":180,"texture":"#0","cullface":"north"}}},{"from":[-0.5,12,3],"to":[0,13,4],"light_emission":15,"faces":{"north":{"uv":[3,3,3.5,4],"texture":"#0","cullface":"west"},"west":{"uv":[3,3,4,4],"texture":"#0","cullface":"west"},"up":{"uv":[3,3,4,3.5],"rotation":270,"texture":"#0","cullface":"west"},"down":{"uv":[3,3,4,3.5],"rotation":90,"texture":"#0","cullface":"west"}}},{"from":[-0.5,12,9],"to":[0,13,10],"light_emission":15,"faces":{"south":{"uv":[9,3,9.5,4],"texture":"#0","cullface":"west"},"west":{"uv":[9,3,10,4],"texture":"#0","cullface":"west"},"up":{"uv":[9,3,10,3.5],"rotation":270,"texture":"#0","cullface":"west"},"down":{"uv":[9,3,10,3.5],"rotation":90,"texture":"#0","cullface":"west"}}},{"from":[-0.5,13,6],"to":[0,14,8],"light_emission":15,"faces":{"north":{"uv":[6,2,6.5,3],"texture":"#0","cullface":"west"},"south":{"uv":[7,2,7.5,3],"texture":"#0","cullface":"west"},"west":{"uv":[6,2,8,3],"texture":"#0","cullface":"west"},"up":{"uv":[6,2,8,2.5],"rotation":90,"texture":"#0","cullface":"west"}}},{"from":[-0.5,11,4],"to":[0,12,9],"light_emission":15,"faces":{"north":{"uv":[4,4,4.7,5],"texture":"#0","cullface":"west"},"south":{"uv":[8,4,8.7,5],"texture":"#0","cullface":"west"},"west":{"uv":[4,4,9,5],"texture":"#0","cullface":"west"},"down":{"uv":[4,4,9,4.7],"rotation":270,"texture":"#0","cullface":"west"}}},{"from":[-0.7,12,4],"to":[0,13,9],"light_emission":15,"faces":{"north":{"uv":[4,3,4.7,4],"texture":"#0","cullface":"west"},"south":{"uv":[8,3,8.7,4],"texture":"#0","cullface":"west"},"west":{"uv":[4,3,9,4],"texture":"#0","cullface":"west"},"up":{"uv":[4,3,9,3.7],"rotation":90,"texture":"#0","cullface":"west"},"down":{"uv":[4,3,9,3.7],"rotation":270,"texture":"#0","cullface":"west"}}},{"from":[-0.5,10,11],"to":[0,11,12],"light_emission":15,"faces":{"north":{"uv":[11,5,11.5,6],"texture":"#0","cullface":"west"},"west":{"uv":[11,5,12,6],"texture":"#0","cullface":"west"},"up":{"uv":[11,5,12,5.5],"rotation":270,"texture":"#0","cullface":"west"},"down":{"uv":[11,5,12,5.5],"rotation":90,"texture":"#0","cullface":"west"}}},{"from":[-0.7,10,12],"to":[0,11,14],"light_emission":15,"faces":{"north":{"uv":[12,5,12.5,6],"texture":"#0","cullface":"west"},"south":{"uv":[13,5,13.5,6],"texture":"#0","cullface":"west"},"west":{"uv":[12,5,14,6],"texture":"#0","cullface":"west"},"up":{"uv":[12,5,14,5.5],"rotation":90,"texture":"#0","cullface":"west"},"down":{"uv":[12,5,14,5.5],"rotation":270,"texture":"#0","cullface":"west"}}},{"from":[-0.5,6,3],"to":[0,7,4],"light_emission":15,"faces":{"north":{"uv":[3,9,3.5,10],"texture":"#0","cullface":"west"},"west":{"uv":[3,9,4,10],"texture":"#0","cullface":"west"},"up":{"uv":[3,9,4,9.5],"rotation":270,"texture":"#0","cullface":"west"},"down":{"uv":[3,9,4,9.5],"rotation":90,"texture":"#0","cullface":"west"}}},{"from":[-0.7,6,4],"to":[0,7,11],"light_emission":15,"faces":{"north":{"uv":[4,9,4.7,10],"texture":"#0","cullface":"west"},"south":{"uv":[10,9,10.7,10],"texture":"#0","cullface":"west"},"west":{"uv":[4,9,11,10],"texture":"#0","cullface":"west"},"up":{"uv":[4,9,11,9.7],"rotation":90,"texture":"#0","cullface":"west"},"down":{"uv":[4,9,11,9.7],"rotation":270,"texture":"#0","cullface":"west"}}},{"from":[-0.5,6,11],"to":[0,7,13],"light_emission":15,"faces":{"south":{"uv":[12,9,12.5,10],"texture":"#0","cullface":"west"},"west":{"uv":[11,9,13,10],"texture":"#0","cullface":"west"},"up":{"uv":[11,9,13,9.5],"rotation":90,"texture":"#0","cullface":"west"},"down":{"uv":[11,9,13,9.5],"rotation":270,"texture":"#0","cullface":"west"}}},{"from":[-0.5,7,5],"to":[0,8,10],"light_emission":15,"faces":{"north":{"uv":[5,8,5.7,9],"texture":"#0","cullface":"west"},"south":{"uv":[9,8,9.7,9],"texture":"#0","cullface":"west"},"west":{"uv":[5,8,10,9],"texture":"#0","cullface":"west"},"up":{"uv":[5,8,10,8.7],"rotation":90,"texture":"#0","cullface":"west"}}},{"from":[-0.5,5,6],"to":[0,6,11],"light_emission":15,"faces":{"north":{"uv":[6,10,6.7,11],"texture":"#0","cullface":"west"},"south":{"uv":[10,10,10.7,11],"texture":"#0","cullface":"west"},"west":{"uv":[6,10,11,11],"texture":"#0","cullface":"west"},"down":{"uv":[6,10,11,10.7],"rotation":270,"texture":"#0","cullface":"west"}}},{"from":[-0.5,3,4],"to":[0,4,8],"light_emission":15,"faces":{"north":{"uv":[4,12,4.4,13],"texture":"#0","cullface":"west"},"south":{"uv":[7,12,7.4,13],"texture":"#0","cullface":"west"},"west":{"uv":[4,12,8,13],"texture":"#0","cullface":"west"},"up":{"uv":[4,12,8,12.4],"rotation":90,"texture":"#0","cullface":"west"}}},{"from":[-0.7,2,3],"to":[0,3,8],"light_emission":15,"faces":{"north":{"uv":[3,13,3.7,14],"texture":"#0","cullface":"west"},"south":{"uv":[7,13,7.7,14],"texture":"#0","cullface":"west"},"west":{"uv":[3,13,8,14],"texture":"#0","cullface":"west"},"up":{"uv":[3,13,8,13.7],"rotation":90,"texture":"#0","cullface":"west"},"down":{"uv":[3,13,8,13.7],"rotation":270,"texture":"#0","cullface":"west"}}},{"from":[-0.5,2,8],"to":[0,3,10],"light_emission":15,"faces":{"south":{"uv":[9,13,9.5,14],"texture":"#0","cullface":"west"},"west":{"uv":[8,13,10,14],"texture":"#0","cullface":"west"},"up":{"uv":[8,13,10,13.5],"rotation":90,"texture":"#0","cullface":"west"},"down":{"uv":[8,13,10,13.5],"rotation":270,"texture":"#0","cullface":"west"}}},{"from":[-0.5,2,2],"to":[0,3,3],"light_emission":15,"faces":{"north":{"uv":[2,13,2.5,14],"texture":"#0","cullface":"west"},"west":{"uv":[2,13,3,14],"texture":"#0","cullface":"west"},"up":{"uv":[2,13,3,13.5],"rotation":270,"texture":"#0","cullface":"west"},"down":{"uv":[2,13,3,13.5],"rotation":90,"texture":"#0","cullface":"west"}}},{"from":[-0.5,9,12],"to":[0,10,15],"light_emission":15,"faces":{"north":{"uv":[12,6,12.7,7],"texture":"#0","cullface":"west"},"south":{"uv":[14,6,14.7,7],"texture":"#0","cullface":"west"},"west":{"uv":[12,6,15,7],"texture":"#0","cullface":"west"},"up":{"uv":[12,6,15,6.7],"rotation":90,"texture":"#0","cullface":"west"},"down":{"uv":[12,6,15,6.7],"rotation":270,"texture":"#0","cullface":"west"}}},{"from":[-0.5,3,13],"to":[0,4,14],"light_emission":15,"faces":{"north":{"uv":[13,12,13.5,13],"texture":"#0","cullface":"west"},"south":{"uv":[13,12,13.5,13],"texture":"#0","cullface":"west"},"west":{"uv":[13,12,14,13],"texture":"#0","cullface":"west"},"up":{"uv":[13,12,14,12.5],"rotation":270,"texture":"#0","cullface":"west"}}},{"from":[-0.5,2,14],"to":[0,3,15],"light_emission":15,"faces":{"south":{"uv":[14,13,14.5,14],"texture":"#0","cullface":"west"},"west":{"uv":[14,13,15,14],"texture":"#0","cullface":"west"},"up":{"uv":[14,13,15,13.5],"rotation":270,"texture":"#0","cullface":"west"},"down":{"uv":[14,13,15,13.5],"rotation":90,"texture":"#0","cullface":"west"}}},{"from":[-0.7,2,13],"to":[0,3,14],"light_emission":15,"faces":{"north":{"uv":[13,13,13.7,14],"texture":"#0","cullface":"west"},"south":{"uv":[13,13,13.7,14],"texture":"#0","cullface":"west"},"west":{"uv":[13,13,14,14],"texture":"#0","cullface":"west"},"up":{"uv":[13,13,14,13.7],"rotation":270,"texture":"#0","cullface":"west"},"down":{"uv":[13,13,14,13.7],"rotation":90,"texture":"#0","cullface":"west"}}},{"from":[-0.5,2,12],"to":[0,3,13],"light_emission":15,"faces":{"north":{"uv":[12,13,12.5,14],"texture":"#0","cullface":"west"},"west":{"uv":[12,13,13,14],"texture":"#0","cullface":"west"},"up":{"uv":[12,13,13,13.5],"rotation":270,"texture":"#0","cullface":"west"},"down":{"uv":[12,13,13,13.5],"rotation":90,"texture":"#0","cullface":"west"}}},{"from":[-0.5,1,3],"to":[0,2,6],"light_emission":15,"faces":{"north":{"uv":[3,14,3.7,15],"texture":"#0","cullface":"west"},"south":{"uv":[5,14,5.7,15],"texture":"#0","cullface":"west"},"west":{"uv":[3,14,6,15],"texture":"#0","cullface":"west"},"down":{"uv":[3,14,6,14.7],"rotation":270,"texture":"#0","cullface":"west"}}},{"from":[3,12,16],"to":[4,13,16.5],"light_emission":15,"faces":{"south":{"uv":[3,3,4,4],"texture":"#0","cullface":"south"},"west":{"uv":[3,3,3.5,4],"texture":"#0","cullface":"south"},"up":{"uv":[3,3,4,3.5],"rotation":180,"texture":"#0","cullface":"south"},"down":{"uv":[3,3,4,3.5],"rotation":180,"texture":"#0","cullface":"south"}}},{"from":[9,12,16],"to":[10,13,16.5],"light_emission":15,"faces":{"east":{"uv":[9,3,9.5,4],"texture":"#0","cullface":"south"},"south":{"uv":[9,3,10,4],"texture":"#0","cullface":"south"},"up":{"uv":[9,3,10,3.5],"rotation":180,"texture":"#0","cullface":"south"},"down":{"uv":[9,3,10,3.5],"rotation":180,"texture":"#0","cullface":"south"}}},{"from":[6,13,16],"to":[8,14,16.5],"light_emission":15,"faces":{"east":{"uv":[7,2,7.5,3],"texture":"#0","cullface":"south"},"south":{"uv":[6,2,8,3],"texture":"#0","cullface":"south"},"west":{"uv":[6,2,6.5,3],"texture":"#0","cullface":"south"},"up":{"uv":[6,2,8,2.5],"texture":"#0","cullface":"south"}}},{"from":[4,11,16],"to":[9,12,16.5],"light_emission":15,"faces":{"east":{"uv":[8,4,8.7,5],"texture":"#0","cullface":"south"},"south":{"uv":[4,4,9,5],"texture":"#0","cullface":"south"},"west":{"uv":[4,4,4.7,5],"texture":"#0","cullface":"south"},"down":{"uv":[4,4,9,4.7],"texture":"#0","cullface":"south"}}},{"from":[4,12,16],"to":[9,13,16.7],"light_emission":15,"faces":{"east":{"uv":[8,3,8.7,4],"texture":"#0","cullface":"south"},"south":{"uv":[4,3,9,4],"texture":"#0","cullface":"south"},"west":{"uv":[4,3,4.7,4],"texture":"#0","cullface":"south"},"up":{"uv":[4,3,9,3.7],"texture":"#0","cullface":"south"},"down":{"uv":[4,3,9,3.7],"texture":"#0","cullface":"south"}}},{"from":[11,10,16],"to":[12,11,16.5],"light_emission":15,"faces":{"south":{"uv":[11,5,12,6],"texture":"#0","cullface":"south"},"west":{"uv":[11,5,11.5,6],"texture":"#0","cullface":"south"},"up":{"uv":[11,5,12,5.5],"rotation":180,"texture":"#0","cullface":"south"},"down":{"uv":[11,5,12,5.5],"rotation":180,"texture":"#0","cullface":"south"}}},{"from":[12,10,16],"to":[14,11,16.7],"light_emission":15,"faces":{"east":{"uv":[13,5,13.5,6],"texture":"#0","cullface":"south"},"south":{"uv":[12,5,14,6],"texture":"#0","cullface":"south"},"west":{"uv":[12,5,12.5,6],"texture":"#0","cullface":"south"},"up":{"uv":[12,5,14,5.5],"texture":"#0","cullface":"south"},"down":{"uv":[12,5,14,5.5],"texture":"#0","cullface":"south"}}},{"from":[3,6,16],"to":[4,7,16.5],"light_emission":15,"faces":{"south":{"uv":[3,9,4,10],"texture":"#0","cullface":"south"},"west":{"uv":[3,9,3.5,10],"texture":"#0","cullface":"south"},"up":{"uv":[3,9,4,9.5],"rotation":180,"texture":"#0","cullface":"south"},"down":{"uv":[3,9,4,9.5],"rotation":180,"texture":"#0","cullface":"south"}}},{"from":[4,6,16],"to":[11,7,16.7],"light_emission":15,"faces":{"east":{"uv":[10,9,10.7,10],"texture":"#0","cullface":"south"},"south":{"uv":[4,9,11,10],"texture":"#0","cullface":"south"},"west":{"uv":[4,9,4.7,10],"texture":"#0","cullface":"south"},"up":{"uv":[4,9,11,9.7],"texture":"#0","cullface":"south"},"down":{"uv":[4,9,11,9.7],"texture":"#0","cullface":"south"}}},{"from":[11,6,16],"to":[13,7,16.5],"light_emission":15,"faces":{"east":{"uv":[12,9,12.5,10],"texture":"#0","cullface":"south"},"south":{"uv":[11,9,13,10],"texture":"#0","cullface":"south"},"up":{"uv":[11,9,13,9.5],"texture":"#0","cullface":"south"},"down":{"uv":[11,9,13,9.5],"texture":"#0","cullface":"south"}}},{"from":[5,7,16],"to":[10,8,16.5],"light_emission":15,"faces":{"east":{"uv":[9,8,9.7,9],"texture":"#0","cullface":"south"},"south":{"uv":[5,8,10,9],"texture":"#0","cullface":"south"},"west":{"uv":[5,8,5.7,9],"texture":"#0","cullface":"south"},"up":{"uv":[5,8,10,8.7],"texture":"#0","cullface":"south"}}},{"from":[6,5,16],"to":[11,6,16.5],"light_emission":15,"faces":{"east":{"uv":[10,10,10.7,11],"texture":"#0","cullface":"south"},"south":{"uv":[6,10,11,11],"texture":"#0","cullface":"south"},"west":{"uv":[6,10,6.7,11],"texture":"#0","cullface":"south"},"down":{"uv":[6,10,11,10.7],"texture":"#0","cullface":"south"}}},{"from":[16,3,2],"to":[16.5,4,3],"light_emission":15,"faces":{"north":{"uv":[13,12,13.5,13],"texture":"#0","cullface":"east"},"east":{"uv":[13,12,14,13],"texture":"#0","cullface":"east"},"south":{"uv":[13,12,13.5,13],"texture":"#0","cullface":"east"},"up":{"uv":[13,12,14,12.5],"rotation":90,"texture":"#0","cullface":"east"}}},{"from":[16,2,1],"to":[16.5,3,2],"light_emission":15,"faces":{"north":{"uv":[14,13,14.5,14],"texture":"#0","cullface":"east"},"east":{"uv":[14,13,15,14],"texture":"#0","cullface":"east"},"up":{"uv":[14,13,15,13.5],"rotation":90,"texture":"#0","cullface":"east"},"down":{"uv":[14,13,15,13.5],"rotation":270,"texture":"#0","cullface":"east"}}},{"from":[16,2,2],"to":[16.7,3,3],"light_emission":15,"faces":{"north":{"uv":[13,13,13.7,14],"texture":"#0","cullface":"east"},"east":{"uv":[13,13,14,14],"texture":"#0","cullface":"east"},"south":{"uv":[13,13,13.7,14],"texture":"#0","cullface":"east"},"up":{"uv":[13,13,14,13.7],"rotation":90,"texture":"#0","cullface":"east"},"down":{"uv":[13,13,14,13.7],"rotation":270,"texture":"#0","cullface":"east"}}},{"from":[16,2,3],"to":[16.5,3,4],"light_emission":15,"faces":{"east":{"uv":[12,13,13,14],"texture":"#0","cullface":"east"},"south":{"uv":[12,13,12.5,14],"texture":"#0","cullface":"east"},"up":{"uv":[12,13,13,13.5],"rotation":90,"texture":"#0","cullface":"east"},"down":{"uv":[12,13,13,13.5],"rotation":270,"texture":"#0","cullface":"east"}}},{"from":[16,2,6],"to":[16.5,3,8],"light_emission":15,"faces":{"north":{"uv":[9,13,9.5,14],"texture":"#0","cullface":"east"},"east":{"uv":[8,13,10,14],"texture":"#0","cullface":"east"},"up":{"uv":[8,13,10,13.5],"rotation":270,"texture":"#0","cullface":"east"},"down":{"uv":[8,13,10,13.5],"rotation":90,"texture":"#0","cullface":"east"}}},{"from":[16,3,8],"to":[16.5,4,12],"light_emission":15,"faces":{"north":{"uv":[7,12,7.4,13],"texture":"#0","cullface":"east"},"east":{"uv":[4,12,8,13],"texture":"#0","cullface":"east"},"south":{"uv":[4,12,4.4,13],"texture":"#0","cullface":"east"},"up":{"uv":[4,12,8,12.4],"rotation":270,"texture":"#0","cullface":"east"}}},{"from":[16,2,8],"to":[16.7,3,13],"light_emission":15,"faces":{"north":{"uv":[7,13,7.7,14],"texture":"#0","cullface":"east"},"east":{"uv":[3,13,8,14],"texture":"#0","cullface":"east"},"south":{"uv":[3,13,3.7,14],"texture":"#0","cullface":"east"},"up":{"uv":[3,13,8,13.7],"rotation":270,"texture":"#0","cullface":"east"},"down":{"uv":[3,13,8,13.7],"rotation":90,"texture":"#0","cullface":"east"}}},{"from":[16,1,10],"to":[16.5,2,13],"light_emission":15,"faces":{"north":{"uv":[5,14,5.7,15],"texture":"#0","cullface":"east"},"east":{"uv":[3,14,6,15],"texture":"#0","cullface":"east"},"south":{"uv":[3,14,3.7,15],"texture":"#0","cullface":"east"},"down":{"uv":[3,14,6,14.7],"rotation":90,"texture":"#0","cullface":"east"}}},{"from":[16,2,13],"to":[16.5,3,14],"light_emission":15,"faces":{"east":{"uv":[2,13,3,14],"texture":"#0","cullface":"east"},"south":{"uv":[2,13,2.5,14],"texture":"#0","cullface":"east"},"up":{"uv":[2,13,3,13.5],"rotation":90,"texture":"#0","cullface":"east"},"down":{"uv":[2,13,3,13.5],"rotation":270,"texture":"#0","cullface":"east"}}},{"from":[16,6,12],"to":[16.5,7,13],"light_emission":15,"faces":{"east":{"uv":[3,9,4,10],"texture":"#0","cullface":"east"},"south":{"uv":[3,9,3.5,10],"texture":"#0","cullface":"east"},"up":{"uv":[3,9,4,9.5],"rotation":90,"texture":"#0","cullface":"east"},"down":{"uv":[3,9,4,9.5],"rotation":270,"texture":"#0","cullface":"east"}}},{"from":[16,7,6],"to":[16.4,8,11],"light_emission":15,"faces":{"north":{"uv":[9,8,9.7,9],"texture":"#0","cullface":"east"},"east":{"uv":[5,8,10,9],"texture":"#0","cullface":"east"},"south":{"uv":[5,8,5.7,9],"texture":"#0","cullface":"east"},"up":{"uv":[5,8,10,8.7],"rotation":270,"texture":"#0","cullface":"east"}}},{"from":[16,5,5],"to":[16.5,6,10],"light_emission":15,"faces":{"north":{"uv":[10,10,10.7,11],"texture":"#0","cullface":"east"},"east":{"uv":[6,10,11,11],"texture":"#0","cullface":"east"},"south":{"uv":[6,10,6.7,11],"texture":"#0","cullface":"east"},"down":{"uv":[6,10,11,10.7],"rotation":90,"texture":"#0","cullface":"east"}}},{"from":[16,6,5],"to":[16.7,7,12],"light_emission":15,"faces":{"north":{"uv":[10,9,10.7,10],"texture":"#0","cullface":"east"},"east":{"uv":[4,9,11,10],"texture":"#0","cullface":"east"},"south":{"uv":[4,9,4.7,10],"texture":"#0","cullface":"east"},"up":{"uv":[4,9,11,9.7],"rotation":270,"texture":"#0","cullface":"east"},"down":{"uv":[4,9,11,9.7],"rotation":90,"texture":"#0","cullface":"east"}}},{"from":[16,6,3],"to":[16.5,7,5],"light_emission":15,"faces":{"north":{"uv":[12,9,12.5,10],"texture":"#0","cullface":"east"},"east":{"uv":[11,9,13,10],"texture":"#0","cullface":"east"},"up":{"uv":[11,9,13,9.5],"rotation":270,"texture":"#0","cullface":"east"},"down":{"uv":[11,9,13,9.5],"rotation":90,"texture":"#0","cullface":"east"}}},{"from":[16,9,1],"to":[16.5,10,4],"light_emission":15,"faces":{"north":{"uv":[14,6,14.7,7],"texture":"#0","cullface":"east"},"east":{"uv":[12,6,15,7],"texture":"#0","cullface":"east"},"south":{"uv":[12,6,12.7,7],"texture":"#0","cullface":"east"},"up":{"uv":[12,6,15,6.7],"rotation":270,"texture":"#0","cullface":"east"},"down":{"uv":[12,6,15,6.7],"rotation":90,"texture":"#0","cullface":"east"}}},{"from":[16,10,2],"to":[16.7,11,4],"light_emission":15,"faces":{"north":{"uv":[13,5,13.5,6],"texture":"#0","cullface":"east"},"east":{"uv":[12,5,14,6],"texture":"#0","cullface":"east"},"south":{"uv":[12,5,12.5,6],"texture":"#0","cullface":"east"},"up":{"uv":[12,5,14,5.5],"rotation":270,"texture":"#0","cullface":"east"},"down":{"uv":[12,5,14,5.5],"rotation":90,"texture":"#0","cullface":"east"}}},{"from":[16,10,4],"to":[16.5,11,5],"light_emission":15,"faces":{"east":{"uv":[11,5,12,6],"texture":"#0","cullface":"east"},"south":{"uv":[11,5,11.5,6],"texture":"#0","cullface":"east"},"up":{"uv":[11,5,12,5.5],"rotation":90,"texture":"#0","cullface":"east"},"down":{"uv":[11,5,12,5.5],"rotation":270,"texture":"#0","cullface":"east"}}},{"from":[16,11,7],"to":[16.5,12,12],"light_emission":15,"faces":{"north":{"uv":[8,4,8.7,5],"texture":"#0","cullface":"east"},"east":{"uv":[4,4,9,5],"texture":"#0","cullface":"east"},"south":{"uv":[4,4,4.7,5],"texture":"#0","cullface":"east"},"down":{"uv":[4,4,9,4.7],"rotation":90,"texture":"#0","cullface":"east"}}},{"from":[16,12,6],"to":[16.5,13,7],"light_emission":15,"faces":{"north":{"uv":[9,3,9.5,4],"texture":"#0","cullface":"east"},"east":{"uv":[9,3,10,4],"texture":"#0","cullface":"east"},"up":{"uv":[9,3,10,3.5],"rotation":90,"texture":"#0","cullface":"east"},"down":{"uv":[9,3,10,3.5],"rotation":270,"texture":"#0","cullface":"east"}}},{"from":[16,13,8],"to":[16.5,14,10],"light_emission":15,"faces":{"north":{"uv":[7,2,7.5,3],"texture":"#0","cullface":"east"},"east":{"uv":[6,2,8,3],"texture":"#0","cullface":"east"},"south":{"uv":[6,2,6.5,3],"texture":"#0","cullface":"east"},"up":{"uv":[6,2,8,2.5],"rotation":270,"texture":"#0","cullface":"east"}}},{"from":[16,12,7],"to":[16.7,13,12],"light_emission":15,"faces":{"north":{"uv":[8,3,8.7,4],"texture":"#0","cullface":"east"},"east":{"uv":[4,3,9,4],"texture":"#0","cullface":"east"},"south":{"uv":[4,3,4.7,4],"texture":"#0","cullface":"east"},"up":{"uv":[4,3,9,3.7],"rotation":270,"texture":"#0","cullface":"east"},"down":{"uv":[4,3,9,3.7],"rotation":90,"texture":"#0","cullface":"east"}}},{"from":[16,12,12],"to":[16.5,13,13],"light_emission":15,"faces":{"east":{"uv":[3,3,4,4],"texture":"#0","cullface":"east"},"south":{"uv":[3,3,3.5,4],"texture":"#0","cullface":"east"},"up":{"uv":[3,3,4,3.5],"rotation":90,"texture":"#0","cullface":"east"},"down":{"uv":[3,3,4,3.5],"rotation":270,"texture":"#0","cullface":"east"}}},{"from":[4,3,16],"to":[8,4,16.5],"light_emission":15,"faces":{"east":{"uv":[7,12,7.4,13],"texture":"#0","cullface":"south"},"south":{"uv":[4,12,8,13],"texture":"#0","cullface":"south"},"west":{"uv":[4,12,4.4,13],"texture":"#0","cullface":"south"},"up":{"uv":[4,12,8,12.4],"texture":"#0","cullface":"south"}}},{"from":[3,2,16],"to":[8,3,16.7],"light_emission":15,"faces":{"east":{"uv":[7,13,7.7,14],"texture":"#0","cullface":"south"},"south":{"uv":[3,13,8,14],"texture":"#0","cullface":"south"},"west":{"uv":[3,13,3.7,14],"texture":"#0","cullface":"south"},"up":{"uv":[3,13,8,13.7],"texture":"#0","cullface":"south"},"down":{"uv":[3,13,8,13.7],"texture":"#0","cullface":"south"}}},{"from":[8,2,16],"to":[10,3,16.5],"light_emission":15,"faces":{"east":{"uv":[9,13,9.5,14],"texture":"#0","cullface":"south"},"south":{"uv":[8,13,10,14],"texture":"#0","cullface":"south"},"up":{"uv":[8,13,10,13.5],"texture":"#0","cullface":"south"},"down":{"uv":[8,13,10,13.5],"texture":"#0","cullface":"south"}}},{"from":[2,2,16],"to":[3,3,16.5],"light_emission":15,"faces":{"south":{"uv":[2,13,3,14],"texture":"#0","cullface":"south"},"west":{"uv":[2,13,2.5,14],"texture":"#0","cullface":"south"},"up":{"uv":[2,13,3,13.5],"rotation":180,"texture":"#0","cullface":"south"},"down":{"uv":[2,13,3,13.5],"rotation":180,"texture":"#0","cullface":"south"}}},{"from":[12,9,16],"to":[15,10,16.5],"light_emission":15,"faces":{"east":{"uv":[14,6,14.7,7],"texture":"#0","cullface":"south"},"south":{"uv":[12,6,15,7],"texture":"#0","cullface":"south"},"west":{"uv":[12,6,12.7,7],"texture":"#0","cullface":"south"},"up":{"uv":[12,6,15,6.7],"texture":"#0","cullface":"south"},"down":{"uv":[12,6,15,6.7],"texture":"#0","cullface":"south"}}},{"from":[13,3,16],"to":[14,4,16.5],"light_emission":15,"faces":{"east":{"uv":[13,12,13.5,13],"texture":"#0","cullface":"south"},"south":{"uv":[13,12,14,13],"texture":"#0","cullface":"south"},"west":{"uv":[13,12,13.5,13],"texture":"#0","cullface":"south"},"up":{"uv":[13,12,14,12.5],"rotation":180,"texture":"#0","cullface":"south"}}},{"from":[14,2,16],"to":[15,3,16.5],"light_emission":15,"faces":{"east":{"uv":[14,13,14.5,14],"texture":"#0","cullface":"south"},"south":{"uv":[14,13,15,14],"texture":"#0","cullface":"south"},"up":{"uv":[14,13,15,13.5],"rotation":180,"texture":"#0","cullface":"south"},"down":{"uv":[14,13,15,13.5],"rotation":180,"texture":"#0","cullface":"south"}}},{"from":[13,2,16],"to":[14,3,16.7],"light_emission":15,"faces":{"east":{"uv":[13,13,13.7,14],"texture":"#0","cullface":"south"},"south":{"uv":[13,13,14,14],"texture":"#0","cullface":"south"},"west":{"uv":[13,13,13.7,14],"texture":"#0","cullface":"south"},"up":{"uv":[13,13,14,13.7],"rotation":180,"texture":"#0","cullface":"south"},"down":{"uv":[13,13,14,13.7],"rotation":180,"texture":"#0","cullface":"south"}}},{"from":[12,2,16],"to":[13,3,16.5],"light_emission":15,"faces":{"south":{"uv":[12,13,13,14],"texture":"#0","cullface":"south"},"west":{"uv":[12,13,12.5,14],"texture":"#0","cullface":"south"},"up":{"uv":[12,13,13,13.5],"rotation":180,"texture":"#0","cullface":"south"},"down":{"uv":[12,13,13,13.5],"rotation":180,"texture":"#0","cullface":"south"}}},{"from":[3,1,16],"to":[6,2,16.5],"light_emission":15,"faces":{"east":{"uv":[5,14,5.7,15],"texture":"#0","cullface":"south"},"south":{"uv":[3,14,6,15],"texture":"#0","cullface":"south"},"west":{"uv":[3,14,3.7,15],"texture":"#0","cullface":"south"},"down":{"uv":[3,14,6,14.7],"texture":"#0","cullface":"south"}}},{"from":[9,16,3],"to":[10,16.5,4],"light_emission":15,"faces":{"north":{"uv":[9,3,10,3.5],"texture":"#0","cullface":"up"},"east":{"uv":[9,3,9.5,4],"rotation":90,"texture":"#0","cullface":"up"},"south":{"uv":[9,3,10,3.5],"rotation":180,"texture":"#0","cullface":"up"},"up":{"uv":[9,3,10,4],"texture":"#0","cullface":"up"}}},{"from":[6,16,2],"to":[8,16.5,3],"light_emission":15,"faces":{"north":{"uv":[6,2,8,2.5],"rotation":180,"texture":"#0","cullface":"up"},"east":{"uv":[7,2,7.5,3],"rotation":90,"texture":"#0","cullface":"up"},"west":{"uv":[6,2,6.5,3],"rotation":270,"texture":"#0","cullface":"up"},"up":{"uv":[6,2,8,3],"texture":"#0","cullface":"up"}}},{"from":[4,16,3],"to":[9,16.7,4],"light_emission":15,"faces":{"north":{"uv":[4,3,9,3.7],"rotation":180,"texture":"#0","cullface":"up"},"east":{"uv":[8,3,8.7,4],"rotation":90,"texture":"#0","cullface":"up"},"south":{"uv":[4,3,9,3.7],"texture":"#0","cullface":"up"},"west":{"uv":[4,3,4.7,4],"rotation":270,"texture":"#0","cullface":"up"},"up":{"uv":[4,3,9,4],"texture":"#0","cullface":"up"}}},{"from":[3,16,3],"to":[4,16.5,4],"light_emission":15,"faces":{"north":{"uv":[3,3,4,3.5],"texture":"#0","cullface":"up"},"south":{"uv":[3,3,4,3.5],"rotation":180,"texture":"#0","cullface":"up"},"west":{"uv":[3,3,3.5,4],"rotation":270,"texture":"#0","cullface":"up"},"up":{"uv":[3,3,4,4],"texture":"#0","cullface":"up"}}},{"from":[4,16,4],"to":[9,16.5,5],"light_emission":15,"faces":{"east":{"uv":[8,4,8.7,5],"rotation":90,"texture":"#0","cullface":"up"},"south":{"uv":[4,4,9,4.7],"texture":"#0","cullface":"up"},"west":{"uv":[4,4,4.7,5],"rotation":270,"texture":"#0","cullface":"up"},"up":{"uv":[4,4,9,5],"texture":"#0","cullface":"up"}}},{"from":[12,16,6],"to":[15,16.5,7],"light_emission":15,"faces":{"north":{"uv":[12,6,15,6.7],"rotation":180,"texture":"#0","cullface":"up"},"east":{"uv":[14,6,14.7,7],"rotation":90,"texture":"#0","cullface":"up"},"south":{"uv":[12,6,15,6.7],"texture":"#0","cullface":"up"},"west":{"uv":[12,6,12.7,7],"rotation":270,"texture":"#0","cullface":"up"},"up":{"uv":[12,6,15,7],"texture":"#0","cullface":"up"}}},{"from":[12,16,5],"to":[14,16.7,6],"light_emission":15,"faces":{"north":{"uv":[12,5,14,5.5],"rotation":180,"texture":"#0","cullface":"up"},"east":{"uv":[13,5,13.5,6],"rotation":90,"texture":"#0","cullface":"up"},"south":{"uv":[12,5,14,5.5],"texture":"#0","cullface":"up"},"west":{"uv":[12,5,12.5,6],"rotation":270,"texture":"#0","cullface":"up"},"up":{"uv":[12,5,14,6],"texture":"#0","cullface":"up"}}},{"from":[11,16,5],"to":[12,16.5,6],"light_emission":15,"faces":{"north":{"uv":[11,5,12,5.5],"texture":"#0","cullface":"up"},"south":{"uv":[11,5,12,5.5],"rotation":180,"texture":"#0","cullface":"up"},"west":{"uv":[11,5,11.5,6],"rotation":270,"texture":"#0","cullface":"up"},"up":{"uv":[11,5,12,6],"texture":"#0","cullface":"up"}}},{"from":[3,16,9],"to":[4,16.5,10],"light_emission":15,"faces":{"north":{"uv":[3,9,4,9.5],"texture":"#0","cullface":"up"},"south":{"uv":[3,9,4,9.5],"rotation":180,"texture":"#0","cullface":"up"},"west":{"uv":[3,9,3.5,10],"rotation":270,"texture":"#0","cullface":"up"},"up":{"uv":[3,9,4,10],"texture":"#0","cullface":"up"}}},{"from":[5,16,8],"to":[10,16.5,9],"light_emission":15,"faces":{"north":{"uv":[5,8,10,8.7],"rotation":180,"texture":"#0","cullface":"up"},"east":{"uv":[9,8,9.7,9],"rotation":90,"texture":"#0","cullface":"up"},"west":{"uv":[5,8,5.7,9],"rotation":270,"texture":"#0","cullface":"up"},"up":{"uv":[5,8,10,9],"texture":"#0","cullface":"up"}}},{"from":[11,16,9],"to":[13,16.5,10],"light_emission":15,"faces":{"north":{"uv":[11,9,13,9.5],"rotation":180,"texture":"#0","cullface":"up"},"east":{"uv":[12,9,12.5,10],"rotation":90,"texture":"#0","cullface":"up"},"south":{"uv":[11,9,13,9.5],"texture":"#0","cullface":"up"},"up":{"uv":[11,9,13,10],"texture":"#0","cullface":"up"}}},{"from":[4,16,9],"to":[11,16.7,10],"light_emission":15,"faces":{"north":{"uv":[4,9,11,9.7],"rotation":180,"texture":"#0","cullface":"up"},"east":{"uv":[10,9,10.7,10],"rotation":90,"texture":"#0","cullface":"up"},"south":{"uv":[4,9,11,9.7],"texture":"#0","cullface":"up"},"west":{"uv":[4,9,4.7,10],"rotation":270,"texture":"#0","cullface":"up"},"up":{"uv":[4,9,11,10],"texture":"#0","cullface":"up"}}},{"from":[6,16,10],"to":[11,16.5,11],"light_emission":15,"faces":{"east":{"uv":[10,10,10.7,11],"rotation":90,"texture":"#0","cullface":"up"},"south":{"uv":[6,10,11,10.7],"texture":"#0","cullface":"up"},"west":{"uv":[6,10,6.7,11],"rotation":270,"texture":"#0","cullface":"up"},"up":{"uv":[6,10,11,11],"texture":"#0","cullface":"up"}}},{"from":[14,16,13],"to":[15,16.5,14],"light_emission":15,"faces":{"north":{"uv":[14,13,15,13.5],"texture":"#0","cullface":"up"},"east":{"uv":[14,13,14.5,14],"rotation":90,"texture":"#0","cullface":"up"},"south":{"uv":[14,13,15,13.5],"rotation":180,"texture":"#0","cullface":"up"},"up":{"uv":[14,13,15,14],"texture":"#0","cullface":"up"}}},{"from":[13,16,12],"to":[14,16.5,13],"light_emission":15,"faces":{"north":{"uv":[13,12,14,12.5],"texture":"#0","cullface":"up"},"east":{"uv":[13,12,13.5,13],"rotation":90,"texture":"#0","cullface":"up"},"west":{"uv":[13,12,13.5,13],"rotation":270,"texture":"#0","cullface":"up"},"up":{"uv":[13,12,14,13],"texture":"#0","cullface":"up"}}},{"from":[13,16,13],"to":[14,16.7,14],"light_emission":15,"faces":{"north":{"uv":[13,13,14,13.7],"texture":"#0","cullface":"up"},"east":{"uv":[13,13,13.7,14],"rotation":90,"texture":"#0","cullface":"up"},"south":{"uv":[13,13,14,13.7],"rotation":180,"texture":"#0","cullface":"up"},"west":{"uv":[13,13,13.7,14],"rotation":270,"texture":"#0","cullface":"up"},"up":{"uv":[13,13,14,14],"texture":"#0","cullface":"up"}}},{"from":[12,16,13],"to":[13,16.5,14],"light_emission":15,"faces":{"north":{"uv":[12,13,13,13.5],"texture":"#0","cullface":"up"},"south":{"uv":[12,13,13,13.5],"rotation":180,"texture":"#0","cullface":"up"},"west":{"uv":[12,13,12.5,14],"rotation":270,"texture":"#0","cullface":"up"},"up":{"uv":[12,13,13,14],"texture":"#0","cullface":"up"}}},{"from":[8,16,13],"to":[10,16.5,14],"light_emission":15,"faces":{"north":{"uv":[8,13,10,13.5],"rotation":180,"texture":"#0","cullface":"up"},"east":{"uv":[9,13,9.5,14],"rotation":90,"texture":"#0","cullface":"up"},"south":{"uv":[8,13,10,13.5],"texture":"#0","cullface":"up"},"up":{"uv":[8,13,10,14],"texture":"#0","cullface":"up"}}},{"from":[4,16,12],"to":[8,16.5,13],"light_emission":15,"faces":{"north":{"uv":[4,12,8,12.4],"rotation":180,"texture":"#0","cullface":"up"},"east":{"uv":[7,12,7.4,13],"rotation":90,"texture":"#0","cullface":"up"},"west":{"uv":[4,12,4.4,13],"rotation":270,"texture":"#0","cullface":"up"},"up":{"uv":[4,12,8,13],"texture":"#0","cullface":"up"}}},{"from":[3,16,13],"to":[8,16.7,14],"light_emission":15,"faces":{"north":{"uv":[3,13,8,13.7],"rotation":180,"texture":"#0","cullface":"up"},"east":{"uv":[7,13,7.7,14],"rotation":90,"texture":"#0","cullface":"up"},"south":{"uv":[3,13,8,13.7],"texture":"#0","cullface":"up"},"west":{"uv":[3,13,3.7,14],"rotation":270,"texture":"#0","cullface":"up"},"up":{"uv":[3,13,8,14],"texture":"#0","cullface":"up"}}},{"from":[2,16,13],"to":[3,16.5,14],"light_emission":15,"faces":{"north":{"uv":[2,13,3,13.5],"texture":"#0","cullface":"up"},"south":{"uv":[2,13,3,13.5],"rotation":180,"texture":"#0","cullface":"up"},"west":{"uv":[2,13,2.5,14],"rotation":270,"texture":"#0","cullface":"up"},"up":{"uv":[2,13,3,14],"texture":"#0","cullface":"up"}}},{"from":[3,16,14],"to":[6,16.5,15],"light_emission":15,"faces":{"east":{"uv":[5,14,5.7,15],"rotation":90,"texture":"#0","cullface":"up"},"south":{"uv":[3,14,6,14.7],"texture":"#0","cullface":"up"},"west":{"uv":[3,14,3.7,15],"rotation":270,"texture":"#0","cullface":"up"},"up":{"uv":[3,14,6,15],"texture":"#0","cullface":"up"}}},{"from":[9,-0.5,12],"to":[10,0,13],"light_emission":15,"faces":{"north":{"uv":[9,3,10,3.5],"texture":"#0","cullface":"down"},"east":{"uv":[9,3,9.5,4],"rotation":270,"texture":"#0","cullface":"down"},"south":{"uv":[9,3,10,3.5],"rotation":180,"texture":"#0","cullface":"down"},"down":{"uv":[9,3,10,4],"texture":"#0","cullface":"down"}}},{"from":[6,-0.5,13],"to":[8,0,14],"light_emission":15,"faces":{"east":{"uv":[7,2,7.5,3],"rotation":270,"texture":"#0","cullface":"down"},"south":{"uv":[6,2,8,2.5],"texture":"#0","cullface":"down"},"west":{"uv":[6,2,6.5,3],"rotation":90,"texture":"#0","cullface":"down"},"down":{"uv":[6,2,8,3],"texture":"#0","cullface":"down"}}},{"from":[4,-0.7,12],"to":[9,0,13],"light_emission":15,"faces":{"north":{"uv":[4,3,9,3.7],"rotation":180,"texture":"#0","cullface":"down"},"east":{"uv":[8,3,8.7,4],"rotation":270,"texture":"#0","cullface":"down"},"south":{"uv":[4,3,9,3.7],"texture":"#0","cullface":"down"},"west":{"uv":[4,3,4.7,4],"rotation":90,"texture":"#0","cullface":"down"},"down":{"uv":[4,3,9,4],"texture":"#0","cullface":"down"}}},{"from":[3,-0.5,12],"to":[4,0,13],"light_emission":15,"faces":{"north":{"uv":[3,3,4,3.5],"texture":"#0","cullface":"down"},"south":{"uv":[3,3,4,3.5],"rotation":180,"texture":"#0","cullface":"down"},"west":{"uv":[3,3,3.5,4],"rotation":90,"texture":"#0","cullface":"down"},"down":{"uv":[3,3,4,4],"texture":"#0","cullface":"down"}}},{"from":[4,-0.5,11],"to":[9,0,12],"light_emission":15,"faces":{"north":{"uv":[4,4,9,4.7],"rotation":180,"texture":"#0","cullface":"down"},"east":{"uv":[8,4,8.7,5],"rotation":270,"texture":"#0","cullface":"down"},"west":{"uv":[4,4,4.7,5],"rotation":90,"texture":"#0","cullface":"down"},"down":{"uv":[4,4,9,5],"texture":"#0","cullface":"down"}}},{"from":[12,-0.5,9],"to":[15,0,10],"light_emission":15,"faces":{"north":{"uv":[12,6,15,6.7],"rotation":180,"texture":"#0","cullface":"down"},"east":{"uv":[14,6,14.7,7],"rotation":270,"texture":"#0","cullface":"down"},"south":{"uv":[12,6,15,6.7],"texture":"#0","cullface":"down"},"west":{"uv":[12,6,12.7,7],"rotation":90,"texture":"#0","cullface":"down"},"down":{"uv":[12,6,15,7],"texture":"#0","cullface":"down"}}},{"from":[12,-0.7,10],"to":[14,0,11],"light_emission":15,"faces":{"north":{"uv":[12,5,14,5.5],"rotation":180,"texture":"#0","cullface":"down"},"east":{"uv":[13,5,13.5,6],"rotation":270,"texture":"#0","cullface":"down"},"south":{"uv":[12,5,14,5.5],"texture":"#0","cullface":"down"},"west":{"uv":[12,5,12.5,6],"rotation":90,"texture":"#0","cullface":"down"},"down":{"uv":[12,5,14,6],"texture":"#0","cullface":"down"}}},{"from":[11,-0.5,10],"to":[12,0,11],"light_emission":15,"faces":{"north":{"uv":[11,5,12,5.5],"texture":"#0","cullface":"down"},"south":{"uv":[11,5,12,5.5],"rotation":180,"texture":"#0","cullface":"down"},"west":{"uv":[11,5,11.5,6],"rotation":90,"texture":"#0","cullface":"down"},"down":{"uv":[11,5,12,6],"texture":"#0","cullface":"down"}}},{"from":[3,-0.5,6],"to":[4,0,7],"light_emission":15,"faces":{"north":{"uv":[3,9,4,9.5],"texture":"#0","cullface":"down"},"south":{"uv":[3,9,4,9.5],"rotation":180,"texture":"#0","cullface":"down"},"west":{"uv":[3,9,3.5,10],"rotation":90,"texture":"#0","cullface":"down"},"down":{"uv":[3,9,4,10],"texture":"#0","cullface":"down"}}},{"from":[5,-0.5,7],"to":[10,0,8],"light_emission":15,"faces":{"east":{"uv":[9,8,9.7,9],"rotation":270,"texture":"#0","cullface":"down"},"south":{"uv":[5,8,10,8.7],"texture":"#0","cullface":"down"},"west":{"uv":[5,8,5.7,9],"rotation":90,"texture":"#0","cullface":"down"},"down":{"uv":[5,8,10,9],"texture":"#0","cullface":"down"}}},{"from":[11,-0.5,6],"to":[13,0,7],"light_emission":15,"faces":{"north":{"uv":[11,9,13,9.5],"rotation":180,"texture":"#0","cullface":"down"},"east":{"uv":[12,9,12.5,10],"rotation":270,"texture":"#0","cullface":"down"},"south":{"uv":[11,9,13,9.5],"texture":"#0","cullface":"down"},"down":{"uv":[11,9,13,10],"texture":"#0","cullface":"down"}}},{"from":[4,-0.7,6],"to":[11,0,7],"light_emission":15,"faces":{"north":{"uv":[4,9,11,9.7],"rotation":180,"texture":"#0","cullface":"down"},"east":{"uv":[10,9,10.7,10],"rotation":270,"texture":"#0","cullface":"down"},"south":{"uv":[4,9,11,9.7],"texture":"#0","cullface":"down"},"west":{"uv":[4,9,4.7,10],"rotation":90,"texture":"#0","cullface":"down"},"down":{"uv":[4,9,11,10],"texture":"#0","cullface":"down"}}},{"from":[6,-0.5,5],"to":[11,0,6],"light_emission":15,"faces":{"north":{"uv":[6,10,11,10.7],"rotation":180,"texture":"#0","cullface":"down"},"east":{"uv":[10,10,10.7,11],"rotation":270,"texture":"#0","cullface":"down"},"west":{"uv":[6,10,6.7,11],"rotation":90,"texture":"#0","cullface":"down"},"down":{"uv":[6,10,11,11],"texture":"#0","cullface":"down"}}},{"from":[14,-0.5,2],"to":[15,0,3],"light_emission":15,"faces":{"north":{"uv":[14,13,15,13.5],"texture":"#0","cullface":"down"},"east":{"uv":[14,13,14.5,14],"rotation":270,"texture":"#0","cullface":"down"},"south":{"uv":[14,13,15,13.5],"rotation":180,"texture":"#0","cullface":"down"},"down":{"uv":[14,13,15,14],"texture":"#0","cullface":"down"}}},{"from":[13,-0.5,3],"to":[14,0,4],"light_emission":15,"faces":{"east":{"uv":[13,12,13.5,13],"rotation":270,"texture":"#0","cullface":"down"},"south":{"uv":[13,12,14,12.5],"rotation":180,"texture":"#0","cullface":"down"},"west":{"uv":[13,12,13.5,13],"rotation":90,"texture":"#0","cullface":"down"},"down":{"uv":[13,12,14,13],"texture":"#0","cullface":"down"}}},{"from":[13,-0.7,2],"to":[14,0,3],"light_emission":15,"faces":{"north":{"uv":[13,13,14,13.7],"texture":"#0","cullface":"down"},"east":{"uv":[13,13,13.7,14],"rotation":270,"texture":"#0","cullface":"down"},"south":{"uv":[13,13,14,13.7],"rotation":180,"texture":"#0","cullface":"down"},"west":{"uv":[13,13,13.7,14],"rotation":90,"texture":"#0","cullface":"down"},"down":{"uv":[13,13,14,14],"texture":"#0","cullface":"down"}}},{"from":[12,-0.5,2],"to":[13,0,3],"light_emission":15,"faces":{"north":{"uv":[12,13,13,13.5],"texture":"#0","cullface":"down"},"south":{"uv":[12,13,13,13.5],"rotation":180,"texture":"#0","cullface":"down"},"west":{"uv":[12,13,12.5,14],"rotation":90,"texture":"#0","cullface":"down"},"down":{"uv":[12,13,13,14],"texture":"#0","cullface":"down"}}},{"from":[8,-0.5,2],"to":[10,0,3],"light_emission":15,"faces":{"north":{"uv":[8,13,10,13.5],"rotation":180,"texture":"#0","cullface":"down"},"east":{"uv":[9,13,9.5,14],"rotation":270,"texture":"#0","cullface":"down"},"south":{"uv":[8,13,10,13.5],"texture":"#0","cullface":"down"},"down":{"uv":[8,13,10,14],"texture":"#0","cullface":"down"}}},{"from":[4,-0.5,3],"to":[8,0,4],"light_emission":15,"faces":{"east":{"uv":[7,12,7.4,13],"rotation":270,"texture":"#0","cullface":"down"},"south":{"uv":[4,12,8,12.4],"texture":"#0","cullface":"down"},"west":{"uv":[4,12,4.4,13],"rotation":90,"texture":"#0","cullface":"down"},"down":{"uv":[4,12,8,13],"texture":"#0","cullface":"down"}}},{"from":[3,-0.7,2],"to":[8,0,3],"light_emission":15,"faces":{"north":{"uv":[3,13,8,13.7],"rotation":180,"texture":"#0","cullface":"down"},"east":{"uv":[7,13,7.7,14],"rotation":270,"texture":"#0","cullface":"down"},"south":{"uv":[3,13,8,13.7],"texture":"#0","cullface":"down"},"west":{"uv":[3,13,3.7,14],"rotation":90,"texture":"#0","cullface":"down"},"down":{"uv":[3,13,8,14],"texture":"#0","cullface":"down"}}},{"from":[2,-0.5,2],"to":[3,0,3],"light_emission":15,"faces":{"north":{"uv":[2,13,3,13.5],"texture":"#0","cullface":"down"},"south":{"uv":[2,13,3,13.5],"rotation":180,"texture":"#0","cullface":"down"},"west":{"uv":[2,13,2.5,14],"rotation":90,"texture":"#0","cullface":"down"},"down":{"uv":[2,13,3,14],"texture":"#0","cullface":"down"}}},{"from":[3,-0.5,1],"to":[6,0,2],"light_emission":15,"faces":{"north":{"uv":[3,14,6,14.7],"rotation":180,"texture":"#0","cullface":"down"},"east":{"uv":[5,14,5.7,15],"rotation":270,"texture":"#0","cullface":"down"},"west":{"uv":[3,14,3.7,15],"rotation":90,"texture":"#0","cullface":"down"},"down":{"uv":[3,14,6,15],"texture":"#0","cullface":"down"}}},{"from":[13,2,-0.5],"to":[14,3,0],"light_emission":15,"faces":{"north":{"uv":[2,13,3,14],"texture":"#0","cullface":"north"},"east":{"uv":[2,13,2.5,14],"texture":"#0","cullface":"north"},"up":{"uv":[2,13,3,13.5],"texture":"#0","cullface":"north"},"down":{"uv":[2,13,3,13.5],"texture":"#0","cullface":"north"}}},{"from":[12,6,-0.5],"to":[13,7,0],"light_emission":15,"faces":{"north":{"uv":[3,9,4,10],"texture":"#0","cullface":"north"},"east":{"uv":[3,9,3.5,10],"texture":"#0","cullface":"north"},"up":{"uv":[3,9,4,9.5],"texture":"#0","cullface":"north"},"down":{"uv":[3,9,4,9.5],"texture":"#0","cullface":"north"}}},{"from":[4,10,-0.5],"to":[5,11,0],"light_emission":15,"faces":{"north":{"uv":[11,5,12,6],"texture":"#0","cullface":"north"},"east":{"uv":[11,5,11.5,6],"texture":"#0","cullface":"north"},"up":{"uv":[11,5,12,5.5],"texture":"#0","cullface":"north"},"down":{"uv":[11,5,12,5.5],"texture":"#0","cullface":"north"}}},{"from":[6,12,-0.5],"to":[7,13,0],"light_emission":15,"faces":{"north":{"uv":[9,3,10,4],"texture":"#0","cullface":"north"},"west":{"uv":[9,3,9.5,4],"texture":"#0","cullface":"north"},"up":{"uv":[9,3,10,3.5],"texture":"#0","cullface":"north"},"down":{"uv":[9,3,10,3.5],"texture":"#0","cullface":"north"}}},{"from":[12,12,-0.5],"to":[13,13,0],"light_emission":15,"faces":{"north":{"uv":[3,3,4,4],"texture":"#0","cullface":"north"},"east":{"uv":[3,3,3.5,4],"texture":"#0","cullface":"north"},"up":{"uv":[3,3,4,3.5],"texture":"#0","cullface":"north"},"down":{"uv":[3,3,4,3.5],"texture":"#0","cullface":"north"}}},{"from":[6,2,-0.5],"to":[8,3,0],"light_emission":15,"faces":{"north":{"uv":[8,13,10,14],"texture":"#0","cullface":"north"},"west":{"uv":[9,13,9.5,14],"texture":"#0","cullface":"north"},"up":{"uv":[8,13,10,13.5],"rotation":180,"texture":"#0","cullface":"north"},"down":{"uv":[8,13,10,13.5],"rotation":180,"texture":"#0","cullface":"north"}}},{"from":[3,6,-0.5],"to":[5,7,0],"light_emission":15,"faces":{"north":{"uv":[11,9,13,10],"texture":"#0","cullface":"north"},"west":{"uv":[12,9,12.5,10],"texture":"#0","cullface":"north"},"up":{"uv":[11,9,13,9.5],"rotation":180,"texture":"#0","cullface":"north"},"down":{"uv":[11,9,13,9.5],"rotation":180,"texture":"#0","cullface":"north"}}},{"from":[8,13,-0.5],"to":[10,14,0],"light_emission":15,"faces":{"north":{"uv":[6,2,8,3],"texture":"#0","cullface":"north"},"east":{"uv":[6,2,6.5,3],"texture":"#0","cullface":"north"},"west":{"uv":[7,2,7.5,3],"texture":"#0","cullface":"north"},"up":{"uv":[6,2,8,2.5],"rotation":180,"texture":"#0","cullface":"north"}}},{"from":[2,10,-0.7],"to":[4,11,0],"light_emission":15,"faces":{"north":{"uv":[12,5,14,6],"texture":"#0","cullface":"north"},"east":{"uv":[12,5,12.5,6],"texture":"#0","cullface":"north"},"west":{"uv":[13,5,13.5,6],"texture":"#0","cullface":"north"},"up":{"uv":[12,5,14,5.5],"rotation":180,"texture":"#0","cullface":"north"},"down":{"uv":[12,5,14,5.5],"rotation":180,"texture":"#0","cullface":"north"}}},{"from":[8,2,-0.7],"to":[13,3,0],"light_emission":15,"faces":{"north":{"uv":[3,13,8,14],"texture":"#0","cullface":"north"},"east":{"uv":[3,13,3.7,14],"texture":"#0","cullface":"north"},"west":{"uv":[7,13,7.7,14],"texture":"#0","cullface":"north"},"up":{"uv":[3,13,8,13.7],"rotation":180,"texture":"#0","cullface":"north"},"down":{"uv":[3,13,8,13.7],"rotation":180,"texture":"#0","cullface":"north"}}},{"from":[7,12,-0.7],"to":[12,13,0],"light_emission":15,"faces":{"north":{"uv":[4,3,9,4],"texture":"#0","cullface":"north"},"east":{"uv":[4,3,4.7,4],"texture":"#0","cullface":"north"},"west":{"uv":[8,3,8.7,4],"texture":"#0","cullface":"north"},"up":{"uv":[4,3,9,3.7],"rotation":180,"texture":"#0","cullface":"north"},"down":{"uv":[4,3,9,3.7],"rotation":180,"texture":"#0","cullface":"north"}}},{"from":[5,6,-0.7],"to":[12,7,0],"light_emission":15,"faces":{"north":{"uv":[4,9,11,10],"texture":"#0","cullface":"north"},"east":{"uv":[4,9,4.7,10],"texture":"#0","cullface":"north"},"west":{"uv":[10,9,10.7,10],"texture":"#0","cullface":"north"},"up":{"uv":[4,9,11,9.7],"rotation":180,"texture":"#0","cullface":"north"},"down":{"uv":[4,9,11,9.7],"rotation":180,"texture":"#0","cullface":"north"}}},{"from":[8,3,-0.5],"to":[12,4,0],"light_emission":15,"faces":{"north":{"uv":[4,12,8,13],"texture":"#0","cullface":"north"},"east":{"uv":[4,12,4.4,13],"texture":"#0","cullface":"north"},"west":{"uv":[7,12,7.4,13],"texture":"#0","cullface":"north"},"up":{"uv":[4,12,8,12.4],"rotation":180,"texture":"#0","cullface":"north"}}},{"from":[5,5,-0.5],"to":[10,6,0],"light_emission":15,"faces":{"north":{"uv":[6,10,11,11],"texture":"#0","cullface":"north"},"east":{"uv":[6,10,6.7,11],"texture":"#0","cullface":"north"},"west":{"uv":[10,10,10.7,11],"texture":"#0","cullface":"north"},"down":{"uv":[6,10,11,10.7],"rotation":180,"texture":"#0","cullface":"north"}}},{"from":[7,11,-0.5],"to":[12,12,0],"light_emission":15,"faces":{"north":{"uv":[4,4,9,5],"texture":"#0","cullface":"north"},"east":{"uv":[4,4,4.7,5],"texture":"#0","cullface":"north"},"west":{"uv":[8,4,8.7,5],"texture":"#0","cullface":"north"},"down":{"uv":[4,4,9,4.7],"rotation":180,"texture":"#0","cullface":"north"}}},{"from":[6,7,-0.5],"to":[11,8,0],"light_emission":15,"faces":{"north":{"uv":[5,8,10,9],"texture":"#0","cullface":"north"},"east":{"uv":[5,8,5.7,9],"texture":"#0","cullface":"north"},"west":{"uv":[9,8,9.7,9],"texture":"#0","cullface":"north"},"up":{"uv":[5,8,10,8.7],"rotation":180,"texture":"#0","cullface":"north"}}}]}