{"credit":"Created by Marceus","format_version":"1.21.6","parent":"block/cube_all","textures":{"1":"block/deepslate_redstone_ore4","particle":"block/deepslate_redstone_ore4"},"elements":[{"from":[14.99,4,-0.5],"to":[15.99,5,0],"light_emission":15,"faces":{"north":{"uv":[0,11,1,12],"texture":"#1","cullface":"north"},"east":{"uv":[0,11,0.5,12],"texture":"#1","cullface":"north"},"west":{"uv":[0,11,0.5,12],"texture":"#1","cullface":"north"},"up":{"uv":[0,11,1,11.5],"texture":"#1","cullface":"north"},"down":{"uv":[0,11,1,11.5],"texture":"#1","cullface":"north"}}},{"from":[-0.5,3,13],"to":[0,4,14],"light_emission":15,"faces":{"south":{"uv":[13,12,13.5,13],"texture":"#1","cullface":"west"},"west":{"uv":[13,12,14,13],"texture":"#1","cullface":"west"},"up":{"uv":[13,12,14,12.5],"rotation":270,"texture":"#1","cullface":"west"},"down":{"uv":[13,12,14,12.5],"rotation":90,"texture":"#1","cullface":"west"}}},{"from":[-0.5,14,11],"to":[0,15,12],"light_emission":15,"faces":{"north":{"uv":[11,1,11.5,2],"texture":"#1","cullface":"west"},"south":{"uv":[11,1,11.5,2],"texture":"#1","cullface":"west"},"west":{"uv":[11,1,12,2],"texture":"#1","cullface":"west"},"up":{"uv":[11,1,12,1.5],"rotation":270,"texture":"#1","cullface":"west"}}},{"from":[-0.5,12,1],"to":[0,14,2],"light_emission":15,"faces":{"north":{"uv":[1,2,1.5,4],"texture":"#1","cullface":"west"},"west":{"uv":[1,2,2,4],"texture":"#1","cullface":"west"},"up":{"uv":[1,2,2,2.5],"rotation":270,"texture":"#1","cullface":"west"},"down":{"uv":[1,3,2,3.5],"rotation":90,"texture":"#1","cullface":"west"}}},{"from":[-0.5,11,2],"to":[0,12,3],"light_emission":15,"faces":{"north":{"uv":[2,4,2.5,5],"texture":"#1","cullface":"west"},"south":{"uv":[2,4,2.5,5],"texture":"#1","cullface":"west"},"west":{"uv":[2,4,3,5],"texture":"#1","cullface":"west"},"down":{"uv":[2,4,3,4.5],"rotation":90,"texture":"#1","cullface":"west"}}},{"from":[-0.7,12,2],"to":[0,14,3],"light_emission":15,"faces":{"north":{"uv":[2,2,2.5,4],"texture":"#1","cullface":"west"},"south":{"uv":[2,2,2.5,4],"texture":"#1","cullface":"west"},"west":{"uv":[2,2,3,4],"texture":"#1","cullface":"west"},"up":{"uv":[2,2,3,2.5],"rotation":270,"texture":"#1","cullface":"west"},"down":{"uv":[2,3,3,3.5],"rotation":90,"texture":"#1","cullface":"west"}}},{"from":[-0.5,12,3],"to":[0,14,4],"light_emission":15,"faces":{"south":{"uv":[3,2,3.5,4],"texture":"#1","cullface":"west"},"west":{"uv":[3,2,4,4],"texture":"#1","cullface":"west"},"up":{"uv":[3,2,4,2.5],"rotation":270,"texture":"#1","cullface":"west"},"down":{"uv":[3,3,4,3.5],"rotation":90,"texture":"#1","cullface":"west"}}},{"from":[-0.7,7,3],"to":[0,9,6],"light_emission":15,"faces":{"north":{"uv":[3,7,3.5,9],"texture":"#1","cullface":"west"},"south":{"uv":[5,7,5.5,9],"texture":"#1","cullface":"west"},"west":{"uv":[3,7,6,9],"texture":"#1","cullface":"west"},"up":{"uv":[3,7,6,7.5],"rotation":90,"texture":"#1","cullface":"west"},"down":{"uv":[3,8,6,8.5],"rotation":270,"texture":"#1","cullface":"west"}}},{"from":[-0.7,12,11],"to":[0,14,13],"light_emission":15,"faces":{"north":{"uv":[11,2,11.7,4],"texture":"#1","cullface":"west"},"south":{"uv":[12,2,12.7,4],"texture":"#1","cullface":"west"},"west":{"uv":[11,2,13,4],"texture":"#1","cullface":"west"},"up":{"uv":[11,2,13,2.7],"rotation":90,"texture":"#1","cullface":"west"},"down":{"uv":[11,3,13,3.7],"rotation":270,"texture":"#1","cullface":"west"}}},{"from":[-0.5,1,4],"to":[0,3,6],"light_emission":15,"faces":{"north":{"uv":[4,13,4.7,15],"texture":"#1","cullface":"west"},"south":{"uv":[5,13,5.7,15],"texture":"#1","cullface":"west"},"west":{"uv":[4,13,6,15],"texture":"#1","cullface":"west"},"up":{"uv":[4,13,6,13.7],"rotation":90,"texture":"#1","cullface":"west"},"down":{"uv":[4,14,6,14.7],"rotation":270,"texture":"#1","cullface":"west"}}},{"from":[-0.7,2,11],"to":[0,4,13],"light_emission":15,"faces":{"north":{"uv":[11,12,11.7,14],"texture":"#1","cullface":"west"},"south":{"uv":[12,12,12.7,14],"texture":"#1","cullface":"west"},"west":{"uv":[11,12,13,14],"texture":"#1","cullface":"west"},"up":{"uv":[11,12,13,12.7],"rotation":90,"texture":"#1","cullface":"west"},"down":{"uv":[11,13,13,13.7],"rotation":270,"texture":"#1","cullface":"west"}}},{"from":[-0.5,9,11],"to":[0,10,12],"light_emission":15,"faces":{"north":{"uv":[11,6,11.5,7],"texture":"#1","cullface":"west"},"west":{"uv":[11,6,12,7],"texture":"#1","cullface":"west"},"up":{"uv":[11,6,12,6.5],"rotation":270,"texture":"#1","cullface":"west"},"down":{"uv":[11,6,12,6.5],"rotation":90,"texture":"#1","cullface":"west"}}},{"from":[-0.7,9,12],"to":[0,10,13],"light_emission":15,"faces":{"north":{"uv":[12,6,12.7,7],"texture":"#1","cullface":"west"},"south":{"uv":[12,6,12.7,7],"texture":"#1","cullface":"west"},"west":{"uv":[12,6,13,7],"texture":"#1","cullface":"west"},"up":{"uv":[12,6,13,6.7],"rotation":270,"texture":"#1","cullface":"west"},"down":{"uv":[12,6,13,6.7],"rotation":90,"texture":"#1","cullface":"west"}}},{"from":[-0.5,10,12],"to":[0,11,13],"light_emission":15,"faces":{"north":{"uv":[12,5,12.5,6],"texture":"#1","cullface":"west"},"south":{"uv":[12,5,12.5,6],"texture":"#1","cullface":"west"},"west":{"uv":[12,5,13,6],"texture":"#1","cullface":"west"},"up":{"uv":[12,5,13,5.5],"rotation":270,"texture":"#1","cullface":"west"}}},{"from":[-0.5,9,13],"to":[0,10,14],"light_emission":15,"faces":{"south":{"uv":[13,6,13.5,7],"texture":"#1","cullface":"west"},"west":{"uv":[13,6,14,7],"texture":"#1","cullface":"west"},"up":{"uv":[13,6,14,6.5],"rotation":270,"texture":"#1","cullface":"west"},"down":{"uv":[13,6,14,6.5],"rotation":90,"texture":"#1","cullface":"west"}}},{"from":[-0.5,8,12],"to":[0,9,13],"light_emission":15,"faces":{"north":{"uv":[12,7,12.5,8],"texture":"#1","cullface":"west"},"south":{"uv":[12,7,12.5,8],"texture":"#1","cullface":"west"},"west":{"uv":[12,7,13,8],"texture":"#1","cullface":"west"},"down":{"uv":[12,7,13,7.5],"rotation":90,"texture":"#1","cullface":"west"}}},{"from":[-0.5,5,6],"to":[0,6,8],"light_emission":15,"faces":{"north":{"uv":[6,10,6.5,11],"texture":"#1","cullface":"west"},"south":{"uv":[7,10,7.5,11],"texture":"#1","cullface":"west"},"west":{"uv":[6,10,8,11],"texture":"#1","cullface":"west"},"up":{"uv":[6,10,8,10.5],"rotation":90,"texture":"#1","cullface":"west"},"down":{"uv":[6,10,8,10.5],"rotation":270,"texture":"#1","cullface":"west"}}},{"from":[-0.5,11,7],"to":[0,12,8],"light_emission":15,"faces":{"north":{"uv":[7,4,7.5,5],"texture":"#1","cullface":"west"},"south":{"uv":[7,4,7.5,5],"texture":"#1","cullface":"west"},"west":{"uv":[7,4,8,5],"texture":"#1","cullface":"west"},"up":{"uv":[7,4,8,4.5],"rotation":270,"texture":"#1","cullface":"west"},"down":{"uv":[7,4,8,4.5],"rotation":90,"texture":"#1","cullface":"west"}}},{"from":[-0.5,6,11],"to":[0,7,12],"light_emission":15,"faces":{"north":{"uv":[11,9,11.5,10],"texture":"#1","cullface":"west"},"south":{"uv":[11,9,11.5,10],"texture":"#1","cullface":"west"},"west":{"uv":[11,9,12,10],"texture":"#1","cullface":"west"},"up":{"uv":[11,9,12,9.5],"rotation":270,"texture":"#1","cullface":"west"},"down":{"uv":[11,9,12,9.5],"rotation":90,"texture":"#1","cullface":"west"}}},{"from":[-0.5,4,0.01],"to":[0,5,1.01],"light_emission":15,"faces":{"north":{"uv":[0,11,0.5,12],"texture":"#1","cullface":"west"},"south":{"uv":[0,11,0.5,12],"texture":"#1","cullface":"west"},"west":{"uv":[0,11,1,12],"texture":"#1","cullface":"west"},"up":{"uv":[0,11,1,11.5],"rotation":270,"texture":"#1","cullface":"west"},"down":{"uv":[0,11,1,11.5],"rotation":90,"texture":"#1","cullface":"west"}}},{"from":[13,3,16],"to":[14,4,16.5],"light_emission":15,"faces":{"east":{"uv":[13,12,13.5,13],"texture":"#1","cullface":"south"},"south":{"uv":[13,12,14,13],"texture":"#1","cullface":"south"},"up":{"uv":[13,12,14,12.5],"rotation":180,"texture":"#1","cullface":"south"},"down":{"uv":[13,12,14,12.5],"rotation":180,"texture":"#1","cullface":"south"}}},{"from":[11,14,16],"to":[12,15,16.5],"light_emission":15,"faces":{"east":{"uv":[11,1,11.5,2],"texture":"#1","cullface":"south"},"south":{"uv":[11,1,12,2],"texture":"#1","cullface":"south"},"west":{"uv":[11,1,11.5,2],"texture":"#1","cullface":"south"},"up":{"uv":[11,1,12,1.5],"rotation":180,"texture":"#1","cullface":"south"}}},{"from":[1,12,16],"to":[2,14,16.5],"light_emission":15,"faces":{"south":{"uv":[1,2,2,4],"texture":"#1","cullface":"south"},"west":{"uv":[1,2,1.5,4],"texture":"#1","cullface":"south"},"up":{"uv":[1,2,2,2.5],"rotation":180,"texture":"#1","cullface":"south"},"down":{"uv":[1,3,2,3.5],"rotation":180,"texture":"#1","cullface":"south"}}},{"from":[2,11,16],"to":[3,12,16.5],"light_emission":15,"faces":{"east":{"uv":[2,4,2.5,5],"texture":"#1","cullface":"south"},"south":{"uv":[2,4,3,5],"texture":"#1","cullface":"south"},"west":{"uv":[2,4,2.5,5],"texture":"#1","cullface":"south"},"down":{"uv":[2,4,3,4.5],"rotation":180,"texture":"#1","cullface":"south"}}},{"from":[2,12,16],"to":[3,14,16.7],"light_emission":15,"faces":{"east":{"uv":[2,2,2.5,4],"texture":"#1","cullface":"south"},"south":{"uv":[2,2,3,4],"texture":"#1","cullface":"south"},"west":{"uv":[2,2,2.5,4],"texture":"#1","cullface":"south"},"up":{"uv":[2,2,3,2.5],"rotation":180,"texture":"#1","cullface":"south"},"down":{"uv":[2,3,3,3.5],"rotation":180,"texture":"#1","cullface":"south"}}},{"from":[3,12,16],"to":[4,14,16.5],"light_emission":15,"faces":{"east":{"uv":[3,2,3.5,4],"texture":"#1","cullface":"south"},"south":{"uv":[3,2,4,4],"texture":"#1","cullface":"south"},"up":{"uv":[3,2,4,2.5],"rotation":180,"texture":"#1","cullface":"south"},"down":{"uv":[3,3,4,3.5],"rotation":180,"texture":"#1","cullface":"south"}}},{"from":[3,7,16],"to":[6,9,16.7],"light_emission":15,"faces":{"east":{"uv":[5,7,5.5,9],"texture":"#1","cullface":"south"},"south":{"uv":[3,7,6,9],"texture":"#1","cullface":"south"},"west":{"uv":[3,7,3.5,9],"texture":"#1","cullface":"south"},"up":{"uv":[3,7,6,7.5],"texture":"#1","cullface":"south"},"down":{"uv":[3,8,6,8.5],"texture":"#1","cullface":"south"}}},{"from":[11,12,16],"to":[13,14,16.7],"light_emission":15,"faces":{"east":{"uv":[12,2,12.7,4],"texture":"#1","cullface":"south"},"south":{"uv":[11,2,13,4],"texture":"#1","cullface":"south"},"west":{"uv":[11,2,11.7,4],"texture":"#1","cullface":"south"},"up":{"uv":[11,2,13,2.7],"texture":"#1","cullface":"south"},"down":{"uv":[11,3,13,3.7],"texture":"#1","cullface":"south"}}},{"from":[4,1,16],"to":[6,3,16.5],"light_emission":15,"faces":{"east":{"uv":[5,13,5.7,15],"texture":"#1","cullface":"south"},"south":{"uv":[4,13,6,15],"texture":"#1","cullface":"south"},"west":{"uv":[4,13,4.7,15],"texture":"#1","cullface":"south"},"up":{"uv":[4,13,6,13.7],"texture":"#1","cullface":"south"},"down":{"uv":[4,14,6,14.7],"texture":"#1","cullface":"south"}}},{"from":[11,2,16],"to":[13,4,16.7],"light_emission":15,"faces":{"east":{"uv":[12,12,12.7,14],"texture":"#1","cullface":"south"},"south":{"uv":[11,12,13,14],"texture":"#1","cullface":"south"},"west":{"uv":[11,12,11.7,14],"texture":"#1","cullface":"south"},"up":{"uv":[11,12,13,12.7],"texture":"#1","cullface":"south"},"down":{"uv":[11,13,13,13.7],"texture":"#1","cullface":"south"}}},{"from":[11,9,16],"to":[12,10,16.5],"light_emission":15,"faces":{"south":{"uv":[11,6,12,7],"texture":"#1","cullface":"south"},"west":{"uv":[11,6,11.5,7],"texture":"#1","cullface":"south"},"up":{"uv":[11,6,12,6.5],"rotation":180,"texture":"#1","cullface":"south"},"down":{"uv":[11,6,12,6.5],"rotation":180,"texture":"#1","cullface":"south"}}},{"from":[12,9,16],"to":[13,10,16.7],"light_emission":15,"faces":{"east":{"uv":[12,6,12.7,7],"texture":"#1","cullface":"south"},"south":{"uv":[12,6,13,7],"texture":"#1","cullface":"south"},"west":{"uv":[12,6,12.7,7],"texture":"#1","cullface":"south"},"up":{"uv":[12,6,13,6.7],"rotation":180,"texture":"#1","cullface":"south"},"down":{"uv":[12,6,13,6.7],"rotation":180,"texture":"#1","cullface":"south"}}},{"from":[12,10,16],"to":[13,11,16.5],"light_emission":15,"faces":{"east":{"uv":[12,5,12.5,6],"texture":"#1","cullface":"south"},"south":{"uv":[12,5,13,6],"texture":"#1","cullface":"south"},"west":{"uv":[12,5,12.5,6],"texture":"#1","cullface":"south"},"up":{"uv":[12,5,13,5.5],"rotation":180,"texture":"#1","cullface":"south"}}},{"from":[13,9,16],"to":[14,10,16.5],"light_emission":15,"faces":{"east":{"uv":[13,6,13.5,7],"texture":"#1","cullface":"south"},"south":{"uv":[13,6,14,7],"texture":"#1","cullface":"south"},"up":{"uv":[13,6,14,6.5],"rotation":180,"texture":"#1","cullface":"south"},"down":{"uv":[13,6,14,6.5],"rotation":180,"texture":"#1","cullface":"south"}}},{"from":[12,8,16],"to":[13,9,16.5],"light_emission":15,"faces":{"east":{"uv":[12,7,12.5,8],"texture":"#1","cullface":"south"},"south":{"uv":[12,7,13,8],"texture":"#1","cullface":"south"},"west":{"uv":[12,7,12.5,8],"texture":"#1","cullface":"south"},"down":{"uv":[12,7,13,7.5],"rotation":180,"texture":"#1","cullface":"south"}}},{"from":[6,5,16],"to":[8,6,16.5],"light_emission":15,"faces":{"east":{"uv":[7,10,7.5,11],"texture":"#1","cullface":"south"},"south":{"uv":[6,10,8,11],"texture":"#1","cullface":"south"},"west":{"uv":[6,10,6.5,11],"texture":"#1","cullface":"south"},"up":{"uv":[6,10,8,10.5],"texture":"#1","cullface":"south"},"down":{"uv":[6,10,8,10.5],"texture":"#1","cullface":"south"}}},{"from":[7,11,16],"to":[8,12,16.5],"light_emission":15,"faces":{"east":{"uv":[7,4,7.5,5],"texture":"#1","cullface":"south"},"south":{"uv":[7,4,8,5],"texture":"#1","cullface":"south"},"west":{"uv":[7,4,7.5,5],"texture":"#1","cullface":"south"},"up":{"uv":[7,4,8,4.5],"rotation":180,"texture":"#1","cullface":"south"},"down":{"uv":[7,4,8,4.5],"rotation":180,"texture":"#1","cullface":"south"}}},{"from":[11,6,16],"to":[12,7,16.5],"light_emission":15,"faces":{"east":{"uv":[11,9,11.5,10],"texture":"#1","cullface":"south"},"south":{"uv":[11,9,12,10],"texture":"#1","cullface":"south"},"west":{"uv":[11,9,11.5,10],"texture":"#1","cullface":"south"},"up":{"uv":[11,9,12,9.5],"rotation":180,"texture":"#1","cullface":"south"},"down":{"uv":[11,9,12,9.5],"rotation":180,"texture":"#1","cullface":"south"}}},{"from":[0.01,4,16],"to":[1.01,5,16.5],"light_emission":15,"faces":{"east":{"uv":[0,11,0.5,12],"texture":"#1","cullface":"south"},"south":{"uv":[0,11,1,12],"texture":"#1","cullface":"south"},"west":{"uv":[0,11,0.5,12],"texture":"#1","cullface":"west"},"up":{"uv":[0,11,1,11.5],"rotation":180,"texture":"#1","cullface":"south"},"down":{"uv":[0,11,1,11.5],"rotation":180,"texture":"#1","cullface":"south"}}},{"from":[16,3,2],"to":[16.5,4,3],"light_emission":15,"faces":{"north":{"uv":[13,12,13.5,13],"texture":"#1","cullface":"east"},"east":{"uv":[13,12,14,13],"texture":"#1","cullface":"east"},"up":{"uv":[13,12,14,12.5],"rotation":90,"texture":"#1","cullface":"east"},"down":{"uv":[13,12,14,12.5],"rotation":270,"texture":"#1","cullface":"east"}}},{"from":[16,14,4],"to":[16.5,15,5],"light_emission":15,"faces":{"north":{"uv":[11,1,11.5,2],"texture":"#1","cullface":"east"},"east":{"uv":[11,1,12,2],"texture":"#1","cullface":"east"},"south":{"uv":[11,1,11.5,2],"texture":"#1","cullface":"east"},"up":{"uv":[11,1,12,1.5],"rotation":90,"texture":"#1","cullface":"east"}}},{"from":[16,12,14],"to":[16.5,14,15],"light_emission":15,"faces":{"east":{"uv":[1,2,2,4],"texture":"#1","cullface":"east"},"south":{"uv":[1,2,1.5,4],"texture":"#1","cullface":"east"},"up":{"uv":[1,2,2,2.5],"rotation":90,"texture":"#1","cullface":"east"},"down":{"uv":[1,3,2,3.5],"rotation":270,"texture":"#1","cullface":"east"}}},{"from":[16,11,13],"to":[16.5,12,14],"light_emission":15,"faces":{"north":{"uv":[2,4,2.5,5],"texture":"#1","cullface":"east"},"east":{"uv":[2,4,3,5],"texture":"#1","cullface":"east"},"south":{"uv":[2,4,2.5,5],"texture":"#1","cullface":"east"},"down":{"uv":[2,4,3,4.5],"rotation":270,"texture":"#1","cullface":"east"}}},{"from":[16,12,13],"to":[16.7,14,14],"light_emission":15,"faces":{"north":{"uv":[2,2,2.5,4],"texture":"#1","cullface":"east"},"east":{"uv":[2,2,3,4],"texture":"#1","cullface":"east"},"south":{"uv":[2,2,2.5,4],"texture":"#1","cullface":"east"},"up":{"uv":[2,2,3,2.5],"rotation":90,"texture":"#1","cullface":"east"},"down":{"uv":[2,3,3,3.5],"rotation":270,"texture":"#1","cullface":"east"}}},{"from":[16,12,12],"to":[16.5,14,13],"light_emission":15,"faces":{"north":{"uv":[3,2,3.5,4],"texture":"#1","cullface":"east"},"east":{"uv":[3,2,4,4],"texture":"#1","cullface":"east"},"up":{"uv":[3,2,4,2.5],"rotation":90,"texture":"#1","cullface":"east"},"down":{"uv":[3,3,4,3.5],"rotation":270,"texture":"#1","cullface":"east"}}},{"from":[16,7,10],"to":[16.7,9,13],"light_emission":15,"faces":{"north":{"uv":[5,7,5.5,9],"texture":"#1","cullface":"east"},"east":{"uv":[3,7,6,9],"texture":"#1","cullface":"east"},"south":{"uv":[3,7,3.5,9],"texture":"#1","cullface":"east"},"up":{"uv":[3,7,6,7.5],"rotation":270,"texture":"#1","cullface":"east"},"down":{"uv":[3,8,6,8.5],"rotation":90,"texture":"#1","cullface":"east"}}},{"from":[16,12,3],"to":[16.7,14,5],"light_emission":15,"faces":{"north":{"uv":[12,2,12.7,4],"texture":"#1","cullface":"east"},"east":{"uv":[11,2,13,4],"texture":"#1","cullface":"east"},"south":{"uv":[11,2,11.7,4],"texture":"#1","cullface":"east"},"up":{"uv":[11,2,13,2.7],"rotation":270,"texture":"#1","cullface":"east"},"down":{"uv":[11,3,13,3.7],"rotation":90,"texture":"#1","cullface":"east"}}},{"from":[16,1,10],"to":[16.5,3,12],"light_emission":15,"faces":{"north":{"uv":[5,13,5.7,15],"texture":"#1","cullface":"east"},"east":{"uv":[4,13,6,15],"texture":"#1","cullface":"east"},"south":{"uv":[4,13,4.7,15],"texture":"#1","cullface":"east"},"up":{"uv":[4,13,6,13.7],"rotation":270,"texture":"#1","cullface":"east"},"down":{"uv":[4,14,6,14.7],"rotation":90,"texture":"#1","cullface":"east"}}},{"from":[16,2,3],"to":[16.7,4,5],"light_emission":15,"faces":{"north":{"uv":[12,12,12.7,14],"texture":"#1","cullface":"east"},"east":{"uv":[11,12,13,14],"texture":"#1","cullface":"east"},"south":{"uv":[11,12,11.7,14],"texture":"#1","cullface":"east"},"up":{"uv":[11,12,13,12.7],"rotation":270,"texture":"#1","cullface":"east"},"down":{"uv":[11,13,13,13.7],"rotation":90,"texture":"#1","cullface":"east"}}},{"from":[16,9,4],"to":[16.5,10,5],"light_emission":15,"faces":{"east":{"uv":[11,6,12,7],"texture":"#1","cullface":"east"},"south":{"uv":[11,6,11.5,7],"texture":"#1","cullface":"east"},"up":{"uv":[11,6,12,6.5],"rotation":90,"texture":"#1","cullface":"east"},"down":{"uv":[11,6,12,6.5],"rotation":270,"texture":"#1","cullface":"east"}}},{"from":[16,9,3],"to":[16.7,10,4],"light_emission":15,"faces":{"north":{"uv":[12,6,12.7,7],"texture":"#1","cullface":"east"},"east":{"uv":[12,6,13,7],"texture":"#1","cullface":"east"},"south":{"uv":[12,6,12.7,7],"texture":"#1","cullface":"east"},"up":{"uv":[12,6,13,6.7],"rotation":90,"texture":"#1","cullface":"east"},"down":{"uv":[12,6,13,6.7],"rotation":270,"texture":"#1","cullface":"east"}}},{"from":[16,10,3],"to":[16.5,11,4],"light_emission":15,"faces":{"north":{"uv":[12,5,12.5,6],"texture":"#1","cullface":"east"},"east":{"uv":[12,5,13,6],"texture":"#1","cullface":"east"},"south":{"uv":[12,5,12.5,6],"texture":"#1","cullface":"east"},"up":{"uv":[12,5,13,5.5],"rotation":90,"texture":"#1","cullface":"east"}}},{"from":[16,9,2],"to":[16.5,10,3],"light_emission":15,"faces":{"north":{"uv":[13,6,13.5,7],"texture":"#1","cullface":"east"},"east":{"uv":[13,6,14,7],"texture":"#1","cullface":"east"},"up":{"uv":[13,6,14,6.5],"rotation":90,"texture":"#1","cullface":"east"},"down":{"uv":[13,6,14,6.5],"rotation":270,"texture":"#1","cullface":"east"}}},{"from":[16,8,3],"to":[16.5,9,4],"light_emission":15,"faces":{"north":{"uv":[12,7,12.5,8],"texture":"#1","cullface":"east"},"east":{"uv":[12,7,13,8],"texture":"#1","cullface":"east"},"south":{"uv":[12,7,12.5,8],"texture":"#1","cullface":"east"},"down":{"uv":[12,7,13,7.5],"rotation":270,"texture":"#1","cullface":"east"}}},{"from":[16,5,8],"to":[16.5,6,10],"light_emission":15,"faces":{"north":{"uv":[7,10,7.5,11],"texture":"#1","cullface":"east"},"east":{"uv":[6,10,8,11],"texture":"#1","cullface":"east"},"south":{"uv":[6,10,6.5,11],"texture":"#1","cullface":"east"},"up":{"uv":[6,10,8,10.5],"rotation":270,"texture":"#1","cullface":"east"},"down":{"uv":[6,10,8,10.5],"rotation":90,"texture":"#1","cullface":"east"}}},{"from":[16,11,8],"to":[16.5,12,9],"light_emission":15,"faces":{"north":{"uv":[7,4,7.5,5],"texture":"#1","cullface":"east"},"east":{"uv":[7,4,8,5],"texture":"#1","cullface":"east"},"south":{"uv":[7,4,7.5,5],"texture":"#1","cullface":"east"},"up":{"uv":[7,4,8,4.5],"rotation":90,"texture":"#1","cullface":"east"},"down":{"uv":[7,4,8,4.5],"rotation":270,"texture":"#1","cullface":"east"}}},{"from":[16,6,4],"to":[16.5,7,5],"light_emission":15,"faces":{"north":{"uv":[11,9,11.5,10],"texture":"#1","cullface":"east"},"east":{"uv":[11,9,12,10],"texture":"#1","cullface":"east"},"south":{"uv":[11,9,11.5,10],"texture":"#1","cullface":"east"},"up":{"uv":[11,9,12,9.5],"rotation":90,"texture":"#1","cullface":"east"},"down":{"uv":[11,9,12,9.5],"rotation":270,"texture":"#1","cullface":"east"}}},{"from":[16,4,14.99],"to":[16.5,5,15.99],"light_emission":15,"faces":{"north":{"uv":[0,11,0.5,12],"texture":"#1","cullface":"east"},"east":{"uv":[0,11,1,12],"texture":"#1","cullface":"east"},"south":{"uv":[0,11,0.5,12],"texture":"#1","cullface":"east"},"up":{"uv":[0,11,1,11.5],"rotation":90,"texture":"#1","cullface":"east"},"down":{"uv":[0,11,1,11.5],"rotation":270,"texture":"#1","cullface":"east"}}},{"from":[13,16,12],"to":[14,16.5,13],"light_emission":15,"faces":{"north":{"uv":[13,12,14,12.5],"texture":"#1","cullface":"up"},"east":{"uv":[13,12,13.5,13],"rotation":90,"texture":"#1","cullface":"up"},"south":{"uv":[13,12,14,12.5],"rotation":180,"texture":"#1","cullface":"up"},"up":{"uv":[13,12,14,13],"texture":"#1","cullface":"up"}}},{"from":[11,16,1],"to":[12,16.5,2],"light_emission":15,"faces":{"north":{"uv":[11,1,12,1.5],"texture":"#1","cullface":"up"},"east":{"uv":[11,1,11.5,2],"rotation":90,"texture":"#1","cullface":"up"},"west":{"uv":[11,1,11.5,2],"rotation":270,"texture":"#1","cullface":"up"},"up":{"uv":[11,1,12,2],"texture":"#1","cullface":"up"}}},{"from":[1,16,2],"to":[2,16.5,4],"light_emission":15,"faces":{"north":{"uv":[1,2,2,2.5],"texture":"#1","cullface":"up"},"south":{"uv":[1,3,2,3.5],"rotation":180,"texture":"#1","cullface":"up"},"west":{"uv":[1,2,1.5,4],"rotation":270,"texture":"#1","cullface":"up"},"up":{"uv":[1,2,2,4],"texture":"#1","cullface":"up"}}},{"from":[2,16,4],"to":[3,16.5,5],"light_emission":15,"faces":{"east":{"uv":[2,4,2.5,5],"rotation":90,"texture":"#1","cullface":"up"},"south":{"uv":[2,4,3,4.5],"rotation":180,"texture":"#1","cullface":"up"},"west":{"uv":[2,4,2.5,5],"rotation":270,"texture":"#1","cullface":"up"},"up":{"uv":[2,4,3,5],"texture":"#1","cullface":"up"}}},{"from":[2,16,2],"to":[3,16.7,4],"light_emission":15,"faces":{"north":{"uv":[2,2,3,2.5],"texture":"#1","cullface":"up"},"east":{"uv":[2,2,2.5,4],"rotation":90,"texture":"#1","cullface":"up"},"south":{"uv":[2,3,3,3.5],"rotation":180,"texture":"#1","cullface":"up"},"west":{"uv":[2,2,2.5,4],"rotation":270,"texture":"#1","cullface":"up"},"up":{"uv":[2,2,3,4],"texture":"#1","cullface":"up"}}},{"from":[3,16,2],"to":[4,16.5,4],"light_emission":15,"faces":{"north":{"uv":[3,2,4,2.5],"texture":"#1","cullface":"up"},"east":{"uv":[3,2,3.5,4],"rotation":90,"texture":"#1","cullface":"up"},"south":{"uv":[3,3,4,3.5],"rotation":180,"texture":"#1","cullface":"up"},"up":{"uv":[3,2,4,4],"texture":"#1","cullface":"up"}}},{"from":[3,16,7],"to":[6,16.7,9],"light_emission":15,"faces":{"north":{"uv":[3,7,6,7.5],"rotation":180,"texture":"#1","cullface":"up"},"east":{"uv":[5,7,5.5,9],"rotation":90,"texture":"#1","cullface":"up"},"south":{"uv":[3,8,6,8.5],"texture":"#1","cullface":"up"},"west":{"uv":[3,7,3.5,9],"rotation":270,"texture":"#1","cullface":"up"},"up":{"uv":[3,7,6,9],"texture":"#1","cullface":"up"}}},{"from":[11,16,2],"to":[13,16.7,4],"light_emission":15,"faces":{"north":{"uv":[11,2,13,2.7],"rotation":180,"texture":"#1","cullface":"up"},"east":{"uv":[12,2,12.7,4],"rotation":90,"texture":"#1","cullface":"up"},"south":{"uv":[11,3,13,3.7],"texture":"#1","cullface":"up"},"west":{"uv":[11,2,11.7,4],"rotation":270,"texture":"#1","cullface":"up"},"up":{"uv":[11,2,13,4],"texture":"#1","cullface":"up"}}},{"from":[4,16,13],"to":[6,16.5,15],"light_emission":15,"faces":{"north":{"uv":[4,13,6,13.7],"rotation":180,"texture":"#1","cullface":"up"},"east":{"uv":[5,13,5.7,15],"rotation":90,"texture":"#1","cullface":"up"},"south":{"uv":[4,14,6,14.7],"texture":"#1","cullface":"up"},"west":{"uv":[4,13,4.7,15],"rotation":270,"texture":"#1","cullface":"up"},"up":{"uv":[4,13,6,15],"texture":"#1","cullface":"up"}}},{"from":[11,16,12],"to":[13,16.7,14],"light_emission":15,"faces":{"north":{"uv":[11,12,13,12.7],"rotation":180,"texture":"#1","cullface":"up"},"east":{"uv":[12,12,12.7,14],"rotation":90,"texture":"#1","cullface":"up"},"south":{"uv":[11,13,13,13.7],"texture":"#1","cullface":"up"},"west":{"uv":[11,12,11.7,14],"rotation":270,"texture":"#1","cullface":"up"},"up":{"uv":[11,12,13,14],"texture":"#1","cullface":"up"}}},{"from":[11,16,6],"to":[12,16.5,7],"light_emission":15,"faces":{"north":{"uv":[11,6,12,6.5],"texture":"#1","cullface":"up"},"south":{"uv":[11,6,12,6.5],"rotation":180,"texture":"#1","cullface":"up"},"west":{"uv":[11,6,11.5,7],"rotation":270,"texture":"#1","cullface":"up"},"up":{"uv":[11,6,12,7],"texture":"#1","cullface":"up"}}},{"from":[12,16,6],"to":[13,16.7,7],"light_emission":15,"faces":{"north":{"uv":[12,6,13,6.7],"texture":"#1","cullface":"up"},"east":{"uv":[12,6,12.7,7],"rotation":90,"texture":"#1","cullface":"up"},"south":{"uv":[12,6,13,6.7],"rotation":180,"texture":"#1","cullface":"up"},"west":{"uv":[12,6,12.7,7],"rotation":270,"texture":"#1","cullface":"up"},"up":{"uv":[12,6,13,7],"texture":"#1","cullface":"up"}}},{"from":[12,16,5],"to":[13,16.5,6],"light_emission":15,"faces":{"north":{"uv":[12,5,13,5.5],"texture":"#1","cullface":"up"},"east":{"uv":[12,5,12.5,6],"rotation":90,"texture":"#1","cullface":"up"},"west":{"uv":[12,5,12.5,6],"rotation":270,"texture":"#1","cullface":"up"},"up":{"uv":[12,5,13,6],"texture":"#1","cullface":"up"}}},{"from":[13,16,6],"to":[14,16.5,7],"light_emission":15,"faces":{"north":{"uv":[13,6,14,6.5],"texture":"#1","cullface":"up"},"east":{"uv":[13,6,13.5,7],"rotation":90,"texture":"#1","cullface":"up"},"south":{"uv":[13,6,14,6.5],"rotation":180,"texture":"#1","cullface":"up"},"up":{"uv":[13,6,14,7],"texture":"#1","cullface":"up"}}},{"from":[12,16,7],"to":[13,16.5,8],"light_emission":15,"faces":{"east":{"uv":[12,7,12.5,8],"rotation":90,"texture":"#1","cullface":"up"},"south":{"uv":[12,7,13,7.5],"rotation":180,"texture":"#1","cullface":"up"},"west":{"uv":[12,7,12.5,8],"rotation":270,"texture":"#1","cullface":"up"},"up":{"uv":[12,7,13,8],"texture":"#1","cullface":"up"}}},{"from":[6,16,10],"to":[8,16.5,11],"light_emission":15,"faces":{"north":{"uv":[6,10,8,10.5],"rotation":180,"texture":"#1","cullface":"up"},"east":{"uv":[7,10,7.5,11],"rotation":90,"texture":"#1","cullface":"up"},"south":{"uv":[6,10,8,10.5],"texture":"#1","cullface":"up"},"west":{"uv":[6,10,6.5,11],"rotation":270,"texture":"#1","cullface":"up"},"up":{"uv":[6,10,8,11],"texture":"#1","cullface":"up"}}},{"from":[7,16,4],"to":[8,16.5,5],"light_emission":15,"faces":{"north":{"uv":[7,4,8,4.5],"texture":"#1","cullface":"up"},"east":{"uv":[7,4,7.5,5],"rotation":90,"texture":"#1","cullface":"up"},"south":{"uv":[7,4,8,4.5],"rotation":180,"texture":"#1","cullface":"up"},"west":{"uv":[7,4,7.5,5],"rotation":270,"texture":"#1","cullface":"up"},"up":{"uv":[7,4,8,5],"texture":"#1","cullface":"up"}}},{"from":[11,16,9],"to":[12,16.5,10],"light_emission":15,"faces":{"north":{"uv":[11,9,12,9.5],"texture":"#1","cullface":"up"},"east":{"uv":[11,9,11.5,10],"rotation":90,"texture":"#1","cullface":"up"},"south":{"uv":[11,9,12,9.5],"rotation":180,"texture":"#1","cullface":"up"},"west":{"uv":[11,9,11.5,10],"rotation":270,"texture":"#1","cullface":"up"},"up":{"uv":[11,9,12,10],"texture":"#1","cullface":"up"}}},{"from":[0.01,16,11],"to":[1.01,16.5,12],"light_emission":15,"faces":{"north":{"uv":[0,11,1,11.5],"texture":"#1","cullface":"up"},"east":{"uv":[0,11,0.5,12],"rotation":90,"texture":"#1","cullface":"up"},"south":{"uv":[0,11,1,11.5],"rotation":180,"texture":"#1","cullface":"up"},"west":{"uv":[0,11,0.5,12],"rotation":270,"texture":"#1","cullface":"west"},"up":{"uv":[0,11,1,12],"texture":"#1","cullface":"up"}}},{"from":[13,-0.5,3],"to":[14,0,4],"light_emission":15,"faces":{"north":{"uv":[13,12,14,12.5],"texture":"#1","cullface":"down"},"east":{"uv":[13,12,13.5,13],"rotation":270,"texture":"#1","cullface":"down"},"south":{"uv":[13,12,14,12.5],"rotation":180,"texture":"#1","cullface":"down"},"down":{"uv":[13,12,14,13],"texture":"#1","cullface":"down"}}},{"from":[11,-0.5,14],"to":[12,0,15],"light_emission":15,"faces":{"east":{"uv":[11,1,11.5,2],"rotation":270,"texture":"#1","cullface":"down"},"south":{"uv":[11,1,12,1.5],"rotation":180,"texture":"#1","cullface":"down"},"west":{"uv":[11,1,11.5,2],"rotation":90,"texture":"#1","cullface":"down"},"down":{"uv":[11,1,12,2],"texture":"#1","cullface":"down"}}},{"from":[1,-0.5,12],"to":[2,0,14],"light_emission":15,"faces":{"north":{"uv":[1,3,2,3.5],"texture":"#1","cullface":"down"},"south":{"uv":[1,2,2,2.5],"rotation":180,"texture":"#1","cullface":"down"},"west":{"uv":[1,2,1.5,4],"rotation":90,"texture":"#1","cullface":"down"},"down":{"uv":[1,2,2,4],"texture":"#1","cullface":"down"}}},{"from":[2,-0.5,11],"to":[3,0,12],"light_emission":15,"faces":{"north":{"uv":[2,4,3,4.5],"texture":"#1","cullface":"down"},"east":{"uv":[2,4,2.5,5],"rotation":270,"texture":"#1","cullface":"down"},"west":{"uv":[2,4,2.5,5],"rotation":90,"texture":"#1","cullface":"down"},"down":{"uv":[2,4,3,5],"texture":"#1","cullface":"down"}}},{"from":[2,-0.7,12],"to":[3,0,14],"light_emission":15,"faces":{"north":{"uv":[2,3,3,3.5],"texture":"#1","cullface":"down"},"east":{"uv":[2,2,2.5,4],"rotation":270,"texture":"#1","cullface":"down"},"south":{"uv":[2,2,3,2.5],"rotation":180,"texture":"#1","cullface":"down"},"west":{"uv":[2,2,2.5,4],"rotation":90,"texture":"#1","cullface":"down"},"down":{"uv":[2,2,3,4],"texture":"#1","cullface":"down"}}},{"from":[3,-0.5,12],"to":[4,0,14],"light_emission":15,"faces":{"north":{"uv":[3,3,4,3.5],"texture":"#1","cullface":"down"},"east":{"uv":[3,2,3.5,4],"rotation":270,"texture":"#1","cullface":"down"},"south":{"uv":[3,2,4,2.5],"rotation":180,"texture":"#1","cullface":"down"},"down":{"uv":[3,2,4,4],"texture":"#1","cullface":"down"}}},{"from":[3,-0.7,7],"to":[6,0,9],"light_emission":15,"faces":{"north":{"uv":[3,8,6,8.5],"rotation":180,"texture":"#1","cullface":"down"},"east":{"uv":[5,7,5.5,9],"rotation":270,"texture":"#1","cullface":"down"},"south":{"uv":[3,7,6,7.5],"texture":"#1","cullface":"down"},"west":{"uv":[3,7,3.5,9],"rotation":90,"texture":"#1","cullface":"down"},"down":{"uv":[3,7,6,9],"texture":"#1","cullface":"down"}}},{"from":[11,-0.7,12],"to":[13,0,14],"light_emission":15,"faces":{"north":{"uv":[11,3,13,3.7],"rotation":180,"texture":"#1","cullface":"down"},"east":{"uv":[12,2,12.7,4],"rotation":270,"texture":"#1","cullface":"down"},"south":{"uv":[11,2,13,2.7],"texture":"#1","cullface":"down"},"west":{"uv":[11,2,11.7,4],"rotation":90,"texture":"#1","cullface":"down"},"down":{"uv":[11,2,13,4],"texture":"#1","cullface":"down"}}},{"from":[4,-0.5,1],"to":[6,0,3],"light_emission":15,"faces":{"north":{"uv":[4,14,6,14.7],"rotation":180,"texture":"#1","cullface":"down"},"east":{"uv":[5,13,5.7,15],"rotation":270,"texture":"#1","cullface":"down"},"south":{"uv":[4,13,6,13.7],"texture":"#1","cullface":"down"},"west":{"uv":[4,13,4.7,15],"rotation":90,"texture":"#1","cullface":"down"},"down":{"uv":[4,13,6,15],"texture":"#1","cullface":"down"}}},{"from":[11,-0.7,2],"to":[13,0,4],"light_emission":15,"faces":{"north":{"uv":[11,13,13,13.7],"rotation":180,"texture":"#1","cullface":"down"},"east":{"uv":[12,12,12.7,14],"rotation":270,"texture":"#1","cullface":"down"},"south":{"uv":[11,12,13,12.7],"texture":"#1","cullface":"down"},"west":{"uv":[11,12,11.7,14],"rotation":90,"texture":"#1","cullface":"down"},"down":{"uv":[11,12,13,14],"texture":"#1","cullface":"down"}}},{"from":[11,-0.5,9],"to":[12,0,10],"light_emission":15,"faces":{"north":{"uv":[11,6,12,6.5],"texture":"#1","cullface":"down"},"south":{"uv":[11,6,12,6.5],"rotation":180,"texture":"#1","cullface":"down"},"west":{"uv":[11,6,11.5,7],"rotation":90,"texture":"#1","cullface":"down"},"down":{"uv":[11,6,12,7],"texture":"#1","cullface":"down"}}},{"from":[12,-0.7,9],"to":[13,0,10],"light_emission":15,"faces":{"north":{"uv":[12,6,13,6.7],"texture":"#1","cullface":"down"},"east":{"uv":[12,6,12.7,7],"rotation":270,"texture":"#1","cullface":"down"},"south":{"uv":[12,6,13,6.7],"rotation":180,"texture":"#1","cullface":"down"},"west":{"uv":[12,6,12.7,7],"rotation":90,"texture":"#1","cullface":"down"},"down":{"uv":[12,6,13,7],"texture":"#1","cullface":"down"}}},{"from":[12,-0.5,10],"to":[13,0,11],"light_emission":15,"faces":{"east":{"uv":[12,5,12.5,6],"rotation":270,"texture":"#1","cullface":"down"},"south":{"uv":[12,5,13,5.5],"rotation":180,"texture":"#1","cullface":"down"},"west":{"uv":[12,5,12.5,6],"rotation":90,"texture":"#1","cullface":"down"},"down":{"uv":[12,5,13,6],"texture":"#1","cullface":"down"}}},{"from":[13,-0.5,9],"to":[14,0,10],"light_emission":15,"faces":{"north":{"uv":[13,6,14,6.5],"texture":"#1","cullface":"down"},"east":{"uv":[13,6,13.5,7],"rotation":270,"texture":"#1","cullface":"down"},"south":{"uv":[13,6,14,6.5],"rotation":180,"texture":"#1","cullface":"down"},"down":{"uv":[13,6,14,7],"texture":"#1","cullface":"down"}}},{"from":[12,-0.5,8],"to":[13,0,9],"light_emission":15,"faces":{"north":{"uv":[12,7,13,7.5],"texture":"#1","cullface":"down"},"east":{"uv":[12,7,12.5,8],"rotation":270,"texture":"#1","cullface":"down"},"west":{"uv":[12,7,12.5,8],"rotation":90,"texture":"#1","cullface":"down"},"down":{"uv":[12,7,13,8],"texture":"#1","cullface":"down"}}},{"from":[6,-0.5,5],"to":[8,0,6],"light_emission":15,"faces":{"north":{"uv":[6,10,8,10.5],"rotation":180,"texture":"#1","cullface":"down"},"east":{"uv":[7,10,7.5,11],"rotation":270,"texture":"#1","cullface":"down"},"south":{"uv":[6,10,8,10.5],"texture":"#1","cullface":"down"},"west":{"uv":[6,10,6.5,11],"rotation":90,"texture":"#1","cullface":"down"},"down":{"uv":[6,10,8,11],"texture":"#1","cullface":"down"}}},{"from":[7,-0.5,11],"to":[8,0,12],"light_emission":15,"faces":{"north":{"uv":[7,4,8,4.5],"texture":"#1","cullface":"down"},"east":{"uv":[7,4,7.5,5],"rotation":270,"texture":"#1","cullface":"down"},"south":{"uv":[7,4,8,4.5],"rotation":180,"texture":"#1","cullface":"down"},"west":{"uv":[7,4,7.5,5],"rotation":90,"texture":"#1","cullface":"down"},"down":{"uv":[7,4,8,5],"texture":"#1","cullface":"down"}}},{"from":[11,-0.5,6],"to":[12,0,7],"light_emission":15,"faces":{"north":{"uv":[11,9,12,9.5],"texture":"#1","cullface":"down"},"east":{"uv":[11,9,11.5,10],"rotation":270,"texture":"#1","cullface":"down"},"south":{"uv":[11,9,12,9.5],"rotation":180,"texture":"#1","cullface":"down"},"west":{"uv":[11,9,11.5,10],"rotation":90,"texture":"#1","cullface":"down"},"down":{"uv":[11,9,12,10],"texture":"#1","cullface":"down"}}},{"from":[0.01,-0.5,4],"to":[1.01,0,5],"light_emission":15,"faces":{"north":{"uv":[0,11,1,11.5],"texture":"#1","cullface":"down"},"east":{"uv":[0,11,0.5,12],"rotation":270,"texture":"#1","cullface":"down"},"south":{"uv":[0,11,1,11.5],"rotation":180,"texture":"#1","cullface":"down"},"west":{"uv":[0,11,0.5,12],"rotation":90,"texture":"#1","cullface":"west"},"down":{"uv":[0,11,1,12],"texture":"#1","cullface":"down"}}},{"from":[4,6,-0.5],"to":[5,7,0],"light_emission":15,"faces":{"north":{"uv":[11,9,12,10],"texture":"#1","cullface":"north"},"east":{"uv":[11,9,11.5,10],"texture":"#1","cullface":"north"},"west":{"uv":[11,9,11.5,10],"texture":"#1","cullface":"north"},"up":{"uv":[11,9,12,9.5],"texture":"#1","cullface":"north"},"down":{"uv":[11,9,12,9.5],"texture":"#1","cullface":"north"}}},{"from":[8,11,-0.5],"to":[9,12,0],"light_emission":15,"faces":{"north":{"uv":[7,4,8,5],"texture":"#1","cullface":"north"},"east":{"uv":[7,4,7.5,5],"texture":"#1","cullface":"north"},"west":{"uv":[7,4,7.5,5],"texture":"#1","cullface":"north"},"up":{"uv":[7,4,8,4.5],"texture":"#1","cullface":"north"},"down":{"uv":[7,4,8,4.5],"texture":"#1","cullface":"north"}}},{"from":[4,14,-0.5],"to":[5,15,0],"light_emission":15,"faces":{"north":{"uv":[11,1,12,2],"texture":"#1","cullface":"north"},"east":{"uv":[11,1,11.5,2],"texture":"#1","cullface":"north"},"west":{"uv":[11,1,11.5,2],"texture":"#1","cullface":"north"},"up":{"uv":[11,1,12,1.5],"texture":"#1","cullface":"north"}}},{"from":[2,3,-0.5],"to":[3,4,0],"light_emission":15,"faces":{"north":{"uv":[13,12,14,13],"texture":"#1","cullface":"north"},"west":{"uv":[13,12,13.5,13],"texture":"#1","cullface":"north"},"up":{"uv":[13,12,14,12.5],"texture":"#1","cullface":"north"},"down":{"uv":[13,12,14,12.5],"texture":"#1","cullface":"north"}}},{"from":[8,5,-0.5],"to":[10,6,0],"light_emission":15,"faces":{"north":{"uv":[6,10,8,11],"texture":"#1","cullface":"north"},"east":{"uv":[6,10,6.5,11],"texture":"#1","cullface":"north"},"west":{"uv":[7,10,7.5,11],"texture":"#1","cullface":"north"},"up":{"uv":[6,10,8,10.5],"rotation":180,"texture":"#1","cullface":"north"},"down":{"uv":[6,10,8,10.5],"rotation":180,"texture":"#1","cullface":"north"}}},{"from":[3,8,-0.5],"to":[4,9,0],"light_emission":15,"faces":{"north":{"uv":[12,7,13,8],"texture":"#1","cullface":"north"},"east":{"uv":[12,7,12.5,8],"texture":"#1","cullface":"north"},"west":{"uv":[12,7,12.5,8],"texture":"#1","cullface":"north"},"down":{"uv":[12,7,13,7.5],"texture":"#1","cullface":"north"}}},{"from":[2,9,-0.5],"to":[3,10,0],"light_emission":15,"faces":{"north":{"uv":[13,6,14,7],"texture":"#1","cullface":"north"},"west":{"uv":[13,6,13.5,7],"texture":"#1","cullface":"north"},"up":{"uv":[13,6,14,6.5],"texture":"#1","cullface":"north"},"down":{"uv":[13,6,14,6.5],"texture":"#1","cullface":"north"}}},{"from":[3,10,-0.5],"to":[4,11,0],"light_emission":15,"faces":{"north":{"uv":[12,5,13,6],"texture":"#1","cullface":"north"},"east":{"uv":[12,5,12.5,6],"texture":"#1","cullface":"north"},"west":{"uv":[12,5,12.5,6],"texture":"#1","cullface":"north"},"up":{"uv":[12,5,13,5.5],"texture":"#1","cullface":"north"}}},{"from":[4,9,-0.5],"to":[5,10,0],"light_emission":15,"faces":{"north":{"uv":[11,6,12,7],"texture":"#1","cullface":"north"},"east":{"uv":[11,6,11.5,7],"texture":"#1","cullface":"north"},"up":{"uv":[11,6,12,6.5],"texture":"#1","cullface":"north"},"down":{"uv":[11,6,12,6.5],"texture":"#1","cullface":"north"}}},{"from":[3,2,-0.7],"to":[5,4,0],"light_emission":15,"faces":{"north":{"uv":[11,12,13,14],"texture":"#1","cullface":"north"},"east":{"uv":[11,12,11.7,14],"texture":"#1","cullface":"north"},"west":{"uv":[12,12,12.7,14],"texture":"#1","cullface":"north"},"up":{"uv":[11,12,13,12.7],"rotation":180,"texture":"#1","cullface":"north"},"down":{"uv":[11,13,13,13.7],"rotation":180,"texture":"#1","cullface":"north"}}},{"from":[10,1,-0.5],"to":[12,3,0],"light_emission":15,"faces":{"north":{"uv":[4,13,6,15],"texture":"#1","cullface":"north"},"east":{"uv":[4,13,4.7,15],"texture":"#1","cullface":"north"},"west":{"uv":[5,13,5.7,15],"texture":"#1","cullface":"north"},"up":{"uv":[4,13,6,13.7],"rotation":180,"texture":"#1","cullface":"north"},"down":{"uv":[4,14,6,14.7],"rotation":180,"texture":"#1","cullface":"north"}}},{"from":[3,9,-0.7],"to":[4,10,0],"light_emission":15,"faces":{"north":{"uv":[12,6,13,7],"texture":"#1","cullface":"north"},"east":{"uv":[12,6,12.7,7],"texture":"#1","cullface":"north"},"west":{"uv":[12,6,12.7,7],"texture":"#1","cullface":"north"},"up":{"uv":[12,6,13,6.7],"texture":"#1","cullface":"north"},"down":{"uv":[12,6,13,6.7],"texture":"#1","cullface":"north"}}},{"from":[3,12,-0.7],"to":[5,14,0],"light_emission":15,"faces":{"north":{"uv":[11,2,13,4],"texture":"#1","cullface":"north"},"east":{"uv":[11,2,11.7,4],"texture":"#1","cullface":"north"},"west":{"uv":[12,2,12.7,4],"texture":"#1","cullface":"north"},"up":{"uv":[11,2,13,2.7],"rotation":180,"texture":"#1","cullface":"north"},"down":{"uv":[11,3,13,3.7],"rotation":180,"texture":"#1","cullface":"north"}}},{"from":[10,7,-0.7],"to":[13,9,0],"light_emission":15,"faces":{"north":{"uv":[3,7,6,9],"texture":"#1","cullface":"north"},"east":{"uv":[3,7,3.5,9],"texture":"#1","cullface":"north"},"west":{"uv":[5,7,5.5,9],"texture":"#1","cullface":"north"},"up":{"uv":[3,7,6,7.5],"rotation":180,"texture":"#1","cullface":"north"},"down":{"uv":[3,8,6,8.5],"rotation":180,"texture":"#1","cullface":"north"}}},{"from":[12,12,-0.5],"to":[13,14,0],"light_emission":15,"faces":{"north":{"uv":[3,2,4,4],"texture":"#1","cullface":"north"},"west":{"uv":[3,2,3.5,4],"texture":"#1","cullface":"north"},"up":{"uv":[3,2,4,2.5],"texture":"#1","cullface":"north"},"down":{"uv":[3,3,4,3.5],"texture":"#1","cullface":"north"}}},{"from":[14,12,-0.5],"to":[15,14,0],"light_emission":15,"faces":{"north":{"uv":[1,2,2,4],"texture":"#1","cullface":"north"},"east":{"uv":[1,2,1.5,4],"texture":"#1","cullface":"north"},"up":{"uv":[1,2,2,2.5],"texture":"#1","cullface":"north"},"down":{"uv":[1,3,2,3.5],"texture":"#1","cullface":"north"}}},{"from":[13,12,-0.7],"to":[14,14,0],"light_emission":15,"faces":{"north":{"uv":[2,2,3,4],"texture":"#1","cullface":"north"},"east":{"uv":[2,2,2.5,4],"texture":"#1","cullface":"north"},"west":{"uv":[2,2,2.5,4],"texture":"#1","cullface":"north"},"up":{"uv":[2,2,3,2.5],"texture":"#1","cullface":"north"},"down":{"uv":[2,3,3,3.5],"texture":"#1","cullface":"north"}}},{"from":[13,11,-0.5],"to":[14,12,0],"light_emission":15,"faces":{"north":{"uv":[2,4,3,5],"texture":"#1","cullface":"north"},"east":{"uv":[2,4,2.5,5],"texture":"#1","cullface":"north"},"west":{"uv":[2,4,2.5,5],"texture":"#1","cullface":"north"},"down":{"uv":[2,4,3,4.5],"texture":"#1","cullface":"north"}}},{"from":[0,0,0],"to":[16,16,16],"faces":{"north":{"uv":[0,0,16,16],"texture":"#1","cullface":"north"},"east":{"uv":[0,0,16,16],"texture":"#1","cullface":"east"},"south":{"uv":[0,0,16,16],"texture":"#1","cullface":"south"},"west":{"uv":[0,0,16,16],"texture":"#1","cullface":"west"},"up":{"uv":[0,0,16,16],"texture":"#1","cullface":"up"},"down":{"uv":[0,0,16,16],"texture":"#1","cullface":"down"}}}]}