{"credit":"Created by Marceus","format_version":"1.21.6","parent":"block/cube_all","textures":{"0":"block/deepslate_diamond_ore1","particle":"block/deepslate_diamond_ore1"},"elements":[{"from":[0,0,0],"to":[16,16,16],"faces":{"north":{"uv":[0,0,16,16],"texture":"#0","cullface":"north"},"east":{"uv":[0,0,16,16],"texture":"#0","cullface":"east"},"south":{"uv":[0,0,16,16],"texture":"#0","cullface":"south"},"west":{"uv":[0,0,16,16],"texture":"#0","cullface":"west"},"up":{"uv":[0,0,16,16],"texture":"#0","cullface":"up"},"down":{"uv":[0,0,16,16],"texture":"#0","cullface":"down"}}},{"from":[12,7,-0.5],"to":[14,8,0],"light_emission":15,"faces":{"north":{"uv":[2,8,4,9],"texture":"#0","cullface":"north"},"east":{"uv":[2,8,2.5,9],"texture":"#0","cullface":"north"},"west":{"uv":[3,8,3.5,9],"texture":"#0","cullface":"north"},"up":{"uv":[2,8,4,8.5],"rotation":180,"texture":"#0","cullface":"north"},"down":{"uv":[2,8,4,8.5],"rotation":180,"texture":"#0","cullface":"north"}}},{"from":[12,3,-0.5],"to":[13,4,0],"light_emission":15,"faces":{"north":{"uv":[3,12,4,13],"texture":"#0","cullface":"north"},"east":{"uv":[3,12,3.5,13],"texture":"#0","cullface":"north"},"up":{"uv":[3,12,4,12.5],"texture":"#0","cullface":"north"},"down":{"uv":[3,12,4,12.5],"texture":"#0","cullface":"north"}}},{"from":[7,3,-0.5],"to":[8,4,0],"light_emission":15,"faces":{"north":{"uv":[8,12,9,13],"texture":"#0","cullface":"north"},"west":{"uv":[8,12,8.5,13],"texture":"#0","cullface":"north"},"up":{"uv":[8,12,9,12.5],"texture":"#0","cullface":"north"},"down":{"uv":[8,12,9,12.5],"texture":"#0","cullface":"north"}}},{"from":[1,8,-0.5],"to":[2,9,0],"light_emission":15,"faces":{"north":{"uv":[14,7,15,8],"texture":"#0","cullface":"north"},"west":{"uv":[14,7,14.5,8],"texture":"#0","cullface":"north"},"up":{"uv":[14,7,15,7.5],"texture":"#0","cullface":"north"},"down":{"uv":[14,7,15,7.5],"texture":"#0","cullface":"north"}}},{"from":[9,4,-0.5],"to":[11,5,0],"light_emission":15,"faces":{"north":{"uv":[5,11,7,12],"texture":"#0","cullface":"north"},"east":{"uv":[5,11,5.5,12],"texture":"#0","cullface":"north"},"west":{"uv":[6,11,6.5,12],"texture":"#0","cullface":"north"},"up":{"uv":[5,11,7,11.5],"rotation":180,"texture":"#0","cullface":"north"}}},{"from":[9,11,-0.5],"to":[11,12,0],"light_emission":15,"faces":{"north":{"uv":[5,4,7,5],"texture":"#0","cullface":"north"},"east":{"uv":[5,4,5.5,5],"texture":"#0","cullface":"north"},"west":{"uv":[6,4,6.5,5],"texture":"#0","cullface":"north"},"down":{"uv":[5,4,7,4.5],"rotation":180,"texture":"#0","cullface":"north"}}},{"from":[3,9,-0.5],"to":[4,10,0],"light_emission":15,"faces":{"north":{"uv":[12,6,13,7],"texture":"#0","cullface":"north"},"east":{"uv":[13,6,12.5,7],"texture":"#0","cullface":"north"},"west":{"uv":[13,6,12.5,7],"texture":"#0","cullface":"north"},"up":{"uv":[12,6,13,6.5],"rotation":180,"texture":"#0","cullface":"north"}}},{"from":[2,7,-0.7],"to":[7,9,0],"light_emission":15,"faces":{"north":{"uv":[9,7,14,9],"texture":"#0","cullface":"north"},"east":{"uv":[9,7,9.7,9],"texture":"#0","cullface":"north"},"west":{"uv":[13,7,13.7,9],"texture":"#0","cullface":"north"},"up":{"uv":[9,7,14,7.7],"rotation":180,"texture":"#0","cullface":"north"},"down":{"uv":[9,8,14,8.7],"rotation":180,"texture":"#0","cullface":"north"}}},{"from":[6,12,-0.7],"to":[9,14,0],"light_emission":15,"faces":{"north":{"uv":[7,2,10,4],"texture":"#0","cullface":"north"},"east":{"uv":[7,2,7.7,4],"texture":"#0","cullface":"north"},"west":{"uv":[9,2,9.7,4],"texture":"#0","cullface":"north"},"up":{"uv":[7,2,10,2.7],"rotation":180,"texture":"#0","cullface":"north"},"down":{"uv":[7,3,10,3.7],"rotation":180,"texture":"#0","cullface":"north"}}},{"from":[9,12,-0.7],"to":[12,13,0],"light_emission":15,"faces":{"north":{"uv":[4,3,7,4],"texture":"#0","cullface":"north"},"east":{"uv":[4,3,4.7,4],"texture":"#0","cullface":"north"},"up":{"uv":[4,3,7,3.7],"rotation":180,"texture":"#0","cullface":"north"},"down":{"uv":[4,3,7,3.7],"rotation":180,"texture":"#0","cullface":"north"}}},{"from":[8,2,-0.7],"to":[12,4,0],"light_emission":15,"faces":{"north":{"uv":[4,12,8,14],"texture":"#0","cullface":"north"},"east":{"uv":[4,12,4.7,14],"texture":"#0","cullface":"north"},"west":{"uv":[7,12,7.7,14],"texture":"#0","cullface":"north"},"up":{"uv":[4,12,8,12.7],"rotation":180,"texture":"#0","cullface":"north"},"down":{"uv":[4,13,8,13.7],"rotation":180,"texture":"#0","cullface":"north"}}},{"from":[3,3,-0.5],"to":[4,4,0],"light_emission":15,"faces":{"north":{"uv":[12,12,13,13],"texture":"#0","cullface":"north"},"east":{"uv":[12,12,12.5,13],"texture":"#0","cullface":"north"},"west":{"uv":[12,12,12.5,13],"texture":"#0","cullface":"north"},"up":{"uv":[12,12,13,12.5],"texture":"#0","cullface":"north"},"down":{"uv":[12,12,13,12.5],"texture":"#0","cullface":"north"}}},{"from":[-0.7,2,4],"to":[0,4,8],"light_emission":15,"faces":{"north":{"uv":[4,12,4.7,14],"texture":"#0","cullface":"west"},"south":{"uv":[7,12,7.7,14],"texture":"#0","cullface":"west"},"west":{"uv":[4,12,8,14],"texture":"#0","cullface":"west"},"up":{"uv":[4,12,8,12.7],"rotation":90,"texture":"#0","cullface":"west"},"down":{"uv":[4,13,8,13.7],"rotation":270,"texture":"#0","cullface":"west"}}},{"from":[-0.7,12,4],"to":[0,13,7],"light_emission":15,"faces":{"north":{"uv":[4,3,4.7,4],"texture":"#0","cullface":"west"},"west":{"uv":[4,3,7,4],"texture":"#0","cullface":"west"},"up":{"uv":[4,3,7,3.7],"rotation":90,"texture":"#0","cullface":"west"},"down":{"uv":[4,3,7,3.7],"rotation":270,"texture":"#0","cullface":"west"}}},{"from":[-0.7,12,7],"to":[0,14,10],"light_emission":15,"faces":{"north":{"uv":[7,2,7.7,4],"texture":"#0","cullface":"west"},"south":{"uv":[9,2,9.7,4],"texture":"#0","cullface":"west"},"west":{"uv":[7,2,10,4],"texture":"#0","cullface":"west"},"up":{"uv":[7,2,10,2.7],"rotation":90,"texture":"#0","cullface":"west"},"down":{"uv":[7,3,10,3.7],"rotation":270,"texture":"#0","cullface":"west"}}},{"from":[-0.7,7,9],"to":[0,9,14],"light_emission":15,"faces":{"north":{"uv":[9,7,9.7,9],"texture":"#0","cullface":"west"},"south":{"uv":[13,7,13.7,9],"texture":"#0","cullface":"west"},"west":{"uv":[9,7,14,9],"texture":"#0","cullface":"west"},"up":{"uv":[9,7,14,7.7],"rotation":90,"texture":"#0","cullface":"west"},"down":{"uv":[9,8,14,8.7],"rotation":270,"texture":"#0","cullface":"west"}}},{"from":[-0.5,9,12],"to":[0,10,13],"light_emission":15,"faces":{"north":{"uv":[13,6,12.5,7],"texture":"#0","cullface":"west"},"south":{"uv":[13,6,12.5,7],"texture":"#0","cullface":"west"},"west":{"uv":[12,6,13,7],"texture":"#0","cullface":"west"},"up":{"uv":[12,6,13,6.5],"rotation":90,"texture":"#0","cullface":"west"}}},{"from":[-0.5,11,5],"to":[0,12,7],"light_emission":15,"faces":{"north":{"uv":[5,4,5.5,5],"texture":"#0","cullface":"west"},"south":{"uv":[6,4,6.5,5],"texture":"#0","cullface":"west"},"west":{"uv":[5,4,7,5],"texture":"#0","cullface":"west"},"down":{"uv":[5,4,7,4.5],"rotation":270,"texture":"#0","cullface":"west"}}},{"from":[-0.5,4,5],"to":[0,5,7],"light_emission":15,"faces":{"north":{"uv":[5,11,5.5,12],"texture":"#0","cullface":"west"},"south":{"uv":[6,11,6.5,12],"texture":"#0","cullface":"west"},"west":{"uv":[5,11,7,12],"texture":"#0","cullface":"west"},"up":{"uv":[5,11,7,11.5],"rotation":90,"texture":"#0","cullface":"west"}}},{"from":[-0.5,8,14],"to":[0,9,15],"light_emission":15,"faces":{"south":{"uv":[14,7,14.5,8],"texture":"#0","cullface":"west"},"west":{"uv":[14,7,15,8],"texture":"#0","cullface":"west"},"up":{"uv":[14,7,15,7.5],"rotation":270,"texture":"#0","cullface":"west"},"down":{"uv":[14,7,15,7.5],"rotation":90,"texture":"#0","cullface":"west"}}},{"from":[-0.5,3,8],"to":[0,4,9],"light_emission":15,"faces":{"south":{"uv":[8,12,8.5,13],"texture":"#0","cullface":"west"},"west":{"uv":[8,12,9,13],"texture":"#0","cullface":"west"},"up":{"uv":[8,12,9,12.5],"rotation":270,"texture":"#0","cullface":"west"},"down":{"uv":[8,12,9,12.5],"rotation":90,"texture":"#0","cullface":"west"}}},{"from":[-0.5,3,3],"to":[0,4,4],"light_emission":15,"faces":{"north":{"uv":[3,12,3.5,13],"texture":"#0","cullface":"west"},"west":{"uv":[3,12,4,13],"texture":"#0","cullface":"west"},"up":{"uv":[3,12,4,12.5],"rotation":270,"texture":"#0","cullface":"west"},"down":{"uv":[3,12,4,12.5],"rotation":90,"texture":"#0","cullface":"west"}}},{"from":[-0.5,7,2],"to":[0,8,4],"light_emission":15,"faces":{"north":{"uv":[2,8,2.5,9],"texture":"#0","cullface":"west"},"south":{"uv":[3,8,3.5,9],"texture":"#0","cullface":"west"},"west":{"uv":[2,8,4,9],"texture":"#0","cullface":"west"},"up":{"uv":[2,8,4,8.5],"rotation":90,"texture":"#0","cullface":"west"},"down":{"uv":[2,8,4,8.5],"rotation":270,"texture":"#0","cullface":"west"}}},{"from":[-0.5,3,12],"to":[0,4,13],"light_emission":15,"faces":{"north":{"uv":[12,12,12.5,13],"texture":"#0","cullface":"west"},"south":{"uv":[12,12,12.5,13],"texture":"#0","cullface":"west"},"west":{"uv":[12,12,13,13],"texture":"#0","cullface":"west"},"up":{"uv":[12,12,13,12.5],"rotation":270,"texture":"#0","cullface":"west"},"down":{"uv":[12,12,13,12.5],"rotation":90,"texture":"#0","cullface":"west"}}},{"from":[4,2,16],"to":[8,4,16.7],"light_emission":15,"faces":{"east":{"uv":[7,12,7.7,14],"texture":"#0","cullface":"south"},"south":{"uv":[4,12,8,14],"texture":"#0","cullface":"south"},"west":{"uv":[4,12,4.7,14],"texture":"#0","cullface":"south"},"up":{"uv":[4,12,8,12.7],"texture":"#0","cullface":"south"},"down":{"uv":[4,13,8,13.7],"texture":"#0","cullface":"south"}}},{"from":[4,12,16],"to":[7,13,16.7],"light_emission":15,"faces":{"south":{"uv":[4,3,7,4],"texture":"#0","cullface":"south"},"west":{"uv":[4,3,4.7,4],"texture":"#0","cullface":"south"},"up":{"uv":[4,3,7,3.7],"texture":"#0","cullface":"south"},"down":{"uv":[4,3,7,3.7],"texture":"#0","cullface":"south"}}},{"from":[7,12,16],"to":[10,14,16.7],"light_emission":15,"faces":{"east":{"uv":[9,2,9.7,4],"texture":"#0","cullface":"south"},"south":{"uv":[7,2,10,4],"texture":"#0","cullface":"south"},"west":{"uv":[7,2,7.7,4],"texture":"#0","cullface":"south"},"up":{"uv":[7,2,10,2.7],"texture":"#0","cullface":"south"},"down":{"uv":[7,3,10,3.7],"texture":"#0","cullface":"south"}}},{"from":[9,7,16],"to":[14,9,16.7],"light_emission":15,"faces":{"east":{"uv":[13,7,13.7,9],"texture":"#0","cullface":"south"},"south":{"uv":[9,7,14,9],"texture":"#0","cullface":"south"},"west":{"uv":[9,7,9.7,9],"texture":"#0","cullface":"south"},"up":{"uv":[9,7,14,7.7],"texture":"#0","cullface":"south"},"down":{"uv":[9,8,14,8.7],"texture":"#0","cullface":"south"}}},{"from":[12,9,16],"to":[13,10,16.5],"light_emission":15,"faces":{"east":{"uv":[13,6,12.5,7],"texture":"#0","cullface":"south"},"south":{"uv":[12,6,13,7],"texture":"#0","cullface":"south"},"west":{"uv":[13,6,12.5,7],"texture":"#0","cullface":"south"},"up":{"uv":[12,6,13,6.5],"texture":"#0","cullface":"south"}}},{"from":[5,11,16],"to":[7,12,16.5],"light_emission":15,"faces":{"east":{"uv":[6,4,6.5,5],"texture":"#0","cullface":"south"},"south":{"uv":[5,4,7,5],"texture":"#0","cullface":"south"},"west":{"uv":[5,4,5.5,5],"texture":"#0","cullface":"south"},"down":{"uv":[5,4,7,4.5],"texture":"#0","cullface":"south"}}},{"from":[5,4,16],"to":[7,5,16.5],"light_emission":15,"faces":{"east":{"uv":[6,11,6.5,12],"texture":"#0","cullface":"south"},"south":{"uv":[5,11,7,12],"texture":"#0","cullface":"south"},"west":{"uv":[5,11,5.5,12],"texture":"#0","cullface":"south"},"up":{"uv":[5,11,7,11.5],"texture":"#0","cullface":"south"}}},{"from":[14,8,16],"to":[15,9,16.5],"light_emission":15,"faces":{"east":{"uv":[14,7,14.5,8],"texture":"#0","cullface":"south"},"south":{"uv":[14,7,15,8],"texture":"#0","cullface":"south"},"up":{"uv":[14,7,15,7.5],"rotation":180,"texture":"#0","cullface":"south"},"down":{"uv":[14,7,15,7.5],"rotation":180,"texture":"#0","cullface":"south"}}},{"from":[8,3,16],"to":[9,4,16.5],"light_emission":15,"faces":{"east":{"uv":[8,12,8.5,13],"texture":"#0","cullface":"south"},"south":{"uv":[8,12,9,13],"texture":"#0","cullface":"south"},"up":{"uv":[8,12,9,12.5],"rotation":180,"texture":"#0","cullface":"south"},"down":{"uv":[8,12,9,12.5],"rotation":180,"texture":"#0","cullface":"south"}}},{"from":[3,3,16],"to":[4,4,16.5],"light_emission":15,"faces":{"south":{"uv":[3,12,4,13],"texture":"#0","cullface":"south"},"west":{"uv":[3,12,3.5,13],"texture":"#0","cullface":"south"},"up":{"uv":[3,12,4,12.5],"rotation":180,"texture":"#0","cullface":"south"},"down":{"uv":[3,12,4,12.5],"rotation":180,"texture":"#0","cullface":"south"}}},{"from":[2,7,16],"to":[4,8,16.5],"light_emission":15,"faces":{"east":{"uv":[3,8,3.5,9],"texture":"#0","cullface":"south"},"south":{"uv":[2,8,4,9],"texture":"#0","cullface":"south"},"west":{"uv":[2,8,2.5,9],"texture":"#0","cullface":"south"},"up":{"uv":[2,8,4,8.5],"texture":"#0","cullface":"south"},"down":{"uv":[2,8,4,8.5],"texture":"#0","cullface":"south"}}},{"from":[12,3,16],"to":[13,4,16.5],"light_emission":15,"faces":{"east":{"uv":[12,12,12.5,13],"texture":"#0","cullface":"south"},"south":{"uv":[12,12,13,13],"texture":"#0","cullface":"south"},"west":{"uv":[12,12,12.5,13],"texture":"#0","cullface":"south"},"up":{"uv":[12,12,13,12.5],"rotation":180,"texture":"#0","cullface":"south"},"down":{"uv":[12,12,13,12.5],"rotation":180,"texture":"#0","cullface":"south"}}},{"from":[16,2,8],"to":[16.7,4,12],"light_emission":15,"faces":{"north":{"uv":[7,12,7.7,14],"texture":"#0","cullface":"east"},"east":{"uv":[4,12,8,14],"texture":"#0","cullface":"east"},"south":{"uv":[4,12,4.7,14],"texture":"#0","cullface":"east"},"up":{"uv":[4,12,8,12.7],"rotation":270,"texture":"#0","cullface":"east"},"down":{"uv":[4,13,8,13.7],"rotation":90,"texture":"#0","cullface":"east"}}},{"from":[16,12,9],"to":[16.7,13,12],"light_emission":15,"faces":{"east":{"uv":[4,3,7,4],"texture":"#0","cullface":"east"},"south":{"uv":[4,3,4.7,4],"texture":"#0","cullface":"east"},"up":{"uv":[4,3,7,3.7],"rotation":270,"texture":"#0","cullface":"east"},"down":{"uv":[4,3,7,3.7],"rotation":90,"texture":"#0","cullface":"east"}}},{"from":[16,12,6],"to":[16.7,14,9],"light_emission":15,"faces":{"north":{"uv":[9,2,9.7,4],"texture":"#0","cullface":"east"},"east":{"uv":[7,2,10,4],"texture":"#0","cullface":"east"},"south":{"uv":[7,2,7.7,4],"texture":"#0","cullface":"east"},"up":{"uv":[7,2,10,2.7],"rotation":270,"texture":"#0","cullface":"east"},"down":{"uv":[7,3,10,3.7],"rotation":90,"texture":"#0","cullface":"east"}}},{"from":[16,7,2],"to":[16.7,9,7],"light_emission":15,"faces":{"north":{"uv":[13,7,13.7,9],"texture":"#0","cullface":"east"},"east":{"uv":[9,7,14,9],"texture":"#0","cullface":"east"},"south":{"uv":[9,7,9.7,9],"texture":"#0","cullface":"east"},"up":{"uv":[9,7,14,7.7],"rotation":270,"texture":"#0","cullface":"east"},"down":{"uv":[9,8,14,8.7],"rotation":90,"texture":"#0","cullface":"east"}}},{"from":[16,9,3],"to":[16.5,10,4],"light_emission":15,"faces":{"north":{"uv":[13,6,12.5,7],"texture":"#0","cullface":"east"},"east":{"uv":[12,6,13,7],"texture":"#0","cullface":"east"},"south":{"uv":[13,6,12.5,7],"texture":"#0","cullface":"east"},"up":{"uv":[12,6,13,6.5],"rotation":270,"texture":"#0","cullface":"east"}}},{"from":[16,11,9],"to":[16.5,12,11],"light_emission":15,"faces":{"north":{"uv":[6,4,6.5,5],"texture":"#0","cullface":"east"},"east":{"uv":[5,4,7,5],"texture":"#0","cullface":"east"},"south":{"uv":[5,4,5.5,5],"texture":"#0","cullface":"east"},"down":{"uv":[5,4,7,4.5],"rotation":90,"texture":"#0","cullface":"east"}}},{"from":[16,4,9],"to":[16.5,5,11],"light_emission":15,"faces":{"north":{"uv":[6,11,6.5,12],"texture":"#0","cullface":"east"},"east":{"uv":[5,11,7,12],"texture":"#0","cullface":"east"},"south":{"uv":[5,11,5.5,12],"texture":"#0","cullface":"east"},"up":{"uv":[5,11,7,11.5],"rotation":270,"texture":"#0","cullface":"east"}}},{"from":[16,8,1],"to":[16.5,9,2],"light_emission":15,"faces":{"north":{"uv":[14,7,14.5,8],"texture":"#0","cullface":"east"},"east":{"uv":[14,7,15,8],"texture":"#0","cullface":"east"},"up":{"uv":[14,7,15,7.5],"rotation":90,"texture":"#0","cullface":"east"},"down":{"uv":[14,7,15,7.5],"rotation":270,"texture":"#0","cullface":"east"}}},{"from":[16,3,7],"to":[16.5,4,8],"light_emission":15,"faces":{"north":{"uv":[8,12,8.5,13],"texture":"#0","cullface":"east"},"east":{"uv":[8,12,9,13],"texture":"#0","cullface":"east"},"up":{"uv":[8,12,9,12.5],"rotation":90,"texture":"#0","cullface":"east"},"down":{"uv":[8,12,9,12.5],"rotation":270,"texture":"#0","cullface":"east"}}},{"from":[16,3,12],"to":[16.5,4,13],"light_emission":15,"faces":{"east":{"uv":[3,12,4,13],"texture":"#0","cullface":"east"},"south":{"uv":[3,12,3.5,13],"texture":"#0","cullface":"east"},"up":{"uv":[3,12,4,12.5],"rotation":90,"texture":"#0","cullface":"east"},"down":{"uv":[3,12,4,12.5],"rotation":270,"texture":"#0","cullface":"east"}}},{"from":[16,7,12],"to":[16.5,8,14],"light_emission":15,"faces":{"north":{"uv":[3,8,3.5,9],"texture":"#0","cullface":"east"},"east":{"uv":[2,8,4,9],"texture":"#0","cullface":"east"},"south":{"uv":[2,8,2.5,9],"texture":"#0","cullface":"east"},"up":{"uv":[2,8,4,8.5],"rotation":270,"texture":"#0","cullface":"east"},"down":{"uv":[2,8,4,8.5],"rotation":90,"texture":"#0","cullface":"east"}}},{"from":[16,3,3],"to":[16.5,4,4],"light_emission":15,"faces":{"north":{"uv":[12,12,12.5,13],"texture":"#0","cullface":"east"},"east":{"uv":[12,12,13,13],"texture":"#0","cullface":"east"},"south":{"uv":[12,12,12.5,13],"texture":"#0","cullface":"east"},"up":{"uv":[12,12,13,12.5],"rotation":90,"texture":"#0","cullface":"east"},"down":{"uv":[12,12,13,12.5],"rotation":270,"texture":"#0","cullface":"east"}}},{"from":[4,16,12],"to":[8,16.7,14],"light_emission":15,"faces":{"north":{"uv":[4,12,8,12.7],"rotation":180,"texture":"#0","cullface":"up"},"east":{"uv":[7,12,7.7,14],"rotation":90,"texture":"#0","cullface":"up"},"south":{"uv":[4,13,8,13.7],"texture":"#0","cullface":"up"},"west":{"uv":[4,12,4.7,14],"rotation":270,"texture":"#0","cullface":"up"},"up":{"uv":[4,12,8,14],"texture":"#0","cullface":"up"}}},{"from":[4,16,3],"to":[7,16.7,4],"light_emission":15,"faces":{"north":{"uv":[4,3,7,3.7],"rotation":180,"texture":"#0","cullface":"up"},"south":{"uv":[4,3,7,3.7],"texture":"#0","cullface":"up"},"west":{"uv":[4,3,4.7,4],"rotation":270,"texture":"#0","cullface":"up"},"up":{"uv":[4,3,7,4],"texture":"#0","cullface":"up"}}},{"from":[7,16,2],"to":[10,16.7,4],"light_emission":15,"faces":{"north":{"uv":[7,2,10,2.7],"rotation":180,"texture":"#0","cullface":"up"},"east":{"uv":[9,2,9.7,4],"rotation":90,"texture":"#0","cullface":"up"},"south":{"uv":[7,3,10,3.7],"texture":"#0","cullface":"up"},"west":{"uv":[7,2,7.7,4],"rotation":270,"texture":"#0","cullface":"up"},"up":{"uv":[7,2,10,4],"texture":"#0","cullface":"up"}}},{"from":[9,16,7],"to":[14,16.7,9],"light_emission":15,"faces":{"north":{"uv":[9,7,14,7.7],"rotation":180,"texture":"#0","cullface":"up"},"east":{"uv":[13,7,13.7,9],"rotation":90,"texture":"#0","cullface":"up"},"south":{"uv":[9,8,14,8.7],"texture":"#0","cullface":"up"},"west":{"uv":[9,7,9.7,9],"rotation":270,"texture":"#0","cullface":"up"},"up":{"uv":[9,7,14,9],"texture":"#0","cullface":"up"}}},{"from":[12,16,6],"to":[13,16.5,7],"light_emission":15,"faces":{"north":{"uv":[12,6,13,6.5],"rotation":180,"texture":"#0","cullface":"up"},"east":{"uv":[13,6,12.5,7],"rotation":90,"texture":"#0","cullface":"up"},"west":{"uv":[13,6,12.5,7],"rotation":270,"texture":"#0","cullface":"up"},"up":{"uv":[12,6,13,7],"texture":"#0","cullface":"up"}}},{"from":[5,16,4],"to":[7,16.5,5],"light_emission":15,"faces":{"east":{"uv":[6,4,6.5,5],"rotation":90,"texture":"#0","cullface":"up"},"south":{"uv":[5,4,7,4.5],"texture":"#0","cullface":"up"},"west":{"uv":[5,4,5.5,5],"rotation":270,"texture":"#0","cullface":"up"},"up":{"uv":[5,4,7,5],"texture":"#0","cullface":"up"}}},{"from":[5,16,11],"to":[7,16.5,12],"light_emission":15,"faces":{"north":{"uv":[5,11,7,11.5],"rotation":180,"texture":"#0","cullface":"up"},"east":{"uv":[6,11,6.5,12],"rotation":90,"texture":"#0","cullface":"up"},"west":{"uv":[5,11,5.5,12],"rotation":270,"texture":"#0","cullface":"up"},"up":{"uv":[5,11,7,12],"texture":"#0","cullface":"up"}}},{"from":[14,16,7],"to":[15,16.5,8],"light_emission":15,"faces":{"north":{"uv":[14,7,15,7.5],"texture":"#0","cullface":"up"},"east":{"uv":[14,7,14.5,8],"rotation":90,"texture":"#0","cullface":"up"},"south":{"uv":[14,7,15,7.5],"rotation":180,"texture":"#0","cullface":"up"},"up":{"uv":[14,7,15,8],"texture":"#0","cullface":"up"}}},{"from":[8,16,12],"to":[9,16.5,13],"light_emission":15,"faces":{"north":{"uv":[8,12,9,12.5],"texture":"#0","cullface":"up"},"east":{"uv":[8,12,8.5,13],"rotation":90,"texture":"#0","cullface":"up"},"south":{"uv":[8,12,9,12.5],"rotation":180,"texture":"#0","cullface":"up"},"up":{"uv":[8,12,9,13],"texture":"#0","cullface":"up"}}},{"from":[3,16,12],"to":[4,16.5,13],"light_emission":15,"faces":{"north":{"uv":[3,12,4,12.5],"texture":"#0","cullface":"up"},"south":{"uv":[3,12,4,12.5],"rotation":180,"texture":"#0","cullface":"up"},"west":{"uv":[3,12,3.5,13],"rotation":270,"texture":"#0","cullface":"up"},"up":{"uv":[3,12,4,13],"texture":"#0","cullface":"up"}}},{"from":[2,16,8],"to":[4,16.5,9],"light_emission":15,"faces":{"north":{"uv":[2,8,4,8.5],"rotation":180,"texture":"#0","cullface":"up"},"east":{"uv":[3,8,3.5,9],"rotation":90,"texture":"#0","cullface":"up"},"south":{"uv":[2,8,4,8.5],"texture":"#0","cullface":"up"},"west":{"uv":[2,8,2.5,9],"rotation":270,"texture":"#0","cullface":"up"},"up":{"uv":[2,8,4,9],"texture":"#0","cullface":"up"}}},{"from":[12,16,12],"to":[13,16.5,13],"light_emission":15,"faces":{"north":{"uv":[12,12,13,12.5],"texture":"#0","cullface":"up"},"east":{"uv":[12,12,12.5,13],"rotation":90,"texture":"#0","cullface":"up"},"south":{"uv":[12,12,13,12.5],"rotation":180,"texture":"#0","cullface":"up"},"west":{"uv":[12,12,12.5,13],"rotation":270,"texture":"#0","cullface":"up"},"up":{"uv":[12,12,13,13],"texture":"#0","cullface":"up"}}},{"from":[4,-0.7,2],"to":[8,0,4],"light_emission":15,"faces":{"north":{"uv":[4,13,8,13.7],"rotation":180,"texture":"#0","cullface":"down"},"east":{"uv":[7,12,7.7,14],"rotation":270,"texture":"#0","cullface":"down"},"south":{"uv":[4,12,8,12.7],"texture":"#0","cullface":"down"},"west":{"uv":[4,12,4.7,14],"rotation":90,"texture":"#0","cullface":"down"},"down":{"uv":[4,12,8,14],"texture":"#0","cullface":"down"}}},{"from":[4,-0.7,12],"to":[7,0,13],"light_emission":15,"faces":{"north":{"uv":[4,3,7,3.7],"rotation":180,"texture":"#0","cullface":"down"},"south":{"uv":[4,3,7,3.7],"texture":"#0","cullface":"down"},"west":{"uv":[4,3,4.7,4],"rotation":90,"texture":"#0","cullface":"down"},"down":{"uv":[4,3,7,4],"texture":"#0","cullface":"down"}}},{"from":[7,-0.7,12],"to":[10,0,14],"light_emission":15,"faces":{"north":{"uv":[7,3,10,3.7],"rotation":180,"texture":"#0","cullface":"down"},"east":{"uv":[9,2,9.7,4],"rotation":270,"texture":"#0","cullface":"down"},"south":{"uv":[7,2,10,2.7],"texture":"#0","cullface":"down"},"west":{"uv":[7,2,7.7,4],"rotation":90,"texture":"#0","cullface":"down"},"down":{"uv":[7,2,10,4],"texture":"#0","cullface":"down"}}},{"from":[9,-0.7,7],"to":[14,0,9],"light_emission":15,"faces":{"north":{"uv":[9,8,14,8.7],"rotation":180,"texture":"#0","cullface":"down"},"east":{"uv":[13,7,13.7,9],"rotation":270,"texture":"#0","cullface":"down"},"south":{"uv":[9,7,14,7.7],"texture":"#0","cullface":"down"},"west":{"uv":[9,7,9.7,9],"rotation":90,"texture":"#0","cullface":"down"},"down":{"uv":[9,7,14,9],"texture":"#0","cullface":"down"}}},{"from":[12,-0.5,9],"to":[13,0,10],"light_emission":15,"faces":{"east":{"uv":[13,6,12.5,7],"rotation":270,"texture":"#0","cullface":"down"},"south":{"uv":[12,6,13,6.5],"texture":"#0","cullface":"down"},"west":{"uv":[13,6,12.5,7],"rotation":90,"texture":"#0","cullface":"down"},"down":{"uv":[12,6,13,7],"texture":"#0","cullface":"down"}}},{"from":[5,-0.5,11],"to":[7,0,12],"light_emission":15,"faces":{"north":{"uv":[5,4,7,4.5],"rotation":180,"texture":"#0","cullface":"down"},"east":{"uv":[6,4,6.5,5],"rotation":270,"texture":"#0","cullface":"down"},"west":{"uv":[5,4,5.5,5],"rotation":90,"texture":"#0","cullface":"down"},"down":{"uv":[5,4,7,5],"texture":"#0","cullface":"down"}}},{"from":[5,-0.5,4],"to":[7,0,5],"light_emission":15,"faces":{"east":{"uv":[6,11,6.5,12],"rotation":270,"texture":"#0","cullface":"down"},"south":{"uv":[5,11,7,11.5],"texture":"#0","cullface":"down"},"west":{"uv":[5,11,5.5,12],"rotation":90,"texture":"#0","cullface":"down"},"down":{"uv":[5,11,7,12],"texture":"#0","cullface":"down"}}},{"from":[14,-0.5,8],"to":[15,0,9],"light_emission":15,"faces":{"north":{"uv":[14,7,15,7.5],"texture":"#0","cullface":"down"},"east":{"uv":[14,7,14.5,8],"rotation":270,"texture":"#0","cullface":"down"},"south":{"uv":[14,7,15,7.5],"rotation":180,"texture":"#0","cullface":"down"},"down":{"uv":[14,7,15,8],"texture":"#0","cullface":"down"}}},{"from":[8,-0.5,3],"to":[9,0,4],"light_emission":15,"faces":{"north":{"uv":[8,12,9,12.5],"texture":"#0","cullface":"down"},"east":{"uv":[8,12,8.5,13],"rotation":270,"texture":"#0","cullface":"down"},"south":{"uv":[8,12,9,12.5],"rotation":180,"texture":"#0","cullface":"down"},"down":{"uv":[8,12,9,13],"texture":"#0","cullface":"down"}}},{"from":[3,-0.5,3],"to":[4,0,4],"light_emission":15,"faces":{"north":{"uv":[3,12,4,12.5],"texture":"#0","cullface":"down"},"south":{"uv":[3,12,4,12.5],"rotation":180,"texture":"#0","cullface":"down"},"west":{"uv":[3,12,3.5,13],"rotation":90,"texture":"#0","cullface":"down"},"down":{"uv":[3,12,4,13],"texture":"#0","cullface":"down"}}},{"from":[2,-0.5,7],"to":[4,0,8],"light_emission":15,"faces":{"north":{"uv":[2,8,4,8.5],"rotation":180,"texture":"#0","cullface":"down"},"east":{"uv":[3,8,3.5,9],"rotation":270,"texture":"#0","cullface":"down"},"south":{"uv":[2,8,4,8.5],"texture":"#0","cullface":"down"},"west":{"uv":[2,8,2.5,9],"rotation":90,"texture":"#0","cullface":"down"},"down":{"uv":[2,8,4,9],"texture":"#0","cullface":"down"}}},{"from":[12,-0.5,3],"to":[13,0,4],"light_emission":15,"faces":{"north":{"uv":[12,12,13,12.5],"texture":"#0","cullface":"down"},"east":{"uv":[12,12,12.5,13],"rotation":270,"texture":"#0","cullface":"down"},"south":{"uv":[12,12,13,12.5],"rotation":180,"texture":"#0","cullface":"down"},"west":{"uv":[12,12,12.5,13],"rotation":90,"texture":"#0","cullface":"down"},"down":{"uv":[12,12,13,13],"texture":"#0","cullface":"down"}}}]}