{"credit":"Created by Marceus","format_version":"1.21.6","parent":"block/cube_all","textures":{"all":"block/deepslate_coal_ore1","particle":"block/deepslate_coal_ore1_e"},"elements":[{"from":[0,0,0],"to":[16,16,16],"faces":{"north":{"uv":[0,0,16,16],"texture":"#all","cullface":"north"},"east":{"uv":[0,0,16,16],"texture":"#all","cullface":"east"},"south":{"uv":[0,0,16,16],"texture":"#all","cullface":"south"},"west":{"uv":[0,0,16,16],"texture":"#all","cullface":"west"},"up":{"uv":[0,0,16,16],"texture":"#all","cullface":"up"},"down":{"uv":[0,0,16,16],"texture":"#all","cullface":"down"}}},{"from":[13,4,-0.5],"to":[14,6,0],"light_emission":15,"faces":{"north":{"uv":[2,10,3,12],"texture":"#all","cullface":"north"},"east":{"uv":[2,10,2.5,12],"texture":"#all","cullface":"north"},"up":{"uv":[2,10,3,10.5],"texture":"#all","cullface":"north"},"down":{"uv":[2,11,3,11.5],"rotation":180,"texture":"#all","cullface":"north"}}},{"from":[-0.5,3,10],"to":[0,5,11],"light_emission":15,"faces":{"north":{"uv":[10,11,10.5,13],"texture":"#all","cullface":"west"},"west":{"uv":[10,11,11,13],"texture":"#all","cullface":"west"},"up":{"uv":[10,11,11,11.5],"rotation":270,"texture":"#all","cullface":"west"},"down":{"uv":[10,12,11,12.5],"rotation":270,"texture":"#all","cullface":"west"}}},{"from":[-0.5,2,11],"to":[0,3,12],"light_emission":15,"faces":{"north":{"uv":[11,13,11.5,14],"texture":"#all","cullface":"west"},"south":{"uv":[11,13,11.5,14],"texture":"#all","cullface":"west"},"west":{"uv":[11,13,12,14],"texture":"#all","cullface":"west"},"down":{"uv":[11,13,12,13.5],"rotation":90,"texture":"#all","cullface":"west"}}},{"from":[-0.5,4,13],"to":[0,5,14],"light_emission":15,"faces":{"south":{"uv":[13,11,13.5,12],"texture":"#all","cullface":"west"},"west":{"uv":[13,11,14,12],"texture":"#all","cullface":"west"},"up":{"uv":[13,11,14,11.5],"rotation":270,"texture":"#all","cullface":"west"},"down":{"uv":[13,11,14,11.5],"rotation":90,"texture":"#all","cullface":"west"}}},{"from":[-0.7,3,11],"to":[0,6,13],"light_emission":15,"faces":{"north":{"uv":[11,10,11.7,13],"texture":"#all","cullface":"west"},"south":{"uv":[12,10,12.7,13],"texture":"#all","cullface":"west"},"west":{"uv":[11,10,13,13],"texture":"#all","cullface":"west"},"up":{"uv":[11,10,13,10.7],"rotation":90,"texture":"#all","cullface":"west"},"down":{"uv":[11,12,13,12.7],"rotation":270,"texture":"#all","cullface":"west"}}},{"from":[-0.5,5,7],"to":[0,6,8],"light_emission":15,"faces":{"south":{"uv":[7,10,7.5,11],"texture":"#all","cullface":"west"},"west":{"uv":[7,10,8,11],"texture":"#all","cullface":"west"},"up":{"uv":[7,10,8,10.5],"rotation":270,"texture":"#all","cullface":"west"},"down":{"uv":[7,10,8,10.5],"rotation":90,"texture":"#all","cullface":"west"}}},{"from":[-0.5,6,4],"to":[0,7,6],"light_emission":15,"faces":{"north":{"uv":[4,9,4.5,10],"texture":"#all","cullface":"west"},"south":{"uv":[5,9,5.5,10],"texture":"#all","cullface":"west"},"west":{"uv":[4,9,6,10],"texture":"#all","cullface":"west"},"up":{"uv":[4,9,6,9.5],"rotation":90,"texture":"#all","cullface":"west"}}},{"from":[-0.5,3,3],"to":[0,4,6],"light_emission":15,"faces":{"north":{"uv":[3,12,3.5,13],"texture":"#all","cullface":"west"},"south":{"uv":[5,12,5.5,13],"texture":"#all","cullface":"west"},"west":{"uv":[3,12,6,13],"texture":"#all","cullface":"west"},"down":{"uv":[3,12,6,12.5],"rotation":270,"texture":"#all","cullface":"west"}}},{"from":[-0.7,4,3],"to":[0,6,7],"light_emission":15,"faces":{"north":{"uv":[3,10,3.7,12],"texture":"#all","cullface":"west"},"south":{"uv":[6,10,6.7,12],"texture":"#all","cullface":"west"},"west":{"uv":[3,10,7,12],"texture":"#all","cullface":"west"},"up":{"uv":[3,10,7,10.7],"rotation":90,"texture":"#all","cullface":"west"},"down":{"uv":[3,11,7,11.7],"rotation":270,"texture":"#all","cullface":"west"}}},{"from":[-0.7,10,9],"to":[0,11,13],"light_emission":15,"faces":{"north":{"uv":[9,5,9.7,6],"texture":"#all","cullface":"west"},"south":{"uv":[12,5,12.7,6],"texture":"#all","cullface":"west"},"west":{"uv":[9,5,13,6],"texture":"#all","cullface":"west"},"up":{"uv":[9,5,13,5.7],"rotation":90,"texture":"#all","cullface":"west"},"down":{"uv":[9,5,13,5.7],"rotation":270,"texture":"#all","cullface":"west"}}},{"from":[-0.5,10,13],"to":[0,11,14],"light_emission":15,"faces":{"south":{"uv":[13,5,13.5,6],"texture":"#all","cullface":"west"},"west":{"uv":[13,5,14,6],"texture":"#all","cullface":"west"},"up":{"uv":[13,5,14,5.5],"rotation":270,"texture":"#all","cullface":"west"},"down":{"uv":[13,5,14,5.5],"rotation":90,"texture":"#all","cullface":"west"}}},{"from":[-0.5,11,10],"to":[0,12,13],"light_emission":15,"faces":{"north":{"uv":[10,4,10.5,5],"texture":"#all","cullface":"west"},"south":{"uv":[12,4,12.5,5],"texture":"#all","cullface":"west"},"west":{"uv":[10,4,13,5],"texture":"#all","cullface":"west"},"up":{"uv":[10,4,13,4.5],"rotation":90,"texture":"#all","cullface":"west"}}},{"from":[-0.5,8,4],"to":[0,9,6],"light_emission":15,"faces":{"north":{"uv":[4,7,4.5,8],"texture":"#all","cullface":"west"},"south":{"uv":[5,7,5.5,8],"texture":"#all","cullface":"west"},"west":{"uv":[4,7,6,8],"texture":"#all","cullface":"west"},"down":{"uv":[4,7,6,7.5],"rotation":270,"texture":"#all","cullface":"west"}}},{"from":[-0.5,10,5],"to":[0,11,6],"light_emission":15,"faces":{"north":{"uv":[5,5,5.5,6],"texture":"#all","cullface":"west"},"west":{"uv":[5,5,6,6],"texture":"#all","cullface":"west"},"up":{"uv":[5,5,6,5.5],"rotation":270,"texture":"#all","cullface":"west"}}},{"from":[-0.5,10,7],"to":[0,11,8],"light_emission":15,"faces":{"south":{"uv":[7,5,7.5,6],"texture":"#all","cullface":"west"},"west":{"uv":[7,5,8,6],"texture":"#all","cullface":"west"},"up":{"uv":[7,5,8,5.5],"rotation":270,"texture":"#all","cullface":"west"},"down":{"uv":[7,5,8,5.5],"rotation":90,"texture":"#all","cullface":"west"}}},{"from":[-0.7,10,6],"to":[0,11,7],"light_emission":15,"faces":{"north":{"uv":[6,5,6.7,6],"texture":"#all","cullface":"west"},"south":{"uv":[6,5,6.7,6],"texture":"#all","cullface":"west"},"west":{"uv":[6,5,7,6],"texture":"#all","cullface":"west"},"up":{"uv":[6,5,7,5.7],"rotation":270,"texture":"#all","cullface":"west"},"down":{"uv":[6,5,7,5.7],"rotation":90,"texture":"#all","cullface":"west"}}},{"from":[-0.5,9,6],"to":[0,10,7],"light_emission":15,"faces":{"south":{"uv":[6,6,6.5,7],"texture":"#all","cullface":"west"},"west":{"uv":[6,6,7,7],"texture":"#all","cullface":"west"},"down":{"uv":[6,6,7,6.5],"rotation":90,"texture":"#all","cullface":"west"}}},{"from":[-0.5,9,3],"to":[0,10,4],"light_emission":15,"faces":{"north":{"uv":[3,6,3.5,7],"texture":"#all","cullface":"west"},"west":{"uv":[3,6,4,7],"texture":"#all","cullface":"west"},"up":{"uv":[3,6,4,6.5],"rotation":270,"texture":"#all","cullface":"west"},"down":{"uv":[3,6,4,6.5],"rotation":90,"texture":"#all","cullface":"west"}}},{"from":[-0.7,9,4],"to":[0,10,6],"light_emission":15,"faces":{"north":{"uv":[4,6,4.5,7],"texture":"#all","cullface":"west"},"south":{"uv":[5,6,5.5,7],"texture":"#all","cullface":"west"},"west":{"uv":[4,6,6,7],"texture":"#all","cullface":"west"},"up":{"uv":[4,6,6,6.5],"rotation":90,"texture":"#all","cullface":"west"},"down":{"uv":[4,6,6,6.5],"rotation":270,"texture":"#all","cullface":"west"}}},{"from":[-0.5,9,9],"to":[0,10,12],"light_emission":15,"faces":{"north":{"uv":[9,6,9.5,7],"texture":"#all","cullface":"west"},"south":{"uv":[11,6,11.5,7],"texture":"#all","cullface":"west"},"west":{"uv":[9,6,12,7],"texture":"#all","cullface":"west"},"down":{"uv":[9,6,12,6.5],"rotation":270,"texture":"#all","cullface":"west"}}},{"from":[-0.5,12,2],"to":[0,13,4],"light_emission":15,"faces":{"north":{"uv":[2,3,2.5,4],"texture":"#all","cullface":"west"},"south":{"uv":[3,3,3.5,4],"texture":"#all","cullface":"west"},"west":{"uv":[2,3,4,4],"texture":"#all","cullface":"west"},"down":{"uv":[2,3,4,3.5],"rotation":270,"texture":"#all","cullface":"west"}}},{"from":[-0.5,13,10],"to":[0,14,11],"light_emission":15,"faces":{"north":{"uv":[10,2,10.5,3],"texture":"#all","cullface":"west"},"south":{"uv":[10,2,10.5,3],"texture":"#all","cullface":"west"},"west":{"uv":[10,2,11,3],"texture":"#all","cullface":"west"},"down":{"uv":[10,2,11,2.5],"rotation":90,"texture":"#all","cullface":"west"}}},{"from":[-0.7,14,9],"to":[0,15,12],"light_emission":15,"faces":{"north":{"uv":[9,1,9.5,2],"texture":"#all","cullface":"west"},"south":{"uv":[11,1,11.5,2],"texture":"#all","cullface":"west"},"west":{"uv":[9,1,12,2],"texture":"#all","cullface":"west"},"up":{"uv":[9,1,12,1.5],"rotation":90,"texture":"#all","cullface":"west"},"down":{"uv":[9,1,12,1.5],"rotation":270,"texture":"#all","cullface":"west"}}},{"from":[-0.7,13,2],"to":[0,14,4],"light_emission":15,"faces":{"north":{"uv":[2,2,2.5,3],"texture":"#all","cullface":"west"},"south":{"uv":[3,2,3.5,3],"texture":"#all","cullface":"west"},"west":{"uv":[2,2,4,3],"texture":"#all","cullface":"west"},"up":{"uv":[2,2,4,2.5],"rotation":90,"texture":"#all","cullface":"west"},"down":{"uv":[2,2,4,2.5],"rotation":270,"texture":"#all","cullface":"west"}}},{"from":[-0.5,13,4],"to":[0,14,5],"light_emission":15,"faces":{"south":{"uv":[4,2,4.5,3],"texture":"#all","cullface":"west"},"west":{"uv":[4,2,5,3],"texture":"#all","cullface":"west"},"up":{"uv":[4,2,5,2.5],"rotation":270,"texture":"#all","cullface":"west"},"down":{"uv":[4,2,5,2.5],"rotation":90,"texture":"#all","cullface":"west"}}},{"from":[-0.5,13,1],"to":[0,14,2],"light_emission":15,"faces":{"north":{"uv":[1,2,1.5,3],"texture":"#all","cullface":"west"},"west":{"uv":[1,2,2,3],"texture":"#all","cullface":"west"},"up":{"uv":[1,2,2,2.5],"rotation":270,"texture":"#all","cullface":"west"},"down":{"uv":[1,2,2,2.5],"rotation":90,"texture":"#all","cullface":"west"}}},{"from":[-0.5,14,2],"to":[0,15,4],"light_emission":15,"faces":{"north":{"uv":[2,1,2.5,2],"texture":"#all","cullface":"west"},"south":{"uv":[3,1,3.5,2],"texture":"#all","cullface":"west"},"west":{"uv":[2,1,4,2],"texture":"#all","cullface":"west"},"up":{"uv":[2,1,4,1.5],"rotation":90,"texture":"#all","cullface":"west"}}},{"from":[-0.5,4,2],"to":[0,6,3],"light_emission":15,"faces":{"north":{"uv":[2,10,2.5,12],"texture":"#all","cullface":"west"},"west":{"uv":[2,10,3,12],"texture":"#all","cullface":"west"},"up":{"uv":[2,10,3,10.5],"rotation":270,"texture":"#all","cullface":"west"},"down":{"uv":[2,11,3,11.5],"rotation":270,"texture":"#all","cullface":"west"}}},{"from":[10,3,16],"to":[11,5,16.5],"light_emission":15,"faces":{"south":{"uv":[10,11,11,13],"texture":"#all","cullface":"south"},"west":{"uv":[10,11,10.5,13],"texture":"#all","cullface":"south"},"up":{"uv":[10,11,11,11.5],"rotation":180,"texture":"#all","cullface":"south"},"down":{"uv":[10,12,11,12.5],"texture":"#all","cullface":"south"}}},{"from":[11,2,16],"to":[12,3,16.5],"light_emission":15,"faces":{"east":{"uv":[11,13,11.5,14],"texture":"#all","cullface":"south"},"south":{"uv":[11,13,12,14],"texture":"#all","cullface":"south"},"west":{"uv":[11,13,11.5,14],"texture":"#all","cullface":"south"},"down":{"uv":[11,13,12,13.5],"rotation":180,"texture":"#all","cullface":"south"}}},{"from":[13,4,16],"to":[14,5,16.5],"light_emission":15,"faces":{"east":{"uv":[13,11,13.5,12],"texture":"#all","cullface":"south"},"south":{"uv":[13,11,14,12],"texture":"#all","cullface":"south"},"up":{"uv":[13,11,14,11.5],"rotation":180,"texture":"#all","cullface":"south"},"down":{"uv":[13,11,14,11.5],"rotation":180,"texture":"#all","cullface":"south"}}},{"from":[11,3,16],"to":[13,6,16.7],"light_emission":15,"faces":{"east":{"uv":[12,10,12.7,13],"texture":"#all","cullface":"south"},"south":{"uv":[11,10,13,13],"texture":"#all","cullface":"south"},"west":{"uv":[11,10,11.7,13],"texture":"#all","cullface":"south"},"up":{"uv":[11,10,13,10.7],"texture":"#all","cullface":"south"},"down":{"uv":[11,12,13,12.7],"texture":"#all","cullface":"south"}}},{"from":[7,5,16],"to":[8,6,16.5],"light_emission":15,"faces":{"east":{"uv":[7,10,7.5,11],"texture":"#all","cullface":"south"},"south":{"uv":[7,10,8,11],"texture":"#all","cullface":"south"},"up":{"uv":[7,10,8,10.5],"rotation":180,"texture":"#all","cullface":"south"},"down":{"uv":[7,10,8,10.5],"rotation":180,"texture":"#all","cullface":"south"}}},{"from":[4,6,16],"to":[6,7,16.5],"light_emission":15,"faces":{"east":{"uv":[5,9,5.5,10],"texture":"#all","cullface":"south"},"south":{"uv":[4,9,6,10],"texture":"#all","cullface":"south"},"west":{"uv":[4,9,4.5,10],"texture":"#all","cullface":"south"},"up":{"uv":[4,9,6,9.5],"texture":"#all","cullface":"south"}}},{"from":[3,3,16],"to":[6,4,16.5],"light_emission":15,"faces":{"east":{"uv":[5,12,5.5,13],"texture":"#all","cullface":"south"},"south":{"uv":[3,12,6,13],"texture":"#all","cullface":"south"},"west":{"uv":[3,12,3.5,13],"texture":"#all","cullface":"south"},"down":{"uv":[3,12,6,12.5],"texture":"#all","cullface":"south"}}},{"from":[3,4,16],"to":[7,6,16.7],"light_emission":15,"faces":{"east":{"uv":[6,10,6.7,12],"texture":"#all","cullface":"south"},"south":{"uv":[3,10,7,12],"texture":"#all","cullface":"south"},"west":{"uv":[3,10,3.7,12],"texture":"#all","cullface":"south"},"up":{"uv":[3,10,7,10.7],"texture":"#all","cullface":"south"},"down":{"uv":[3,11,7,11.7],"texture":"#all","cullface":"south"}}},{"from":[9,10,16],"to":[13,11,16.7],"light_emission":15,"faces":{"east":{"uv":[12,5,12.7,6],"texture":"#all","cullface":"south"},"south":{"uv":[9,5,13,6],"texture":"#all","cullface":"south"},"west":{"uv":[9,5,9.7,6],"texture":"#all","cullface":"south"},"up":{"uv":[9,5,13,5.7],"texture":"#all","cullface":"south"},"down":{"uv":[9,5,13,5.7],"texture":"#all","cullface":"south"}}},{"from":[13,10,16],"to":[14,11,16.5],"light_emission":15,"faces":{"east":{"uv":[13,5,13.5,6],"texture":"#all","cullface":"south"},"south":{"uv":[13,5,14,6],"texture":"#all","cullface":"south"},"up":{"uv":[13,5,14,5.5],"rotation":180,"texture":"#all","cullface":"south"},"down":{"uv":[13,5,14,5.5],"rotation":180,"texture":"#all","cullface":"south"}}},{"from":[10,11,16],"to":[13,12,16.5],"light_emission":15,"faces":{"east":{"uv":[12,4,12.5,5],"texture":"#all","cullface":"south"},"south":{"uv":[10,4,13,5],"texture":"#all","cullface":"south"},"west":{"uv":[10,4,10.5,5],"texture":"#all","cullface":"south"},"up":{"uv":[10,4,13,4.5],"texture":"#all","cullface":"south"}}},{"from":[4,8,16],"to":[6,9,16.5],"light_emission":15,"faces":{"east":{"uv":[5,7,5.5,8],"texture":"#all","cullface":"south"},"south":{"uv":[4,7,6,8],"texture":"#all","cullface":"south"},"west":{"uv":[4,7,4.5,8],"texture":"#all","cullface":"south"},"down":{"uv":[4,7,6,7.5],"texture":"#all","cullface":"south"}}},{"from":[5,10,16],"to":[6,11,16.5],"light_emission":15,"faces":{"south":{"uv":[5,5,6,6],"texture":"#all","cullface":"south"},"west":{"uv":[5,5,5.5,6],"texture":"#all","cullface":"south"},"up":{"uv":[5,5,6,5.5],"rotation":180,"texture":"#all","cullface":"south"}}},{"from":[7,10,16],"to":[8,11,16.5],"light_emission":15,"faces":{"east":{"uv":[7,5,7.5,6],"texture":"#all","cullface":"south"},"south":{"uv":[7,5,8,6],"texture":"#all","cullface":"south"},"up":{"uv":[7,5,8,5.5],"rotation":180,"texture":"#all","cullface":"south"},"down":{"uv":[7,5,8,5.5],"rotation":180,"texture":"#all","cullface":"south"}}},{"from":[6,10,16],"to":[7,11,16.7],"light_emission":15,"faces":{"east":{"uv":[6,5,6.7,6],"texture":"#all","cullface":"south"},"south":{"uv":[6,5,7,6],"texture":"#all","cullface":"south"},"west":{"uv":[6,5,6.7,6],"texture":"#all","cullface":"south"},"up":{"uv":[6,5,7,5.7],"rotation":180,"texture":"#all","cullface":"south"},"down":{"uv":[6,5,7,5.7],"rotation":180,"texture":"#all","cullface":"south"}}},{"from":[6,9,16],"to":[7,10,16.5],"light_emission":15,"faces":{"east":{"uv":[6,6,6.5,7],"texture":"#all","cullface":"south"},"south":{"uv":[6,6,7,7],"texture":"#all","cullface":"south"},"down":{"uv":[6,6,7,6.5],"rotation":180,"texture":"#all","cullface":"south"}}},{"from":[3,9,16],"to":[4,10,16.5],"light_emission":15,"faces":{"south":{"uv":[3,6,4,7],"texture":"#all","cullface":"south"},"west":{"uv":[3,6,3.5,7],"texture":"#all","cullface":"south"},"up":{"uv":[3,6,4,6.5],"rotation":180,"texture":"#all","cullface":"south"},"down":{"uv":[3,6,4,6.5],"rotation":180,"texture":"#all","cullface":"south"}}},{"from":[4,9,16],"to":[6,10,16.7],"light_emission":15,"faces":{"east":{"uv":[5,6,5.5,7],"texture":"#all","cullface":"south"},"south":{"uv":[4,6,6,7],"texture":"#all","cullface":"south"},"west":{"uv":[4,6,4.5,7],"texture":"#all","cullface":"south"},"up":{"uv":[4,6,6,6.5],"texture":"#all","cullface":"south"},"down":{"uv":[4,6,6,6.5],"texture":"#all","cullface":"south"}}},{"from":[9,9,16],"to":[12,10,16.5],"light_emission":15,"faces":{"east":{"uv":[11,6,11.5,7],"texture":"#all","cullface":"south"},"south":{"uv":[9,6,12,7],"texture":"#all","cullface":"south"},"west":{"uv":[9,6,9.5,7],"texture":"#all","cullface":"south"},"down":{"uv":[9,6,12,6.5],"texture":"#all","cullface":"south"}}},{"from":[2,12,16],"to":[4,13,16.5],"light_emission":15,"faces":{"east":{"uv":[3,3,3.5,4],"texture":"#all","cullface":"south"},"south":{"uv":[2,3,4,4],"texture":"#all","cullface":"south"},"west":{"uv":[2,3,2.5,4],"texture":"#all","cullface":"south"},"down":{"uv":[2,3,4,3.5],"texture":"#all","cullface":"south"}}},{"from":[10,13,16],"to":[11,14,16.5],"light_emission":15,"faces":{"east":{"uv":[10,2,10.5,3],"texture":"#all","cullface":"south"},"south":{"uv":[10,2,11,3],"texture":"#all","cullface":"south"},"west":{"uv":[10,2,10.5,3],"texture":"#all","cullface":"south"},"down":{"uv":[10,2,11,2.5],"rotation":180,"texture":"#all","cullface":"south"}}},{"from":[9,14,16],"to":[12,15,16.7],"light_emission":15,"faces":{"east":{"uv":[11,1,11.5,2],"texture":"#all","cullface":"south"},"south":{"uv":[9,1,12,2],"texture":"#all","cullface":"south"},"west":{"uv":[9,1,9.5,2],"texture":"#all","cullface":"south"},"up":{"uv":[9,1,12,1.5],"texture":"#all","cullface":"south"},"down":{"uv":[9,1,12,1.5],"texture":"#all","cullface":"south"}}},{"from":[2,13,16],"to":[4,14,16.7],"light_emission":15,"faces":{"east":{"uv":[3,2,3.5,3],"texture":"#all","cullface":"south"},"south":{"uv":[2,2,4,3],"texture":"#all","cullface":"south"},"west":{"uv":[2,2,2.5,3],"texture":"#all","cullface":"south"},"up":{"uv":[2,2,4,2.5],"texture":"#all","cullface":"south"},"down":{"uv":[2,2,4,2.5],"texture":"#all","cullface":"south"}}},{"from":[4,13,16],"to":[5,14,16.5],"light_emission":15,"faces":{"east":{"uv":[4,2,4.5,3],"texture":"#all","cullface":"south"},"south":{"uv":[4,2,5,3],"texture":"#all","cullface":"south"},"up":{"uv":[4,2,5,2.5],"rotation":180,"texture":"#all","cullface":"south"},"down":{"uv":[4,2,5,2.5],"rotation":180,"texture":"#all","cullface":"south"}}},{"from":[1,13,16],"to":[2,14,16.5],"light_emission":15,"faces":{"south":{"uv":[1,2,2,3],"texture":"#all","cullface":"south"},"west":{"uv":[1,2,1.5,3],"texture":"#all","cullface":"south"},"up":{"uv":[1,2,2,2.5],"rotation":180,"texture":"#all","cullface":"south"},"down":{"uv":[1,2,2,2.5],"rotation":180,"texture":"#all","cullface":"south"}}},{"from":[2,14,16],"to":[4,15,16.5],"light_emission":15,"faces":{"east":{"uv":[3,1,3.5,2],"texture":"#all","cullface":"south"},"south":{"uv":[2,1,4,2],"texture":"#all","cullface":"south"},"west":{"uv":[2,1,2.5,2],"texture":"#all","cullface":"south"},"up":{"uv":[2,1,4,1.5],"texture":"#all","cullface":"south"}}},{"from":[2,4,16],"to":[3,6,16.5],"light_emission":15,"faces":{"south":{"uv":[2,10,3,12],"texture":"#all","cullface":"south"},"west":{"uv":[2,10,2.5,12],"texture":"#all","cullface":"south"},"up":{"uv":[2,10,3,10.5],"rotation":180,"texture":"#all","cullface":"south"},"down":{"uv":[2,11,3,11.5],"texture":"#all","cullface":"south"}}},{"from":[16,3,5],"to":[16.5,5,6],"light_emission":15,"faces":{"east":{"uv":[10,11,11,13],"texture":"#all","cullface":"east"},"south":{"uv":[10,11,10.5,13],"texture":"#all","cullface":"east"},"up":{"uv":[10,11,11,11.5],"rotation":90,"texture":"#all","cullface":"east"},"down":{"uv":[10,12,11,12.5],"rotation":90,"texture":"#all","cullface":"east"}}},{"from":[16,2,4],"to":[16.5,3,5],"light_emission":15,"faces":{"north":{"uv":[11,13,11.5,14],"texture":"#all","cullface":"east"},"east":{"uv":[11,13,12,14],"texture":"#all","cullface":"east"},"south":{"uv":[11,13,11.5,14],"texture":"#all","cullface":"east"},"down":{"uv":[11,13,12,13.5],"rotation":270,"texture":"#all","cullface":"east"}}},{"from":[16,4,2],"to":[16.5,5,3],"light_emission":15,"faces":{"north":{"uv":[13,11,13.5,12],"texture":"#all","cullface":"east"},"east":{"uv":[13,11,14,12],"texture":"#all","cullface":"east"},"up":{"uv":[13,11,14,11.5],"rotation":90,"texture":"#all","cullface":"east"},"down":{"uv":[13,11,14,11.5],"rotation":270,"texture":"#all","cullface":"east"}}},{"from":[16,3,3],"to":[16.7,6,5],"light_emission":15,"faces":{"north":{"uv":[12,10,12.7,13],"texture":"#all","cullface":"east"},"east":{"uv":[11,10,13,13],"texture":"#all","cullface":"east"},"south":{"uv":[11,10,11.7,13],"texture":"#all","cullface":"east"},"up":{"uv":[11,10,13,10.7],"rotation":270,"texture":"#all","cullface":"east"},"down":{"uv":[11,12,13,12.7],"rotation":90,"texture":"#all","cullface":"east"}}},{"from":[16,5,8],"to":[16.5,6,9],"light_emission":15,"faces":{"north":{"uv":[7,10,7.5,11],"texture":"#all","cullface":"east"},"east":{"uv":[7,10,8,11],"texture":"#all","cullface":"east"},"up":{"uv":[7,10,8,10.5],"rotation":90,"texture":"#all","cullface":"east"},"down":{"uv":[7,10,8,10.5],"rotation":270,"texture":"#all","cullface":"east"}}},{"from":[16,6,10],"to":[16.5,7,12],"light_emission":15,"faces":{"north":{"uv":[5,9,5.5,10],"texture":"#all","cullface":"east"},"east":{"uv":[4,9,6,10],"texture":"#all","cullface":"east"},"south":{"uv":[4,9,4.5,10],"texture":"#all","cullface":"east"},"up":{"uv":[4,9,6,9.5],"rotation":270,"texture":"#all","cullface":"east"}}},{"from":[16,3,10],"to":[16.5,4,13],"light_emission":15,"faces":{"north":{"uv":[5,12,5.5,13],"texture":"#all","cullface":"east"},"east":{"uv":[3,12,6,13],"texture":"#all","cullface":"east"},"south":{"uv":[3,12,3.5,13],"texture":"#all","cullface":"east"},"down":{"uv":[3,12,6,12.5],"rotation":90,"texture":"#all","cullface":"east"}}},{"from":[16,4,9],"to":[16.7,6,13],"light_emission":15,"faces":{"north":{"uv":[6,10,6.7,12],"texture":"#all","cullface":"east"},"east":{"uv":[3,10,7,12],"texture":"#all","cullface":"east"},"south":{"uv":[3,10,3.7,12],"texture":"#all","cullface":"east"},"up":{"uv":[3,10,7,10.7],"rotation":270,"texture":"#all","cullface":"east"},"down":{"uv":[3,11,7,11.7],"rotation":90,"texture":"#all","cullface":"east"}}},{"from":[16,10,3],"to":[16.7,11,7],"light_emission":15,"faces":{"north":{"uv":[12,5,12.7,6],"texture":"#all","cullface":"east"},"east":{"uv":[9,5,13,6],"texture":"#all","cullface":"east"},"south":{"uv":[9,5,9.7,6],"texture":"#all","cullface":"east"},"up":{"uv":[9,5,13,5.7],"rotation":270,"texture":"#all","cullface":"east"},"down":{"uv":[9,5,13,5.7],"rotation":90,"texture":"#all","cullface":"east"}}},{"from":[16,10,2],"to":[16.5,11,3],"light_emission":15,"faces":{"north":{"uv":[13,5,13.5,6],"texture":"#all","cullface":"east"},"east":{"uv":[13,5,14,6],"texture":"#all","cullface":"east"},"up":{"uv":[13,5,14,5.5],"rotation":90,"texture":"#all","cullface":"east"},"down":{"uv":[13,5,14,5.5],"rotation":270,"texture":"#all","cullface":"east"}}},{"from":[16,11,3],"to":[16.5,12,6],"light_emission":15,"faces":{"north":{"uv":[12,4,12.5,5],"texture":"#all","cullface":"east"},"east":{"uv":[10,4,13,5],"texture":"#all","cullface":"east"},"south":{"uv":[10,4,10.5,5],"texture":"#all","cullface":"east"},"up":{"uv":[10,4,13,4.5],"rotation":270,"texture":"#all","cullface":"east"}}},{"from":[16,8,10],"to":[16.5,9,12],"light_emission":15,"faces":{"north":{"uv":[5,7,5.5,8],"texture":"#all","cullface":"east"},"east":{"uv":[4,7,6,8],"texture":"#all","cullface":"east"},"south":{"uv":[4,7,4.5,8],"texture":"#all","cullface":"east"},"down":{"uv":[4,7,6,7.5],"rotation":90,"texture":"#all","cullface":"east"}}},{"from":[16,10,10],"to":[16.5,11,11],"light_emission":15,"faces":{"east":{"uv":[5,5,6,6],"texture":"#all","cullface":"east"},"south":{"uv":[5,5,5.5,6],"texture":"#all","cullface":"east"},"up":{"uv":[5,5,6,5.5],"rotation":90,"texture":"#all","cullface":"east"}}},{"from":[16,10,8],"to":[16.5,11,9],"light_emission":15,"faces":{"north":{"uv":[7,5,7.5,6],"texture":"#all","cullface":"east"},"east":{"uv":[7,5,8,6],"texture":"#all","cullface":"east"},"up":{"uv":[7,5,8,5.5],"rotation":90,"texture":"#all","cullface":"east"},"down":{"uv":[7,5,8,5.5],"rotation":270,"texture":"#all","cullface":"east"}}},{"from":[16,10,9],"to":[16.7,11,10],"light_emission":15,"faces":{"north":{"uv":[6,5,6.7,6],"texture":"#all","cullface":"east"},"east":{"uv":[6,5,7,6],"texture":"#all","cullface":"east"},"south":{"uv":[6,5,6.7,6],"texture":"#all","cullface":"east"},"up":{"uv":[6,5,7,5.7],"rotation":90,"texture":"#all","cullface":"east"},"down":{"uv":[6,5,7,5.7],"rotation":270,"texture":"#all","cullface":"east"}}},{"from":[16,9,9],"to":[16.5,10,10],"light_emission":15,"faces":{"north":{"uv":[6,6,6.5,7],"texture":"#all","cullface":"east"},"east":{"uv":[6,6,7,7],"texture":"#all","cullface":"east"},"down":{"uv":[6,6,7,6.5],"rotation":270,"texture":"#all","cullface":"east"}}},{"from":[16,9,12],"to":[16.5,10,13],"light_emission":15,"faces":{"east":{"uv":[3,6,4,7],"texture":"#all","cullface":"east"},"south":{"uv":[3,6,3.5,7],"texture":"#all","cullface":"east"},"up":{"uv":[3,6,4,6.5],"rotation":90,"texture":"#all","cullface":"east"},"down":{"uv":[3,6,4,6.5],"rotation":270,"texture":"#all","cullface":"east"}}},{"from":[16,9,10],"to":[16.7,10,12],"light_emission":15,"faces":{"north":{"uv":[5,6,5.5,7],"texture":"#all","cullface":"east"},"east":{"uv":[4,6,6,7],"texture":"#all","cullface":"east"},"south":{"uv":[4,6,4.5,7],"texture":"#all","cullface":"east"},"up":{"uv":[4,6,6,6.5],"rotation":270,"texture":"#all","cullface":"east"},"down":{"uv":[4,6,6,6.5],"rotation":90,"texture":"#all","cullface":"east"}}},{"from":[16,9,4],"to":[16.5,10,7],"light_emission":15,"faces":{"north":{"uv":[11,6,11.5,7],"texture":"#all","cullface":"east"},"east":{"uv":[9,6,12,7],"texture":"#all","cullface":"east"},"south":{"uv":[9,6,9.5,7],"texture":"#all","cullface":"east"},"down":{"uv":[9,6,12,6.5],"rotation":90,"texture":"#all","cullface":"east"}}},{"from":[16,12,12],"to":[16.5,13,14],"light_emission":15,"faces":{"north":{"uv":[3,3,3.5,4],"texture":"#all","cullface":"east"},"east":{"uv":[2,3,4,4],"texture":"#all","cullface":"east"},"south":{"uv":[2,3,2.5,4],"texture":"#all","cullface":"east"},"down":{"uv":[2,3,4,3.5],"rotation":90,"texture":"#all","cullface":"east"}}},{"from":[16,13,5],"to":[16.5,14,6],"light_emission":15,"faces":{"north":{"uv":[10,2,10.5,3],"texture":"#all","cullface":"east"},"east":{"uv":[10,2,11,3],"texture":"#all","cullface":"east"},"south":{"uv":[10,2,10.5,3],"texture":"#all","cullface":"east"},"down":{"uv":[10,2,11,2.5],"rotation":270,"texture":"#all","cullface":"east"}}},{"from":[16,14,4],"to":[16.7,15,7],"light_emission":15,"faces":{"north":{"uv":[11,1,11.5,2],"texture":"#all","cullface":"east"},"east":{"uv":[9,1,12,2],"texture":"#all","cullface":"east"},"south":{"uv":[9,1,9.5,2],"texture":"#all","cullface":"east"},"up":{"uv":[9,1,12,1.5],"rotation":270,"texture":"#all","cullface":"east"},"down":{"uv":[9,1,12,1.5],"rotation":90,"texture":"#all","cullface":"east"}}},{"from":[16,13,12],"to":[16.7,14,14],"light_emission":15,"faces":{"north":{"uv":[3,2,3.5,3],"texture":"#all","cullface":"east"},"east":{"uv":[2,2,4,3],"texture":"#all","cullface":"east"},"south":{"uv":[2,2,2.5,3],"texture":"#all","cullface":"east"},"up":{"uv":[2,2,4,2.5],"rotation":270,"texture":"#all","cullface":"east"},"down":{"uv":[2,2,4,2.5],"rotation":90,"texture":"#all","cullface":"east"}}},{"from":[16,13,11],"to":[16.5,14,12],"light_emission":15,"faces":{"north":{"uv":[4,2,4.5,3],"texture":"#all","cullface":"east"},"east":{"uv":[4,2,5,3],"texture":"#all","cullface":"east"},"up":{"uv":[4,2,5,2.5],"rotation":90,"texture":"#all","cullface":"east"},"down":{"uv":[4,2,5,2.5],"rotation":270,"texture":"#all","cullface":"east"}}},{"from":[16,13,14],"to":[16.5,14,15],"light_emission":15,"faces":{"east":{"uv":[1,2,2,3],"texture":"#all","cullface":"east"},"south":{"uv":[1,2,1.5,3],"texture":"#all","cullface":"east"},"up":{"uv":[1,2,2,2.5],"rotation":90,"texture":"#all","cullface":"east"},"down":{"uv":[1,2,2,2.5],"rotation":270,"texture":"#all","cullface":"east"}}},{"from":[16,14,12],"to":[16.5,15,14],"light_emission":15,"faces":{"north":{"uv":[3,1,3.5,2],"texture":"#all","cullface":"east"},"east":{"uv":[2,1,4,2],"texture":"#all","cullface":"east"},"south":{"uv":[2,1,2.5,2],"texture":"#all","cullface":"east"},"up":{"uv":[2,1,4,1.5],"rotation":270,"texture":"#all","cullface":"east"}}},{"from":[16,4,13],"to":[16.5,6,14],"light_emission":15,"faces":{"east":{"uv":[2,10,3,12],"texture":"#all","cullface":"east"},"south":{"uv":[2,10,2.5,12],"texture":"#all","cullface":"east"},"up":{"uv":[2,10,3,10.5],"rotation":90,"texture":"#all","cullface":"east"},"down":{"uv":[2,11,3,11.5],"rotation":90,"texture":"#all","cullface":"east"}}},{"from":[10,16,11],"to":[11,16.5,13],"light_emission":15,"faces":{"north":{"uv":[10,11,11,11.5],"texture":"#all","cullface":"up"},"south":{"uv":[10,12,11,12.5],"texture":"#all","cullface":"up"},"west":{"uv":[10,11,10.5,13],"rotation":270,"texture":"#all","cullface":"up"},"up":{"uv":[10,11,11,13],"texture":"#all","cullface":"up"}}},{"from":[11,16,13],"to":[12,16.5,14],"light_emission":15,"faces":{"east":{"uv":[11,13,11.5,14],"rotation":90,"texture":"#all","cullface":"up"},"south":{"uv":[11,13,12,13.5],"rotation":180,"texture":"#all","cullface":"up"},"west":{"uv":[11,13,11.5,14],"rotation":270,"texture":"#all","cullface":"up"},"up":{"uv":[11,13,12,14],"texture":"#all","cullface":"up"}}},{"from":[13,16,11],"to":[14,16.5,12],"light_emission":15,"faces":{"north":{"uv":[13,11,14,11.5],"texture":"#all","cullface":"up"},"east":{"uv":[13,11,13.5,12],"rotation":90,"texture":"#all","cullface":"up"},"south":{"uv":[13,11,14,11.5],"rotation":180,"texture":"#all","cullface":"up"},"up":{"uv":[13,11,14,12],"texture":"#all","cullface":"up"}}},{"from":[11,16,10],"to":[13,16.7,13],"light_emission":15,"faces":{"north":{"uv":[11,10,13,10.7],"rotation":180,"texture":"#all","cullface":"up"},"east":{"uv":[12,10,12.7,13],"rotation":90,"texture":"#all","cullface":"up"},"south":{"uv":[11,12,13,12.7],"texture":"#all","cullface":"up"},"west":{"uv":[11,10,11.7,13],"rotation":270,"texture":"#all","cullface":"up"},"up":{"uv":[11,10,13,13],"texture":"#all","cullface":"up"}}},{"from":[7,16,10],"to":[8,16.5,11],"light_emission":15,"faces":{"north":{"uv":[7,10,8,10.5],"texture":"#all","cullface":"up"},"east":{"uv":[7,10,7.5,11],"rotation":90,"texture":"#all","cullface":"up"},"south":{"uv":[7,10,8,10.5],"rotation":180,"texture":"#all","cullface":"up"},"up":{"uv":[7,10,8,11],"texture":"#all","cullface":"up"}}},{"from":[4,16,9],"to":[6,16.5,10],"light_emission":15,"faces":{"north":{"uv":[4,9,6,9.5],"rotation":180,"texture":"#all","cullface":"up"},"east":{"uv":[5,9,5.5,10],"rotation":90,"texture":"#all","cullface":"up"},"west":{"uv":[4,9,4.5,10],"rotation":270,"texture":"#all","cullface":"up"},"up":{"uv":[4,9,6,10],"texture":"#all","cullface":"up"}}},{"from":[3,16,12],"to":[6,16.5,13],"light_emission":15,"faces":{"east":{"uv":[5,12,5.5,13],"rotation":90,"texture":"#all","cullface":"up"},"south":{"uv":[3,12,6,12.5],"texture":"#all","cullface":"up"},"west":{"uv":[3,12,3.5,13],"rotation":270,"texture":"#all","cullface":"up"},"up":{"uv":[3,12,6,13],"texture":"#all","cullface":"up"}}},{"from":[3,16,10],"to":[7,16.7,12],"light_emission":15,"faces":{"north":{"uv":[3,10,7,10.7],"rotation":180,"texture":"#all","cullface":"up"},"east":{"uv":[6,10,6.7,12],"rotation":90,"texture":"#all","cullface":"up"},"south":{"uv":[3,11,7,11.7],"texture":"#all","cullface":"up"},"west":{"uv":[3,10,3.7,12],"rotation":270,"texture":"#all","cullface":"up"},"up":{"uv":[3,10,7,12],"texture":"#all","cullface":"up"}}},{"from":[9,16,5],"to":[13,16.7,6],"light_emission":15,"faces":{"north":{"uv":[9,5,13,5.7],"rotation":180,"texture":"#all","cullface":"up"},"east":{"uv":[12,5,12.7,6],"rotation":90,"texture":"#all","cullface":"up"},"south":{"uv":[9,5,13,5.7],"texture":"#all","cullface":"up"},"west":{"uv":[9,5,9.7,6],"rotation":270,"texture":"#all","cullface":"up"},"up":{"uv":[9,5,13,6],"texture":"#all","cullface":"up"}}},{"from":[13,16,5],"to":[14,16.5,6],"light_emission":15,"faces":{"north":{"uv":[13,5,14,5.5],"texture":"#all","cullface":"up"},"east":{"uv":[13,5,13.5,6],"rotation":90,"texture":"#all","cullface":"up"},"south":{"uv":[13,5,14,5.5],"rotation":180,"texture":"#all","cullface":"up"},"up":{"uv":[13,5,14,6],"texture":"#all","cullface":"up"}}},{"from":[10,16,4],"to":[13,16.5,5],"light_emission":15,"faces":{"north":{"uv":[10,4,13,4.5],"rotation":180,"texture":"#all","cullface":"up"},"east":{"uv":[12,4,12.5,5],"rotation":90,"texture":"#all","cullface":"up"},"west":{"uv":[10,4,10.5,5],"rotation":270,"texture":"#all","cullface":"up"},"up":{"uv":[10,4,13,5],"texture":"#all","cullface":"up"}}},{"from":[4,16,7],"to":[6,16.5,8],"light_emission":15,"faces":{"east":{"uv":[5,7,5.5,8],"rotation":90,"texture":"#all","cullface":"up"},"south":{"uv":[4,7,6,7.5],"texture":"#all","cullface":"up"},"west":{"uv":[4,7,4.5,8],"rotation":270,"texture":"#all","cullface":"up"},"up":{"uv":[4,7,6,8],"texture":"#all","cullface":"up"}}},{"from":[5,16,5],"to":[6,16.5,6],"light_emission":15,"faces":{"north":{"uv":[5,5,6,5.5],"texture":"#all","cullface":"up"},"west":{"uv":[5,5,5.5,6],"rotation":270,"texture":"#all","cullface":"up"},"up":{"uv":[5,5,6,6],"texture":"#all","cullface":"up"}}},{"from":[7,16,5],"to":[8,16.5,6],"light_emission":15,"faces":{"north":{"uv":[7,5,8,5.5],"texture":"#all","cullface":"up"},"east":{"uv":[7,5,7.5,6],"rotation":90,"texture":"#all","cullface":"up"},"south":{"uv":[7,5,8,5.5],"rotation":180,"texture":"#all","cullface":"up"},"up":{"uv":[7,5,8,6],"texture":"#all","cullface":"up"}}},{"from":[6,16,5],"to":[7,16.7,6],"light_emission":15,"faces":{"north":{"uv":[6,5,7,5.7],"texture":"#all","cullface":"up"},"east":{"uv":[6,5,6.7,6],"rotation":90,"texture":"#all","cullface":"up"},"south":{"uv":[6,5,7,5.7],"rotation":180,"texture":"#all","cullface":"up"},"west":{"uv":[6,5,6.7,6],"rotation":270,"texture":"#all","cullface":"up"},"up":{"uv":[6,5,7,6],"texture":"#all","cullface":"up"}}},{"from":[6,16,6],"to":[7,16.5,7],"light_emission":15,"faces":{"east":{"uv":[6,6,6.5,7],"rotation":90,"texture":"#all","cullface":"up"},"south":{"uv":[6,6,7,6.5],"rotation":180,"texture":"#all","cullface":"up"},"up":{"uv":[6,6,7,7],"texture":"#all","cullface":"up"}}},{"from":[3,16,6],"to":[4,16.5,7],"light_emission":15,"faces":{"north":{"uv":[3,6,4,6.5],"texture":"#all","cullface":"up"},"south":{"uv":[3,6,4,6.5],"rotation":180,"texture":"#all","cullface":"up"},"west":{"uv":[3,6,3.5,7],"rotation":270,"texture":"#all","cullface":"up"},"up":{"uv":[3,6,4,7],"texture":"#all","cullface":"up"}}},{"from":[4,16,6],"to":[6,16.7,7],"light_emission":15,"faces":{"north":{"uv":[4,6,6,6.5],"rotation":180,"texture":"#all","cullface":"up"},"east":{"uv":[5,6,5.5,7],"rotation":90,"texture":"#all","cullface":"up"},"south":{"uv":[4,6,6,6.5],"texture":"#all","cullface":"up"},"west":{"uv":[4,6,4.5,7],"rotation":270,"texture":"#all","cullface":"up"},"up":{"uv":[4,6,6,7],"texture":"#all","cullface":"up"}}},{"from":[9,16,6],"to":[12,16.5,7],"light_emission":15,"faces":{"east":{"uv":[11,6,11.5,7],"rotation":90,"texture":"#all","cullface":"up"},"south":{"uv":[9,6,12,6.5],"texture":"#all","cullface":"up"},"west":{"uv":[9,6,9.5,7],"rotation":270,"texture":"#all","cullface":"up"},"up":{"uv":[9,6,12,7],"texture":"#all","cullface":"up"}}},{"from":[2,16,3],"to":[4,16.5,4],"light_emission":15,"faces":{"east":{"uv":[3,3,3.5,4],"rotation":90,"texture":"#all","cullface":"up"},"south":{"uv":[2,3,4,3.5],"texture":"#all","cullface":"up"},"west":{"uv":[2,3,2.5,4],"rotation":270,"texture":"#all","cullface":"up"},"up":{"uv":[2,3,4,4],"texture":"#all","cullface":"up"}}},{"from":[10,16,2],"to":[11,16.5,3],"light_emission":15,"faces":{"east":{"uv":[10,2,10.5,3],"rotation":90,"texture":"#all","cullface":"up"},"south":{"uv":[10,2,11,2.5],"rotation":180,"texture":"#all","cullface":"up"},"west":{"uv":[10,2,10.5,3],"rotation":270,"texture":"#all","cullface":"up"},"up":{"uv":[10,2,11,3],"texture":"#all","cullface":"up"}}},{"from":[9,16,1],"to":[12,16.7,2],"light_emission":15,"faces":{"north":{"uv":[9,1,12,1.5],"rotation":180,"texture":"#all","cullface":"up"},"east":{"uv":[11,1,11.5,2],"rotation":90,"texture":"#all","cullface":"up"},"south":{"uv":[9,1,12,1.5],"texture":"#all","cullface":"up"},"west":{"uv":[9,1,9.5,2],"rotation":270,"texture":"#all","cullface":"up"},"up":{"uv":[9,1,12,2],"texture":"#all","cullface":"up"}}},{"from":[2,16,2],"to":[4,16.7,3],"light_emission":15,"faces":{"north":{"uv":[2,2,4,2.5],"rotation":180,"texture":"#all","cullface":"up"},"east":{"uv":[3,2,3.5,3],"rotation":90,"texture":"#all","cullface":"up"},"south":{"uv":[2,2,4,2.5],"texture":"#all","cullface":"up"},"west":{"uv":[2,2,2.5,3],"rotation":270,"texture":"#all","cullface":"up"},"up":{"uv":[2,2,4,3],"texture":"#all","cullface":"up"}}},{"from":[4,16,2],"to":[5,16.5,3],"light_emission":15,"faces":{"north":{"uv":[4,2,5,2.5],"texture":"#all","cullface":"up"},"east":{"uv":[4,2,4.5,3],"rotation":90,"texture":"#all","cullface":"up"},"south":{"uv":[4,2,5,2.5],"rotation":180,"texture":"#all","cullface":"up"},"up":{"uv":[4,2,5,3],"texture":"#all","cullface":"up"}}},{"from":[1,16,2],"to":[2,16.5,3],"light_emission":15,"faces":{"north":{"uv":[1,2,2,2.5],"texture":"#all","cullface":"up"},"south":{"uv":[1,2,2,2.5],"rotation":180,"texture":"#all","cullface":"up"},"west":{"uv":[1,2,1.5,3],"rotation":270,"texture":"#all","cullface":"up"},"up":{"uv":[1,2,2,3],"texture":"#all","cullface":"up"}}},{"from":[2,16,1],"to":[4,16.5,2],"light_emission":15,"faces":{"north":{"uv":[2,1,4,1.5],"rotation":180,"texture":"#all","cullface":"up"},"east":{"uv":[3,1,3.5,2],"rotation":90,"texture":"#all","cullface":"up"},"west":{"uv":[2,1,2.5,2],"rotation":270,"texture":"#all","cullface":"up"},"up":{"uv":[2,1,4,2],"texture":"#all","cullface":"up"}}},{"from":[2,16,10],"to":[3,16.5,12],"light_emission":15,"faces":{"north":{"uv":[2,10,3,10.5],"texture":"#all","cullface":"up"},"south":{"uv":[2,11,3,11.5],"texture":"#all","cullface":"up"},"west":{"uv":[2,10,2.5,12],"rotation":270,"texture":"#all","cullface":"up"},"up":{"uv":[2,10,3,12],"texture":"#all","cullface":"up"}}},{"from":[10,-0.5,3],"to":[11,0,5],"light_emission":15,"faces":{"north":{"uv":[10,12,11,12.5],"rotation":180,"texture":"#all","cullface":"down"},"south":{"uv":[10,11,11,11.5],"rotation":180,"texture":"#all","cullface":"down"},"west":{"uv":[10,11,10.5,13],"rotation":90,"texture":"#all","cullface":"down"},"down":{"uv":[10,11,11,13],"texture":"#all","cullface":"down"}}},{"from":[11,-0.5,2],"to":[12,0,3],"light_emission":15,"faces":{"north":{"uv":[11,13,12,13.5],"texture":"#all","cullface":"down"},"east":{"uv":[11,13,11.5,14],"rotation":270,"texture":"#all","cullface":"down"},"west":{"uv":[11,13,11.5,14],"rotation":90,"texture":"#all","cullface":"down"},"down":{"uv":[11,13,12,14],"texture":"#all","cullface":"down"}}},{"from":[13,-0.5,4],"to":[14,0,5],"light_emission":15,"faces":{"north":{"uv":[13,11,14,11.5],"texture":"#all","cullface":"down"},"east":{"uv":[13,11,13.5,12],"rotation":270,"texture":"#all","cullface":"down"},"south":{"uv":[13,11,14,11.5],"rotation":180,"texture":"#all","cullface":"down"},"down":{"uv":[13,11,14,12],"texture":"#all","cullface":"down"}}},{"from":[11,-0.7,3],"to":[13,0,6],"light_emission":15,"faces":{"north":{"uv":[11,12,13,12.7],"rotation":180,"texture":"#all","cullface":"down"},"east":{"uv":[12,10,12.7,13],"rotation":270,"texture":"#all","cullface":"down"},"south":{"uv":[11,10,13,10.7],"texture":"#all","cullface":"down"},"west":{"uv":[11,10,11.7,13],"rotation":90,"texture":"#all","cullface":"down"},"down":{"uv":[11,10,13,13],"texture":"#all","cullface":"down"}}},{"from":[7,-0.5,5],"to":[8,0,6],"light_emission":15,"faces":{"north":{"uv":[7,10,8,10.5],"texture":"#all","cullface":"down"},"east":{"uv":[7,10,7.5,11],"rotation":270,"texture":"#all","cullface":"down"},"south":{"uv":[7,10,8,10.5],"rotation":180,"texture":"#all","cullface":"down"},"down":{"uv":[7,10,8,11],"texture":"#all","cullface":"down"}}},{"from":[4,-0.5,6],"to":[6,0,7],"light_emission":15,"faces":{"east":{"uv":[5,9,5.5,10],"rotation":270,"texture":"#all","cullface":"down"},"south":{"uv":[4,9,6,9.5],"texture":"#all","cullface":"down"},"west":{"uv":[4,9,4.5,10],"rotation":90,"texture":"#all","cullface":"down"},"down":{"uv":[4,9,6,10],"texture":"#all","cullface":"down"}}},{"from":[3,-0.5,3],"to":[6,0,4],"light_emission":15,"faces":{"north":{"uv":[3,12,6,12.5],"rotation":180,"texture":"#all","cullface":"down"},"east":{"uv":[5,12,5.5,13],"rotation":270,"texture":"#all","cullface":"down"},"west":{"uv":[3,12,3.5,13],"rotation":90,"texture":"#all","cullface":"down"},"down":{"uv":[3,12,6,13],"texture":"#all","cullface":"down"}}},{"from":[3,-0.7,4],"to":[7,0,6],"light_emission":15,"faces":{"north":{"uv":[3,11,7,11.7],"rotation":180,"texture":"#all","cullface":"down"},"east":{"uv":[6,10,6.7,12],"rotation":270,"texture":"#all","cullface":"down"},"south":{"uv":[3,10,7,10.7],"texture":"#all","cullface":"down"},"west":{"uv":[3,10,3.7,12],"rotation":90,"texture":"#all","cullface":"down"},"down":{"uv":[3,10,7,12],"texture":"#all","cullface":"down"}}},{"from":[9,-0.7,10],"to":[13,0,11],"light_emission":15,"faces":{"north":{"uv":[9,5,13,5.7],"rotation":180,"texture":"#all","cullface":"down"},"east":{"uv":[12,5,12.7,6],"rotation":270,"texture":"#all","cullface":"down"},"south":{"uv":[9,5,13,5.7],"texture":"#all","cullface":"down"},"west":{"uv":[9,5,9.7,6],"rotation":90,"texture":"#all","cullface":"down"},"down":{"uv":[9,5,13,6],"texture":"#all","cullface":"down"}}},{"from":[13,-0.5,10],"to":[14,0,11],"light_emission":15,"faces":{"north":{"uv":[13,5,14,5.5],"texture":"#all","cullface":"down"},"east":{"uv":[13,5,13.5,6],"rotation":270,"texture":"#all","cullface":"down"},"south":{"uv":[13,5,14,5.5],"rotation":180,"texture":"#all","cullface":"down"},"down":{"uv":[13,5,14,6],"texture":"#all","cullface":"down"}}},{"from":[10,-0.5,11],"to":[13,0,12],"light_emission":15,"faces":{"east":{"uv":[12,4,12.5,5],"rotation":270,"texture":"#all","cullface":"down"},"south":{"uv":[10,4,13,4.5],"texture":"#all","cullface":"down"},"west":{"uv":[10,4,10.5,5],"rotation":90,"texture":"#all","cullface":"down"},"down":{"uv":[10,4,13,5],"texture":"#all","cullface":"down"}}},{"from":[4,-0.5,8],"to":[6,0,9],"light_emission":15,"faces":{"north":{"uv":[4,7,6,7.5],"rotation":180,"texture":"#all","cullface":"down"},"east":{"uv":[5,7,5.5,8],"rotation":270,"texture":"#all","cullface":"down"},"west":{"uv":[4,7,4.5,8],"rotation":90,"texture":"#all","cullface":"down"},"down":{"uv":[4,7,6,8],"texture":"#all","cullface":"down"}}},{"from":[5,-0.5,10],"to":[6,0,11],"light_emission":15,"faces":{"south":{"uv":[5,5,6,5.5],"rotation":180,"texture":"#all","cullface":"down"},"west":{"uv":[5,5,5.5,6],"rotation":90,"texture":"#all","cullface":"down"},"down":{"uv":[5,5,6,6],"texture":"#all","cullface":"down"}}},{"from":[7,-0.5,10],"to":[8,0,11],"light_emission":15,"faces":{"north":{"uv":[7,5,8,5.5],"texture":"#all","cullface":"down"},"east":{"uv":[7,5,7.5,6],"rotation":270,"texture":"#all","cullface":"down"},"south":{"uv":[7,5,8,5.5],"rotation":180,"texture":"#all","cullface":"down"},"down":{"uv":[7,5,8,6],"texture":"#all","cullface":"down"}}},{"from":[6,-0.7,10],"to":[7,0,11],"light_emission":15,"faces":{"north":{"uv":[6,5,7,5.7],"texture":"#all","cullface":"down"},"east":{"uv":[6,5,6.7,6],"rotation":270,"texture":"#all","cullface":"down"},"south":{"uv":[6,5,7,5.7],"rotation":180,"texture":"#all","cullface":"down"},"west":{"uv":[6,5,6.7,6],"rotation":90,"texture":"#all","cullface":"down"},"down":{"uv":[6,5,7,6],"texture":"#all","cullface":"down"}}},{"from":[6,-0.5,9],"to":[7,0,10],"light_emission":15,"faces":{"north":{"uv":[6,6,7,6.5],"texture":"#all","cullface":"down"},"east":{"uv":[6,6,6.5,7],"rotation":270,"texture":"#all","cullface":"down"},"down":{"uv":[6,6,7,7],"texture":"#all","cullface":"down"}}},{"from":[3,-0.5,9],"to":[4,0,10],"light_emission":15,"faces":{"north":{"uv":[3,6,4,6.5],"texture":"#all","cullface":"down"},"south":{"uv":[3,6,4,6.5],"rotation":180,"texture":"#all","cullface":"down"},"west":{"uv":[3,6,3.5,7],"rotation":90,"texture":"#all","cullface":"down"},"down":{"uv":[3,6,4,7],"texture":"#all","cullface":"down"}}},{"from":[4,-0.7,9],"to":[6,0,10],"light_emission":15,"faces":{"north":{"uv":[4,6,6,6.5],"rotation":180,"texture":"#all","cullface":"down"},"east":{"uv":[5,6,5.5,7],"rotation":270,"texture":"#all","cullface":"down"},"south":{"uv":[4,6,6,6.5],"texture":"#all","cullface":"down"},"west":{"uv":[4,6,4.5,7],"rotation":90,"texture":"#all","cullface":"down"},"down":{"uv":[4,6,6,7],"texture":"#all","cullface":"down"}}},{"from":[9,-0.5,9],"to":[12,0,10],"light_emission":15,"faces":{"north":{"uv":[9,6,12,6.5],"rotation":180,"texture":"#all","cullface":"down"},"east":{"uv":[11,6,11.5,7],"rotation":270,"texture":"#all","cullface":"down"},"west":{"uv":[9,6,9.5,7],"rotation":90,"texture":"#all","cullface":"down"},"down":{"uv":[9,6,12,7],"texture":"#all","cullface":"down"}}},{"from":[2,-0.5,12],"to":[4,0,13],"light_emission":15,"faces":{"north":{"uv":[2,3,4,3.5],"rotation":180,"texture":"#all","cullface":"down"},"east":{"uv":[3,3,3.5,4],"rotation":270,"texture":"#all","cullface":"down"},"west":{"uv":[2,3,2.5,4],"rotation":90,"texture":"#all","cullface":"down"},"down":{"uv":[2,3,4,4],"texture":"#all","cullface":"down"}}},{"from":[10,-0.5,13],"to":[11,0,14],"light_emission":15,"faces":{"north":{"uv":[10,2,11,2.5],"texture":"#all","cullface":"down"},"east":{"uv":[10,2,10.5,3],"rotation":270,"texture":"#all","cullface":"down"},"west":{"uv":[10,2,10.5,3],"rotation":90,"texture":"#all","cullface":"down"},"down":{"uv":[10,2,11,3],"texture":"#all","cullface":"down"}}},{"from":[9,-0.7,14],"to":[12,0,15],"light_emission":15,"faces":{"north":{"uv":[9,1,12,1.5],"rotation":180,"texture":"#all","cullface":"down"},"east":{"uv":[11,1,11.5,2],"rotation":270,"texture":"#all","cullface":"down"},"south":{"uv":[9,1,12,1.5],"texture":"#all","cullface":"down"},"west":{"uv":[9,1,9.5,2],"rotation":90,"texture":"#all","cullface":"down"},"down":{"uv":[9,1,12,2],"texture":"#all","cullface":"down"}}},{"from":[2,-0.7,13],"to":[4,0,14],"light_emission":15,"faces":{"north":{"uv":[2,2,4,2.5],"rotation":180,"texture":"#all","cullface":"down"},"east":{"uv":[3,2,3.5,3],"rotation":270,"texture":"#all","cullface":"down"},"south":{"uv":[2,2,4,2.5],"texture":"#all","cullface":"down"},"west":{"uv":[2,2,2.5,3],"rotation":90,"texture":"#all","cullface":"down"},"down":{"uv":[2,2,4,3],"texture":"#all","cullface":"down"}}},{"from":[4,-0.5,13],"to":[5,0,14],"light_emission":15,"faces":{"north":{"uv":[4,2,5,2.5],"texture":"#all","cullface":"down"},"east":{"uv":[4,2,4.5,3],"rotation":270,"texture":"#all","cullface":"down"},"south":{"uv":[4,2,5,2.5],"rotation":180,"texture":"#all","cullface":"down"},"down":{"uv":[4,2,5,3],"texture":"#all","cullface":"down"}}},{"from":[1,-0.5,13],"to":[2,0,14],"light_emission":15,"faces":{"north":{"uv":[1,2,2,2.5],"texture":"#all","cullface":"down"},"south":{"uv":[1,2,2,2.5],"rotation":180,"texture":"#all","cullface":"down"},"west":{"uv":[1,2,1.5,3],"rotation":90,"texture":"#all","cullface":"down"},"down":{"uv":[1,2,2,3],"texture":"#all","cullface":"down"}}},{"from":[2,-0.5,14],"to":[4,0,15],"light_emission":15,"faces":{"east":{"uv":[3,1,3.5,2],"rotation":270,"texture":"#all","cullface":"down"},"south":{"uv":[2,1,4,1.5],"texture":"#all","cullface":"down"},"west":{"uv":[2,1,2.5,2],"rotation":90,"texture":"#all","cullface":"down"},"down":{"uv":[2,1,4,2],"texture":"#all","cullface":"down"}}},{"from":[2,-0.5,4],"to":[3,0,6],"light_emission":15,"faces":{"north":{"uv":[2,11,3,11.5],"rotation":180,"texture":"#all","cullface":"down"},"south":{"uv":[2,10,3,10.5],"rotation":180,"texture":"#all","cullface":"down"},"west":{"uv":[2,10,2.5,12],"rotation":90,"texture":"#all","cullface":"down"},"down":{"uv":[2,10,3,12],"texture":"#all","cullface":"down"}}},{"from":[12,14,-0.5],"to":[14,15,0],"light_emission":15,"faces":{"north":{"uv":[2,1,4,2],"texture":"#all","cullface":"north"},"east":{"uv":[2,1,2.5,2],"texture":"#all","cullface":"north"},"west":{"uv":[3,1,3.5,2],"texture":"#all","cullface":"north"},"up":{"uv":[2,1,4,1.5],"rotation":180,"texture":"#all","cullface":"north"}}},{"from":[12,13,-0.7],"to":[14,14,0],"light_emission":15,"faces":{"north":{"uv":[2,2,4,3],"texture":"#all","cullface":"north"},"east":{"uv":[2,2,2.5,3],"texture":"#all","cullface":"north"},"west":{"uv":[3,2,3.5,3],"texture":"#all","cullface":"north"},"up":{"uv":[2,2,4,2.5],"rotation":180,"texture":"#all","cullface":"north"},"down":{"uv":[2,2,4,2.5],"rotation":180,"texture":"#all","cullface":"north"}}},{"from":[10,9,-0.7],"to":[12,10,0],"light_emission":15,"faces":{"north":{"uv":[4,6,6,7],"texture":"#all","cullface":"north"},"east":{"uv":[4,6,4.5,7],"texture":"#all","cullface":"north"},"west":{"uv":[5,6,5.5,7],"texture":"#all","cullface":"north"},"up":{"uv":[4,6,6,6.5],"rotation":180,"texture":"#all","cullface":"north"},"down":{"uv":[4,6,6,6.5],"rotation":180,"texture":"#all","cullface":"north"}}},{"from":[9,4,-0.7],"to":[13,6,0],"light_emission":15,"faces":{"north":{"uv":[3,10,7,12],"texture":"#all","cullface":"north"},"east":{"uv":[3,10,3.7,12],"texture":"#all","cullface":"north"},"west":{"uv":[6,10,6.7,12],"texture":"#all","cullface":"north"},"up":{"uv":[3,10,7,10.7],"rotation":180,"texture":"#all","cullface":"north"},"down":{"uv":[3,11,7,11.7],"rotation":180,"texture":"#all","cullface":"north"}}},{"from":[3,10,-0.7],"to":[7,11,0],"light_emission":15,"faces":{"north":{"uv":[9,5,13,6],"texture":"#all","cullface":"north"},"east":{"uv":[9,5,9.7,6],"texture":"#all","cullface":"north"},"west":{"uv":[12,5,12.7,6],"texture":"#all","cullface":"north"},"up":{"uv":[9,5,13,5.7],"rotation":180,"texture":"#all","cullface":"north"},"down":{"uv":[9,5,13,5.7],"rotation":180,"texture":"#all","cullface":"north"}}},{"from":[3,3,-0.7],"to":[5,6,0],"light_emission":15,"faces":{"north":{"uv":[11,10,13,13],"texture":"#all","cullface":"north"},"east":{"uv":[11,10,11.7,13],"texture":"#all","cullface":"north"},"west":{"uv":[12,10,12.7,13],"texture":"#all","cullface":"north"},"up":{"uv":[11,10,13,10.7],"rotation":180,"texture":"#all","cullface":"north"},"down":{"uv":[11,12,13,12.7],"rotation":180,"texture":"#all","cullface":"north"}}},{"from":[8,10,-0.5],"to":[9,11,0],"light_emission":15,"faces":{"north":{"uv":[7,5,8,6],"texture":"#all","cullface":"north"},"west":{"uv":[7,5,7.5,6],"texture":"#all","cullface":"north"},"up":{"uv":[7,5,8,5.5],"texture":"#all","cullface":"north"},"down":{"uv":[7,5,8,5.5],"texture":"#all","cullface":"north"}}},{"from":[8,5,-0.5],"to":[9,6,0],"light_emission":15,"faces":{"north":{"uv":[7,10,8,11],"texture":"#all","cullface":"north"},"west":{"uv":[7,10,7.5,11],"texture":"#all","cullface":"north"},"up":{"uv":[7,10,8,10.5],"texture":"#all","cullface":"north"},"down":{"uv":[7,10,8,10.5],"texture":"#all","cullface":"north"}}},{"from":[2,4,-0.5],"to":[3,5,0],"light_emission":15,"faces":{"north":{"uv":[13,11,14,12],"texture":"#all","cullface":"north"},"west":{"uv":[13,11,13.5,12],"texture":"#all","cullface":"north"},"up":{"uv":[13,11,14,11.5],"texture":"#all","cullface":"north"},"down":{"uv":[13,11,14,11.5],"texture":"#all","cullface":"north"}}},{"from":[4,2,-0.5],"to":[5,3,0],"light_emission":15,"faces":{"north":{"uv":[11,13,12,14],"texture":"#all","cullface":"north"},"east":{"uv":[11,13,11.5,14],"texture":"#all","cullface":"north"},"west":{"uv":[11,13,11.5,14],"texture":"#all","cullface":"north"},"down":{"uv":[11,13,12,13.5],"texture":"#all","cullface":"north"}}},{"from":[5,3,-0.5],"to":[6,5,0],"light_emission":15,"faces":{"north":{"uv":[10,11,11,13],"texture":"#all","cullface":"north"},"east":{"uv":[10,11,10.5,13],"texture":"#all","cullface":"north"},"up":{"uv":[10,11,11,11.5],"texture":"#all","cullface":"north"},"down":{"uv":[10,12,11,12.5],"rotation":180,"texture":"#all","cullface":"north"}}},{"from":[2,10,-0.5],"to":[3,11,0],"light_emission":15,"faces":{"north":{"uv":[13,5,14,6],"texture":"#all","cullface":"north"},"west":{"uv":[13,5,13.5,6],"texture":"#all","cullface":"north"},"up":{"uv":[13,5,14,5.5],"texture":"#all","cullface":"north"},"down":{"uv":[13,5,14,5.5],"texture":"#all","cullface":"north"}}},{"from":[10,10,-0.5],"to":[11,11,0],"light_emission":15,"faces":{"north":{"uv":[5,5,6,6],"texture":"#all","cullface":"north"},"east":{"uv":[5,5,5.5,6],"texture":"#all","cullface":"north"},"up":{"uv":[5,5,6,5.5],"texture":"#all","cullface":"north"}}},{"from":[9,10,-0.7],"to":[10,11,0],"light_emission":15,"faces":{"north":{"uv":[6,5,7,6],"texture":"#all","cullface":"north"},"east":{"uv":[6,5,6.7,6],"texture":"#all","cullface":"north"},"west":{"uv":[6,5,6.7,6],"texture":"#all","cullface":"north"},"up":{"uv":[6,5,7,5.7],"texture":"#all","cullface":"north"},"down":{"uv":[6,5,7,5.7],"texture":"#all","cullface":"north"}}},{"from":[4,14,-0.7],"to":[7,15,0],"light_emission":15,"faces":{"north":{"uv":[9,1,12,2],"texture":"#all","cullface":"north"},"east":{"uv":[9,1,9.5,2],"texture":"#all","cullface":"north"},"west":{"uv":[11,1,11.5,2],"texture":"#all","cullface":"north"},"up":{"uv":[9,1,12,1.5],"rotation":180,"texture":"#all","cullface":"north"},"down":{"uv":[9,1,12,1.5],"rotation":180,"texture":"#all","cullface":"north"}}},{"from":[12,12,-0.5],"to":[14,13,0],"light_emission":15,"faces":{"north":{"uv":[2,3,4,4],"texture":"#all","cullface":"north"},"east":{"uv":[2,3,2.5,4],"texture":"#all","cullface":"north"},"west":{"uv":[3,3,3.5,4],"texture":"#all","cullface":"north"},"down":{"uv":[2,3,4,3.5],"rotation":180,"texture":"#all","cullface":"north"}}},{"from":[4,9,-0.5],"to":[7,10,0],"light_emission":15,"faces":{"north":{"uv":[9,6,12,7],"texture":"#all","cullface":"north"},"east":{"uv":[9,6,9.5,7],"texture":"#all","cullface":"north"},"west":{"uv":[11,6,11.5,7],"texture":"#all","cullface":"north"},"down":{"uv":[9,6,12,6.5],"rotation":180,"texture":"#all","cullface":"north"}}},{"from":[10,3,-0.5],"to":[13,4,0],"light_emission":15,"faces":{"north":{"uv":[3,12,6,13],"texture":"#all","cullface":"north"},"east":{"uv":[3,12,3.5,13],"texture":"#all","cullface":"north"},"west":{"uv":[5,12,5.5,13],"texture":"#all","cullface":"north"},"down":{"uv":[3,12,6,12.5],"rotation":180,"texture":"#all","cullface":"north"}}},{"from":[3,11,-0.5],"to":[6,12,0],"light_emission":15,"faces":{"north":{"uv":[10,4,13,5],"texture":"#all","cullface":"north"},"east":{"uv":[10,4,10.5,5],"texture":"#all","cullface":"north"},"west":{"uv":[12,4,12.5,5],"texture":"#all","cullface":"north"},"up":{"uv":[10,4,13,4.5],"rotation":180,"texture":"#all","cullface":"north"}}},{"from":[10,8,-0.5],"to":[12,9,0],"light_emission":15,"faces":{"north":{"uv":[4,7,6,8],"texture":"#all","cullface":"north"},"east":{"uv":[4,7,4.5,8],"texture":"#all","cullface":"north"},"west":{"uv":[5,7,5.5,8],"texture":"#all","cullface":"north"},"down":{"uv":[4,7,6,7.5],"rotation":180,"texture":"#all","cullface":"north"}}},{"from":[10,6,-0.5],"to":[12,7,0],"light_emission":15,"faces":{"north":{"uv":[4,9,6,10],"texture":"#all","cullface":"north"},"east":{"uv":[4,9,4.5,10],"texture":"#all","cullface":"north"},"west":{"uv":[5,9,5.5,10],"texture":"#all","cullface":"north"},"up":{"uv":[4,9,6,9.5],"rotation":180,"texture":"#all","cullface":"north"}}},{"from":[14,13,-0.5],"to":[15,14,0],"light_emission":15,"faces":{"north":{"uv":[1,2,2,3],"texture":"#all","cullface":"north"},"east":{"uv":[1,2,1.5,3],"texture":"#all","cullface":"north"},"up":{"uv":[1,2,2,2.5],"texture":"#all","cullface":"north"},"down":{"uv":[1,2,2,2.5],"texture":"#all","cullface":"north"}}},{"from":[12,9,-0.5],"to":[13,10,0],"light_emission":15,"faces":{"north":{"uv":[3,6,4,7],"texture":"#all","cullface":"north"},"east":{"uv":[3,6,3.5,7],"texture":"#all","cullface":"north"},"up":{"uv":[3,6,4,6.5],"texture":"#all","cullface":"north"},"down":{"uv":[3,6,4,6.5],"texture":"#all","cullface":"north"}}},{"from":[9,9,-0.5],"to":[10,10,0],"light_emission":15,"faces":{"north":{"uv":[6,6,7,7],"texture":"#all","cullface":"north"},"west":{"uv":[6,6,6.5,7],"texture":"#all","cullface":"north"},"down":{"uv":[6,6,7,6.5],"texture":"#all","cullface":"north"}}},{"from":[11,13,-0.5],"to":[12,14,0],"light_emission":15,"faces":{"north":{"uv":[4,2,5,3],"texture":"#all","cullface":"north"},"west":{"uv":[4,2,4.5,3],"texture":"#all","cullface":"north"},"up":{"uv":[4,2,5,2.5],"texture":"#all","cullface":"north"},"down":{"uv":[4,2,5,2.5],"texture":"#all","cullface":"north"}}},{"from":[5,13,-0.5],"to":[6,14,0],"light_emission":15,"faces":{"north":{"uv":[10,2,11,3],"texture":"#all","cullface":"north"},"east":{"uv":[10,2,10.5,3],"texture":"#all","cullface":"north"},"west":{"uv":[10,2,10.5,3],"texture":"#all","cullface":"north"},"down":{"uv":[10,2,11,2.5],"texture":"#all","cullface":"north"}}}]}