{"credit":"Created by Marceus","format_version":"1.21.6","parent":"block/cube_all","textures":{"particle":"block/diamond_ore2","all":"block/diamond_ore2"},"elements":[{"from":[0,0,0],"to":[16,16,16],"faces":{"north":{"uv":[0,0,16,16],"texture":"#all","cullface":"north"},"east":{"uv":[0,0,16,16],"texture":"#all","cullface":"east"},"south":{"uv":[0,0,16,16],"texture":"#all","cullface":"south"},"west":{"uv":[0,0,16,16],"texture":"#all","cullface":"west"},"up":{"uv":[0,0,16,16],"texture":"#all","cullface":"up"},"down":{"uv":[0,0,16,16],"texture":"#all","cullface":"down"}}},{"from":[8,3,-0.5],"to":[9,4,0],"light_emission":15,"faces":{"north":{"uv":[7,12,8,13],"texture":"#all","cullface":"north"},"east":{"uv":[7,12,7.5,13],"texture":"#all","cullface":"north"},"west":{"uv":[7,12,7.5,13],"texture":"#all","cullface":"north"},"up":{"uv":[7,12,8,12.5],"texture":"#all","cullface":"north"},"down":{"uv":[7,12,8,12.5],"texture":"#all","cullface":"north"}}},{"from":[-0.5,3,12],"to":[0,4,13],"light_emission":15,"faces":{"north":{"uv":[12,12,12.5,13],"texture":"#all","cullface":"west"},"south":{"uv":[12,12,12.5,13],"texture":"#all","cullface":"west"},"west":{"uv":[12,12,13,13],"texture":"#all","cullface":"west"},"up":{"uv":[12,12,13,12.5],"rotation":270,"texture":"#all","cullface":"west"}}},{"from":[-0.7,2,11],"to":[0,3,14],"light_emission":15,"faces":{"north":{"uv":[11,13,11.7,14],"texture":"#all","cullface":"west"},"south":{"uv":[13,13,13.7,14],"texture":"#all","cullface":"west"},"west":{"uv":[11,13,14,14],"texture":"#all","cullface":"west"},"up":{"uv":[11,13,14,13.7],"rotation":90,"texture":"#all","cullface":"west"},"down":{"uv":[11,13,14,13.7],"rotation":270,"texture":"#all","cullface":"west"}}},{"from":[-0.7,12,10],"to":[0,13,14],"light_emission":15,"faces":{"north":{"uv":[10,3,10.7,4],"texture":"#all","cullface":"west"},"south":{"uv":[13,3,13.7,4],"texture":"#all","cullface":"west"},"west":{"uv":[10,3,14,4],"texture":"#all","cullface":"west"},"up":{"uv":[10,3,14,3.7],"rotation":90,"texture":"#all","cullface":"west"},"down":{"uv":[10,3,14,3.7],"rotation":270,"texture":"#all","cullface":"west"}}},{"from":[-0.5,11,11],"to":[0,12,13],"light_emission":15,"faces":{"north":{"uv":[11,4,11.5,5],"texture":"#all","cullface":"west"},"south":{"uv":[12,4,12.5,5],"texture":"#all","cullface":"west"},"west":{"uv":[11,4,13,5],"texture":"#all","cullface":"west"},"down":{"uv":[11,4,13,4.5],"rotation":270,"texture":"#all","cullface":"west"}}},{"from":[-0.5,8,10],"to":[0,9,12],"light_emission":15,"faces":{"south":{"uv":[11,7,11.5,8],"texture":"#all","cullface":"west"},"west":{"uv":[10,7,12,8],"texture":"#all","cullface":"west"},"up":{"uv":[10,7,12,7.5],"rotation":90,"texture":"#all","cullface":"west"},"down":{"uv":[10,7,12,7.5],"rotation":270,"texture":"#all","cullface":"west"}}},{"from":[-0.5,8,4],"to":[0,9,6],"light_emission":15,"faces":{"north":{"uv":[4,7,4.5,8],"texture":"#all","cullface":"west"},"west":{"uv":[4,7,6,8],"texture":"#all","cullface":"west"},"up":{"uv":[4,7,6,7.5],"rotation":90,"texture":"#all","cullface":"west"},"down":{"uv":[4,7,6,7.5],"rotation":270,"texture":"#all","cullface":"west"}}},{"from":[-0.7,8,9],"to":[0,10,10],"light_emission":15,"faces":{"south":{"uv":[9,6,9.7,8],"texture":"#all","cullface":"west"},"west":{"uv":[9,6,10,8],"texture":"#all","cullface":"west"},"up":{"uv":[9,6,10,6.7],"rotation":270,"texture":"#all","cullface":"west"},"down":{"uv":[9,7,10,7.7],"rotation":90,"texture":"#all","cullface":"west"}}},{"from":[-0.7,7,6],"to":[0,10,9],"light_emission":15,"faces":{"north":{"uv":[6,6,6.7,9],"texture":"#all","cullface":"west"},"south":{"uv":[8,6,8.7,9],"texture":"#all","cullface":"west"},"west":{"uv":[6,6,9,9],"texture":"#all","cullface":"west"},"up":{"uv":[6,6,9,6.7],"rotation":90,"texture":"#all","cullface":"west"},"down":{"uv":[6,8,9,8.7],"rotation":270,"texture":"#all","cullface":"west"}}},{"from":[-0.5,3,4],"to":[0,4,5],"light_emission":15,"faces":{"south":{"uv":[4,12,4.5,13],"texture":"#all","cullface":"west"},"west":{"uv":[4,12,5,13],"texture":"#all","cullface":"west"},"up":{"uv":[4,12,5,12.5],"rotation":270,"texture":"#all","cullface":"west"},"down":{"uv":[4,12,5,12.5],"rotation":90,"texture":"#all","cullface":"west"}}},{"from":[-0.5,13,3],"to":[0,14,5],"light_emission":15,"faces":{"north":{"uv":[3,2,3.5,3],"texture":"#all","cullface":"west"},"south":{"uv":[4,2,4.5,3],"texture":"#all","cullface":"west"},"west":{"uv":[3,2,5,3],"texture":"#all","cullface":"west"},"up":{"uv":[3,2,5,2.5],"rotation":90,"texture":"#all","cullface":"west"},"down":{"uv":[3,2,5,2.5],"rotation":270,"texture":"#all","cullface":"west"}}},{"from":[-0.7,2,1],"to":[0,4,4],"light_emission":15,"faces":{"north":{"uv":[1,12,1.7,14],"texture":"#all","cullface":"west"},"south":{"uv":[3,12,3.7,14],"texture":"#all","cullface":"west"},"west":{"uv":[1,12,4,14],"texture":"#all","cullface":"west"},"up":{"uv":[1,12,4,12.7],"rotation":90,"texture":"#all","cullface":"west"},"down":{"uv":[1,13,4,13.7],"rotation":270,"texture":"#all","cullface":"west"}}},{"from":[-0.5,3,7],"to":[0,4,8],"light_emission":15,"faces":{"north":{"uv":[7,12,7.5,13],"texture":"#all","cullface":"west"},"south":{"uv":[7,12,7.5,13],"texture":"#all","cullface":"west"},"west":{"uv":[7,12,8,13],"texture":"#all","cullface":"west"},"up":{"uv":[7,12,8,12.5],"rotation":270,"texture":"#all","cullface":"west"},"down":{"uv":[7,12,8,12.5],"rotation":90,"texture":"#all","cullface":"west"}}},{"from":[12,3,16],"to":[13,4,16.5],"light_emission":15,"faces":{"east":{"uv":[12,12,12.5,13],"texture":"#all","cullface":"south"},"south":{"uv":[12,12,13,13],"texture":"#all","cullface":"south"},"west":{"uv":[12,12,12.5,13],"texture":"#all","cullface":"south"},"up":{"uv":[12,12,13,12.5],"rotation":180,"texture":"#all","cullface":"south"}}},{"from":[11,2,16],"to":[14,3,16.7],"light_emission":15,"faces":{"east":{"uv":[13,13,13.7,14],"texture":"#all","cullface":"south"},"south":{"uv":[11,13,14,14],"texture":"#all","cullface":"south"},"west":{"uv":[11,13,11.7,14],"texture":"#all","cullface":"south"},"up":{"uv":[11,13,14,13.7],"texture":"#all","cullface":"south"},"down":{"uv":[11,13,14,13.7],"texture":"#all","cullface":"south"}}},{"from":[10,12,16],"to":[14,13,16.7],"light_emission":15,"faces":{"east":{"uv":[13,3,13.7,4],"texture":"#all","cullface":"south"},"south":{"uv":[10,3,14,4],"texture":"#all","cullface":"south"},"west":{"uv":[10,3,10.7,4],"texture":"#all","cullface":"south"},"up":{"uv":[10,3,14,3.7],"texture":"#all","cullface":"south"},"down":{"uv":[10,3,14,3.7],"texture":"#all","cullface":"south"}}},{"from":[11,11,16],"to":[13,12,16.5],"light_emission":15,"faces":{"east":{"uv":[12,4,12.5,5],"texture":"#all","cullface":"south"},"south":{"uv":[11,4,13,5],"texture":"#all","cullface":"south"},"west":{"uv":[11,4,11.5,5],"texture":"#all","cullface":"south"},"down":{"uv":[11,4,13,4.5],"texture":"#all","cullface":"south"}}},{"from":[10,8,16],"to":[12,9,16.5],"light_emission":15,"faces":{"east":{"uv":[11,7,11.5,8],"texture":"#all","cullface":"south"},"south":{"uv":[10,7,12,8],"texture":"#all","cullface":"south"},"up":{"uv":[10,7,12,7.5],"texture":"#all","cullface":"south"},"down":{"uv":[10,7,12,7.5],"texture":"#all","cullface":"south"}}},{"from":[4,8,16],"to":[6,9,16.5],"light_emission":15,"faces":{"south":{"uv":[4,7,6,8],"texture":"#all","cullface":"south"},"west":{"uv":[4,7,4.5,8],"texture":"#all","cullface":"south"},"up":{"uv":[4,7,6,7.5],"texture":"#all","cullface":"south"},"down":{"uv":[4,7,6,7.5],"texture":"#all","cullface":"south"}}},{"from":[9,8,16],"to":[10,10,16.7],"light_emission":15,"faces":{"east":{"uv":[9,6,9.7,8],"texture":"#all","cullface":"south"},"south":{"uv":[9,6,10,8],"texture":"#all","cullface":"south"},"up":{"uv":[9,6,10,6.7],"rotation":180,"texture":"#all","cullface":"south"},"down":{"uv":[9,7,10,7.7],"rotation":180,"texture":"#all","cullface":"south"}}},{"from":[6,7,16],"to":[9,10,16.7],"light_emission":15,"faces":{"east":{"uv":[8,6,8.7,9],"texture":"#all","cullface":"south"},"south":{"uv":[6,6,9,9],"texture":"#all","cullface":"south"},"west":{"uv":[6,6,6.7,9],"texture":"#all","cullface":"south"},"up":{"uv":[6,6,9,6.7],"texture":"#all","cullface":"south"},"down":{"uv":[6,8,9,8.7],"texture":"#all","cullface":"south"}}},{"from":[4,3,16],"to":[5,4,16.5],"light_emission":15,"faces":{"east":{"uv":[4,12,4.5,13],"texture":"#all","cullface":"south"},"south":{"uv":[4,12,5,13],"texture":"#all","cullface":"south"},"up":{"uv":[4,12,5,12.5],"rotation":180,"texture":"#all","cullface":"south"},"down":{"uv":[4,12,5,12.5],"rotation":180,"texture":"#all","cullface":"south"}}},{"from":[3,13,16],"to":[5,14,16.5],"light_emission":15,"faces":{"east":{"uv":[4,2,4.5,3],"texture":"#all","cullface":"south"},"south":{"uv":[3,2,5,3],"texture":"#all","cullface":"south"},"west":{"uv":[3,2,3.5,3],"texture":"#all","cullface":"south"},"up":{"uv":[3,2,5,2.5],"texture":"#all","cullface":"south"},"down":{"uv":[3,2,5,2.5],"texture":"#all","cullface":"south"}}},{"from":[1,2,16],"to":[4,4,16.7],"light_emission":15,"faces":{"east":{"uv":[3,12,3.7,14],"texture":"#all","cullface":"south"},"south":{"uv":[1,12,4,14],"texture":"#all","cullface":"south"},"west":{"uv":[1,12,1.7,14],"texture":"#all","cullface":"south"},"up":{"uv":[1,12,4,12.7],"texture":"#all","cullface":"south"},"down":{"uv":[1,13,4,13.7],"texture":"#all","cullface":"south"}}},{"from":[7,3,16],"to":[8,4,16.5],"light_emission":15,"faces":{"east":{"uv":[7,12,7.5,13],"texture":"#all","cullface":"south"},"south":{"uv":[7,12,8,13],"texture":"#all","cullface":"south"},"west":{"uv":[7,12,7.5,13],"texture":"#all","cullface":"south"},"up":{"uv":[7,12,8,12.5],"rotation":180,"texture":"#all","cullface":"south"},"down":{"uv":[7,12,8,12.5],"rotation":180,"texture":"#all","cullface":"south"}}},{"from":[16,3,3],"to":[16.5,4,4],"light_emission":15,"faces":{"north":{"uv":[12,12,12.5,13],"texture":"#all","cullface":"east"},"east":{"uv":[12,12,13,13],"texture":"#all","cullface":"east"},"south":{"uv":[12,12,12.5,13],"texture":"#all","cullface":"east"},"up":{"uv":[12,12,13,12.5],"rotation":90,"texture":"#all","cullface":"east"}}},{"from":[16,2,2],"to":[16.7,3,5],"light_emission":15,"faces":{"north":{"uv":[13,13,13.7,14],"texture":"#all","cullface":"east"},"east":{"uv":[11,13,14,14],"texture":"#all","cullface":"east"},"south":{"uv":[11,13,11.7,14],"texture":"#all","cullface":"east"},"up":{"uv":[11,13,14,13.7],"rotation":270,"texture":"#all","cullface":"east"},"down":{"uv":[11,13,14,13.7],"rotation":90,"texture":"#all","cullface":"east"}}},{"from":[16,12,2],"to":[16.7,13,6],"light_emission":15,"faces":{"north":{"uv":[13,3,13.7,4],"texture":"#all","cullface":"east"},"east":{"uv":[10,3,14,4],"texture":"#all","cullface":"east"},"south":{"uv":[10,3,10.7,4],"texture":"#all","cullface":"east"},"up":{"uv":[10,3,14,3.7],"rotation":270,"texture":"#all","cullface":"east"},"down":{"uv":[10,3,14,3.7],"rotation":90,"texture":"#all","cullface":"east"}}},{"from":[16,11,3],"to":[16.5,12,5],"light_emission":15,"faces":{"north":{"uv":[12,4,12.5,5],"texture":"#all","cullface":"east"},"east":{"uv":[11,4,13,5],"texture":"#all","cullface":"east"},"south":{"uv":[11,4,11.5,5],"texture":"#all","cullface":"east"},"down":{"uv":[11,4,13,4.5],"rotation":90,"texture":"#all","cullface":"east"}}},{"from":[16,8,4],"to":[16.5,9,6],"light_emission":15,"faces":{"north":{"uv":[11,7,11.5,8],"texture":"#all","cullface":"east"},"east":{"uv":[10,7,12,8],"texture":"#all","cullface":"east"},"up":{"uv":[10,7,12,7.5],"rotation":270,"texture":"#all","cullface":"east"},"down":{"uv":[10,7,12,7.5],"rotation":90,"texture":"#all","cullface":"east"}}},{"from":[16,8,10],"to":[16.5,9,12],"light_emission":15,"faces":{"east":{"uv":[4,7,6,8],"texture":"#all","cullface":"east"},"south":{"uv":[4,7,4.5,8],"texture":"#all","cullface":"east"},"up":{"uv":[4,7,6,7.5],"rotation":270,"texture":"#all","cullface":"east"},"down":{"uv":[4,7,6,7.5],"rotation":90,"texture":"#all","cullface":"east"}}},{"from":[16,8,6],"to":[16.7,10,7],"light_emission":15,"faces":{"north":{"uv":[9,6,9.7,8],"texture":"#all","cullface":"east"},"east":{"uv":[9,6,10,8],"texture":"#all","cullface":"east"},"up":{"uv":[9,6,10,6.7],"rotation":90,"texture":"#all","cullface":"east"},"down":{"uv":[9,7,10,7.7],"rotation":270,"texture":"#all","cullface":"east"}}},{"from":[16,7,7],"to":[16.7,10,10],"light_emission":15,"faces":{"north":{"uv":[8,6,8.7,9],"texture":"#all","cullface":"east"},"east":{"uv":[6,6,9,9],"texture":"#all","cullface":"east"},"south":{"uv":[6,6,6.7,9],"texture":"#all","cullface":"east"},"up":{"uv":[6,6,9,6.7],"rotation":270,"texture":"#all","cullface":"east"},"down":{"uv":[6,8,9,8.7],"rotation":90,"texture":"#all","cullface":"east"}}},{"from":[16,3,11],"to":[16.5,4,12],"light_emission":15,"faces":{"north":{"uv":[4,12,4.5,13],"texture":"#all","cullface":"east"},"east":{"uv":[4,12,5,13],"texture":"#all","cullface":"east"},"up":{"uv":[4,12,5,12.5],"rotation":90,"texture":"#all","cullface":"east"},"down":{"uv":[4,12,5,12.5],"rotation":270,"texture":"#all","cullface":"east"}}},{"from":[16,13,11],"to":[16.5,14,13],"light_emission":15,"faces":{"north":{"uv":[4,2,4.5,3],"texture":"#all","cullface":"east"},"east":{"uv":[3,2,5,3],"texture":"#all","cullface":"east"},"south":{"uv":[3,2,3.5,3],"texture":"#all","cullface":"east"},"up":{"uv":[3,2,5,2.5],"rotation":270,"texture":"#all","cullface":"east"},"down":{"uv":[3,2,5,2.5],"rotation":90,"texture":"#all","cullface":"east"}}},{"from":[16,2,12],"to":[16.7,4,15],"light_emission":15,"faces":{"north":{"uv":[3,12,3.7,14],"texture":"#all","cullface":"east"},"east":{"uv":[1,12,4,14],"texture":"#all","cullface":"east"},"south":{"uv":[1,12,1.7,14],"texture":"#all","cullface":"east"},"up":{"uv":[1,12,4,12.7],"rotation":270,"texture":"#all","cullface":"east"},"down":{"uv":[1,13,4,13.7],"rotation":90,"texture":"#all","cullface":"east"}}},{"from":[16,3,8],"to":[16.5,4,9],"light_emission":15,"faces":{"north":{"uv":[7,12,7.5,13],"texture":"#all","cullface":"east"},"east":{"uv":[7,12,8,13],"texture":"#all","cullface":"east"},"south":{"uv":[7,12,7.5,13],"texture":"#all","cullface":"east"},"up":{"uv":[7,12,8,12.5],"rotation":90,"texture":"#all","cullface":"east"},"down":{"uv":[7,12,8,12.5],"rotation":270,"texture":"#all","cullface":"east"}}},{"from":[12,16,12],"to":[13,16.5,13],"light_emission":15,"faces":{"north":{"uv":[12,12,13,12.5],"texture":"#all","cullface":"up"},"east":{"uv":[12,12,12.5,13],"rotation":90,"texture":"#all","cullface":"up"},"west":{"uv":[12,12,12.5,13],"rotation":270,"texture":"#all","cullface":"up"},"up":{"uv":[12,12,13,13],"texture":"#all","cullface":"up"}}},{"from":[11,16,13],"to":[14,16.7,14],"light_emission":15,"faces":{"north":{"uv":[11,13,14,13.7],"rotation":180,"texture":"#all","cullface":"up"},"east":{"uv":[13,13,13.7,14],"rotation":90,"texture":"#all","cullface":"up"},"south":{"uv":[11,13,14,13.7],"texture":"#all","cullface":"up"},"west":{"uv":[11,13,11.7,14],"rotation":270,"texture":"#all","cullface":"up"},"up":{"uv":[11,13,14,14],"texture":"#all","cullface":"up"}}},{"from":[10,16,3],"to":[14,16.7,4],"light_emission":15,"faces":{"north":{"uv":[10,3,14,3.7],"rotation":180,"texture":"#all","cullface":"up"},"east":{"uv":[13,3,13.7,4],"rotation":90,"texture":"#all","cullface":"up"},"south":{"uv":[10,3,14,3.7],"texture":"#all","cullface":"up"},"west":{"uv":[10,3,10.7,4],"rotation":270,"texture":"#all","cullface":"up"},"up":{"uv":[10,3,14,4],"texture":"#all","cullface":"up"}}},{"from":[11,16,4],"to":[13,16.5,5],"light_emission":15,"faces":{"east":{"uv":[12,4,12.5,5],"rotation":90,"texture":"#all","cullface":"up"},"south":{"uv":[11,4,13,4.5],"texture":"#all","cullface":"up"},"west":{"uv":[11,4,11.5,5],"rotation":270,"texture":"#all","cullface":"up"},"up":{"uv":[11,4,13,5],"texture":"#all","cullface":"up"}}},{"from":[10,16,7],"to":[12,16.5,8],"light_emission":15,"faces":{"north":{"uv":[10,7,12,7.5],"rotation":180,"texture":"#all","cullface":"up"},"east":{"uv":[11,7,11.5,8],"rotation":90,"texture":"#all","cullface":"up"},"south":{"uv":[10,7,12,7.5],"texture":"#all","cullface":"up"},"up":{"uv":[10,7,12,8],"texture":"#all","cullface":"up"}}},{"from":[4,16,7],"to":[6,16.5,8],"light_emission":15,"faces":{"north":{"uv":[4,7,6,7.5],"rotation":180,"texture":"#all","cullface":"up"},"south":{"uv":[4,7,6,7.5],"texture":"#all","cullface":"up"},"west":{"uv":[4,7,4.5,8],"rotation":270,"texture":"#all","cullface":"up"},"up":{"uv":[4,7,6,8],"texture":"#all","cullface":"up"}}},{"from":[9,16,6],"to":[10,16.7,8],"light_emission":15,"faces":{"north":{"uv":[9,6,10,6.7],"texture":"#all","cullface":"up"},"east":{"uv":[9,6,9.7,8],"rotation":90,"texture":"#all","cullface":"up"},"south":{"uv":[9,7,10,7.7],"rotation":180,"texture":"#all","cullface":"up"},"up":{"uv":[9,6,10,8],"texture":"#all","cullface":"up"}}},{"from":[6,16,6],"to":[9,16.7,9],"light_emission":15,"faces":{"north":{"uv":[6,6,9,6.7],"rotation":180,"texture":"#all","cullface":"up"},"east":{"uv":[8,6,8.7,9],"rotation":90,"texture":"#all","cullface":"up"},"south":{"uv":[6,8,9,8.7],"texture":"#all","cullface":"up"},"west":{"uv":[6,6,6.7,9],"rotation":270,"texture":"#all","cullface":"up"},"up":{"uv":[6,6,9,9],"texture":"#all","cullface":"up"}}},{"from":[4,16,12],"to":[5,16.5,13],"light_emission":15,"faces":{"north":{"uv":[4,12,5,12.5],"texture":"#all","cullface":"up"},"east":{"uv":[4,12,4.5,13],"rotation":90,"texture":"#all","cullface":"up"},"south":{"uv":[4,12,5,12.5],"rotation":180,"texture":"#all","cullface":"up"},"up":{"uv":[4,12,5,13],"texture":"#all","cullface":"up"}}},{"from":[3,16,2],"to":[5,16.5,3],"light_emission":15,"faces":{"north":{"uv":[3,2,5,2.5],"rotation":180,"texture":"#all","cullface":"up"},"east":{"uv":[4,2,4.5,3],"rotation":90,"texture":"#all","cullface":"up"},"south":{"uv":[3,2,5,2.5],"texture":"#all","cullface":"up"},"west":{"uv":[3,2,3.5,3],"rotation":270,"texture":"#all","cullface":"up"},"up":{"uv":[3,2,5,3],"texture":"#all","cullface":"up"}}},{"from":[1,16,12],"to":[4,16.7,14],"light_emission":15,"faces":{"north":{"uv":[1,12,4,12.7],"rotation":180,"texture":"#all","cullface":"up"},"east":{"uv":[3,12,3.7,14],"rotation":90,"texture":"#all","cullface":"up"},"south":{"uv":[1,13,4,13.7],"texture":"#all","cullface":"up"},"west":{"uv":[1,12,1.7,14],"rotation":270,"texture":"#all","cullface":"up"},"up":{"uv":[1,12,4,14],"texture":"#all","cullface":"up"}}},{"from":[7,16,12],"to":[8,16.5,13],"light_emission":15,"faces":{"north":{"uv":[7,12,8,12.5],"texture":"#all","cullface":"up"},"east":{"uv":[7,12,7.5,13],"rotation":90,"texture":"#all","cullface":"up"},"south":{"uv":[7,12,8,12.5],"rotation":180,"texture":"#all","cullface":"up"},"west":{"uv":[7,12,7.5,13],"rotation":270,"texture":"#all","cullface":"up"},"up":{"uv":[7,12,8,13],"texture":"#all","cullface":"up"}}},{"from":[12,-0.5,3],"to":[13,0,4],"light_emission":15,"faces":{"east":{"uv":[12,12,12.5,13],"rotation":270,"texture":"#all","cullface":"down"},"south":{"uv":[12,12,13,12.5],"rotation":180,"texture":"#all","cullface":"down"},"west":{"uv":[12,12,12.5,13],"rotation":90,"texture":"#all","cullface":"down"},"down":{"uv":[12,12,13,13],"texture":"#all","cullface":"down"}}},{"from":[11,-0.7,2],"to":[14,0,3],"light_emission":15,"faces":{"north":{"uv":[11,13,14,13.7],"rotation":180,"texture":"#all","cullface":"down"},"east":{"uv":[13,13,13.7,14],"rotation":270,"texture":"#all","cullface":"down"},"south":{"uv":[11,13,14,13.7],"texture":"#all","cullface":"down"},"west":{"uv":[11,13,11.7,14],"rotation":90,"texture":"#all","cullface":"down"},"down":{"uv":[11,13,14,14],"texture":"#all","cullface":"down"}}},{"from":[10,-0.7,12],"to":[14,0,13],"light_emission":15,"faces":{"north":{"uv":[10,3,14,3.7],"rotation":180,"texture":"#all","cullface":"down"},"east":{"uv":[13,3,13.7,4],"rotation":270,"texture":"#all","cullface":"down"},"south":{"uv":[10,3,14,3.7],"texture":"#all","cullface":"down"},"west":{"uv":[10,3,10.7,4],"rotation":90,"texture":"#all","cullface":"down"},"down":{"uv":[10,3,14,4],"texture":"#all","cullface":"down"}}},{"from":[11,-0.5,11],"to":[13,0,12],"light_emission":15,"faces":{"north":{"uv":[11,4,13,4.5],"rotation":180,"texture":"#all","cullface":"down"},"east":{"uv":[12,4,12.5,5],"rotation":270,"texture":"#all","cullface":"down"},"west":{"uv":[11,4,11.5,5],"rotation":90,"texture":"#all","cullface":"down"},"down":{"uv":[11,4,13,5],"texture":"#all","cullface":"down"}}},{"from":[10,-0.5,8],"to":[12,0,9],"light_emission":15,"faces":{"north":{"uv":[10,7,12,7.5],"rotation":180,"texture":"#all","cullface":"down"},"east":{"uv":[11,7,11.5,8],"rotation":270,"texture":"#all","cullface":"down"},"south":{"uv":[10,7,12,7.5],"texture":"#all","cullface":"down"},"down":{"uv":[10,7,12,8],"texture":"#all","cullface":"down"}}},{"from":[4,-0.5,8],"to":[6,0,9],"light_emission":15,"faces":{"north":{"uv":[4,7,6,7.5],"rotation":180,"texture":"#all","cullface":"down"},"south":{"uv":[4,7,6,7.5],"texture":"#all","cullface":"down"},"west":{"uv":[4,7,4.5,8],"rotation":90,"texture":"#all","cullface":"down"},"down":{"uv":[4,7,6,8],"texture":"#all","cullface":"down"}}},{"from":[9,-0.7,8],"to":[10,0,10],"light_emission":15,"faces":{"north":{"uv":[9,7,10,7.7],"texture":"#all","cullface":"down"},"east":{"uv":[9,6,9.7,8],"rotation":270,"texture":"#all","cullface":"down"},"south":{"uv":[9,6,10,6.7],"rotation":180,"texture":"#all","cullface":"down"},"down":{"uv":[9,6,10,8],"texture":"#all","cullface":"down"}}},{"from":[6,-0.7,7],"to":[9,0,10],"light_emission":15,"faces":{"north":{"uv":[6,8,9,8.7],"rotation":180,"texture":"#all","cullface":"down"},"east":{"uv":[8,6,8.7,9],"rotation":270,"texture":"#all","cullface":"down"},"south":{"uv":[6,6,9,6.7],"texture":"#all","cullface":"down"},"west":{"uv":[6,6,6.7,9],"rotation":90,"texture":"#all","cullface":"down"},"down":{"uv":[6,6,9,9],"texture":"#all","cullface":"down"}}},{"from":[4,-0.5,3],"to":[5,0,4],"light_emission":15,"faces":{"north":{"uv":[4,12,5,12.5],"texture":"#all","cullface":"down"},"east":{"uv":[4,12,4.5,13],"rotation":270,"texture":"#all","cullface":"down"},"south":{"uv":[4,12,5,12.5],"rotation":180,"texture":"#all","cullface":"down"},"down":{"uv":[4,12,5,13],"texture":"#all","cullface":"down"}}},{"from":[3,-0.5,13],"to":[5,0,14],"light_emission":15,"faces":{"north":{"uv":[3,2,5,2.5],"rotation":180,"texture":"#all","cullface":"down"},"east":{"uv":[4,2,4.5,3],"rotation":270,"texture":"#all","cullface":"down"},"south":{"uv":[3,2,5,2.5],"texture":"#all","cullface":"down"},"west":{"uv":[3,2,3.5,3],"rotation":90,"texture":"#all","cullface":"down"},"down":{"uv":[3,2,5,3],"texture":"#all","cullface":"down"}}},{"from":[1,-0.7,2],"to":[4,0,4],"light_emission":15,"faces":{"north":{"uv":[1,13,4,13.7],"rotation":180,"texture":"#all","cullface":"down"},"east":{"uv":[3,12,3.7,14],"rotation":270,"texture":"#all","cullface":"down"},"south":{"uv":[1,12,4,12.7],"texture":"#all","cullface":"down"},"west":{"uv":[1,12,1.7,14],"rotation":90,"texture":"#all","cullface":"down"},"down":{"uv":[1,12,4,14],"texture":"#all","cullface":"down"}}},{"from":[7,-0.5,3],"to":[8,0,4],"light_emission":15,"faces":{"north":{"uv":[7,12,8,12.5],"texture":"#all","cullface":"down"},"east":{"uv":[7,12,7.5,13],"rotation":270,"texture":"#all","cullface":"down"},"south":{"uv":[7,12,8,12.5],"rotation":180,"texture":"#all","cullface":"down"},"west":{"uv":[7,12,7.5,13],"rotation":90,"texture":"#all","cullface":"down"},"down":{"uv":[7,12,8,13],"texture":"#all","cullface":"down"}}},{"from":[3,3,-0.5],"to":[4,4,0],"light_emission":15,"faces":{"north":{"uv":[12,12,13,13],"texture":"#all","cullface":"north"},"east":{"uv":[12,12,12.5,13],"texture":"#all","cullface":"north"},"west":{"uv":[12,12,12.5,13],"texture":"#all","cullface":"north"},"up":{"uv":[12,12,13,12.5],"texture":"#all","cullface":"north"}}},{"from":[11,3,-0.5],"to":[12,4,0],"light_emission":15,"faces":{"north":{"uv":[4,12,5,13],"texture":"#all","cullface":"north"},"west":{"uv":[4,12,4.5,13],"texture":"#all","cullface":"north"},"up":{"uv":[4,12,5,12.5],"texture":"#all","cullface":"north"},"down":{"uv":[4,12,5,12.5],"texture":"#all","cullface":"north"}}},{"from":[12,2,-0.7],"to":[15,4,0],"light_emission":15,"faces":{"north":{"uv":[1,12,4,14],"texture":"#all","cullface":"north"},"east":{"uv":[1,12,1.7,14],"texture":"#all","cullface":"north"},"west":{"uv":[3,12,3.7,14],"texture":"#all","cullface":"north"},"up":{"uv":[1,12,4,12.7],"rotation":180,"texture":"#all","cullface":"north"},"down":{"uv":[1,13,4,13.7],"rotation":180,"texture":"#all","cullface":"north"}}},{"from":[7,7,-0.7],"to":[10,10,0],"light_emission":15,"faces":{"north":{"uv":[6,6,9,9],"texture":"#all","cullface":"north"},"east":{"uv":[6,6,6.7,9],"texture":"#all","cullface":"north"},"west":{"uv":[8,6,8.7,9],"texture":"#all","cullface":"north"},"up":{"uv":[6,6,9,6.7],"rotation":180,"texture":"#all","cullface":"north"},"down":{"uv":[6,8,9,8.7],"rotation":180,"texture":"#all","cullface":"north"}}},{"from":[2,12,-0.7],"to":[6,13,0],"light_emission":15,"faces":{"north":{"uv":[10,3,14,4],"texture":"#all","cullface":"north"},"east":{"uv":[10,3,10.7,4],"texture":"#all","cullface":"north"},"west":{"uv":[13,3,13.7,4],"texture":"#all","cullface":"north"},"up":{"uv":[10,3,14,3.7],"rotation":180,"texture":"#all","cullface":"north"},"down":{"uv":[10,3,14,3.7],"rotation":180,"texture":"#all","cullface":"north"}}},{"from":[2,2,-0.7],"to":[5,3,0],"light_emission":15,"faces":{"north":{"uv":[11,13,14,14],"texture":"#all","cullface":"north"},"east":{"uv":[11,13,11.7,14],"texture":"#all","cullface":"north"},"west":{"uv":[13,13,13.7,14],"texture":"#all","cullface":"north"},"up":{"uv":[11,13,14,13.7],"rotation":180,"texture":"#all","cullface":"north"},"down":{"uv":[11,13,14,13.7],"rotation":180,"texture":"#all","cullface":"north"}}},{"from":[6,8,-0.7],"to":[7,10,0],"light_emission":15,"faces":{"north":{"uv":[9,6,10,8],"texture":"#all","cullface":"north"},"west":{"uv":[9,6,9.7,8],"texture":"#all","cullface":"north"},"up":{"uv":[9,6,10,6.7],"texture":"#all","cullface":"north"},"down":{"uv":[9,7,10,7.7],"texture":"#all","cullface":"north"}}},{"from":[11,13,-0.5],"to":[13,14,0],"light_emission":15,"faces":{"north":{"uv":[3,2,5,3],"texture":"#all","cullface":"north"},"east":{"uv":[3,2,3.5,3],"texture":"#all","cullface":"north"},"west":{"uv":[4,2,4.5,3],"texture":"#all","cullface":"north"},"up":{"uv":[3,2,5,2.5],"rotation":180,"texture":"#all","cullface":"north"},"down":{"uv":[3,2,5,2.5],"rotation":180,"texture":"#all","cullface":"north"}}},{"from":[10,8,-0.5],"to":[12,9,0],"light_emission":15,"faces":{"north":{"uv":[4,7,6,8],"texture":"#all","cullface":"north"},"east":{"uv":[4,7,4.5,8],"texture":"#all","cullface":"north"},"up":{"uv":[4,7,6,7.5],"rotation":180,"texture":"#all","cullface":"north"},"down":{"uv":[4,7,6,7.5],"rotation":180,"texture":"#all","cullface":"north"}}},{"from":[4,8,-0.5],"to":[6,9,0],"light_emission":15,"faces":{"north":{"uv":[10,7,12,8],"texture":"#all","cullface":"north"},"west":{"uv":[11,7,11.5,8],"texture":"#all","cullface":"north"},"up":{"uv":[10,7,12,7.5],"rotation":180,"texture":"#all","cullface":"north"},"down":{"uv":[10,7,12,7.5],"rotation":180,"texture":"#all","cullface":"north"}}},{"from":[3,11,-0.5],"to":[5,12,0],"light_emission":15,"faces":{"north":{"uv":[11,4,13,5],"texture":"#all","cullface":"north"},"east":{"uv":[11,4,11.5,5],"texture":"#all","cullface":"north"},"west":{"uv":[12,4,12.5,5],"texture":"#all","cullface":"north"},"down":{"uv":[11,4,13,4.5],"rotation":180,"texture":"#all","cullface":"north"}}}]}