{"credit":"Created by Marceus","parent":"block/cube_all","textures":{"all":"block/gilded_blackstone"},"elements":[{"from":[0,0,0],"to":[16,16,16],"faces":{"north":{"uv":[0,0,16,16],"texture":"#all","cullface":"north"},"east":{"uv":[0,0,16,16],"texture":"#all","cullface":"east"},"south":{"uv":[0,0,16,16],"texture":"#all","cullface":"south"},"west":{"uv":[0,0,16,16],"texture":"#all","cullface":"west"},"up":{"uv":[0,0,16,16],"texture":"#all","cullface":"up"},"down":{"uv":[0,0,16,16],"texture":"#all","cullface":"down"}}},{"from":[3,0.00781,-0.49219],"to":[4,1,0],"light_emission":15,"faces":{"north":{"uv":[12,15,13,16],"texture":"#all","cullface":"north"},"east":{"uv":[12,15,13,16],"texture":"#all","cullface":"north"},"west":{"uv":[12,15,13,16],"texture":"#all","cullface":"north"},"up":{"uv":[13,15,12,16],"texture":"#all","cullface":"north"},"down":{"uv":[13,15,12,16],"texture":"#all","cullface":"north"}}},{"from":[6,6,-0.49219],"to":[7,7,0],"light_emission":15,"faces":{"north":{"uv":[9,9,10,10],"texture":"#all","cullface":"north"},"east":{"uv":[9,9,10,10],"texture":"#all","cullface":"north"},"west":{"uv":[9,9,10,10],"texture":"#all","cullface":"north"},"up":{"uv":[10,9,9,10],"texture":"#all","cullface":"north"},"down":{"uv":[10,9,9,10],"texture":"#all","cullface":"north"}}},{"from":[8,9,-0.49219],"to":[9,10,0],"light_emission":15,"faces":{"north":{"uv":[7,6,8,7],"texture":"#all","cullface":"north"},"east":{"uv":[7,6,8,7],"texture":"#all","cullface":"north"},"west":{"uv":[7,6,8,7],"texture":"#all","cullface":"north"},"up":{"uv":[8,6,7,7],"texture":"#all","cullface":"north"},"down":{"uv":[8,6,7,7],"texture":"#all","cullface":"north"}}},{"from":[8,1,-0.49219],"to":[9,3,0],"light_emission":15,"faces":{"north":{"uv":[7,13,8,15],"texture":"#all","cullface":"north"},"east":{"uv":[7,13,8,15],"texture":"#all","cullface":"north"},"west":{"uv":[7,13,8,15],"texture":"#all","cullface":"north"},"up":{"uv":[8,13,7,14],"texture":"#all","cullface":"north"},"down":{"uv":[8,14,7,15],"texture":"#all","cullface":"north"}}},{"from":[9,3,-0.49219],"to":[10,5,0],"light_emission":15,"faces":{"north":{"uv":[6,11,7,13],"texture":"#all","cullface":"north"},"east":{"uv":[6,11,7,13],"texture":"#all","cullface":"north"},"west":{"uv":[6,11,7,13],"texture":"#all","cullface":"north"},"up":{"uv":[7,11,6,12],"texture":"#all","cullface":"north"},"down":{"uv":[7,12,6,13],"texture":"#all","cullface":"north"}}},{"from":[1,14,-0.49219],"to":[2,15.99219,0],"light_emission":15,"faces":{"north":{"uv":[14,0,15,2],"texture":"#all","cullface":"north"},"east":{"uv":[14,0,15,2],"texture":"#all","cullface":"north"},"west":{"uv":[14,0,15,2],"texture":"#all","cullface":"north"},"down":{"uv":[15,1,14,2],"texture":"#all","cullface":"north"}}},{"from":[0.00781,10,-0.49219],"to":[1,12,0],"light_emission":15,"faces":{"north":{"uv":[15,4,16,6],"texture":"#all","cullface":"north"},"east":{"uv":[15,4,16,6],"texture":"#all","cullface":"north"},"west":{"uv":[15,4,16,6],"texture":"#all","cullface":"north"},"up":{"uv":[16,4,15,5],"texture":"#all","cullface":"north"},"down":{"uv":[16,5,15,6],"texture":"#all","cullface":"north"}}},{"from":[1,2,-0.49219],"to":[2,4,0],"light_emission":15,"faces":{"north":{"uv":[14,12,15,14],"texture":"#all","cullface":"north"},"east":{"uv":[14,12,15,14],"texture":"#all","cullface":"north"},"west":{"uv":[14,12,15,14],"texture":"#all","cullface":"north"},"up":{"uv":[15,12,14,13],"texture":"#all","cullface":"north"}}},{"from":[1,2,-0.49219],"to":[3,3,0],"light_emission":15,"faces":{"north":{"uv":[13,13,15,14],"texture":"#all","cullface":"north"},"east":{"uv":[13,13,14,14],"texture":"#all","cullface":"north"},"up":{"uv":[15,13,13,14],"texture":"#all","cullface":"north"},"down":{"uv":[15,13,13,14],"texture":"#all","cullface":"north"}}},{"from":[4,12,-0.49219],"to":[6,13,0],"light_emission":15,"faces":{"north":{"uv":[10,3,12,4],"texture":"#all","cullface":"north"},"east":{"uv":[10,3,11,4],"texture":"#all","cullface":"north"},"west":{"uv":[11,3,12,4],"texture":"#all","cullface":"north"},"up":{"uv":[12,3,10,4],"texture":"#all","cullface":"north"},"down":{"uv":[12,3,10,4],"texture":"#all","cullface":"north"}}},{"from":[5,13,-0.49219],"to":[7,14,0],"light_emission":15,"faces":{"north":{"uv":[9,2,11,3],"texture":"#all","cullface":"north"},"east":{"uv":[9,2,10,3],"texture":"#all","cullface":"north"},"west":{"uv":[10,2,11,3],"texture":"#all","cullface":"north"},"up":{"uv":[11,2,9,3],"texture":"#all","cullface":"north"},"down":{"uv":[11,2,9,3],"texture":"#all","cullface":"north"}}},{"from":[14,13,-0.49219],"to":[15,14,0],"light_emission":15,"faces":{"north":{"uv":[1,2,2,3],"texture":"#all","cullface":"north"},"east":{"uv":[1,2,2,3],"texture":"#all","cullface":"north"},"west":{"uv":[1,2,2,3],"texture":"#all","cullface":"north"},"up":{"uv":[2,2,1,3],"texture":"#all","cullface":"north"},"down":{"uv":[2,2,1,3],"texture":"#all","cullface":"north"}}},{"from":[15,12,-0.49219],"to":[15.99219,13,0],"light_emission":15,"faces":{"north":{"uv":[0,3,1,4],"texture":"#all","cullface":"north"},"east":{"uv":[0,3,1,4],"texture":"#all","cullface":"north"},"west":{"uv":[0,3,1,4],"texture":"#all","cullface":"north"},"up":{"uv":[1,3,0,4],"texture":"#all","cullface":"north"},"down":{"uv":[1,3,0,4],"texture":"#all","cullface":"north"}}},{"from":[11,14,-0.49219],"to":[14,15,0],"light_emission":15,"faces":{"north":{"uv":[2,1,5,2],"texture":"#all","cullface":"north"},"east":{"uv":[2,1,3,2],"texture":"#all","cullface":"north"},"west":{"uv":[4,1,5,2],"texture":"#all","cullface":"north"},"up":{"uv":[5,1,2,2],"texture":"#all","cullface":"north"},"down":{"uv":[5,1,2,2],"texture":"#all","cullface":"north"}}},{"from":[1,15,-0.49219],"to":[3,15.99219,0],"light_emission":15,"faces":{"north":{"uv":[13,0,15,1],"texture":"#all","cullface":"north"},"east":{"uv":[13,0,14,1],"texture":"#all","cullface":"north"},"up":{"uv":[15,0,13,1],"texture":"#all","cullface":"north"},"down":{"uv":[15,0,13,1],"texture":"#all","cullface":"north"}}},{"from":[3,7,-0.49219],"to":[6,8,0],"light_emission":15,"faces":{"north":{"uv":[10,8,13,9],"texture":"#all","cullface":"north"},"east":{"uv":[10,8,11,9],"texture":"#all","cullface":"north"},"west":{"uv":[12,8,13,9],"texture":"#all","cullface":"north"},"up":{"uv":[13,8,10,9],"texture":"#all","cullface":"north"},"down":{"uv":[13,8,10,9],"texture":"#all","cullface":"north"}}},{"from":[10,5,-0.49219],"to":[12,6,0],"light_emission":15,"faces":{"north":{"uv":[4,10,6,11],"texture":"#all","cullface":"north"},"east":{"uv":[4,10,5,11],"texture":"#all","cullface":"north"},"west":{"uv":[5,10,6,11],"texture":"#all","cullface":"north"},"up":{"uv":[6,10,4,11],"texture":"#all","cullface":"north"},"down":{"uv":[6,10,4,11],"texture":"#all","cullface":"north"}}},{"from":[9,8,-0.49219],"to":[11,9,0],"light_emission":15,"faces":{"north":{"uv":[5,7,7,8],"texture":"#all","cullface":"north"},"east":{"uv":[5,7,6,8],"texture":"#all","cullface":"north"},"west":{"uv":[6,7,7,8],"texture":"#all","cullface":"north"},"up":{"uv":[7,7,5,8],"texture":"#all","cullface":"north"},"down":{"uv":[7,7,5,8],"texture":"#all","cullface":"north"}}},{"from":[3,9,-0.49219],"to":[4,12,0],"light_emission":15,"faces":{"north":{"uv":[12,4,13,7],"texture":"#all","cullface":"north"},"east":{"uv":[12,4,13,7],"texture":"#all","cullface":"north"},"west":{"uv":[12,4,13,7],"texture":"#all","cullface":"north"},"up":{"uv":[13,4,12,5],"texture":"#all","cullface":"north"},"down":{"uv":[13,6,12,7],"texture":"#all","cullface":"north"}}},{"from":[0.00781,4,-0.49219],"to":[1,7,0],"light_emission":15,"faces":{"north":{"uv":[15,9,16,12],"texture":"#all","cullface":"north"},"east":{"uv":[15,9,16,12],"texture":"#all","cullface":"north"},"west":{"uv":[15,9,16,12],"texture":"#all","cullface":"north"},"up":{"uv":[16,9,15,10],"texture":"#all","cullface":"north"},"down":{"uv":[16,11,15,12],"texture":"#all","cullface":"north"}}},{"from":[16,0.00781,3],"to":[16.49219,1,4],"light_emission":15,"faces":{"north":{"uv":[12,15,13,16],"texture":"#all","cullface":"east"},"east":{"uv":[12,15,13,16],"texture":"#all","cullface":"east"},"south":{"uv":[12,15,13,16],"texture":"#all","cullface":"east"},"up":{"uv":[13,15,12,16],"rotation":90,"texture":"#all","cullface":"east"},"down":{"uv":[13,15,12,16],"rotation":270,"texture":"#all","cullface":"east"}}},{"from":[16,6,6],"to":[16.49219,7,7],"light_emission":15,"faces":{"north":{"uv":[9,9,10,10],"texture":"#all","cullface":"east"},"east":{"uv":[9,9,10,10],"texture":"#all","cullface":"east"},"south":{"uv":[9,9,10,10],"texture":"#all","cullface":"east"},"up":{"uv":[10,9,9,10],"rotation":90,"texture":"#all","cullface":"east"},"down":{"uv":[10,9,9,10],"rotation":270,"texture":"#all","cullface":"east"}}},{"from":[16,9,8],"to":[16.49219,10,9],"light_emission":15,"faces":{"north":{"uv":[7,6,8,7],"texture":"#all","cullface":"east"},"east":{"uv":[7,6,8,7],"texture":"#all","cullface":"east"},"south":{"uv":[7,6,8,7],"texture":"#all","cullface":"east"},"up":{"uv":[8,6,7,7],"rotation":90,"texture":"#all","cullface":"east"},"down":{"uv":[8,6,7,7],"rotation":270,"texture":"#all","cullface":"east"}}},{"from":[16,1,8],"to":[16.49219,3,9],"light_emission":15,"faces":{"north":{"uv":[7,13,8,15],"texture":"#all","cullface":"east"},"east":{"uv":[7,13,8,15],"texture":"#all","cullface":"east"},"south":{"uv":[7,13,8,15],"texture":"#all","cullface":"east"},"up":{"uv":[8,13,7,14],"rotation":90,"texture":"#all","cullface":"east"},"down":{"uv":[8,14,7,15],"rotation":270,"texture":"#all","cullface":"east"}}},{"from":[16,3,9],"to":[16.49219,5,10],"light_emission":15,"faces":{"north":{"uv":[6,11,7,13],"texture":"#all","cullface":"east"},"east":{"uv":[6,11,7,13],"texture":"#all","cullface":"east"},"south":{"uv":[6,11,7,13],"texture":"#all","cullface":"east"},"up":{"uv":[7,11,6,12],"rotation":90,"texture":"#all","cullface":"east"},"down":{"uv":[7,12,6,13],"rotation":270,"texture":"#all","cullface":"east"}}},{"from":[16,14,1],"to":[16.49219,15.99219,2],"light_emission":15,"faces":{"north":{"uv":[14,0,15,2],"texture":"#all","cullface":"east"},"east":{"uv":[14,0,15,2],"texture":"#all","cullface":"east"},"south":{"uv":[14,0,15,2],"texture":"#all","cullface":"east"},"down":{"uv":[15,1,14,2],"rotation":270,"texture":"#all","cullface":"east"}}},{"from":[16,10,0.00781],"to":[16.49219,12,1],"light_emission":15,"faces":{"north":{"uv":[15,4,16,6],"texture":"#all","cullface":"east"},"east":{"uv":[15,4,16,6],"texture":"#all","cullface":"east"},"south":{"uv":[15,4,16,6],"texture":"#all","cullface":"east"},"up":{"uv":[16,4,15,5],"rotation":90,"texture":"#all","cullface":"east"},"down":{"uv":[16,5,15,6],"rotation":270,"texture":"#all","cullface":"east"}}},{"from":[16,2,1],"to":[16.49219,4,2],"light_emission":15,"faces":{"north":{"uv":[14,12,15,14],"texture":"#all","cullface":"east"},"east":{"uv":[14,12,15,14],"texture":"#all","cullface":"east"},"south":{"uv":[14,12,15,14],"texture":"#all","cullface":"east"},"up":{"uv":[15,12,14,13],"rotation":90,"texture":"#all","cullface":"east"}}},{"from":[16,2,1],"to":[16.49219,3,3],"light_emission":15,"faces":{"east":{"uv":[13,13,15,14],"texture":"#all","cullface":"east"},"south":{"uv":[13,13,14,14],"texture":"#all","cullface":"east"},"up":{"uv":[15,13,13,14],"rotation":90,"texture":"#all","cullface":"east"},"down":{"uv":[15,13,13,14],"rotation":270,"texture":"#all","cullface":"east"}}},{"from":[16,12,4],"to":[16.49219,13,6],"light_emission":15,"faces":{"north":{"uv":[11,3,12,4],"texture":"#all","cullface":"east"},"east":{"uv":[10,3,12,4],"texture":"#all","cullface":"east"},"south":{"uv":[10,3,11,4],"texture":"#all","cullface":"east"},"up":{"uv":[12,3,10,4],"rotation":90,"texture":"#all","cullface":"east"},"down":{"uv":[12,3,10,4],"rotation":270,"texture":"#all","cullface":"east"}}},{"from":[16,13,5],"to":[16.49219,14,7],"light_emission":15,"faces":{"north":{"uv":[10,2,11,3],"texture":"#all","cullface":"east"},"east":{"uv":[9,2,11,3],"texture":"#all","cullface":"east"},"south":{"uv":[9,2,10,3],"texture":"#all","cullface":"east"},"up":{"uv":[11,2,9,3],"rotation":90,"texture":"#all","cullface":"east"},"down":{"uv":[11,2,9,3],"rotation":270,"texture":"#all","cullface":"east"}}},{"from":[16,13,14],"to":[16.49219,14,15],"light_emission":15,"faces":{"north":{"uv":[1,2,2,3],"texture":"#all","cullface":"east"},"east":{"uv":[1,2,2,3],"texture":"#all","cullface":"east"},"south":{"uv":[1,2,2,3],"texture":"#all","cullface":"east"},"up":{"uv":[2,2,1,3],"rotation":90,"texture":"#all","cullface":"east"},"down":{"uv":[2,2,1,3],"rotation":270,"texture":"#all","cullface":"east"}}},{"from":[16,12,15],"to":[16.49219,13,15.99219],"light_emission":15,"faces":{"north":{"uv":[0,3,1,4],"texture":"#all","cullface":"east"},"east":{"uv":[0,3,1,4],"texture":"#all","cullface":"east"},"south":{"uv":[0,3,1,4],"texture":"#all","cullface":"east"},"up":{"uv":[1,3,0,4],"rotation":90,"texture":"#all","cullface":"east"},"down":{"uv":[1,3,0,4],"rotation":270,"texture":"#all","cullface":"east"}}},{"from":[16,14,11],"to":[16.49219,15,14],"light_emission":15,"faces":{"north":{"uv":[4,1,5,2],"texture":"#all","cullface":"east"},"east":{"uv":[2,1,5,2],"texture":"#all","cullface":"east"},"south":{"uv":[2,1,3,2],"texture":"#all","cullface":"east"},"up":{"uv":[5,1,2,2],"rotation":90,"texture":"#all","cullface":"east"},"down":{"uv":[5,1,2,2],"rotation":270,"texture":"#all","cullface":"east"}}},{"from":[16,15,1],"to":[16.49219,15.99219,3],"light_emission":15,"faces":{"east":{"uv":[13,0,15,1],"texture":"#all","cullface":"east"},"south":{"uv":[13,0,14,1],"texture":"#all","cullface":"east"},"up":{"uv":[15,0,13,1],"rotation":90,"texture":"#all","cullface":"east"},"down":{"uv":[15,0,13,1],"rotation":270,"texture":"#all","cullface":"east"}}},{"from":[16,7,3],"to":[16.49219,8,6],"light_emission":15,"faces":{"north":{"uv":[12,8,13,9],"texture":"#all","cullface":"east"},"east":{"uv":[10,8,13,9],"texture":"#all","cullface":"east"},"south":{"uv":[10,8,11,9],"texture":"#all","cullface":"east"},"up":{"uv":[13,8,10,9],"rotation":90,"texture":"#all","cullface":"east"},"down":{"uv":[13,8,10,9],"rotation":270,"texture":"#all","cullface":"east"}}},{"from":[16,5,10],"to":[16.49219,6,12],"light_emission":15,"faces":{"north":{"uv":[5,10,6,11],"texture":"#all","cullface":"east"},"east":{"uv":[4,10,6,11],"texture":"#all","cullface":"east"},"south":{"uv":[4,10,5,11],"texture":"#all","cullface":"east"},"up":{"uv":[6,10,4,11],"rotation":90,"texture":"#all","cullface":"east"},"down":{"uv":[6,10,4,11],"rotation":270,"texture":"#all","cullface":"east"}}},{"from":[16,8,9],"to":[16.49219,9,11],"light_emission":15,"faces":{"north":{"uv":[6,7,7,8],"texture":"#all","cullface":"east"},"east":{"uv":[5,7,7,8],"texture":"#all","cullface":"east"},"south":{"uv":[5,7,6,8],"texture":"#all","cullface":"east"},"up":{"uv":[7,7,5,8],"rotation":90,"texture":"#all","cullface":"east"},"down":{"uv":[7,7,5,8],"rotation":270,"texture":"#all","cullface":"east"}}},{"from":[16,9,3],"to":[16.49219,12,4],"light_emission":15,"faces":{"north":{"uv":[12,4,13,7],"texture":"#all","cullface":"east"},"east":{"uv":[12,4,13,7],"texture":"#all","cullface":"east"},"south":{"uv":[12,4,13,7],"texture":"#all","cullface":"east"},"up":{"uv":[13,4,12,5],"rotation":90,"texture":"#all","cullface":"east"},"down":{"uv":[13,6,12,7],"rotation":270,"texture":"#all","cullface":"east"}}},{"from":[16,4,0.00781],"to":[16.49219,7,1],"light_emission":15,"faces":{"north":{"uv":[15,9,16,12],"texture":"#all","cullface":"east"},"east":{"uv":[15,9,16,12],"texture":"#all","cullface":"east"},"south":{"uv":[15,9,16,12],"texture":"#all","cullface":"east"},"up":{"uv":[16,9,15,10],"rotation":90,"texture":"#all","cullface":"east"},"down":{"uv":[16,11,15,12],"rotation":270,"texture":"#all","cullface":"east"}}},{"from":[12,0.00781,16],"to":[13,1,16.49219],"light_emission":15,"faces":{"east":{"uv":[12,15,13,16],"texture":"#all","cullface":"south"},"south":{"uv":[12,15,13,16],"texture":"#all","cullface":"south"},"west":{"uv":[12,15,13,16],"texture":"#all","cullface":"south"},"up":{"uv":[13,15,12,16],"rotation":180,"texture":"#all","cullface":"south"},"down":{"uv":[13,15,12,16],"rotation":180,"texture":"#all","cullface":"south"}}},{"from":[9,6,16],"to":[10,7,16.49219],"light_emission":15,"faces":{"east":{"uv":[9,9,10,10],"texture":"#all","cullface":"south"},"south":{"uv":[9,9,10,10],"texture":"#all","cullface":"south"},"west":{"uv":[9,9,10,10],"texture":"#all","cullface":"south"},"up":{"uv":[10,9,9,10],"rotation":180,"texture":"#all","cullface":"south"},"down":{"uv":[10,9,9,10],"rotation":180,"texture":"#all","cullface":"south"}}},{"from":[7,9,16],"to":[8,10,16.49219],"light_emission":15,"faces":{"east":{"uv":[7,6,8,7],"texture":"#all","cullface":"south"},"south":{"uv":[7,6,8,7],"texture":"#all","cullface":"south"},"west":{"uv":[7,6,8,7],"texture":"#all","cullface":"south"},"up":{"uv":[8,6,7,7],"rotation":180,"texture":"#all","cullface":"south"},"down":{"uv":[8,6,7,7],"rotation":180,"texture":"#all","cullface":"south"}}},{"from":[7,1,16],"to":[8,3,16.49219],"light_emission":15,"faces":{"east":{"uv":[7,13,8,15],"texture":"#all","cullface":"south"},"south":{"uv":[7,13,8,15],"texture":"#all","cullface":"south"},"west":{"uv":[7,13,8,15],"texture":"#all","cullface":"south"},"up":{"uv":[8,13,7,14],"rotation":180,"texture":"#all","cullface":"south"},"down":{"uv":[8,14,7,15],"rotation":180,"texture":"#all","cullface":"south"}}},{"from":[6,3,16],"to":[7,5,16.49219],"light_emission":15,"faces":{"east":{"uv":[6,11,7,13],"texture":"#all","cullface":"south"},"south":{"uv":[6,11,7,13],"texture":"#all","cullface":"south"},"west":{"uv":[6,11,7,13],"texture":"#all","cullface":"south"},"up":{"uv":[7,11,6,12],"rotation":180,"texture":"#all","cullface":"south"},"down":{"uv":[7,12,6,13],"rotation":180,"texture":"#all","cullface":"south"}}},{"from":[14,14,16],"to":[15,15.99219,16.49219],"light_emission":15,"faces":{"east":{"uv":[14,0,15,2],"texture":"#all","cullface":"south"},"south":{"uv":[14,0,15,2],"texture":"#all","cullface":"south"},"west":{"uv":[14,0,15,2],"texture":"#all","cullface":"south"},"down":{"uv":[15,1,14,2],"rotation":180,"texture":"#all","cullface":"south"}}},{"from":[15,10,16],"to":[15.99219,12,16.49219],"light_emission":15,"faces":{"east":{"uv":[15,4,16,6],"texture":"#all","cullface":"south"},"south":{"uv":[15,4,16,6],"texture":"#all","cullface":"south"},"west":{"uv":[15,4,16,6],"texture":"#all","cullface":"south"},"up":{"uv":[16,4,15,5],"rotation":180,"texture":"#all","cullface":"south"},"down":{"uv":[16,5,15,6],"rotation":180,"texture":"#all","cullface":"south"}}},{"from":[14,2,16],"to":[15,4,16.49219],"light_emission":15,"faces":{"east":{"uv":[14,12,15,14],"texture":"#all","cullface":"south"},"south":{"uv":[14,12,15,14],"texture":"#all","cullface":"south"},"west":{"uv":[14,12,15,14],"texture":"#all","cullface":"south"},"up":{"uv":[15,12,14,13],"rotation":180,"texture":"#all","cullface":"south"}}},{"from":[13,2,16],"to":[15,3,16.49219],"light_emission":15,"faces":{"south":{"uv":[13,13,15,14],"texture":"#all","cullface":"south"},"west":{"uv":[13,13,14,14],"texture":"#all","cullface":"south"},"up":{"uv":[15,13,13,14],"rotation":180,"texture":"#all","cullface":"south"},"down":{"uv":[15,13,13,14],"rotation":180,"texture":"#all","cullface":"south"}}},{"from":[10,12,16],"to":[12,13,16.49219],"light_emission":15,"faces":{"east":{"uv":[11,3,12,4],"texture":"#all","cullface":"south"},"south":{"uv":[10,3,12,4],"texture":"#all","cullface":"south"},"west":{"uv":[10,3,11,4],"texture":"#all","cullface":"south"},"up":{"uv":[12,3,10,4],"rotation":180,"texture":"#all","cullface":"south"},"down":{"uv":[12,3,10,4],"rotation":180,"texture":"#all","cullface":"south"}}},{"from":[9,13,16],"to":[11,14,16.49219],"light_emission":15,"faces":{"east":{"uv":[10,2,11,3],"texture":"#all","cullface":"south"},"south":{"uv":[9,2,11,3],"texture":"#all","cullface":"south"},"west":{"uv":[9,2,10,3],"texture":"#all","cullface":"south"},"up":{"uv":[11,2,9,3],"rotation":180,"texture":"#all","cullface":"south"},"down":{"uv":[11,2,9,3],"rotation":180,"texture":"#all","cullface":"south"}}},{"from":[1,13,16],"to":[2,14,16.49219],"light_emission":15,"faces":{"east":{"uv":[1,2,2,3],"texture":"#all","cullface":"south"},"south":{"uv":[1,2,2,3],"texture":"#all","cullface":"south"},"west":{"uv":[1,2,2,3],"texture":"#all","cullface":"south"},"up":{"uv":[2,2,1,3],"rotation":180,"texture":"#all","cullface":"south"},"down":{"uv":[2,2,1,3],"rotation":180,"texture":"#all","cullface":"south"}}},{"from":[0.00781,12,16],"to":[1,13,16.49219],"light_emission":15,"faces":{"east":{"uv":[0,3,1,4],"texture":"#all","cullface":"south"},"south":{"uv":[0,3,1,4],"texture":"#all","cullface":"south"},"west":{"uv":[0,3,1,4],"texture":"#all","cullface":"south"},"up":{"uv":[1,3,0,4],"rotation":180,"texture":"#all","cullface":"south"},"down":{"uv":[1,3,0,4],"rotation":180,"texture":"#all","cullface":"south"}}},{"from":[2,14,16],"to":[5,15,16.49219],"light_emission":15,"faces":{"east":{"uv":[4,1,5,2],"texture":"#all","cullface":"south"},"south":{"uv":[2,1,5,2],"texture":"#all","cullface":"south"},"west":{"uv":[2,1,3,2],"texture":"#all","cullface":"south"},"up":{"uv":[5,1,2,2],"rotation":180,"texture":"#all","cullface":"south"},"down":{"uv":[5,1,2,2],"rotation":180,"texture":"#all","cullface":"south"}}},{"from":[13,15,16],"to":[15,15.99219,16.49219],"light_emission":15,"faces":{"south":{"uv":[13,0,15,1],"texture":"#all","cullface":"south"},"west":{"uv":[13,0,14,1],"texture":"#all","cullface":"south"},"up":{"uv":[15,0,13,1],"rotation":180,"texture":"#all","cullface":"south"},"down":{"uv":[15,0,13,1],"rotation":180,"texture":"#all","cullface":"south"}}},{"from":[10,7,16],"to":[13,8,16.49219],"light_emission":15,"faces":{"east":{"uv":[12,8,13,9],"texture":"#all","cullface":"south"},"south":{"uv":[10,8,13,9],"texture":"#all","cullface":"south"},"west":{"uv":[10,8,11,9],"texture":"#all","cullface":"south"},"up":{"uv":[13,8,10,9],"rotation":180,"texture":"#all","cullface":"south"},"down":{"uv":[13,8,10,9],"rotation":180,"texture":"#all","cullface":"south"}}},{"from":[4,5,16],"to":[6,6,16.49219],"light_emission":15,"faces":{"east":{"uv":[5,10,6,11],"texture":"#all","cullface":"south"},"south":{"uv":[4,10,6,11],"texture":"#all","cullface":"south"},"west":{"uv":[4,10,5,11],"texture":"#all","cullface":"south"},"up":{"uv":[6,10,4,11],"rotation":180,"texture":"#all","cullface":"south"},"down":{"uv":[6,10,4,11],"rotation":180,"texture":"#all","cullface":"south"}}},{"from":[5,8,16],"to":[7,9,16.49219],"light_emission":15,"faces":{"east":{"uv":[6,7,7,8],"texture":"#all","cullface":"south"},"south":{"uv":[5,7,7,8],"texture":"#all","cullface":"south"},"west":{"uv":[5,7,6,8],"texture":"#all","cullface":"south"},"up":{"uv":[7,7,5,8],"rotation":180,"texture":"#all","cullface":"south"},"down":{"uv":[7,7,5,8],"rotation":180,"texture":"#all","cullface":"south"}}},{"from":[12,9,16],"to":[13,12,16.49219],"light_emission":15,"faces":{"east":{"uv":[12,4,13,7],"texture":"#all","cullface":"south"},"south":{"uv":[12,4,13,7],"texture":"#all","cullface":"south"},"west":{"uv":[12,4,13,7],"texture":"#all","cullface":"south"},"up":{"uv":[13,4,12,5],"rotation":180,"texture":"#all","cullface":"south"},"down":{"uv":[13,6,12,7],"rotation":180,"texture":"#all","cullface":"south"}}},{"from":[15,4,16],"to":[15.99219,7,16.49219],"light_emission":15,"faces":{"east":{"uv":[15,9,16,12],"texture":"#all","cullface":"south"},"south":{"uv":[15,9,16,12],"texture":"#all","cullface":"south"},"west":{"uv":[15,9,16,12],"texture":"#all","cullface":"south"},"up":{"uv":[16,9,15,10],"rotation":180,"texture":"#all","cullface":"south"},"down":{"uv":[16,11,15,12],"rotation":180,"texture":"#all","cullface":"south"}}},{"from":[-0.49219,0.00781,12],"to":[0,1,13],"light_emission":15,"faces":{"north":{"uv":[12,15,13,16],"texture":"#all","cullface":"west"},"south":{"uv":[12,15,13,16],"texture":"#all","cullface":"west"},"west":{"uv":[12,15,13,16],"texture":"#all","cullface":"west"},"up":{"uv":[13,15,12,16],"rotation":270,"texture":"#all","cullface":"west"},"down":{"uv":[13,15,12,16],"rotation":90,"texture":"#all","cullface":"west"}}},{"from":[-0.49219,6,9],"to":[0,7,10],"light_emission":15,"faces":{"north":{"uv":[9,9,10,10],"texture":"#all","cullface":"west"},"south":{"uv":[9,9,10,10],"texture":"#all","cullface":"west"},"west":{"uv":[9,9,10,10],"texture":"#all","cullface":"west"},"up":{"uv":[10,9,9,10],"rotation":270,"texture":"#all","cullface":"west"},"down":{"uv":[10,9,9,10],"rotation":90,"texture":"#all","cullface":"west"}}},{"from":[-0.49219,9,7],"to":[0,10,8],"light_emission":15,"faces":{"north":{"uv":[7,6,8,7],"texture":"#all","cullface":"west"},"south":{"uv":[7,6,8,7],"texture":"#all","cullface":"west"},"west":{"uv":[7,6,8,7],"texture":"#all","cullface":"west"},"up":{"uv":[8,6,7,7],"rotation":270,"texture":"#all","cullface":"west"},"down":{"uv":[8,6,7,7],"rotation":90,"texture":"#all","cullface":"west"}}},{"from":[-0.49219,1,7],"to":[0,3,8],"light_emission":15,"faces":{"north":{"uv":[7,13,8,15],"texture":"#all","cullface":"west"},"south":{"uv":[7,13,8,15],"texture":"#all","cullface":"west"},"west":{"uv":[7,13,8,15],"texture":"#all","cullface":"west"},"up":{"uv":[8,13,7,14],"rotation":270,"texture":"#all","cullface":"west"},"down":{"uv":[8,14,7,15],"rotation":90,"texture":"#all","cullface":"west"}}},{"from":[-0.49219,3,6],"to":[0,5,7],"light_emission":15,"faces":{"north":{"uv":[6,11,7,13],"texture":"#all","cullface":"west"},"south":{"uv":[6,11,7,13],"texture":"#all","cullface":"west"},"west":{"uv":[6,11,7,13],"texture":"#all","cullface":"west"},"up":{"uv":[7,11,6,12],"rotation":270,"texture":"#all","cullface":"west"},"down":{"uv":[7,12,6,13],"rotation":90,"texture":"#all","cullface":"west"}}},{"from":[-0.49219,14,14],"to":[0,15.99219,15],"light_emission":15,"faces":{"north":{"uv":[14,0,15,2],"texture":"#all","cullface":"west"},"south":{"uv":[14,0,15,2],"texture":"#all","cullface":"west"},"west":{"uv":[14,0,15,2],"texture":"#all","cullface":"west"},"down":{"uv":[15,1,14,2],"rotation":90,"texture":"#all","cullface":"west"}}},{"from":[-0.49219,10,15],"to":[0,12,15.99219],"light_emission":15,"faces":{"north":{"uv":[15,4,16,6],"texture":"#all","cullface":"west"},"south":{"uv":[15,4,16,6],"texture":"#all","cullface":"west"},"west":{"uv":[15,4,16,6],"texture":"#all","cullface":"west"},"up":{"uv":[16,4,15,5],"rotation":270,"texture":"#all","cullface":"west"},"down":{"uv":[16,5,15,6],"rotation":90,"texture":"#all","cullface":"west"}}},{"from":[-0.49219,2,14],"to":[0,4,15],"light_emission":15,"faces":{"north":{"uv":[14,12,15,14],"texture":"#all","cullface":"west"},"south":{"uv":[14,12,15,14],"texture":"#all","cullface":"west"},"west":{"uv":[14,12,15,14],"texture":"#all","cullface":"west"},"up":{"uv":[15,12,14,13],"rotation":270,"texture":"#all","cullface":"west"}}},{"from":[-0.49219,2,13],"to":[0,3,15],"light_emission":15,"faces":{"north":{"uv":[13,13,14,14],"texture":"#all","cullface":"west"},"west":{"uv":[13,13,15,14],"texture":"#all","cullface":"west"},"up":{"uv":[15,13,13,14],"rotation":270,"texture":"#all","cullface":"west"},"down":{"uv":[15,13,13,14],"rotation":90,"texture":"#all","cullface":"west"}}},{"from":[-0.49219,12,10],"to":[0,13,12],"light_emission":15,"faces":{"north":{"uv":[10,3,11,4],"texture":"#all","cullface":"west"},"south":{"uv":[11,3,12,4],"texture":"#all","cullface":"west"},"west":{"uv":[10,3,12,4],"texture":"#all","cullface":"west"},"up":{"uv":[12,3,10,4],"rotation":270,"texture":"#all","cullface":"west"},"down":{"uv":[12,3,10,4],"rotation":90,"texture":"#all","cullface":"west"}}},{"from":[-0.49219,13,9],"to":[0,14,11],"light_emission":15,"faces":{"north":{"uv":[9,2,10,3],"texture":"#all","cullface":"west"},"south":{"uv":[10,2,11,3],"texture":"#all","cullface":"west"},"west":{"uv":[9,2,11,3],"texture":"#all","cullface":"west"},"up":{"uv":[11,2,9,3],"rotation":270,"texture":"#all","cullface":"west"},"down":{"uv":[11,2,9,3],"rotation":90,"texture":"#all","cullface":"west"}}},{"from":[-0.49219,13,1],"to":[0,14,2],"light_emission":15,"faces":{"north":{"uv":[1,2,2,3],"texture":"#all","cullface":"west"},"south":{"uv":[1,2,2,3],"texture":"#all","cullface":"west"},"west":{"uv":[1,2,2,3],"texture":"#all","cullface":"west"},"up":{"uv":[2,2,1,3],"rotation":270,"texture":"#all","cullface":"west"},"down":{"uv":[2,2,1,3],"rotation":90,"texture":"#all","cullface":"west"}}},{"from":[-0.49219,12,0.00781],"to":[0,13,1],"light_emission":15,"faces":{"north":{"uv":[0,3,1,4],"texture":"#all","cullface":"west"},"south":{"uv":[0,3,1,4],"texture":"#all","cullface":"west"},"west":{"uv":[0,3,1,4],"texture":"#all","cullface":"west"},"up":{"uv":[1,3,0,4],"rotation":270,"texture":"#all","cullface":"west"},"down":{"uv":[1,3,0,4],"rotation":90,"texture":"#all","cullface":"west"}}},{"from":[-0.49219,14,2],"to":[0,15,5],"light_emission":15,"faces":{"north":{"uv":[2,1,3,2],"texture":"#all","cullface":"west"},"south":{"uv":[4,1,5,2],"texture":"#all","cullface":"west"},"west":{"uv":[2,1,5,2],"texture":"#all","cullface":"west"},"up":{"uv":[5,1,2,2],"rotation":270,"texture":"#all","cullface":"west"},"down":{"uv":[5,1,2,2],"rotation":90,"texture":"#all","cullface":"west"}}},{"from":[-0.49219,15,13],"to":[0,15.99219,15],"light_emission":15,"faces":{"north":{"uv":[13,0,14,1],"texture":"#all","cullface":"west"},"west":{"uv":[13,0,15,1],"texture":"#all","cullface":"west"},"up":{"uv":[15,0,13,1],"rotation":270,"texture":"#all","cullface":"west"},"down":{"uv":[15,0,13,1],"rotation":90,"texture":"#all","cullface":"west"}}},{"from":[-0.49219,7,10],"to":[0,8,13],"light_emission":15,"faces":{"north":{"uv":[10,8,11,9],"texture":"#all","cullface":"west"},"south":{"uv":[12,8,13,9],"texture":"#all","cullface":"west"},"west":{"uv":[10,8,13,9],"texture":"#all","cullface":"west"},"up":{"uv":[13,8,10,9],"rotation":270,"texture":"#all","cullface":"west"},"down":{"uv":[13,8,10,9],"rotation":90,"texture":"#all","cullface":"west"}}},{"from":[-0.49219,5,4],"to":[0,6,6],"light_emission":15,"faces":{"north":{"uv":[4,10,5,11],"texture":"#all","cullface":"west"},"south":{"uv":[5,10,6,11],"texture":"#all","cullface":"west"},"west":{"uv":[4,10,6,11],"texture":"#all","cullface":"west"},"up":{"uv":[6,10,4,11],"rotation":270,"texture":"#all","cullface":"west"},"down":{"uv":[6,10,4,11],"rotation":90,"texture":"#all","cullface":"west"}}},{"from":[-0.49219,8,5],"to":[0,9,7],"light_emission":15,"faces":{"north":{"uv":[5,7,6,8],"texture":"#all","cullface":"west"},"south":{"uv":[6,7,7,8],"texture":"#all","cullface":"west"},"west":{"uv":[5,7,7,8],"texture":"#all","cullface":"west"},"up":{"uv":[7,7,5,8],"rotation":270,"texture":"#all","cullface":"west"},"down":{"uv":[7,7,5,8],"rotation":90,"texture":"#all","cullface":"west"}}},{"from":[-0.49219,9,12],"to":[0,12,13],"light_emission":15,"faces":{"north":{"uv":[12,4,13,7],"texture":"#all","cullface":"west"},"south":{"uv":[12,4,13,7],"texture":"#all","cullface":"west"},"west":{"uv":[12,4,13,7],"texture":"#all","cullface":"west"},"up":{"uv":[13,4,12,5],"rotation":270,"texture":"#all","cullface":"west"},"down":{"uv":[13,6,12,7],"rotation":90,"texture":"#all","cullface":"west"}}},{"from":[-0.49219,4,15],"to":[0,7,15.99219],"light_emission":15,"faces":{"north":{"uv":[15,9,16,12],"texture":"#all","cullface":"west"},"south":{"uv":[15,9,16,12],"texture":"#all","cullface":"west"},"west":{"uv":[15,9,16,12],"texture":"#all","cullface":"west"},"up":{"uv":[16,9,15,10],"rotation":270,"texture":"#all","cullface":"west"},"down":{"uv":[16,11,15,12],"rotation":90,"texture":"#all","cullface":"west"}}},{"from":[12,16,15],"to":[13,16.49219,15.99219],"light_emission":15,"faces":{"north":{"uv":[13,15,12,16],"texture":"#all","cullface":"up"},"east":{"uv":[12,15,13,16],"rotation":90,"texture":"#all","cullface":"up"},"south":{"uv":[13,15,12,16],"rotation":180,"texture":"#all","cullface":"up"},"west":{"uv":[12,15,13,16],"rotation":270,"texture":"#all","cullface":"up"},"up":{"uv":[12,15,13,16],"texture":"#all","cullface":"up"}}},{"from":[9,16,9],"to":[10,16.49219,10],"light_emission":15,"faces":{"north":{"uv":[10,9,9,10],"texture":"#all","cullface":"up"},"east":{"uv":[9,9,10,10],"rotation":90,"texture":"#all","cullface":"up"},"south":{"uv":[10,9,9,10],"rotation":180,"texture":"#all","cullface":"up"},"west":{"uv":[9,9,10,10],"rotation":270,"texture":"#all","cullface":"up"},"up":{"uv":[9,9,10,10],"texture":"#all","cullface":"up"}}},{"from":[7,16,6],"to":[8,16.49219,7],"light_emission":15,"faces":{"north":{"uv":[8,6,7,7],"texture":"#all","cullface":"up"},"east":{"uv":[7,6,8,7],"rotation":90,"texture":"#all","cullface":"up"},"south":{"uv":[8,6,7,7],"rotation":180,"texture":"#all","cullface":"up"},"west":{"uv":[7,6,8,7],"rotation":270,"texture":"#all","cullface":"up"},"up":{"uv":[7,6,8,7],"texture":"#all","cullface":"up"}}},{"from":[7,16,13],"to":[8,16.49219,15],"light_emission":15,"faces":{"north":{"uv":[8,13,7,14],"texture":"#all","cullface":"up"},"east":{"uv":[7,13,8,15],"rotation":90,"texture":"#all","cullface":"up"},"south":{"uv":[8,14,7,15],"rotation":180,"texture":"#all","cullface":"up"},"west":{"uv":[7,13,8,15],"rotation":270,"texture":"#all","cullface":"up"},"up":{"uv":[7,13,8,15],"texture":"#all","cullface":"up"}}},{"from":[6,16,11],"to":[7,16.49219,13],"light_emission":15,"faces":{"north":{"uv":[7,11,6,12],"texture":"#all","cullface":"up"},"east":{"uv":[6,11,7,13],"rotation":90,"texture":"#all","cullface":"up"},"south":{"uv":[7,12,6,13],"rotation":180,"texture":"#all","cullface":"up"},"west":{"uv":[6,11,7,13],"rotation":270,"texture":"#all","cullface":"up"},"up":{"uv":[6,11,7,13],"texture":"#all","cullface":"up"}}},{"from":[14,16,0.00781],"to":[15,16.49219,2],"light_emission":15,"faces":{"east":{"uv":[14,0,15,2],"rotation":90,"texture":"#all","cullface":"up"},"south":{"uv":[15,1,14,2],"rotation":180,"texture":"#all","cullface":"up"},"west":{"uv":[14,0,15,2],"rotation":270,"texture":"#all","cullface":"up"},"up":{"uv":[14,0,15,2],"texture":"#all","cullface":"up"}}},{"from":[15,16,4],"to":[15.99219,16.49219,6],"light_emission":15,"faces":{"north":{"uv":[16,4,15,5],"texture":"#all","cullface":"up"},"east":{"uv":[15,4,16,6],"rotation":90,"texture":"#all","cullface":"up"},"south":{"uv":[16,5,15,6],"rotation":180,"texture":"#all","cullface":"up"},"west":{"uv":[15,4,16,6],"rotation":270,"texture":"#all","cullface":"up"},"up":{"uv":[15,4,16,6],"texture":"#all","cullface":"up"}}},{"from":[14,16,12],"to":[15,16.49219,14],"light_emission":15,"faces":{"north":{"uv":[15,12,14,13],"texture":"#all","cullface":"up"},"east":{"uv":[14,12,15,14],"rotation":90,"texture":"#all","cullface":"up"},"west":{"uv":[14,12,15,14],"rotation":270,"texture":"#all","cullface":"up"},"up":{"uv":[14,12,15,14],"texture":"#all","cullface":"up"}}},{"from":[13,16,13],"to":[15,16.49219,14],"light_emission":15,"faces":{"north":{"uv":[15,13,13,14],"texture":"#all","cullface":"up"},"south":{"uv":[15,13,13,14],"rotation":180,"texture":"#all","cullface":"up"},"west":{"uv":[13,13,14,14],"rotation":270,"texture":"#all","cullface":"up"},"up":{"uv":[13,13,15,14],"texture":"#all","cullface":"up"}}},{"from":[10,16,3],"to":[12,16.49219,4],"light_emission":15,"faces":{"north":{"uv":[12,3,10,4],"texture":"#all","cullface":"up"},"east":{"uv":[11,3,12,4],"rotation":90,"texture":"#all","cullface":"up"},"south":{"uv":[12,3,10,4],"rotation":180,"texture":"#all","cullface":"up"},"west":{"uv":[10,3,11,4],"rotation":270,"texture":"#all","cullface":"up"},"up":{"uv":[10,3,12,4],"texture":"#all","cullface":"up"}}},{"from":[9,16,2],"to":[11,16.49219,3],"light_emission":15,"faces":{"north":{"uv":[11,2,9,3],"texture":"#all","cullface":"up"},"east":{"uv":[10,2,11,3],"rotation":90,"texture":"#all","cullface":"up"},"south":{"uv":[11,2,9,3],"rotation":180,"texture":"#all","cullface":"up"},"west":{"uv":[9,2,10,3],"rotation":270,"texture":"#all","cullface":"up"},"up":{"uv":[9,2,11,3],"texture":"#all","cullface":"up"}}},{"from":[1,16,2],"to":[2,16.49219,3],"light_emission":15,"faces":{"north":{"uv":[2,2,1,3],"texture":"#all","cullface":"up"},"east":{"uv":[1,2,2,3],"rotation":90,"texture":"#all","cullface":"up"},"south":{"uv":[2,2,1,3],"rotation":180,"texture":"#all","cullface":"up"},"west":{"uv":[1,2,2,3],"rotation":270,"texture":"#all","cullface":"up"},"up":{"uv":[1,2,2,3],"texture":"#all","cullface":"up"}}},{"from":[0.00781,16,3],"to":[1,16.49219,4],"light_emission":15,"faces":{"north":{"uv":[1,3,0,4],"texture":"#all","cullface":"up"},"east":{"uv":[0,3,1,4],"rotation":90,"texture":"#all","cullface":"up"},"south":{"uv":[1,3,0,4],"rotation":180,"texture":"#all","cullface":"up"},"west":{"uv":[0,3,1,4],"rotation":270,"texture":"#all","cullface":"up"},"up":{"uv":[0,3,1,4],"texture":"#all","cullface":"up"}}},{"from":[2,16,1],"to":[5,16.49219,2],"light_emission":15,"faces":{"north":{"uv":[5,1,2,2],"texture":"#all","cullface":"up"},"east":{"uv":[4,1,5,2],"rotation":90,"texture":"#all","cullface":"up"},"south":{"uv":[5,1,2,2],"rotation":180,"texture":"#all","cullface":"up"},"west":{"uv":[2,1,3,2],"rotation":270,"texture":"#all","cullface":"up"},"up":{"uv":[2,1,5,2],"texture":"#all","cullface":"up"}}},{"from":[13,16,0.00781],"to":[15,16.49219,1],"light_emission":15,"faces":{"north":{"uv":[15,0,13,1],"texture":"#all","cullface":"up"},"south":{"uv":[15,0,13,1],"rotation":180,"texture":"#all","cullface":"up"},"west":{"uv":[13,0,14,1],"rotation":270,"texture":"#all","cullface":"up"},"up":{"uv":[13,0,15,1],"texture":"#all","cullface":"up"}}},{"from":[10,16,8],"to":[13,16.49219,9],"light_emission":15,"faces":{"north":{"uv":[13,8,10,9],"texture":"#all","cullface":"up"},"east":{"uv":[12,8,13,9],"rotation":90,"texture":"#all","cullface":"up"},"south":{"uv":[13,8,10,9],"rotation":180,"texture":"#all","cullface":"up"},"west":{"uv":[10,8,11,9],"rotation":270,"texture":"#all","cullface":"up"},"up":{"uv":[10,8,13,9],"texture":"#all","cullface":"up"}}},{"from":[4,16,10],"to":[6,16.49219,11],"light_emission":15,"faces":{"north":{"uv":[6,10,4,11],"texture":"#all","cullface":"up"},"east":{"uv":[5,10,6,11],"rotation":90,"texture":"#all","cullface":"up"},"south":{"uv":[6,10,4,11],"rotation":180,"texture":"#all","cullface":"up"},"west":{"uv":[4,10,5,11],"rotation":270,"texture":"#all","cullface":"up"},"up":{"uv":[4,10,6,11],"texture":"#all","cullface":"up"}}},{"from":[5,16,7],"to":[7,16.49219,8],"light_emission":15,"faces":{"north":{"uv":[7,7,5,8],"texture":"#all","cullface":"up"},"east":{"uv":[6,7,7,8],"rotation":90,"texture":"#all","cullface":"up"},"south":{"uv":[7,7,5,8],"rotation":180,"texture":"#all","cullface":"up"},"west":{"uv":[5,7,6,8],"rotation":270,"texture":"#all","cullface":"up"},"up":{"uv":[5,7,7,8],"texture":"#all","cullface":"up"}}},{"from":[12,16,4],"to":[13,16.49219,7],"light_emission":15,"faces":{"north":{"uv":[13,4,12,5],"texture":"#all","cullface":"up"},"east":{"uv":[12,4,13,7],"rotation":90,"texture":"#all","cullface":"up"},"south":{"uv":[13,6,12,7],"rotation":180,"texture":"#all","cullface":"up"},"west":{"uv":[12,4,13,7],"rotation":270,"texture":"#all","cullface":"up"},"up":{"uv":[12,4,13,7],"texture":"#all","cullface":"up"}}},{"from":[15,16,9],"to":[15.99219,16.49219,12],"light_emission":15,"faces":{"north":{"uv":[16,9,15,10],"texture":"#all","cullface":"up"},"east":{"uv":[15,9,16,12],"rotation":90,"texture":"#all","cullface":"up"},"south":{"uv":[16,11,15,12],"rotation":180,"texture":"#all","cullface":"up"},"west":{"uv":[15,9,16,12],"rotation":270,"texture":"#all","cullface":"up"},"up":{"uv":[15,9,16,12],"texture":"#all","cullface":"up"}}},{"from":[12,-0.49219,0.00781],"to":[13,0,1],"light_emission":15,"faces":{"north":{"uv":[13,15,12,16],"texture":"#all","cullface":"down"},"east":{"uv":[12,15,13,16],"rotation":270,"texture":"#all","cullface":"down"},"south":{"uv":[13,15,12,16],"rotation":180,"texture":"#all","cullface":"down"},"west":{"uv":[12,15,13,16],"rotation":90,"texture":"#all","cullface":"down"},"down":{"uv":[12,15,13,16],"texture":"#all","cullface":"down"}}},{"from":[9,-0.49219,6],"to":[10,0,7],"light_emission":15,"faces":{"north":{"uv":[10,9,9,10],"texture":"#all","cullface":"down"},"east":{"uv":[9,9,10,10],"rotation":270,"texture":"#all","cullface":"down"},"south":{"uv":[10,9,9,10],"rotation":180,"texture":"#all","cullface":"down"},"west":{"uv":[9,9,10,10],"rotation":90,"texture":"#all","cullface":"down"},"down":{"uv":[9,9,10,10],"texture":"#all","cullface":"down"}}},{"from":[7,-0.49219,9],"to":[8,0,10],"light_emission":15,"faces":{"north":{"uv":[8,6,7,7],"texture":"#all","cullface":"down"},"east":{"uv":[7,6,8,7],"rotation":270,"texture":"#all","cullface":"down"},"south":{"uv":[8,6,7,7],"rotation":180,"texture":"#all","cullface":"down"},"west":{"uv":[7,6,8,7],"rotation":90,"texture":"#all","cullface":"down"},"down":{"uv":[7,6,8,7],"texture":"#all","cullface":"down"}}},{"from":[7,-0.49219,1],"to":[8,0,3],"light_emission":15,"faces":{"north":{"uv":[8,14,7,15],"texture":"#all","cullface":"down"},"east":{"uv":[7,13,8,15],"rotation":270,"texture":"#all","cullface":"down"},"south":{"uv":[8,13,7,14],"rotation":180,"texture":"#all","cullface":"down"},"west":{"uv":[7,13,8,15],"rotation":90,"texture":"#all","cullface":"down"},"down":{"uv":[7,13,8,15],"texture":"#all","cullface":"down"}}},{"from":[6,-0.49219,3],"to":[7,0,5],"light_emission":15,"faces":{"north":{"uv":[7,12,6,13],"texture":"#all","cullface":"down"},"east":{"uv":[6,11,7,13],"rotation":270,"texture":"#all","cullface":"down"},"south":{"uv":[7,11,6,12],"rotation":180,"texture":"#all","cullface":"down"},"west":{"uv":[6,11,7,13],"rotation":90,"texture":"#all","cullface":"down"},"down":{"uv":[6,11,7,13],"texture":"#all","cullface":"down"}}},{"from":[14,-0.49219,14],"to":[15,0,15.99219],"light_emission":15,"faces":{"north":{"uv":[15,1,14,2],"texture":"#all","cullface":"down"},"east":{"uv":[14,0,15,2],"rotation":270,"texture":"#all","cullface":"down"},"west":{"uv":[14,0,15,2],"rotation":90,"texture":"#all","cullface":"down"},"down":{"uv":[14,0,15,2],"texture":"#all","cullface":"down"}}},{"from":[15,-0.49219,10],"to":[15.99219,0,12],"light_emission":15,"faces":{"north":{"uv":[16,5,15,6],"texture":"#all","cullface":"down"},"east":{"uv":[15,4,16,6],"rotation":270,"texture":"#all","cullface":"down"},"south":{"uv":[16,4,15,5],"rotation":180,"texture":"#all","cullface":"down"},"west":{"uv":[15,4,16,6],"rotation":90,"texture":"#all","cullface":"down"},"down":{"uv":[15,4,16,6],"texture":"#all","cullface":"down"}}},{"from":[14,-0.49219,2],"to":[15,0,4],"light_emission":15,"faces":{"east":{"uv":[14,12,15,14],"rotation":270,"texture":"#all","cullface":"down"},"south":{"uv":[15,12,14,13],"rotation":180,"texture":"#all","cullface":"down"},"west":{"uv":[14,12,15,14],"rotation":90,"texture":"#all","cullface":"down"},"down":{"uv":[14,12,15,14],"texture":"#all","cullface":"down"}}},{"from":[13,-0.49219,2],"to":[15,0,3],"light_emission":15,"faces":{"north":{"uv":[15,13,13,14],"texture":"#all","cullface":"down"},"south":{"uv":[15,13,13,14],"rotation":180,"texture":"#all","cullface":"down"},"west":{"uv":[13,13,14,14],"rotation":90,"texture":"#all","cullface":"down"},"down":{"uv":[13,13,15,14],"texture":"#all","cullface":"down"}}},{"from":[10,-0.49219,12],"to":[12,0,13],"light_emission":15,"faces":{"north":{"uv":[12,3,10,4],"texture":"#all","cullface":"down"},"east":{"uv":[11,3,12,4],"rotation":270,"texture":"#all","cullface":"down"},"south":{"uv":[12,3,10,4],"rotation":180,"texture":"#all","cullface":"down"},"west":{"uv":[10,3,11,4],"rotation":90,"texture":"#all","cullface":"down"},"down":{"uv":[10,3,12,4],"texture":"#all","cullface":"down"}}},{"from":[9,-0.49219,13],"to":[11,0,14],"light_emission":15,"faces":{"north":{"uv":[11,2,9,3],"texture":"#all","cullface":"down"},"east":{"uv":[10,2,11,3],"rotation":270,"texture":"#all","cullface":"down"},"south":{"uv":[11,2,9,3],"rotation":180,"texture":"#all","cullface":"down"},"west":{"uv":[9,2,10,3],"rotation":90,"texture":"#all","cullface":"down"},"down":{"uv":[9,2,11,3],"texture":"#all","cullface":"down"}}},{"from":[1,-0.49219,13],"to":[2,0,14],"light_emission":15,"faces":{"north":{"uv":[2,2,1,3],"texture":"#all","cullface":"down"},"east":{"uv":[1,2,2,3],"rotation":270,"texture":"#all","cullface":"down"},"south":{"uv":[2,2,1,3],"rotation":180,"texture":"#all","cullface":"down"},"west":{"uv":[1,2,2,3],"rotation":90,"texture":"#all","cullface":"down"},"down":{"uv":[1,2,2,3],"texture":"#all","cullface":"down"}}},{"from":[0.00781,-0.49219,12],"to":[1,0,13],"light_emission":15,"faces":{"north":{"uv":[1,3,0,4],"texture":"#all","cullface":"down"},"east":{"uv":[0,3,1,4],"rotation":270,"texture":"#all","cullface":"down"},"south":{"uv":[1,3,0,4],"rotation":180,"texture":"#all","cullface":"down"},"west":{"uv":[0,3,1,4],"rotation":90,"texture":"#all","cullface":"down"},"down":{"uv":[0,3,1,4],"texture":"#all","cullface":"down"}}},{"from":[2,-0.49219,14],"to":[5,0,15],"light_emission":15,"faces":{"north":{"uv":[5,1,2,2],"texture":"#all","cullface":"down"},"east":{"uv":[4,1,5,2],"rotation":270,"texture":"#all","cullface":"down"},"south":{"uv":[5,1,2,2],"rotation":180,"texture":"#all","cullface":"down"},"west":{"uv":[2,1,3,2],"rotation":90,"texture":"#all","cullface":"down"},"down":{"uv":[2,1,5,2],"texture":"#all","cullface":"down"}}},{"from":[13,-0.49219,15],"to":[15,0,15.99219],"light_emission":15,"faces":{"north":{"uv":[15,0,13,1],"texture":"#all","cullface":"down"},"south":{"uv":[15,0,13,1],"rotation":180,"texture":"#all","cullface":"down"},"west":{"uv":[13,0,14,1],"rotation":90,"texture":"#all","cullface":"down"},"down":{"uv":[13,0,15,1],"texture":"#all","cullface":"down"}}},{"from":[10,-0.49219,7],"to":[13,0,8],"light_emission":15,"faces":{"north":{"uv":[13,8,10,9],"texture":"#all","cullface":"down"},"east":{"uv":[12,8,13,9],"rotation":270,"texture":"#all","cullface":"down"},"south":{"uv":[13,8,10,9],"rotation":180,"texture":"#all","cullface":"down"},"west":{"uv":[10,8,11,9],"rotation":90,"texture":"#all","cullface":"down"},"down":{"uv":[10,8,13,9],"texture":"#all","cullface":"down"}}},{"from":[4,-0.49219,5],"to":[6,0,6],"light_emission":15,"faces":{"north":{"uv":[6,10,4,11],"texture":"#all","cullface":"down"},"east":{"uv":[5,10,6,11],"rotation":270,"texture":"#all","cullface":"down"},"south":{"uv":[6,10,4,11],"rotation":180,"texture":"#all","cullface":"down"},"west":{"uv":[4,10,5,11],"rotation":90,"texture":"#all","cullface":"down"},"down":{"uv":[4,10,6,11],"texture":"#all","cullface":"down"}}},{"from":[5,-0.49219,8],"to":[7,0,9],"light_emission":15,"faces":{"north":{"uv":[7,7,5,8],"texture":"#all","cullface":"down"},"east":{"uv":[6,7,7,8],"rotation":270,"texture":"#all","cullface":"down"},"south":{"uv":[7,7,5,8],"rotation":180,"texture":"#all","cullface":"down"},"west":{"uv":[5,7,6,8],"rotation":90,"texture":"#all","cullface":"down"},"down":{"uv":[5,7,7,8],"texture":"#all","cullface":"down"}}},{"from":[12,-0.49219,9],"to":[13,0,12],"light_emission":15,"faces":{"north":{"uv":[13,6,12,7],"texture":"#all","cullface":"down"},"east":{"uv":[12,4,13,7],"rotation":270,"texture":"#all","cullface":"down"},"south":{"uv":[13,4,12,5],"rotation":180,"texture":"#all","cullface":"down"},"west":{"uv":[12,4,13,7],"rotation":90,"texture":"#all","cullface":"down"},"down":{"uv":[12,4,13,7],"texture":"#all","cullface":"down"}}},{"from":[15,-0.49219,4],"to":[15.99219,0,7],"light_emission":15,"faces":{"north":{"uv":[16,11,15,12],"texture":"#all","cullface":"down"},"east":{"uv":[15,9,16,12],"rotation":270,"texture":"#all","cullface":"down"},"south":{"uv":[16,9,15,10],"rotation":180,"texture":"#all","cullface":"down"},"west":{"uv":[15,9,16,12],"rotation":90,"texture":"#all","cullface":"down"},"down":{"uv":[15,9,16,12],"texture":"#all","cullface":"down"}}}],"display":{"thirdperson_righthand":{"rotation":[75,45,0],"translation":[0,2.5,0],"scale":[0.375,0.375,0.375]},"thirdperson_lefthand":{"rotation":[75,45,0],"translation":[0,2.5,0],"scale":[0.375,0.375,0.375]},"firstperson_righthand":{"rotation":[0,45,0],"scale":[0.4,0.4,0.4]},"firstperson_lefthand":{"rotation":[0,225,0],"scale":[0.4,0.4,0.4]},"ground":{"translation":[0,3,0],"scale":[0.25,0.25,0.25]},"gui":{"rotation":[30,225,0],"scale":[0.625,0.625,0.625]},"fixed":{"scale":[0.5,0.5,0.5]}}}