{"credit":"Created by Marceus","format_version":"1.21.6","parent":"block/cube_all","textures":{"0":"block/gold_ore1","particle":"block/gold_ore1"},"elements":[{"from":[0,0,0],"to":[16,16,16],"faces":{"north":{"uv":[0,0,16,16],"texture":"#0","cullface":"north"},"east":{"uv":[0,0,16,16],"texture":"#0","cullface":"east"},"south":{"uv":[0,0,16,16],"texture":"#0","cullface":"south"},"west":{"uv":[0,0,16,16],"texture":"#0","cullface":"west"},"up":{"uv":[0,0,16,16],"texture":"#0","cullface":"up"},"down":{"uv":[0,0,16,16],"texture":"#0","cullface":"down"}}},{"from":[10,11,-0.7],"to":[13,13,0],"light_emission":15,"faces":{"north":{"uv":[3,3,6,5],"texture":"#0","cullface":"north"},"east":{"uv":[3,3,3.7,5],"texture":"#0","cullface":"north"},"west":{"uv":[5,3,5.7,5],"texture":"#0","cullface":"north"},"up":{"uv":[3,3,6,3.7],"rotation":180,"texture":"#0","cullface":"north"},"down":{"uv":[3,4,6,4.7],"rotation":180,"texture":"#0","cullface":"north"}}},{"from":[-0.5,3,9],"to":[0,4,11],"light_emission":15,"faces":{"south":{"uv":[10,12,10.7,13],"texture":"#0","cullface":"west"},"west":{"uv":[9,12,11,13],"texture":"#0","cullface":"west"},"up":{"uv":[9,12,11,12.7],"rotation":90,"texture":"#0","cullface":"west"},"down":{"uv":[9,12,11,12.7],"rotation":270,"texture":"#0","cullface":"west"}}},{"from":[-0.5,5,4],"to":[0,6,5],"light_emission":15,"faces":{"north":{"uv":[4,10,4.5,11],"texture":"#0","cullface":"west"},"west":{"uv":[4,10,5,11],"texture":"#0","cullface":"west"},"up":{"uv":[4,10,5,10.5],"rotation":270,"texture":"#0","cullface":"west"},"down":{"uv":[4,10,5,10.5],"rotation":90,"texture":"#0","cullface":"west"}}},{"from":[-0.5,13,4],"to":[0,14,5],"light_emission":15,"faces":{"north":{"uv":[4,2,4.5,3],"texture":"#0","cullface":"west"},"south":{"uv":[4,2,4.5,3],"texture":"#0","cullface":"west"},"west":{"uv":[4,2,5,3],"texture":"#0","cullface":"west"},"up":{"uv":[4,2,5,2.5],"rotation":270,"texture":"#0","cullface":"west"}}},{"from":[-0.5,12,2],"to":[0,13,3],"light_emission":15,"faces":{"north":{"uv":[2,3,2.5,4],"texture":"#0","cullface":"west"},"west":{"uv":[2,3,3,4],"texture":"#0","cullface":"west"},"up":{"uv":[2,3,3,3.5],"rotation":270,"texture":"#0","cullface":"west"},"down":{"uv":[2,3,3,3.5],"rotation":90,"texture":"#0","cullface":"west"}}},{"from":[-0.5,8,7],"to":[0,9,8],"light_emission":15,"faces":{"north":{"uv":[7,7,7.5,8],"texture":"#0","cullface":"west"},"west":{"uv":[7,7,8,8],"texture":"#0","cullface":"west"},"up":{"uv":[7,7,8,7.5],"rotation":270,"texture":"#0","cullface":"west"},"down":{"uv":[7,7,8,7.5],"rotation":90,"texture":"#0","cullface":"west"}}},{"from":[-0.5,6,10],"to":[0,7,11],"light_emission":15,"faces":{"north":{"uv":[10,9,10.5,10],"texture":"#0","cullface":"west"},"south":{"uv":[10,9,10.5,10],"texture":"#0","cullface":"west"},"west":{"uv":[10,9,11,10],"texture":"#0","cullface":"west"},"down":{"uv":[10,9,11,9.5],"rotation":90,"texture":"#0","cullface":"west"}}},{"from":[-0.7,7,11],"to":[0,8,13],"light_emission":15,"faces":{"south":{"uv":[12,8,12.7,9],"texture":"#0","cullface":"west"},"west":{"uv":[11,8,13,9],"texture":"#0","cullface":"west"},"up":{"uv":[11,8,13,8.7],"rotation":90,"texture":"#0","cullface":"west"},"down":{"uv":[11,8,13,8.7],"rotation":270,"texture":"#0","cullface":"west"}}},{"from":[-0.7,4,5],"to":[0,6,6],"light_emission":15,"faces":{"north":{"uv":[5,10,5.7,12],"texture":"#0","cullface":"west"},"south":{"uv":[5,10,5.7,12],"texture":"#0","cullface":"west"},"west":{"uv":[5,10,6,12],"texture":"#0","cullface":"west"},"up":{"uv":[5,10,6,10.7],"rotation":90,"texture":"#0","cullface":"west"},"down":{"uv":[5,11,6,11.7],"rotation":270,"texture":"#0","cullface":"west"}}},{"from":[-0.7,3,6],"to":[0,5,9],"light_emission":15,"faces":{"north":{"uv":[6,11,6.7,13],"texture":"#0","cullface":"west"},"south":{"uv":[8,11,8.7,13],"texture":"#0","cullface":"west"},"west":{"uv":[6,11,9,13],"texture":"#0","cullface":"west"},"up":{"uv":[6,11,9,11.7],"rotation":90,"texture":"#0","cullface":"west"},"down":{"uv":[6,12,9,12.7],"rotation":270,"texture":"#0","cullface":"west"}}},{"from":[-0.7,7,8],"to":[0,9,11],"light_emission":15,"faces":{"north":{"uv":[8,7,8.7,9],"texture":"#0","cullface":"west"},"south":{"uv":[10,7,10.7,9],"texture":"#0","cullface":"west"},"west":{"uv":[8,7,11,9],"texture":"#0","cullface":"west"},"up":{"uv":[8,7,11,7.7],"rotation":90,"texture":"#0","cullface":"west"},"down":{"uv":[8,8,11,8.7],"rotation":270,"texture":"#0","cullface":"west"}}},{"from":[-0.7,12,6],"to":[0,13,9],"light_emission":15,"faces":{"south":{"uv":[8,3,8.7,4],"texture":"#0","cullface":"west"},"west":{"uv":[6,3,9,4],"texture":"#0","cullface":"west"},"up":{"uv":[6,3,9,3.7],"rotation":90,"texture":"#0","cullface":"west"},"down":{"uv":[6,3,9,3.7],"rotation":270,"texture":"#0","cullface":"west"}}},{"from":[-0.7,11,3],"to":[0,13,6],"light_emission":15,"faces":{"north":{"uv":[3,3,3.7,5],"texture":"#0","cullface":"west"},"south":{"uv":[5,3,5.7,5],"texture":"#0","cullface":"west"},"west":{"uv":[3,3,6,5],"texture":"#0","cullface":"west"},"up":{"uv":[3,3,6,3.7],"rotation":90,"texture":"#0","cullface":"west"},"down":{"uv":[3,4,6,4.7],"rotation":270,"texture":"#0","cullface":"west"}}},{"from":[9,3,16],"to":[11,4,16.5],"light_emission":15,"faces":{"east":{"uv":[10,12,10.7,13],"texture":"#0","cullface":"south"},"south":{"uv":[9,12,11,13],"texture":"#0","cullface":"south"},"up":{"uv":[9,12,11,12.7],"texture":"#0","cullface":"south"},"down":{"uv":[9,12,11,12.7],"texture":"#0","cullface":"south"}}},{"from":[4,5,16],"to":[5,6,16.5],"light_emission":15,"faces":{"south":{"uv":[4,10,5,11],"texture":"#0","cullface":"south"},"west":{"uv":[4,10,4.5,11],"texture":"#0","cullface":"south"},"up":{"uv":[4,10,5,10.5],"rotation":180,"texture":"#0","cullface":"south"},"down":{"uv":[4,10,5,10.5],"rotation":180,"texture":"#0","cullface":"south"}}},{"from":[4,13,16],"to":[5,14,16.5],"light_emission":15,"faces":{"east":{"uv":[4,2,4.5,3],"texture":"#0","cullface":"south"},"south":{"uv":[4,2,5,3],"texture":"#0","cullface":"south"},"west":{"uv":[4,2,4.5,3],"texture":"#0","cullface":"south"},"up":{"uv":[4,2,5,2.5],"rotation":180,"texture":"#0","cullface":"south"}}},{"from":[2,12,16],"to":[3,13,16.5],"light_emission":15,"faces":{"south":{"uv":[2,3,3,4],"texture":"#0","cullface":"south"},"west":{"uv":[2,3,2.5,4],"texture":"#0","cullface":"south"},"up":{"uv":[2,3,3,3.5],"rotation":180,"texture":"#0","cullface":"south"},"down":{"uv":[2,3,3,3.5],"rotation":180,"texture":"#0","cullface":"south"}}},{"from":[7,8,16],"to":[8,9,16.5],"light_emission":15,"faces":{"south":{"uv":[7,7,8,8],"texture":"#0","cullface":"south"},"west":{"uv":[7,7,7.5,8],"texture":"#0","cullface":"south"},"up":{"uv":[7,7,8,7.5],"rotation":180,"texture":"#0","cullface":"south"},"down":{"uv":[7,7,8,7.5],"rotation":180,"texture":"#0","cullface":"south"}}},{"from":[10,6,16],"to":[11,7,16.5],"light_emission":15,"faces":{"east":{"uv":[10,9,10.5,10],"texture":"#0","cullface":"south"},"south":{"uv":[10,9,11,10],"texture":"#0","cullface":"south"},"west":{"uv":[10,9,10.5,10],"texture":"#0","cullface":"south"},"down":{"uv":[10,9,11,9.5],"rotation":180,"texture":"#0","cullface":"south"}}},{"from":[11,7,16],"to":[13,8,16.7],"light_emission":15,"faces":{"east":{"uv":[12,8,12.7,9],"texture":"#0","cullface":"south"},"south":{"uv":[11,8,13,9],"texture":"#0","cullface":"south"},"up":{"uv":[11,8,13,8.7],"texture":"#0","cullface":"south"},"down":{"uv":[11,8,13,8.7],"texture":"#0","cullface":"south"}}},{"from":[5,4,16],"to":[6,6,16.7],"light_emission":15,"faces":{"east":{"uv":[5,10,5.7,12],"texture":"#0","cullface":"south"},"south":{"uv":[5,10,6,12],"texture":"#0","cullface":"south"},"west":{"uv":[5,10,5.7,12],"texture":"#0","cullface":"south"},"up":{"uv":[5,10,6,10.7],"texture":"#0","cullface":"south"},"down":{"uv":[5,11,6,11.7],"texture":"#0","cullface":"south"}}},{"from":[6,3,16],"to":[9,5,16.7],"light_emission":15,"faces":{"east":{"uv":[8,11,8.7,13],"texture":"#0","cullface":"south"},"south":{"uv":[6,11,9,13],"texture":"#0","cullface":"south"},"west":{"uv":[6,11,6.7,13],"texture":"#0","cullface":"south"},"up":{"uv":[6,11,9,11.7],"texture":"#0","cullface":"south"},"down":{"uv":[6,12,9,12.7],"texture":"#0","cullface":"south"}}},{"from":[8,7,16],"to":[11,9,16.7],"light_emission":15,"faces":{"east":{"uv":[10,7,10.7,9],"texture":"#0","cullface":"south"},"south":{"uv":[8,7,11,9],"texture":"#0","cullface":"south"},"west":{"uv":[8,7,8.7,9],"texture":"#0","cullface":"south"},"up":{"uv":[8,7,11,7.7],"texture":"#0","cullface":"south"},"down":{"uv":[8,8,11,8.7],"texture":"#0","cullface":"south"}}},{"from":[6,12,16],"to":[9,13,16.7],"light_emission":15,"faces":{"east":{"uv":[8,3,8.7,4],"texture":"#0","cullface":"south"},"south":{"uv":[6,3,9,4],"texture":"#0","cullface":"south"},"up":{"uv":[6,3,9,3.7],"texture":"#0","cullface":"south"},"down":{"uv":[6,3,9,3.7],"texture":"#0","cullface":"south"}}},{"from":[3,11,16],"to":[6,13,16.7],"light_emission":15,"faces":{"east":{"uv":[5,3,5.7,5],"texture":"#0","cullface":"south"},"south":{"uv":[3,3,6,5],"texture":"#0","cullface":"south"},"west":{"uv":[3,3,3.7,5],"texture":"#0","cullface":"south"},"up":{"uv":[3,3,6,3.7],"texture":"#0","cullface":"south"},"down":{"uv":[3,4,6,4.7],"texture":"#0","cullface":"south"}}},{"from":[16,3,5],"to":[16.5,4,7],"light_emission":15,"faces":{"north":{"uv":[10,12,10.7,13],"texture":"#0","cullface":"east"},"east":{"uv":[9,12,11,13],"texture":"#0","cullface":"east"},"up":{"uv":[9,12,11,12.7],"rotation":270,"texture":"#0","cullface":"east"},"down":{"uv":[9,12,11,12.7],"rotation":90,"texture":"#0","cullface":"east"}}},{"from":[16,5,11],"to":[16.5,6,12],"light_emission":15,"faces":{"east":{"uv":[4,10,5,11],"texture":"#0","cullface":"east"},"south":{"uv":[4,10,4.5,11],"texture":"#0","cullface":"east"},"up":{"uv":[4,10,5,10.5],"rotation":90,"texture":"#0","cullface":"east"},"down":{"uv":[4,10,5,10.5],"rotation":270,"texture":"#0","cullface":"east"}}},{"from":[16,13,11],"to":[16.5,14,12],"light_emission":15,"faces":{"north":{"uv":[4,2,4.5,3],"texture":"#0","cullface":"east"},"east":{"uv":[4,2,5,3],"texture":"#0","cullface":"east"},"south":{"uv":[4,2,4.5,3],"texture":"#0","cullface":"east"},"up":{"uv":[4,2,5,2.5],"rotation":90,"texture":"#0","cullface":"east"}}},{"from":[16,12,13],"to":[16.5,13,14],"light_emission":15,"faces":{"east":{"uv":[2,3,3,4],"texture":"#0","cullface":"east"},"south":{"uv":[2,3,2.5,4],"texture":"#0","cullface":"east"},"up":{"uv":[2,3,3,3.5],"rotation":90,"texture":"#0","cullface":"east"},"down":{"uv":[2,3,3,3.5],"rotation":270,"texture":"#0","cullface":"east"}}},{"from":[16,8,8],"to":[16.5,9,9],"light_emission":15,"faces":{"east":{"uv":[7,7,8,8],"texture":"#0","cullface":"east"},"south":{"uv":[7,7,7.5,8],"texture":"#0","cullface":"east"},"up":{"uv":[7,7,8,7.5],"rotation":90,"texture":"#0","cullface":"east"},"down":{"uv":[7,7,8,7.5],"rotation":270,"texture":"#0","cullface":"east"}}},{"from":[16,6,5],"to":[16.5,7,6],"light_emission":15,"faces":{"north":{"uv":[10,9,10.5,10],"texture":"#0","cullface":"east"},"east":{"uv":[10,9,11,10],"texture":"#0","cullface":"east"},"south":{"uv":[10,9,10.5,10],"texture":"#0","cullface":"east"},"down":{"uv":[10,9,11,9.5],"rotation":270,"texture":"#0","cullface":"east"}}},{"from":[16,7,3],"to":[16.7,8,5],"light_emission":15,"faces":{"north":{"uv":[12,8,12.7,9],"texture":"#0","cullface":"east"},"east":{"uv":[11,8,13,9],"texture":"#0","cullface":"east"},"up":{"uv":[11,8,13,8.7],"rotation":270,"texture":"#0","cullface":"east"},"down":{"uv":[11,8,13,8.7],"rotation":90,"texture":"#0","cullface":"east"}}},{"from":[16,4,10],"to":[16.7,6,11],"light_emission":15,"faces":{"north":{"uv":[5,10,5.7,12],"texture":"#0","cullface":"east"},"east":{"uv":[5,10,6,12],"texture":"#0","cullface":"east"},"south":{"uv":[5,10,5.7,12],"texture":"#0","cullface":"east"},"up":{"uv":[5,10,6,10.7],"rotation":270,"texture":"#0","cullface":"east"},"down":{"uv":[5,11,6,11.7],"rotation":90,"texture":"#0","cullface":"east"}}},{"from":[16,3,7],"to":[16.7,5,10],"light_emission":15,"faces":{"north":{"uv":[8,11,8.7,13],"texture":"#0","cullface":"east"},"east":{"uv":[6,11,9,13],"texture":"#0","cullface":"east"},"south":{"uv":[6,11,6.7,13],"texture":"#0","cullface":"east"},"up":{"uv":[6,11,9,11.7],"rotation":270,"texture":"#0","cullface":"east"},"down":{"uv":[6,12,9,12.7],"rotation":90,"texture":"#0","cullface":"east"}}},{"from":[16,7,5],"to":[16.7,9,8],"light_emission":15,"faces":{"north":{"uv":[10,7,10.7,9],"texture":"#0","cullface":"east"},"east":{"uv":[8,7,11,9],"texture":"#0","cullface":"east"},"south":{"uv":[8,7,8.7,9],"texture":"#0","cullface":"east"},"up":{"uv":[8,7,11,7.7],"rotation":270,"texture":"#0","cullface":"east"},"down":{"uv":[8,8,11,8.7],"rotation":90,"texture":"#0","cullface":"east"}}},{"from":[16,12,7],"to":[16.7,13,10],"light_emission":15,"faces":{"north":{"uv":[8,3,8.7,4],"texture":"#0","cullface":"east"},"east":{"uv":[6,3,9,4],"texture":"#0","cullface":"east"},"up":{"uv":[6,3,9,3.7],"rotation":270,"texture":"#0","cullface":"east"},"down":{"uv":[6,3,9,3.7],"rotation":90,"texture":"#0","cullface":"east"}}},{"from":[16,11,10],"to":[16.7,13,13],"light_emission":15,"faces":{"north":{"uv":[5,3,5.7,5],"texture":"#0","cullface":"east"},"east":{"uv":[3,3,6,5],"texture":"#0","cullface":"east"},"south":{"uv":[3,3,3.7,5],"texture":"#0","cullface":"east"},"up":{"uv":[3,3,6,3.7],"rotation":270,"texture":"#0","cullface":"east"},"down":{"uv":[3,4,6,4.7],"rotation":90,"texture":"#0","cullface":"east"}}},{"from":[9,16,12],"to":[11,16.5,13],"light_emission":15,"faces":{"north":{"uv":[9,12,11,12.7],"rotation":180,"texture":"#0","cullface":"up"},"east":{"uv":[10,12,10.7,13],"rotation":90,"texture":"#0","cullface":"up"},"south":{"uv":[9,12,11,12.7],"texture":"#0","cullface":"up"},"up":{"uv":[9,12,11,13],"texture":"#0","cullface":"up"}}},{"from":[4,16,10],"to":[5,16.5,11],"light_emission":15,"faces":{"north":{"uv":[4,10,5,10.5],"texture":"#0","cullface":"up"},"south":{"uv":[4,10,5,10.5],"rotation":180,"texture":"#0","cullface":"up"},"west":{"uv":[4,10,4.5,11],"rotation":270,"texture":"#0","cullface":"up"},"up":{"uv":[4,10,5,11],"texture":"#0","cullface":"up"}}},{"from":[4,16,2],"to":[5,16.5,3],"light_emission":15,"faces":{"north":{"uv":[4,2,5,2.5],"texture":"#0","cullface":"up"},"east":{"uv":[4,2,4.5,3],"rotation":90,"texture":"#0","cullface":"up"},"west":{"uv":[4,2,4.5,3],"rotation":270,"texture":"#0","cullface":"up"},"up":{"uv":[4,2,5,3],"texture":"#0","cullface":"up"}}},{"from":[2,16,3],"to":[3,16.5,4],"light_emission":15,"faces":{"north":{"uv":[2,3,3,3.5],"texture":"#0","cullface":"up"},"south":{"uv":[2,3,3,3.5],"rotation":180,"texture":"#0","cullface":"up"},"west":{"uv":[2,3,2.5,4],"rotation":270,"texture":"#0","cullface":"up"},"up":{"uv":[2,3,3,4],"texture":"#0","cullface":"up"}}},{"from":[7,16,7],"to":[8,16.5,8],"light_emission":15,"faces":{"north":{"uv":[7,7,8,7.5],"texture":"#0","cullface":"up"},"south":{"uv":[7,7,8,7.5],"rotation":180,"texture":"#0","cullface":"up"},"west":{"uv":[7,7,7.5,8],"rotation":270,"texture":"#0","cullface":"up"},"up":{"uv":[7,7,8,8],"texture":"#0","cullface":"up"}}},{"from":[10,16,9],"to":[11,16.5,10],"light_emission":15,"faces":{"east":{"uv":[10,9,10.5,10],"rotation":90,"texture":"#0","cullface":"up"},"south":{"uv":[10,9,11,9.5],"rotation":180,"texture":"#0","cullface":"up"},"west":{"uv":[10,9,10.5,10],"rotation":270,"texture":"#0","cullface":"up"},"up":{"uv":[10,9,11,10],"texture":"#0","cullface":"up"}}},{"from":[11,16,8],"to":[13,16.7,9],"light_emission":15,"faces":{"north":{"uv":[11,8,13,8.7],"rotation":180,"texture":"#0","cullface":"up"},"east":{"uv":[12,8,12.7,9],"rotation":90,"texture":"#0","cullface":"up"},"south":{"uv":[11,8,13,8.7],"texture":"#0","cullface":"up"},"up":{"uv":[11,8,13,9],"texture":"#0","cullface":"up"}}},{"from":[5,16,10],"to":[6,16.7,12],"light_emission":15,"faces":{"north":{"uv":[5,10,6,10.7],"rotation":180,"texture":"#0","cullface":"up"},"east":{"uv":[5,10,5.7,12],"rotation":90,"texture":"#0","cullface":"up"},"south":{"uv":[5,11,6,11.7],"texture":"#0","cullface":"up"},"west":{"uv":[5,10,5.7,12],"rotation":270,"texture":"#0","cullface":"up"},"up":{"uv":[5,10,6,12],"texture":"#0","cullface":"up"}}},{"from":[6,16,11],"to":[9,16.7,13],"light_emission":15,"faces":{"north":{"uv":[6,11,9,11.7],"rotation":180,"texture":"#0","cullface":"up"},"east":{"uv":[8,11,8.7,13],"rotation":90,"texture":"#0","cullface":"up"},"south":{"uv":[6,12,9,12.7],"texture":"#0","cullface":"up"},"west":{"uv":[6,11,6.7,13],"rotation":270,"texture":"#0","cullface":"up"},"up":{"uv":[6,11,9,13],"texture":"#0","cullface":"up"}}},{"from":[8,16,7],"to":[11,16.7,9],"light_emission":15,"faces":{"north":{"uv":[8,7,11,7.7],"rotation":180,"texture":"#0","cullface":"up"},"east":{"uv":[10,7,10.7,9],"rotation":90,"texture":"#0","cullface":"up"},"south":{"uv":[8,8,11,8.7],"texture":"#0","cullface":"up"},"west":{"uv":[8,7,8.7,9],"rotation":270,"texture":"#0","cullface":"up"},"up":{"uv":[8,7,11,9],"texture":"#0","cullface":"up"}}},{"from":[6,16,3],"to":[9,16.7,4],"light_emission":15,"faces":{"north":{"uv":[6,3,9,3.7],"rotation":180,"texture":"#0","cullface":"up"},"east":{"uv":[8,3,8.7,4],"rotation":90,"texture":"#0","cullface":"up"},"south":{"uv":[6,3,9,3.7],"texture":"#0","cullface":"up"},"up":{"uv":[6,3,9,4],"texture":"#0","cullface":"up"}}},{"from":[3,16,3],"to":[6,16.7,5],"light_emission":15,"faces":{"north":{"uv":[3,3,6,3.7],"rotation":180,"texture":"#0","cullface":"up"},"east":{"uv":[5,3,5.7,5],"rotation":90,"texture":"#0","cullface":"up"},"south":{"uv":[3,4,6,4.7],"texture":"#0","cullface":"up"},"west":{"uv":[3,3,3.7,5],"rotation":270,"texture":"#0","cullface":"up"},"up":{"uv":[3,3,6,5],"texture":"#0","cullface":"up"}}},{"from":[9,-0.5,3],"to":[11,0,4],"light_emission":15,"faces":{"north":{"uv":[9,12,11,12.7],"rotation":180,"texture":"#0","cullface":"down"},"east":{"uv":[10,12,10.7,13],"rotation":270,"texture":"#0","cullface":"down"},"south":{"uv":[9,12,11,12.7],"texture":"#0","cullface":"down"},"down":{"uv":[9,12,11,13],"texture":"#0","cullface":"down"}}},{"from":[4,-0.5,5],"to":[5,0,6],"light_emission":15,"faces":{"north":{"uv":[4,10,5,10.5],"texture":"#0","cullface":"down"},"south":{"uv":[4,10,5,10.5],"rotation":180,"texture":"#0","cullface":"down"},"west":{"uv":[4,10,4.5,11],"rotation":90,"texture":"#0","cullface":"down"},"down":{"uv":[4,10,5,11],"texture":"#0","cullface":"down"}}},{"from":[4,-0.5,13],"to":[5,0,14],"light_emission":15,"faces":{"east":{"uv":[4,2,4.5,3],"rotation":270,"texture":"#0","cullface":"down"},"south":{"uv":[4,2,5,2.5],"rotation":180,"texture":"#0","cullface":"down"},"west":{"uv":[4,2,4.5,3],"rotation":90,"texture":"#0","cullface":"down"},"down":{"uv":[4,2,5,3],"texture":"#0","cullface":"down"}}},{"from":[2,-0.5,12],"to":[3,0,13],"light_emission":15,"faces":{"north":{"uv":[2,3,3,3.5],"texture":"#0","cullface":"down"},"south":{"uv":[2,3,3,3.5],"rotation":180,"texture":"#0","cullface":"down"},"west":{"uv":[2,3,2.5,4],"rotation":90,"texture":"#0","cullface":"down"},"down":{"uv":[2,3,3,4],"texture":"#0","cullface":"down"}}},{"from":[7,-0.5,8],"to":[8,0,9],"light_emission":15,"faces":{"north":{"uv":[7,7,8,7.5],"texture":"#0","cullface":"down"},"south":{"uv":[7,7,8,7.5],"rotation":180,"texture":"#0","cullface":"down"},"west":{"uv":[7,7,7.5,8],"rotation":90,"texture":"#0","cullface":"down"},"down":{"uv":[7,7,8,8],"texture":"#0","cullface":"down"}}},{"from":[10,-0.5,6],"to":[11,0,7],"light_emission":15,"faces":{"north":{"uv":[10,9,11,9.5],"texture":"#0","cullface":"down"},"east":{"uv":[10,9,10.5,10],"rotation":270,"texture":"#0","cullface":"down"},"west":{"uv":[10,9,10.5,10],"rotation":90,"texture":"#0","cullface":"down"},"down":{"uv":[10,9,11,10],"texture":"#0","cullface":"down"}}},{"from":[11,-0.7,7],"to":[13,0,8],"light_emission":15,"faces":{"north":{"uv":[11,8,13,8.7],"rotation":180,"texture":"#0","cullface":"down"},"east":{"uv":[12,8,12.7,9],"rotation":270,"texture":"#0","cullface":"down"},"south":{"uv":[11,8,13,8.7],"texture":"#0","cullface":"down"},"down":{"uv":[11,8,13,9],"texture":"#0","cullface":"down"}}},{"from":[5,-0.7,4],"to":[6,0,6],"light_emission":15,"faces":{"north":{"uv":[5,11,6,11.7],"rotation":180,"texture":"#0","cullface":"down"},"east":{"uv":[5,10,5.7,12],"rotation":270,"texture":"#0","cullface":"down"},"south":{"uv":[5,10,6,10.7],"texture":"#0","cullface":"down"},"west":{"uv":[5,10,5.7,12],"rotation":90,"texture":"#0","cullface":"down"},"down":{"uv":[5,10,6,12],"texture":"#0","cullface":"down"}}},{"from":[6,-0.7,3],"to":[9,0,5],"light_emission":15,"faces":{"north":{"uv":[6,12,9,12.7],"rotation":180,"texture":"#0","cullface":"down"},"east":{"uv":[8,11,8.7,13],"rotation":270,"texture":"#0","cullface":"down"},"south":{"uv":[6,11,9,11.7],"texture":"#0","cullface":"down"},"west":{"uv":[6,11,6.7,13],"rotation":90,"texture":"#0","cullface":"down"},"down":{"uv":[6,11,9,13],"texture":"#0","cullface":"down"}}},{"from":[8,-0.7,7],"to":[11,0,9],"light_emission":15,"faces":{"north":{"uv":[8,8,11,8.7],"rotation":180,"texture":"#0","cullface":"down"},"east":{"uv":[10,7,10.7,9],"rotation":270,"texture":"#0","cullface":"down"},"south":{"uv":[8,7,11,7.7],"texture":"#0","cullface":"down"},"west":{"uv":[8,7,8.7,9],"rotation":90,"texture":"#0","cullface":"down"},"down":{"uv":[8,7,11,9],"texture":"#0","cullface":"down"}}},{"from":[6,-0.7,12],"to":[9,0,13],"light_emission":15,"faces":{"north":{"uv":[6,3,9,3.7],"rotation":180,"texture":"#0","cullface":"down"},"east":{"uv":[8,3,8.7,4],"rotation":270,"texture":"#0","cullface":"down"},"south":{"uv":[6,3,9,3.7],"texture":"#0","cullface":"down"},"down":{"uv":[6,3,9,4],"texture":"#0","cullface":"down"}}},{"from":[3,-0.7,11],"to":[6,0,13],"light_emission":15,"faces":{"north":{"uv":[3,4,6,4.7],"rotation":180,"texture":"#0","cullface":"down"},"east":{"uv":[5,3,5.7,5],"rotation":270,"texture":"#0","cullface":"down"},"south":{"uv":[3,3,6,3.7],"texture":"#0","cullface":"down"},"west":{"uv":[3,3,3.7,5],"rotation":90,"texture":"#0","cullface":"down"},"down":{"uv":[3,3,6,5],"texture":"#0","cullface":"down"}}},{"from":[5,7,-0.7],"to":[8,9,0],"light_emission":15,"faces":{"north":{"uv":[8,7,11,9],"texture":"#0","cullface":"north"},"east":{"uv":[8,7,8.7,9],"texture":"#0","cullface":"north"},"west":{"uv":[10,7,10.7,9],"texture":"#0","cullface":"north"},"up":{"uv":[8,7,11,7.7],"rotation":180,"texture":"#0","cullface":"north"},"down":{"uv":[8,8,11,8.7],"rotation":180,"texture":"#0","cullface":"north"}}},{"from":[3,7,-0.7],"to":[5,8,0],"light_emission":15,"faces":{"north":{"uv":[11,8,13,9],"texture":"#0","cullface":"north"},"west":{"uv":[12,8,12.7,9],"texture":"#0","cullface":"north"},"up":{"uv":[11,8,13,8.7],"rotation":180,"texture":"#0","cullface":"north"},"down":{"uv":[11,8,13,8.7],"rotation":180,"texture":"#0","cullface":"north"}}},{"from":[5,6,-0.5],"to":[6,7,0],"light_emission":15,"faces":{"north":{"uv":[10,9,11,10],"texture":"#0","cullface":"north"},"east":{"uv":[10,9,10.5,10],"texture":"#0","cullface":"north"},"west":{"uv":[10,9,10.5,10],"texture":"#0","cullface":"north"},"down":{"uv":[10,9,11,9.5],"texture":"#0","cullface":"north"}}},{"from":[8,8,-0.5],"to":[9,9,0],"light_emission":15,"faces":{"north":{"uv":[7,7,8,8],"texture":"#0","cullface":"north"},"east":{"uv":[7,7,7.5,8],"texture":"#0","cullface":"north"},"up":{"uv":[7,7,8,7.5],"texture":"#0","cullface":"north"},"down":{"uv":[7,7,8,7.5],"texture":"#0","cullface":"north"}}},{"from":[13,2,-0.5],"to":[14,3,0],"light_emission":15,"faces":{"north":{"uv":[2,13,3,14],"texture":"#0","cullface":"north"},"east":{"uv":[2,13,2.5,14],"texture":"#0","cullface":"north"},"west":{"uv":[2,13,2.5,14],"texture":"#0","cullface":"north"},"up":{"uv":[2,13,3,13.5],"rotation":180,"texture":"#0","cullface":"north"},"down":{"uv":[2,13,3,13.5],"rotation":180,"texture":"#0","cullface":"north"}}},{"from":[16,13,2],"to":[16.5,14,4],"light_emission":15,"faces":{"north":{"uv":[13,2,13.5,3],"texture":"#0","cullface":"east"},"east":{"uv":[12,2,14,3],"texture":"#0","cullface":"east"},"south":{"uv":[13,2,13.5,3],"texture":"#0","cullface":"east"},"up":{"uv":[12,2,14,2.5],"rotation":270,"texture":"#0","cullface":"east"},"down":{"uv":[12,2,14,2.5],"rotation":90,"texture":"#0","cullface":"east"}}},{"from":[16,7,13],"to":[16.5,8,15],"light_emission":15,"faces":{"north":{"uv":[2,8,2.7,9],"texture":"#0","cullface":"east"},"east":{"uv":[1,8,3,9],"texture":"#0","cullface":"east"},"south":{"uv":[1,8,1.5,9],"texture":"#0","cullface":"east"},"up":{"uv":[1,8,3,8.7],"rotation":270,"texture":"#0","cullface":"east"},"down":{"uv":[1,8,3,8.7],"rotation":90,"texture":"#0","cullface":"east"}}},{"from":[16,2,13],"to":[16.5,3,14],"light_emission":15,"faces":{"north":{"uv":[2,13,2.7,14],"texture":"#0","cullface":"east"},"east":{"uv":[2,13,2.5,14],"texture":"#0","cullface":"east"},"south":{"uv":[2,13,3,14],"texture":"#0","cullface":"east"},"up":{"uv":[2,13,3,13.5],"texture":"#0","cullface":"east"},"down":{"uv":[2,13,3,13.5],"texture":"#0","cullface":"east"}}},{"from":[-0.5,13,12],"to":[0,14,14],"light_emission":15,"faces":{"north":{"uv":[12,2,12.5,3],"texture":"#0","cullface":"west"},"south":{"uv":[13,2,13.7,3],"texture":"#0","cullface":"west"},"west":{"uv":[12,2,14,3],"texture":"#0","cullface":"west"},"up":{"uv":[12,2,14,2.7],"rotation":90,"texture":"#0","cullface":"west"},"down":{"uv":[12,2,14,2.7],"rotation":270,"texture":"#0","cullface":"west"}}},{"from":[-0.5,7,1],"to":[0,8,3],"light_emission":15,"faces":{"north":{"uv":[1,8,1.5,9],"texture":"#0","cullface":"west"},"south":{"uv":[2,8,2.7,9],"texture":"#0","cullface":"west"},"west":{"uv":[1,8,3,9],"texture":"#0","cullface":"west"},"up":{"uv":[1,8,3,8.7],"rotation":90,"texture":"#0","cullface":"west"},"down":{"uv":[1,8,3,8.7],"rotation":270,"texture":"#0","cullface":"west"}}},{"from":[-0.5,2,2],"to":[0,3,3],"light_emission":15,"faces":{"north":{"uv":[2,13,3,14],"texture":"#0","cullface":"west"},"south":{"uv":[2,13,2.7,14],"texture":"#0","cullface":"west"},"west":{"uv":[2,13,2.5,14],"texture":"#0","cullface":"west"},"up":{"uv":[2,13,3,13.5],"rotation":180,"texture":"#0","cullface":"west"},"down":{"uv":[2,13,3,13.5],"rotation":180,"texture":"#0","cullface":"west"}}},{"from":[12,16,2],"to":[14,16.5,3],"light_emission":15,"faces":{"north":{"uv":[12,2,14,2.7],"rotation":180,"texture":"#0","cullface":"up"},"east":{"uv":[13,2,13.7,3],"rotation":90,"texture":"#0","cullface":"up"},"south":{"uv":[12,2,14,2.7],"texture":"#0","cullface":"up"},"west":{"uv":[12,2,12.5,3],"rotation":270,"texture":"#0","cullface":"up"},"up":{"uv":[12,2,14,3],"texture":"#0","cullface":"up"}}},{"from":[1,16,8],"to":[3,16.5,9],"light_emission":15,"faces":{"north":{"uv":[1,8,3,8.7],"rotation":180,"texture":"#0","cullface":"up"},"east":{"uv":[2,8,2.7,9],"rotation":90,"texture":"#0","cullface":"up"},"south":{"uv":[1,8,3,8.7],"texture":"#0","cullface":"up"},"west":{"uv":[1,8,1.5,9],"rotation":270,"texture":"#0","cullface":"up"},"up":{"uv":[1,8,3,9],"texture":"#0","cullface":"up"}}},{"from":[2,16,13],"to":[3,16.5,14],"light_emission":15,"faces":{"north":{"uv":[2,13,3,13.5],"texture":"#0","cullface":"up"},"east":{"uv":[2,13,2.5,14],"rotation":90,"texture":"#0","cullface":"up"},"south":{"uv":[2,13,3,13.5],"rotation":180,"texture":"#0","cullface":"up"},"west":{"uv":[2,13,2.5,14],"rotation":270,"texture":"#0","cullface":"up"},"up":{"uv":[2,13,2.7,14],"texture":"#0","cullface":"up"}}},{"from":[12,-0.5,13],"to":[14,0,14],"light_emission":15,"faces":{"north":{"uv":[12,2,14,2.7],"rotation":180,"texture":"#0","cullface":"down"},"east":{"uv":[13,2,13.7,3],"rotation":270,"texture":"#0","cullface":"down"},"south":{"uv":[12,2,14,2.7],"texture":"#0","cullface":"down"},"west":{"uv":[12,2,12.5,3],"rotation":90,"texture":"#0","cullface":"down"},"down":{"uv":[12,2,14,3],"texture":"#0","cullface":"down"}}},{"from":[1,-0.5,7],"to":[3,0,8],"light_emission":15,"faces":{"north":{"uv":[1,8,3,8.7],"rotation":180,"texture":"#0","cullface":"down"},"east":{"uv":[2,8,2.7,9],"rotation":270,"texture":"#0","cullface":"down"},"south":{"uv":[1,8,3,8.7],"texture":"#0","cullface":"down"},"west":{"uv":[1,8,1.5,9],"rotation":90,"texture":"#0","cullface":"down"},"down":{"uv":[1,8,3,9],"texture":"#0","cullface":"down"}}},{"from":[2,-0.5,2],"to":[3,0,3],"light_emission":15,"faces":{"north":{"uv":[2,13,3,13.5],"texture":"#0","cullface":"down"},"east":{"uv":[2,13,2.5,14],"rotation":270,"texture":"#0","cullface":"down"},"south":{"uv":[2,13,3,13.5],"rotation":180,"texture":"#0","cullface":"down"},"west":{"uv":[2,13,2.5,14],"rotation":90,"texture":"#0","cullface":"down"},"down":{"uv":[2,13,2.7,14],"texture":"#0","cullface":"down"}}},{"from":[13,12,-0.5],"to":[14,13,0],"light_emission":15,"faces":{"north":{"uv":[2,3,3,4],"texture":"#0","cullface":"north"},"east":{"uv":[2,3,2.5,4],"texture":"#0","cullface":"north"},"up":{"uv":[2,3,3,3.5],"texture":"#0","cullface":"north"},"down":{"uv":[2,3,3,3.5],"texture":"#0","cullface":"north"}}},{"from":[11,13,-0.5],"to":[12,14,0],"light_emission":15,"faces":{"north":{"uv":[4,2,5,3],"texture":"#0","cullface":"north"},"east":{"uv":[4,2,4.5,3],"texture":"#0","cullface":"north"},"west":{"uv":[4,2,4.5,3],"texture":"#0","cullface":"north"},"up":{"uv":[4,2,5,2.5],"texture":"#0","cullface":"north"}}},{"from":[11,5,-0.5],"to":[12,6,0],"light_emission":15,"faces":{"north":{"uv":[4,10,5,11],"texture":"#0","cullface":"north"},"east":{"uv":[4,10,4.5,11],"texture":"#0","cullface":"north"},"up":{"uv":[4,10,5,10.5],"texture":"#0","cullface":"north"},"down":{"uv":[4,10,5,10.5],"texture":"#0","cullface":"north"}}},{"from":[5,3,-0.5],"to":[7,4,0],"light_emission":15,"faces":{"north":{"uv":[9,12,11,13],"texture":"#0","cullface":"north"},"west":{"uv":[10,12,10.7,13],"texture":"#0","cullface":"north"},"up":{"uv":[9,12,11,12.7],"rotation":180,"texture":"#0","cullface":"north"},"down":{"uv":[9,12,11,12.7],"rotation":180,"texture":"#0","cullface":"north"}}},{"from":[13,7,-0.5],"to":[15,8,0],"light_emission":15,"faces":{"north":{"uv":[1,8,3,9],"texture":"#0","cullface":"north"},"east":{"uv":[1,8,1.5,9],"texture":"#0","cullface":"north"},"west":{"uv":[2,8,2.7,9],"texture":"#0","cullface":"north"},"up":{"uv":[1,8,3,8.7],"rotation":180,"texture":"#0","cullface":"north"},"down":{"uv":[1,8,3,8.7],"rotation":180,"texture":"#0","cullface":"north"}}},{"from":[2,13,-0.5],"to":[4,14,0],"light_emission":15,"faces":{"north":{"uv":[12,2,14,3],"texture":"#0","cullface":"north"},"east":{"uv":[12,2,12.5,3],"texture":"#0","cullface":"north"},"west":{"uv":[13,2,13.7,3],"texture":"#0","cullface":"north"},"up":{"uv":[12,2,14,2.7],"rotation":180,"texture":"#0","cullface":"north"},"down":{"uv":[12,2,14,2.7],"rotation":180,"texture":"#0","cullface":"north"}}},{"from":[7,3,-0.7],"to":[10,5,0],"light_emission":15,"faces":{"north":{"uv":[6,11,9,13],"texture":"#0","cullface":"north"},"east":{"uv":[6,11,6.7,13],"texture":"#0","cullface":"north"},"west":{"uv":[8,11,8.7,13],"texture":"#0","cullface":"north"},"up":{"uv":[6,11,9,11.7],"rotation":180,"texture":"#0","cullface":"north"},"down":{"uv":[6,12,9,12.7],"rotation":180,"texture":"#0","cullface":"north"}}},{"from":[10,4,-0.7],"to":[11,6,0],"light_emission":15,"faces":{"north":{"uv":[5,10,6,12],"texture":"#0","cullface":"north"},"east":{"uv":[5,10,5.7,12],"texture":"#0","cullface":"north"},"west":{"uv":[5,10,5.7,12],"texture":"#0","cullface":"north"},"up":{"uv":[5,10,6,10.7],"rotation":180,"texture":"#0","cullface":"north"},"down":{"uv":[5,11,6,11.7],"rotation":180,"texture":"#0","cullface":"north"}}},{"from":[7,12,-0.7],"to":[10,13,0],"light_emission":15,"faces":{"north":{"uv":[6,3,9,4],"texture":"#0","cullface":"north"},"west":{"uv":[8,3,8.7,4],"texture":"#0","cullface":"north"},"up":{"uv":[6,3,9,3.7],"rotation":180,"texture":"#0","cullface":"north"},"down":{"uv":[6,3,9,3.7],"rotation":180,"texture":"#0","cullface":"north"}}},{"from":[2,2,16],"to":[3,3,16.5],"light_emission":15,"faces":{"east":{"uv":[2,13,2.5,14],"texture":"#0","cullface":"south"},"south":{"uv":[2,13,3,14],"texture":"#0","cullface":"south"},"west":{"uv":[2,13,2.5,14],"texture":"#0","cullface":"south"},"up":{"uv":[2,13,3,13.5],"texture":"#0","cullface":"south"},"down":{"uv":[2,13,3,13.5],"texture":"#0","cullface":"south"}}},{"from":[1,7,16],"to":[3,8,16.5],"light_emission":15,"faces":{"east":{"uv":[2,8,2.7,9],"texture":"#0","cullface":"south"},"south":{"uv":[1,8,3,9],"texture":"#0","cullface":"south"},"west":{"uv":[1,8,1.5,9],"texture":"#0","cullface":"south"},"up":{"uv":[1,8,3,8.7],"texture":"#0","cullface":"south"},"down":{"uv":[1,8,3,8.7],"texture":"#0","cullface":"south"}}},{"from":[12,13,16],"to":[14,14,16.5],"light_emission":15,"faces":{"east":{"uv":[13,2,13.7,3],"texture":"#0","cullface":"south"},"south":{"uv":[12,2,14,3],"texture":"#0","cullface":"south"},"west":{"uv":[12,2,12.5,3],"texture":"#0","cullface":"south"},"up":{"uv":[12,2,14,2.7],"texture":"#0","cullface":"south"},"down":{"uv":[12,2,14,2.7],"texture":"#0","cullface":"south"}}}]}