{"credit":"Created by Marceus","format_version":"1.21.6","parent":"block/cube_all","textures":{"0":"block/gold_ore","particle":"block/gold_ore"},"elements":[{"from":[0,0,0],"to":[16,16,16],"faces":{"north":{"uv":[0,0,16,16],"texture":"#0","cullface":"north"},"east":{"uv":[0,0,16,16],"texture":"#0","cullface":"east"},"south":{"uv":[0,0,16,16],"texture":"#0","cullface":"south"},"west":{"uv":[0,0,16,16],"texture":"#0","cullface":"west"},"up":{"uv":[0,0,16,16],"texture":"#0","cullface":"up"},"down":{"uv":[0,0,16,16],"texture":"#0","cullface":"down"}}},{"from":[-0.5,3,11],"to":[0,5,13],"light_emission":15,"faces":{"north":{"uv":[11,11,11.5,13],"texture":"#0","cullface":"west"},"south":{"uv":[12,11,12.5,13],"texture":"#0","cullface":"west"},"west":{"uv":[11,11,13,13],"texture":"#0","cullface":"west"},"up":{"uv":[11,11,13,11.5],"rotation":90,"texture":"#0","cullface":"west"},"down":{"uv":[11,12,13,12.5],"rotation":270,"texture":"#0","cullface":"west"}}},{"from":[16,3,3],"to":[16.5,5,5],"light_emission":15,"faces":{"north":{"uv":[12,11,12.5,13],"texture":"#0","cullface":"east"},"east":{"uv":[11,11,13,13],"texture":"#0","cullface":"east"},"south":{"uv":[11,11,11.5,13],"texture":"#0","cullface":"east"},"up":{"uv":[11,11,13,11.5],"rotation":270,"texture":"#0","cullface":"east"},"down":{"uv":[11,12,13,12.5],"rotation":90,"texture":"#0","cullface":"east"}}},{"from":[11,3,16],"to":[13,5,16.5],"light_emission":15,"faces":{"east":{"uv":[12,11,12.5,13],"texture":"#0","cullface":"south"},"south":{"uv":[11,11,13,13],"texture":"#0","cullface":"south"},"west":{"uv":[11,11,11.5,13],"texture":"#0","cullface":"south"},"up":{"uv":[11,11,13,11.5],"texture":"#0","cullface":"south"},"down":{"uv":[11,12,13,12.5],"texture":"#0","cullface":"south"}}},{"from":[11,16,11],"to":[13,16.5,13],"light_emission":15,"faces":{"north":{"uv":[11,11,13,11.5],"rotation":180,"texture":"#0","cullface":"up"},"east":{"uv":[12,11,12.5,13],"rotation":90,"texture":"#0","cullface":"up"},"south":{"uv":[11,12,13,12.5],"texture":"#0","cullface":"up"},"west":{"uv":[11,11,11.5,13],"rotation":270,"texture":"#0","cullface":"up"},"up":{"uv":[11,11,13,13],"texture":"#0","cullface":"up"}}},{"from":[11,-0.5,3],"to":[13,0,5],"light_emission":15,"faces":{"north":{"uv":[11,12,13,12.5],"rotation":180,"texture":"#0","cullface":"down"},"east":{"uv":[12,11,12.5,13],"rotation":270,"texture":"#0","cullface":"down"},"south":{"uv":[11,11,13,11.5],"texture":"#0","cullface":"down"},"west":{"uv":[11,11,11.5,13],"rotation":90,"texture":"#0","cullface":"down"},"down":{"uv":[11,11,13,13],"texture":"#0","cullface":"down"}}},{"from":[13,7,-0.5],"to":[15,8,0],"light_emission":15,"faces":{"north":{"uv":[1,8,3,9],"texture":"#0","cullface":"north"},"east":{"uv":[1,8,1.5,9],"texture":"#0","cullface":"north"},"west":{"uv":[2,8,2.5,9],"texture":"#0","cullface":"north"},"up":{"uv":[1,8,3,8.5],"rotation":180,"texture":"#0","cullface":"north"},"down":{"uv":[1,8,3,8.5],"rotation":180,"texture":"#0","cullface":"north"}}},{"from":[-0.7,12,3],"to":[0,13,6],"light_emission":15,"faces":{"north":{"uv":[3,3,3.7,4],"texture":"#0","cullface":"west"},"west":{"uv":[3,3,6,4],"texture":"#0","cullface":"west"},"up":{"uv":[3,3,6,3.7],"rotation":90,"texture":"#0","cullface":"west"},"down":{"uv":[3,3,6,3.7],"rotation":270,"texture":"#0","cullface":"west"}}},{"from":[-0.7,12,6],"to":[0,14,9],"light_emission":15,"faces":{"north":{"uv":[6,2,6.7,4],"texture":"#0","cullface":"west"},"south":{"uv":[8,2,8.7,4],"texture":"#0","cullface":"west"},"west":{"uv":[6,2,9,4],"texture":"#0","cullface":"west"},"up":{"uv":[6,2,9,2.7],"rotation":90,"texture":"#0","cullface":"west"},"down":{"uv":[6,3,9,3.7],"rotation":270,"texture":"#0","cullface":"west"}}},{"from":[-0.5,8,13],"to":[0,9,14],"light_emission":15,"faces":{"south":{"uv":[13,7,13.5,8],"texture":"#0","cullface":"west"},"west":{"uv":[13,7,14,8],"texture":"#0","cullface":"west"},"up":{"uv":[13,7,14,7.5],"rotation":270,"texture":"#0","cullface":"west"},"down":{"uv":[13,7,14,7.5],"rotation":90,"texture":"#0","cullface":"west"}}},{"from":[-0.5,3,7],"to":[0,4,8],"light_emission":15,"faces":{"south":{"uv":[7,12,7.5,13],"texture":"#0","cullface":"west"},"west":{"uv":[7,12,8,13],"texture":"#0","cullface":"west"},"up":{"uv":[7,12,8,12.5],"rotation":270,"texture":"#0","cullface":"west"},"down":{"uv":[7,12,8,12.5],"rotation":90,"texture":"#0","cullface":"west"}}},{"from":[-0.5,4,4],"to":[0,5,6],"light_emission":15,"faces":{"north":{"uv":[4,11,4.5,12],"texture":"#0","cullface":"west"},"south":{"uv":[5,11,5.5,12],"texture":"#0","cullface":"west"},"west":{"uv":[4,11,6,12],"texture":"#0","cullface":"west"},"up":{"uv":[4,11,6,11.5],"rotation":90,"texture":"#0","cullface":"west"}}},{"from":[-0.5,3,2],"to":[0,4,3],"light_emission":15,"faces":{"north":{"uv":[2,12,2.5,13],"texture":"#0","cullface":"west"},"west":{"uv":[2,12,3,13],"texture":"#0","cullface":"west"},"up":{"uv":[2,12,3,12.5],"rotation":270,"texture":"#0","cullface":"west"},"down":{"uv":[2,12,3,12.5],"rotation":90,"texture":"#0","cullface":"west"}}},{"from":[-0.7,2,3],"to":[0,4,7],"light_emission":15,"faces":{"north":{"uv":[3,12,3.7,14],"texture":"#0","cullface":"west"},"south":{"uv":[6,12,6.7,14],"texture":"#0","cullface":"west"},"west":{"uv":[3,12,7,14],"texture":"#0","cullface":"west"},"up":{"uv":[3,12,7,12.7],"rotation":90,"texture":"#0","cullface":"west"},"down":{"uv":[3,13,7,13.7],"rotation":270,"texture":"#0","cullface":"west"}}},{"from":[-0.7,7,8],"to":[0,9,13],"light_emission":15,"faces":{"north":{"uv":[8,7,8.7,9],"texture":"#0","cullface":"west"},"south":{"uv":[12,7,12.7,9],"texture":"#0","cullface":"west"},"west":{"uv":[8,7,13,9],"texture":"#0","cullface":"west"},"up":{"uv":[8,7,13,7.7],"rotation":90,"texture":"#0","cullface":"west"},"down":{"uv":[8,8,13,8.7],"rotation":270,"texture":"#0","cullface":"west"}}},{"from":[-0.5,9,10],"to":[0,10,12],"light_emission":15,"faces":{"north":{"uv":[10,6,10.5,7],"texture":"#0","cullface":"west"},"south":{"uv":[11,6,11.5,7],"texture":"#0","cullface":"west"},"west":{"uv":[10,6,12,7],"texture":"#0","cullface":"west"},"up":{"uv":[10,6,12,6.5],"rotation":90,"texture":"#0","cullface":"west"}}},{"from":[-0.5,11,4],"to":[0,12,6],"light_emission":15,"faces":{"north":{"uv":[4,4,4.5,5],"texture":"#0","cullface":"west"},"south":{"uv":[5,4,5.5,5],"texture":"#0","cullface":"west"},"west":{"uv":[4,4,6,5],"texture":"#0","cullface":"west"},"down":{"uv":[4,4,6,4.5],"rotation":270,"texture":"#0","cullface":"west"}}},{"from":[-0.5,7,1],"to":[0,8,3],"light_emission":15,"faces":{"north":{"uv":[1,8,1.5,9],"texture":"#0","cullface":"west"},"south":{"uv":[2,8,2.5,9],"texture":"#0","cullface":"west"},"west":{"uv":[1,8,3,9],"texture":"#0","cullface":"west"},"up":{"uv":[1,8,3,8.5],"rotation":90,"texture":"#0","cullface":"west"},"down":{"uv":[1,8,3,8.5],"rotation":270,"texture":"#0","cullface":"west"}}},{"from":[3,12,16],"to":[6,13,16.7],"light_emission":15,"faces":{"south":{"uv":[3,3,6,4],"texture":"#0","cullface":"south"},"west":{"uv":[3,3,3.7,4],"texture":"#0","cullface":"south"},"up":{"uv":[3,3,6,3.7],"texture":"#0","cullface":"south"},"down":{"uv":[3,3,6,3.7],"texture":"#0","cullface":"south"}}},{"from":[6,12,16],"to":[9,14,16.7],"light_emission":15,"faces":{"east":{"uv":[8,2,8.7,4],"texture":"#0","cullface":"south"},"south":{"uv":[6,2,9,4],"texture":"#0","cullface":"south"},"west":{"uv":[6,2,6.7,4],"texture":"#0","cullface":"south"},"up":{"uv":[6,2,9,2.7],"texture":"#0","cullface":"south"},"down":{"uv":[6,3,9,3.7],"texture":"#0","cullface":"south"}}},{"from":[13,8,16],"to":[14,9,16.5],"light_emission":15,"faces":{"east":{"uv":[13,7,13.5,8],"texture":"#0","cullface":"south"},"south":{"uv":[13,7,14,8],"texture":"#0","cullface":"south"},"up":{"uv":[13,7,14,7.5],"rotation":180,"texture":"#0","cullface":"south"},"down":{"uv":[13,7,14,7.5],"rotation":180,"texture":"#0","cullface":"south"}}},{"from":[7,3,16],"to":[8,4,16.5],"light_emission":15,"faces":{"east":{"uv":[7,12,7.5,13],"texture":"#0","cullface":"south"},"south":{"uv":[7,12,8,13],"texture":"#0","cullface":"south"},"up":{"uv":[7,12,8,12.5],"rotation":180,"texture":"#0","cullface":"south"},"down":{"uv":[7,12,8,12.5],"rotation":180,"texture":"#0","cullface":"south"}}},{"from":[4,4,16],"to":[6,5,16.5],"light_emission":15,"faces":{"east":{"uv":[5,11,5.5,12],"texture":"#0","cullface":"south"},"south":{"uv":[4,11,6,12],"texture":"#0","cullface":"south"},"west":{"uv":[4,11,4.5,12],"texture":"#0","cullface":"south"},"up":{"uv":[4,11,6,11.5],"texture":"#0","cullface":"south"}}},{"from":[2,3,16],"to":[3,4,16.5],"light_emission":15,"faces":{"south":{"uv":[2,12,3,13],"texture":"#0","cullface":"south"},"west":{"uv":[2,12,2.5,13],"texture":"#0","cullface":"south"},"up":{"uv":[2,12,3,12.5],"rotation":180,"texture":"#0","cullface":"south"},"down":{"uv":[2,12,3,12.5],"rotation":180,"texture":"#0","cullface":"south"}}},{"from":[3,2,16],"to":[7,4,16.7],"light_emission":15,"faces":{"east":{"uv":[6,12,6.7,14],"texture":"#0","cullface":"south"},"south":{"uv":[3,12,7,14],"texture":"#0","cullface":"south"},"west":{"uv":[3,12,3.7,14],"texture":"#0","cullface":"south"},"up":{"uv":[3,12,7,12.7],"texture":"#0","cullface":"south"},"down":{"uv":[3,13,7,13.7],"texture":"#0","cullface":"south"}}},{"from":[8,7,16],"to":[13,9,16.7],"light_emission":15,"faces":{"east":{"uv":[12,7,12.7,9],"texture":"#0","cullface":"south"},"south":{"uv":[8,7,13,9],"texture":"#0","cullface":"south"},"west":{"uv":[8,7,8.7,9],"texture":"#0","cullface":"south"},"up":{"uv":[8,7,13,7.7],"texture":"#0","cullface":"south"},"down":{"uv":[8,8,13,8.7],"texture":"#0","cullface":"south"}}},{"from":[10,9,16],"to":[12,10,16.5],"light_emission":15,"faces":{"east":{"uv":[11,6,11.5,7],"texture":"#0","cullface":"south"},"south":{"uv":[10,6,12,7],"texture":"#0","cullface":"south"},"west":{"uv":[10,6,10.5,7],"texture":"#0","cullface":"south"},"up":{"uv":[10,6,12,6.5],"texture":"#0","cullface":"south"}}},{"from":[4,11,16],"to":[6,12,16.5],"light_emission":15,"faces":{"east":{"uv":[5,4,5.5,5],"texture":"#0","cullface":"south"},"south":{"uv":[4,4,6,5],"texture":"#0","cullface":"south"},"west":{"uv":[4,4,4.5,5],"texture":"#0","cullface":"south"},"down":{"uv":[4,4,6,4.5],"texture":"#0","cullface":"south"}}},{"from":[1,7,16],"to":[3,8,16.5],"light_emission":15,"faces":{"east":{"uv":[2,8,2.5,9],"texture":"#0","cullface":"south"},"south":{"uv":[1,8,3,9],"texture":"#0","cullface":"south"},"west":{"uv":[1,8,1.5,9],"texture":"#0","cullface":"south"},"up":{"uv":[1,8,3,8.5],"texture":"#0","cullface":"south"},"down":{"uv":[1,8,3,8.5],"texture":"#0","cullface":"south"}}},{"from":[16,3,8],"to":[16.5,4,9],"light_emission":15,"faces":{"north":{"uv":[7,12,7.5,13],"texture":"#0","cullface":"east"},"east":{"uv":[7,12,8,13],"texture":"#0","cullface":"east"},"up":{"uv":[7,12,8,12.5],"rotation":90,"texture":"#0","cullface":"east"},"down":{"uv":[7,12,8,12.5],"rotation":270,"texture":"#0","cullface":"east"}}},{"from":[16,3,13],"to":[16.5,4,14],"light_emission":15,"faces":{"east":{"uv":[2,12,3,13],"texture":"#0","cullface":"east"},"south":{"uv":[2,12,2.5,13],"texture":"#0","cullface":"east"},"up":{"uv":[2,12,3,12.5],"rotation":90,"texture":"#0","cullface":"east"},"down":{"uv":[2,12,3,12.5],"rotation":270,"texture":"#0","cullface":"east"}}},{"from":[16,2,9],"to":[16.7,4,13],"light_emission":15,"faces":{"north":{"uv":[6,12,6.7,14],"texture":"#0","cullface":"east"},"east":{"uv":[3,12,7,14],"texture":"#0","cullface":"east"},"south":{"uv":[3,12,3.7,14],"texture":"#0","cullface":"east"},"up":{"uv":[3,12,7,12.7],"rotation":270,"texture":"#0","cullface":"east"},"down":{"uv":[3,13,7,13.7],"rotation":90,"texture":"#0","cullface":"east"}}},{"from":[16,4,10],"to":[16.5,5,12],"light_emission":15,"faces":{"north":{"uv":[5,11,5.5,12],"texture":"#0","cullface":"east"},"east":{"uv":[4,11,6,12],"texture":"#0","cullface":"east"},"south":{"uv":[4,11,4.5,12],"texture":"#0","cullface":"east"},"up":{"uv":[4,11,6,11.5],"rotation":270,"texture":"#0","cullface":"east"}}},{"from":[16,8,2],"to":[16.5,9,3],"light_emission":15,"faces":{"north":{"uv":[13,7,13.5,8],"texture":"#0","cullface":"east"},"east":{"uv":[13,7,14,8],"texture":"#0","cullface":"east"},"up":{"uv":[13,7,14,7.5],"rotation":90,"texture":"#0","cullface":"east"},"down":{"uv":[13,7,14,7.5],"rotation":270,"texture":"#0","cullface":"east"}}},{"from":[16,7,3],"to":[16.7,9,8],"light_emission":15,"faces":{"north":{"uv":[12,7,12.7,9],"texture":"#0","cullface":"east"},"east":{"uv":[8,7,13,9],"texture":"#0","cullface":"east"},"south":{"uv":[8,7,8.7,9],"texture":"#0","cullface":"east"},"up":{"uv":[8,7,13,7.7],"rotation":270,"texture":"#0","cullface":"east"},"down":{"uv":[8,8,13,8.7],"rotation":90,"texture":"#0","cullface":"east"}}},{"from":[16,9,4],"to":[16.5,10,6],"light_emission":15,"faces":{"north":{"uv":[11,6,11.5,7],"texture":"#0","cullface":"east"},"east":{"uv":[10,6,12,7],"texture":"#0","cullface":"east"},"south":{"uv":[10,6,10.5,7],"texture":"#0","cullface":"east"},"up":{"uv":[10,6,12,6.5],"rotation":270,"texture":"#0","cullface":"east"}}},{"from":[16,12,7],"to":[16.7,14,10],"light_emission":15,"faces":{"north":{"uv":[8,2,8.7,4],"texture":"#0","cullface":"east"},"east":{"uv":[6,2,9,4],"texture":"#0","cullface":"east"},"south":{"uv":[6,2,6.7,4],"texture":"#0","cullface":"east"},"up":{"uv":[6,2,9,2.7],"rotation":270,"texture":"#0","cullface":"east"},"down":{"uv":[6,3,9,3.7],"rotation":90,"texture":"#0","cullface":"east"}}},{"from":[16,11,10],"to":[16.5,12,12],"light_emission":15,"faces":{"north":{"uv":[5,4,5.5,5],"texture":"#0","cullface":"east"},"east":{"uv":[4,4,6,5],"texture":"#0","cullface":"east"},"south":{"uv":[4,4,4.5,5],"texture":"#0","cullface":"east"},"down":{"uv":[4,4,6,4.5],"rotation":90,"texture":"#0","cullface":"east"}}},{"from":[16,12,10],"to":[16.7,13,13],"light_emission":15,"faces":{"east":{"uv":[3,3,6,4],"texture":"#0","cullface":"east"},"south":{"uv":[3,3,3.7,4],"texture":"#0","cullface":"east"},"up":{"uv":[3,3,6,3.7],"rotation":270,"texture":"#0","cullface":"east"},"down":{"uv":[3,3,6,3.7],"rotation":90,"texture":"#0","cullface":"east"}}},{"from":[16,7,13],"to":[16.5,8,15],"light_emission":15,"faces":{"north":{"uv":[2,8,2.5,9],"texture":"#0","cullface":"east"},"east":{"uv":[1,8,3,9],"texture":"#0","cullface":"east"},"south":{"uv":[1,8,1.5,9],"texture":"#0","cullface":"east"},"up":{"uv":[1,8,3,8.5],"rotation":270,"texture":"#0","cullface":"east"},"down":{"uv":[1,8,3,8.5],"rotation":90,"texture":"#0","cullface":"east"}}},{"from":[7,16,12],"to":[8,16.5,13],"light_emission":15,"faces":{"north":{"uv":[7,12,8,12.5],"texture":"#0","cullface":"up"},"east":{"uv":[7,12,7.5,13],"rotation":90,"texture":"#0","cullface":"up"},"south":{"uv":[7,12,8,12.5],"rotation":180,"texture":"#0","cullface":"up"},"up":{"uv":[7,12,8,13],"texture":"#0","cullface":"up"}}},{"from":[2,16,12],"to":[3,16.5,13],"light_emission":15,"faces":{"north":{"uv":[2,12,3,12.5],"texture":"#0","cullface":"up"},"south":{"uv":[2,12,3,12.5],"rotation":180,"texture":"#0","cullface":"up"},"west":{"uv":[2,12,2.5,13],"rotation":270,"texture":"#0","cullface":"up"},"up":{"uv":[2,12,3,13],"texture":"#0","cullface":"up"}}},{"from":[3,16,12],"to":[7,16.7,14],"light_emission":15,"faces":{"north":{"uv":[3,12,7,12.7],"rotation":180,"texture":"#0","cullface":"up"},"east":{"uv":[6,12,6.7,14],"rotation":90,"texture":"#0","cullface":"up"},"south":{"uv":[3,13,7,13.7],"texture":"#0","cullface":"up"},"west":{"uv":[3,12,3.7,14],"rotation":270,"texture":"#0","cullface":"up"},"up":{"uv":[3,12,7,14],"texture":"#0","cullface":"up"}}},{"from":[4,16,11],"to":[6,16.5,12],"light_emission":15,"faces":{"north":{"uv":[4,11,6,11.5],"rotation":180,"texture":"#0","cullface":"up"},"east":{"uv":[5,11,5.5,12],"rotation":90,"texture":"#0","cullface":"up"},"west":{"uv":[4,11,4.5,12],"rotation":270,"texture":"#0","cullface":"up"},"up":{"uv":[4,11,6,12],"texture":"#0","cullface":"up"}}},{"from":[13,16,7],"to":[14,16.5,8],"light_emission":15,"faces":{"north":{"uv":[13,7,14,7.5],"texture":"#0","cullface":"up"},"east":{"uv":[13,7,13.5,8],"rotation":90,"texture":"#0","cullface":"up"},"south":{"uv":[13,7,14,7.5],"rotation":180,"texture":"#0","cullface":"up"},"up":{"uv":[13,7,14,8],"texture":"#0","cullface":"up"}}},{"from":[8,16,7],"to":[13,16.7,9],"light_emission":15,"faces":{"north":{"uv":[8,7,13,7.7],"rotation":180,"texture":"#0","cullface":"up"},"east":{"uv":[12,7,12.7,9],"rotation":90,"texture":"#0","cullface":"up"},"south":{"uv":[8,8,13,8.7],"texture":"#0","cullface":"up"},"west":{"uv":[8,7,8.7,9],"rotation":270,"texture":"#0","cullface":"up"},"up":{"uv":[8,7,13,9],"texture":"#0","cullface":"up"}}},{"from":[10,16,6],"to":[12,16.5,7],"light_emission":15,"faces":{"north":{"uv":[10,6,12,6.5],"rotation":180,"texture":"#0","cullface":"up"},"east":{"uv":[11,6,11.5,7],"rotation":90,"texture":"#0","cullface":"up"},"west":{"uv":[10,6,10.5,7],"rotation":270,"texture":"#0","cullface":"up"},"up":{"uv":[10,6,12,7],"texture":"#0","cullface":"up"}}},{"from":[6,16,2],"to":[9,16.7,4],"light_emission":15,"faces":{"north":{"uv":[6,2,9,2.7],"rotation":180,"texture":"#0","cullface":"up"},"east":{"uv":[8,2,8.7,4],"rotation":90,"texture":"#0","cullface":"up"},"south":{"uv":[6,3,9,3.7],"texture":"#0","cullface":"up"},"west":{"uv":[6,2,6.7,4],"rotation":270,"texture":"#0","cullface":"up"},"up":{"uv":[6,2,9,4],"texture":"#0","cullface":"up"}}},{"from":[4,16,4],"to":[6,16.5,5],"light_emission":15,"faces":{"east":{"uv":[5,4,5.5,5],"rotation":90,"texture":"#0","cullface":"up"},"south":{"uv":[4,4,6,4.5],"texture":"#0","cullface":"up"},"west":{"uv":[4,4,4.5,5],"rotation":270,"texture":"#0","cullface":"up"},"up":{"uv":[4,4,6,5],"texture":"#0","cullface":"up"}}},{"from":[3,16,3],"to":[6,16.7,4],"light_emission":15,"faces":{"north":{"uv":[3,3,6,3.7],"rotation":180,"texture":"#0","cullface":"up"},"south":{"uv":[3,3,6,3.7],"texture":"#0","cullface":"up"},"west":{"uv":[3,3,3.7,4],"rotation":270,"texture":"#0","cullface":"up"},"up":{"uv":[3,3,6,4],"texture":"#0","cullface":"up"}}},{"from":[1,16,8],"to":[3,16.5,9],"light_emission":15,"faces":{"north":{"uv":[1,8,3,8.5],"rotation":180,"texture":"#0","cullface":"up"},"east":{"uv":[2,8,2.5,9],"rotation":90,"texture":"#0","cullface":"up"},"south":{"uv":[1,8,3,8.5],"texture":"#0","cullface":"up"},"west":{"uv":[1,8,1.5,9],"rotation":270,"texture":"#0","cullface":"up"},"up":{"uv":[1,8,3,9],"texture":"#0","cullface":"up"}}},{"from":[7,-0.5,3],"to":[8,0,4],"light_emission":15,"faces":{"north":{"uv":[7,12,8,12.5],"texture":"#0","cullface":"down"},"east":{"uv":[7,12,7.5,13],"rotation":270,"texture":"#0","cullface":"down"},"south":{"uv":[7,12,8,12.5],"rotation":180,"texture":"#0","cullface":"down"},"down":{"uv":[7,12,8,13],"texture":"#0","cullface":"down"}}},{"from":[2,-0.5,3],"to":[3,0,4],"light_emission":15,"faces":{"north":{"uv":[2,12,3,12.5],"texture":"#0","cullface":"down"},"south":{"uv":[2,12,3,12.5],"rotation":180,"texture":"#0","cullface":"down"},"west":{"uv":[2,12,2.5,13],"rotation":90,"texture":"#0","cullface":"down"},"down":{"uv":[2,12,3,13],"texture":"#0","cullface":"down"}}},{"from":[3,-0.7,2],"to":[7,0,4],"light_emission":15,"faces":{"north":{"uv":[3,13,7,13.7],"rotation":180,"texture":"#0","cullface":"down"},"east":{"uv":[6,12,6.7,14],"rotation":270,"texture":"#0","cullface":"down"},"south":{"uv":[3,12,7,12.7],"texture":"#0","cullface":"down"},"west":{"uv":[3,12,3.7,14],"rotation":90,"texture":"#0","cullface":"down"},"down":{"uv":[3,12,7,14],"texture":"#0","cullface":"down"}}},{"from":[4,-0.5,4],"to":[6,0,5],"light_emission":15,"faces":{"east":{"uv":[5,11,5.5,12],"rotation":270,"texture":"#0","cullface":"down"},"south":{"uv":[4,11,6,11.5],"texture":"#0","cullface":"down"},"west":{"uv":[4,11,4.5,12],"rotation":90,"texture":"#0","cullface":"down"},"down":{"uv":[4,11,6,12],"texture":"#0","cullface":"down"}}},{"from":[13,-0.5,8],"to":[14,0,9],"light_emission":15,"faces":{"north":{"uv":[13,7,14,7.5],"texture":"#0","cullface":"down"},"east":{"uv":[13,7,13.5,8],"rotation":270,"texture":"#0","cullface":"down"},"south":{"uv":[13,7,14,7.5],"rotation":180,"texture":"#0","cullface":"down"},"down":{"uv":[13,7,14,8],"texture":"#0","cullface":"down"}}},{"from":[8,-0.7,7],"to":[13,0,9],"light_emission":15,"faces":{"north":{"uv":[8,8,13,8.7],"rotation":180,"texture":"#0","cullface":"down"},"east":{"uv":[12,7,12.7,9],"rotation":270,"texture":"#0","cullface":"down"},"south":{"uv":[8,7,13,7.7],"texture":"#0","cullface":"down"},"west":{"uv":[8,7,8.7,9],"rotation":90,"texture":"#0","cullface":"down"},"down":{"uv":[8,7,13,9],"texture":"#0","cullface":"down"}}},{"from":[10,-0.5,9],"to":[12,0,10],"light_emission":15,"faces":{"east":{"uv":[11,6,11.5,7],"rotation":270,"texture":"#0","cullface":"down"},"south":{"uv":[10,6,12,6.5],"texture":"#0","cullface":"down"},"west":{"uv":[10,6,10.5,7],"rotation":90,"texture":"#0","cullface":"down"},"down":{"uv":[10,6,12,7],"texture":"#0","cullface":"down"}}},{"from":[6,-0.7,12],"to":[9,0,14],"light_emission":15,"faces":{"north":{"uv":[6,3,9,3.7],"rotation":180,"texture":"#0","cullface":"down"},"east":{"uv":[8,2,8.7,4],"rotation":270,"texture":"#0","cullface":"down"},"south":{"uv":[6,2,9,2.7],"texture":"#0","cullface":"down"},"west":{"uv":[6,2,6.7,4],"rotation":90,"texture":"#0","cullface":"down"},"down":{"uv":[6,2,9,4],"texture":"#0","cullface":"down"}}},{"from":[4,-0.5,11],"to":[6,0,12],"light_emission":15,"faces":{"north":{"uv":[4,4,6,4.5],"rotation":180,"texture":"#0","cullface":"down"},"east":{"uv":[5,4,5.5,5],"rotation":270,"texture":"#0","cullface":"down"},"west":{"uv":[4,4,4.5,5],"rotation":90,"texture":"#0","cullface":"down"},"down":{"uv":[4,4,6,5],"texture":"#0","cullface":"down"}}},{"from":[3,-0.7,12],"to":[6,0,13],"light_emission":15,"faces":{"north":{"uv":[3,3,6,3.7],"rotation":180,"texture":"#0","cullface":"down"},"south":{"uv":[3,3,6,3.7],"texture":"#0","cullface":"down"},"west":{"uv":[3,3,3.7,4],"rotation":90,"texture":"#0","cullface":"down"},"down":{"uv":[3,3,6,4],"texture":"#0","cullface":"down"}}},{"from":[1,-0.5,7],"to":[3,0,8],"light_emission":15,"faces":{"north":{"uv":[1,8,3,8.5],"rotation":180,"texture":"#0","cullface":"down"},"east":{"uv":[2,8,2.5,9],"rotation":270,"texture":"#0","cullface":"down"},"south":{"uv":[1,8,3,8.5],"texture":"#0","cullface":"down"},"west":{"uv":[1,8,1.5,9],"rotation":90,"texture":"#0","cullface":"down"},"down":{"uv":[1,8,3,9],"texture":"#0","cullface":"down"}}},{"from":[13,3,-0.5],"to":[14,4,0],"light_emission":15,"faces":{"north":{"uv":[2,12,3,13],"texture":"#0","cullface":"north"},"east":{"uv":[2,12,2.5,13],"texture":"#0","cullface":"north"},"up":{"uv":[2,12,3,12.5],"texture":"#0","cullface":"north"},"down":{"uv":[2,12,3,12.5],"texture":"#0","cullface":"north"}}},{"from":[8,3,-0.5],"to":[9,4,0],"light_emission":15,"faces":{"north":{"uv":[7,12,8,13],"texture":"#0","cullface":"north"},"west":{"uv":[7,12,7.5,13],"texture":"#0","cullface":"north"},"up":{"uv":[7,12,8,12.5],"texture":"#0","cullface":"north"},"down":{"uv":[7,12,8,12.5],"texture":"#0","cullface":"north"}}},{"from":[2,8,-0.5],"to":[3,9,0],"light_emission":15,"faces":{"north":{"uv":[13,7,14,8],"texture":"#0","cullface":"north"},"west":{"uv":[13,7,13.5,8],"texture":"#0","cullface":"north"},"up":{"uv":[13,7,14,7.5],"texture":"#0","cullface":"north"},"down":{"uv":[13,7,14,7.5],"texture":"#0","cullface":"north"}}},{"from":[10,4,-0.5],"to":[12,5,0],"light_emission":15,"faces":{"north":{"uv":[4,11,6,12],"texture":"#0","cullface":"north"},"east":{"uv":[4,11,4.5,12],"texture":"#0","cullface":"north"},"west":{"uv":[5,11,5.5,12],"texture":"#0","cullface":"north"},"up":{"uv":[4,11,6,11.5],"rotation":180,"texture":"#0","cullface":"north"}}},{"from":[3,3,-0.5],"to":[5,5,0],"light_emission":15,"faces":{"north":{"uv":[11,11,13,13],"texture":"#0","cullface":"north"},"east":{"uv":[11,11,11.5,13],"texture":"#0","cullface":"north"},"west":{"uv":[12,11,12.5,13],"texture":"#0","cullface":"north"},"up":{"uv":[11,11,13,11.5],"rotation":180,"texture":"#0","cullface":"north"},"down":{"uv":[11,12,13,12.5],"rotation":180,"texture":"#0","cullface":"north"}}},{"from":[10,11,-0.5],"to":[12,12,0],"light_emission":15,"faces":{"north":{"uv":[4,4,6,5],"texture":"#0","cullface":"north"},"east":{"uv":[4,4,4.5,5],"texture":"#0","cullface":"north"},"west":{"uv":[5,4,5.5,5],"texture":"#0","cullface":"north"},"down":{"uv":[4,4,6,4.5],"rotation":180,"texture":"#0","cullface":"north"}}},{"from":[4,9,-0.5],"to":[6,10,0],"light_emission":15,"faces":{"north":{"uv":[10,6,12,7],"texture":"#0","cullface":"north"},"east":{"uv":[10,6,10.5,7],"texture":"#0","cullface":"north"},"west":{"uv":[11,6,11.5,7],"texture":"#0","cullface":"north"},"up":{"uv":[10,6,12,6.5],"rotation":180,"texture":"#0","cullface":"north"}}},{"from":[3,7,-0.7],"to":[8,9,0],"light_emission":15,"faces":{"north":{"uv":[8,7,13,9],"texture":"#0","cullface":"north"},"east":{"uv":[8,7,8.7,9],"texture":"#0","cullface":"north"},"west":{"uv":[12,7,12.7,9],"texture":"#0","cullface":"north"},"up":{"uv":[8,7,13,7.7],"rotation":180,"texture":"#0","cullface":"north"},"down":{"uv":[8,8,13,8.7],"rotation":180,"texture":"#0","cullface":"north"}}},{"from":[7,12,-0.7],"to":[10,14,0],"light_emission":15,"faces":{"north":{"uv":[6,2,9,4],"texture":"#0","cullface":"north"},"east":{"uv":[6,2,6.7,4],"texture":"#0","cullface":"north"},"west":{"uv":[8,2,8.7,4],"texture":"#0","cullface":"north"},"up":{"uv":[6,2,9,2.7],"rotation":180,"texture":"#0","cullface":"north"},"down":{"uv":[6,3,9,3.7],"rotation":180,"texture":"#0","cullface":"north"}}},{"from":[10,12,-0.7],"to":[13,13,0],"light_emission":15,"faces":{"north":{"uv":[3,3,6,4],"texture":"#0","cullface":"north"},"east":{"uv":[3,3,3.7,4],"texture":"#0","cullface":"north"},"up":{"uv":[3,3,6,3.7],"rotation":180,"texture":"#0","cullface":"north"},"down":{"uv":[3,3,6,3.7],"rotation":180,"texture":"#0","cullface":"north"}}},{"from":[9,2,-0.7],"to":[13,4,0],"light_emission":15,"faces":{"north":{"uv":[3,12,7,14],"texture":"#0","cullface":"north"},"east":{"uv":[3,12,3.7,14],"texture":"#0","cullface":"north"},"west":{"uv":[6,12,6.7,14],"texture":"#0","cullface":"north"},"up":{"uv":[3,12,7,12.7],"rotation":180,"texture":"#0","cullface":"north"},"down":{"uv":[3,13,7,13.7],"rotation":180,"texture":"#0","cullface":"north"}}}]}