{"credit":"Created by Marceus","format_version":"1.21.6","parent":"block/cube_all","textures":{"particle":"block/iron_ore4","all":"block/iron_ore4"},"elements":[{"from":[0,0,0],"to":[16,16,16],"faces":{"north":{"uv":[0,0,16,16],"texture":"#all","cullface":"north"},"east":{"uv":[0,0,16,16],"texture":"#all","cullface":"east"},"south":{"uv":[0,0,16,16],"texture":"#all","cullface":"south"},"west":{"uv":[0,0,16,16],"texture":"#all","cullface":"west"},"up":{"uv":[0,0,16,16],"texture":"#all","cullface":"up"},"down":{"uv":[0,0,16,16],"texture":"#all","cullface":"down"}}},{"from":[9,11,-0.5],"to":[10,12,0],"light_emission":15,"faces":{"north":{"uv":[6,4,7,5],"texture":"#all","cullface":"north"},"west":{"uv":[6,4,6.5,5],"texture":"#all","cullface":"north"},"down":{"uv":[6,4,7,4.5],"texture":"#all","cullface":"north"}}},{"from":[3,12,-0.5],"to":[5,14,0],"light_emission":15,"faces":{"north":{"uv":[11,2,13,4],"texture":"#all","cullface":"north"},"east":{"uv":[11,2,11.7,4],"texture":"#all","cullface":"north"},"west":{"uv":[12,2,12.7,4],"texture":"#all","cullface":"north"},"up":{"uv":[11,2,13,2.7],"rotation":180,"texture":"#all","cullface":"north"},"down":{"uv":[11,3,13,3.7],"rotation":180,"texture":"#all","cullface":"north"}}},{"from":[4,3,-0.5],"to":[7,4,0],"light_emission":15,"faces":{"north":{"uv":[9,12,12,13],"texture":"#all","cullface":"north"},"east":{"uv":[9,12,9.7,13],"texture":"#all","cullface":"north"},"west":{"uv":[11,12,11.7,13],"texture":"#all","cullface":"north"},"up":{"uv":[9,12,12,12.7],"rotation":180,"texture":"#all","cullface":"north"}}},{"from":[3,6,-0.5],"to":[6,7,0],"light_emission":15,"faces":{"north":{"uv":[10,9,13,10],"texture":"#all","cullface":"north"},"east":{"uv":[10,9,10.7,10],"texture":"#all","cullface":"north"},"west":{"uv":[12,9,12.7,10],"texture":"#all","cullface":"north"},"down":{"uv":[10,9,13,9.7],"rotation":180,"texture":"#all","cullface":"north"}}},{"from":[10,5,-0.7],"to":[13,6,0],"light_emission":15,"faces":{"north":{"uv":[3,10,6,11],"texture":"#all","cullface":"north"},"east":{"uv":[3,10,3.7,11],"texture":"#all","cullface":"north"},"west":{"uv":[5,10,5.7,11],"texture":"#all","cullface":"north"},"up":{"uv":[3,10,6,10.7],"rotation":180,"texture":"#all","cullface":"north"}}},{"from":[10,4,-0.7],"to":[14,5,0],"light_emission":15,"faces":{"north":{"uv":[2,11,6,12],"texture":"#all","cullface":"north"},"east":{"uv":[2,11,2.4,12],"texture":"#all","cullface":"north"},"west":{"uv":[5,11,5.4,12],"texture":"#all","cullface":"north"},"up":{"uv":[2,11,6,11.4],"rotation":180,"texture":"#all","cullface":"north"},"down":{"uv":[2,11,6,11.4],"rotation":180,"texture":"#all","cullface":"north"}}},{"from":[4,2,-0.7],"to":[7,3,0],"light_emission":15,"faces":{"north":{"uv":[9,13,12,14],"texture":"#all","cullface":"north"},"east":{"uv":[9,13,9.7,14],"texture":"#all","cullface":"north"},"west":{"uv":[11,13,11.7,14],"texture":"#all","cullface":"north"},"up":{"uv":[9,13,12,13.7],"rotation":180,"texture":"#all","cullface":"north"},"down":{"uv":[9,13,12,13.7],"rotation":180,"texture":"#all","cullface":"north"}}},{"from":[3,7,-0.7],"to":[6,8,0],"light_emission":15,"faces":{"north":{"uv":[10,8,13,9],"texture":"#all","cullface":"north"},"east":{"uv":[10,8,10.7,9],"texture":"#all","cullface":"north"},"west":{"uv":[12,8,12.7,9],"texture":"#all","cullface":"north"},"up":{"uv":[10,8,13,8.7],"rotation":180,"texture":"#all","cullface":"north"},"down":{"uv":[10,8,13,8.7],"rotation":180,"texture":"#all","cullface":"north"}}},{"from":[6,8,-0.7],"to":[9,9,0],"light_emission":15,"faces":{"north":{"uv":[7,7,10,8],"texture":"#all","cullface":"north"},"east":{"uv":[7,7,7.7,8],"texture":"#all","cullface":"north"},"west":{"uv":[9,7,9.7,8],"texture":"#all","cullface":"north"},"up":{"uv":[7,7,10,7.7],"rotation":180,"texture":"#all","cullface":"north"},"down":{"uv":[7,7,10,7.7],"rotation":180,"texture":"#all","cullface":"north"}}},{"from":[7,2,-0.5],"to":[8,3,0],"light_emission":15,"faces":{"north":{"uv":[8,13,9,14],"texture":"#all","cullface":"north"},"east":{"uv":[8,13,8.5,14],"texture":"#all","cullface":"north"},"up":{"uv":[8,13,9,13.5],"texture":"#all","cullface":"north"},"down":{"uv":[8,13,9,13.5],"texture":"#all","cullface":"north"}}},{"from":[14,4,-0.5],"to":[15,5,0],"light_emission":15,"faces":{"north":{"uv":[1,11,2,12],"texture":"#all","cullface":"north"},"east":{"uv":[1,11,1.5,12],"texture":"#all","cullface":"north"},"up":{"uv":[1,11,2,11.5],"texture":"#all","cullface":"north"},"down":{"uv":[1,11,2,11.5],"texture":"#all","cullface":"north"}}},{"from":[9,5,-0.5],"to":[10,6,0],"light_emission":15,"faces":{"north":{"uv":[6,10,7,11],"texture":"#all","cullface":"north"},"west":{"uv":[6,10,6.5,11],"texture":"#all","cullface":"north"},"up":{"uv":[6,10,7,10.5],"texture":"#all","cullface":"north"},"down":{"uv":[6,10,7,10.5],"texture":"#all","cullface":"north"}}},{"from":[11,6,-0.5],"to":[12,7,0],"light_emission":15,"faces":{"north":{"uv":[4,9,5,10],"texture":"#all","cullface":"north"},"east":{"uv":[4,9,4.5,10],"texture":"#all","cullface":"north"},"west":{"uv":[4,9,4.5,10],"texture":"#all","cullface":"north"},"up":{"uv":[4,9,5,9.5],"texture":"#all","cullface":"north"}}},{"from":[2,7,-0.5],"to":[3,8,0],"light_emission":15,"faces":{"north":{"uv":[13,8,14,9],"texture":"#all","cullface":"north"},"west":{"uv":[13,8,13.5,9],"texture":"#all","cullface":"north"},"up":{"uv":[13,8,14,8.5],"texture":"#all","cullface":"north"},"down":{"uv":[13,8,14,8.5],"texture":"#all","cullface":"north"}}},{"from":[6,7,-0.5],"to":[7,8,0],"light_emission":15,"faces":{"north":{"uv":[9,8,10,9],"texture":"#all","cullface":"north"},"east":{"uv":[9,8,9.5,9],"texture":"#all","cullface":"north"},"down":{"uv":[9,8,10,8.5],"texture":"#all","cullface":"north"}}},{"from":[5,8,-0.5],"to":[6,9,0],"light_emission":15,"faces":{"north":{"uv":[10,7,11,8],"texture":"#all","cullface":"north"},"west":{"uv":[10,7,10.5,8],"texture":"#all","cullface":"north"},"up":{"uv":[10,7,11,7.5],"texture":"#all","cullface":"north"}}},{"from":[9,8,-0.5],"to":[10,9,0],"light_emission":15,"faces":{"north":{"uv":[6,7,7,8],"texture":"#all","cullface":"north"},"east":{"uv":[6,7,6.5,8],"texture":"#all","cullface":"north"},"up":{"uv":[6,7,7,7.5],"texture":"#all","cullface":"north"},"down":{"uv":[6,7,7,7.5],"texture":"#all","cullface":"north"}}},{"from":[7,12,-0.5],"to":[8,13,0],"light_emission":15,"faces":{"north":{"uv":[8,3,9,4],"texture":"#all","cullface":"north"},"west":{"uv":[8,3,8.5,4],"texture":"#all","cullface":"north"},"up":{"uv":[8,3,9,3.5],"texture":"#all","cullface":"north"},"down":{"uv":[8,3,9,3.5],"texture":"#all","cullface":"north"}}},{"from":[3,2,-0.5],"to":[4,3,0],"light_emission":15,"faces":{"north":{"uv":[12,13,13,14],"texture":"#all","cullface":"north"},"west":{"uv":[12,13,12.5,14],"texture":"#all","cullface":"north"},"up":{"uv":[12,13,13,13.5],"texture":"#all","cullface":"north"},"down":{"uv":[12,13,13,13.5],"texture":"#all","cullface":"north"}}},{"from":[5,1,-0.5],"to":[6,2,0],"light_emission":15,"faces":{"north":{"uv":[10,14,11,15],"texture":"#all","cullface":"north"},"east":{"uv":[10,14,10.5,15],"texture":"#all","cullface":"north"},"west":{"uv":[10,14,10.5,15],"texture":"#all","cullface":"north"},"down":{"uv":[10,14,11,14.5],"texture":"#all","cullface":"north"}}},{"from":[12,3,-0.5],"to":[14,4,0],"light_emission":15,"faces":{"north":{"uv":[2,12,4,13],"texture":"#all","cullface":"north"},"east":{"uv":[2,12,2.5,13],"texture":"#all","cullface":"north"},"west":{"uv":[3,12,3.5,13],"texture":"#all","cullface":"north"},"down":{"uv":[2,12,4,12.5],"rotation":180,"texture":"#all","cullface":"north"}}},{"from":[-0.7,12,6],"to":[0,13,8],"light_emission":15,"faces":{"north":{"uv":[6,3,6.5,4],"texture":"#all","cullface":"west"},"south":{"uv":[7,3,7.5,4],"texture":"#all","cullface":"west"},"west":{"uv":[6,3,8,4],"texture":"#all","cullface":"west"},"up":{"uv":[6,3,8,3.5],"rotation":90,"texture":"#all","cullface":"west"},"down":{"uv":[6,3,8,3.5],"rotation":270,"texture":"#all","cullface":"west"}}},{"from":[-0.7,11,4],"to":[0,12,6],"light_emission":15,"faces":{"north":{"uv":[4,4,4.5,5],"texture":"#all","cullface":"west"},"south":{"uv":[5,4,5.5,5],"texture":"#all","cullface":"west"},"west":{"uv":[4,4,6,5],"texture":"#all","cullface":"west"},"up":{"uv":[4,4,6,4.5],"rotation":90,"texture":"#all","cullface":"west"},"down":{"uv":[4,4,6,4.5],"rotation":270,"texture":"#all","cullface":"west"}}},{"from":[-0.5,11,6],"to":[0,12,7],"light_emission":15,"faces":{"south":{"uv":[6,4,6.5,5],"texture":"#all","cullface":"west"},"west":{"uv":[6,4,7,5],"texture":"#all","cullface":"west"},"down":{"uv":[6,4,7,4.5],"rotation":90,"texture":"#all","cullface":"west"}}},{"from":[-0.5,12,8],"to":[0,13,9],"light_emission":15,"faces":{"south":{"uv":[8,3,8.5,4],"texture":"#all","cullface":"west"},"west":{"uv":[8,3,9,4],"texture":"#all","cullface":"west"},"up":{"uv":[8,3,9,3.5],"rotation":270,"texture":"#all","cullface":"west"},"down":{"uv":[8,3,9,3.5],"rotation":90,"texture":"#all","cullface":"west"}}},{"from":[-0.5,13,6],"to":[0,14,8],"light_emission":15,"faces":{"north":{"uv":[6,2,6.5,3],"texture":"#all","cullface":"west"},"south":{"uv":[7,2,7.5,3],"texture":"#all","cullface":"west"},"west":{"uv":[6,2,8,3],"texture":"#all","cullface":"west"},"up":{"uv":[6,2,8,2.5],"rotation":90,"texture":"#all","cullface":"west"}}},{"from":[-0.5,11,2],"to":[0,12,4],"light_emission":15,"faces":{"north":{"uv":[2,4,2.5,5],"texture":"#all","cullface":"west"},"west":{"uv":[2,4,4,5],"texture":"#all","cullface":"west"},"up":{"uv":[2,4,4,4.5],"rotation":90,"texture":"#all","cullface":"west"},"down":{"uv":[2,4,4,4.5],"rotation":270,"texture":"#all","cullface":"west"}}},{"from":[-0.5,12,4],"to":[0,13,6],"light_emission":15,"faces":{"north":{"uv":[4,3,4.5,4],"texture":"#all","cullface":"west"},"west":{"uv":[4,3,6,4],"texture":"#all","cullface":"west"},"up":{"uv":[4,3,6,3.5],"rotation":90,"texture":"#all","cullface":"west"}}},{"from":[-0.5,9,7],"to":[0,10,9],"light_emission":15,"faces":{"north":{"uv":[7,6,7.5,7],"texture":"#all","cullface":"west"},"south":{"uv":[8,6,8.5,7],"texture":"#all","cullface":"west"},"west":{"uv":[7,6,9,7],"texture":"#all","cullface":"west"},"up":{"uv":[7,6,9,6.5],"rotation":90,"texture":"#all","cullface":"west"}}},{"from":[-0.7,8,7],"to":[0,9,10],"light_emission":15,"faces":{"north":{"uv":[7,7,7.7,8],"texture":"#all","cullface":"west"},"south":{"uv":[9,7,9.7,8],"texture":"#all","cullface":"west"},"west":{"uv":[7,7,10,8],"texture":"#all","cullface":"west"},"up":{"uv":[7,7,10,7.7],"rotation":90,"texture":"#all","cullface":"west"},"down":{"uv":[7,7,10,7.7],"rotation":270,"texture":"#all","cullface":"west"}}},{"from":[-0.5,8,6],"to":[0,9,7],"light_emission":15,"faces":{"north":{"uv":[6,7,6.5,8],"texture":"#all","cullface":"west"},"west":{"uv":[6,7,7,8],"texture":"#all","cullface":"west"},"up":{"uv":[6,7,7,7.5],"rotation":270,"texture":"#all","cullface":"west"},"down":{"uv":[6,7,7,7.5],"rotation":90,"texture":"#all","cullface":"west"}}},{"from":[-0.5,8,10],"to":[0,9,11],"light_emission":15,"faces":{"south":{"uv":[10,7,10.5,8],"texture":"#all","cullface":"west"},"west":{"uv":[10,7,11,8],"texture":"#all","cullface":"west"},"up":{"uv":[10,7,11,7.5],"rotation":270,"texture":"#all","cullface":"west"}}},{"from":[-0.5,7,9],"to":[0,8,10],"light_emission":15,"faces":{"north":{"uv":[9,8,9.5,9],"texture":"#all","cullface":"west"},"west":{"uv":[9,8,10,9],"texture":"#all","cullface":"west"},"down":{"uv":[9,8,10,8.5],"rotation":90,"texture":"#all","cullface":"west"}}},{"from":[-0.5,7,13],"to":[0,8,14],"light_emission":15,"faces":{"south":{"uv":[13,8,13.5,9],"texture":"#all","cullface":"west"},"west":{"uv":[13,8,14,9],"texture":"#all","cullface":"west"},"up":{"uv":[13,8,14,8.5],"rotation":270,"texture":"#all","cullface":"west"},"down":{"uv":[13,8,14,8.5],"rotation":90,"texture":"#all","cullface":"west"}}},{"from":[-0.5,6,10],"to":[0,7,13],"light_emission":15,"faces":{"north":{"uv":[10,9,10.7,10],"texture":"#all","cullface":"west"},"south":{"uv":[12,9,12.7,10],"texture":"#all","cullface":"west"},"west":{"uv":[10,9,13,10],"texture":"#all","cullface":"west"},"down":{"uv":[10,9,13,9.7],"rotation":270,"texture":"#all","cullface":"west"}}},{"from":[-0.7,7,10],"to":[0,8,13],"light_emission":15,"faces":{"north":{"uv":[10,8,10.7,9],"texture":"#all","cullface":"west"},"south":{"uv":[12,8,12.7,9],"texture":"#all","cullface":"west"},"west":{"uv":[10,8,13,9],"texture":"#all","cullface":"west"},"up":{"uv":[10,8,13,8.7],"rotation":90,"texture":"#all","cullface":"west"},"down":{"uv":[10,8,13,8.7],"rotation":270,"texture":"#all","cullface":"west"}}},{"from":[-0.5,4,1],"to":[0,5,2],"light_emission":15,"faces":{"north":{"uv":[1,11,1.5,12],"texture":"#all","cullface":"west"},"west":{"uv":[1,11,2,12],"texture":"#all","cullface":"west"},"up":{"uv":[1,11,2,11.5],"rotation":270,"texture":"#all","cullface":"west"},"down":{"uv":[1,11,2,11.5],"rotation":90,"texture":"#all","cullface":"west"}}},{"from":[-0.7,4,2],"to":[0,5,6],"light_emission":15,"faces":{"north":{"uv":[2,11,2.4,12],"texture":"#all","cullface":"west"},"south":{"uv":[5,11,5.4,12],"texture":"#all","cullface":"west"},"west":{"uv":[2,11,6,12],"texture":"#all","cullface":"west"},"up":{"uv":[2,11,6,11.4],"rotation":90,"texture":"#all","cullface":"west"},"down":{"uv":[2,11,6,11.4],"rotation":270,"texture":"#all","cullface":"west"}}},{"from":[-0.5,6,4],"to":[0,7,5],"light_emission":15,"faces":{"north":{"uv":[4,9,4.5,10],"texture":"#all","cullface":"west"},"south":{"uv":[4,9,4.5,10],"texture":"#all","cullface":"west"},"west":{"uv":[4,9,5,10],"texture":"#all","cullface":"west"},"up":{"uv":[4,9,5,9.5],"rotation":270,"texture":"#all","cullface":"west"}}},{"from":[-0.5,5,6],"to":[0,6,7],"light_emission":15,"faces":{"south":{"uv":[6,10,6.5,11],"texture":"#all","cullface":"west"},"west":{"uv":[6,10,7,11],"texture":"#all","cullface":"west"},"up":{"uv":[6,10,7,10.5],"rotation":270,"texture":"#all","cullface":"west"},"down":{"uv":[6,10,7,10.5],"rotation":90,"texture":"#all","cullface":"west"}}},{"from":[-0.7,5,3],"to":[0,6,6],"light_emission":15,"faces":{"north":{"uv":[3,10,3.7,11],"texture":"#all","cullface":"west"},"south":{"uv":[5,10,5.7,11],"texture":"#all","cullface":"west"},"west":{"uv":[3,10,6,11],"texture":"#all","cullface":"west"},"up":{"uv":[3,10,6,10.7],"rotation":90,"texture":"#all","cullface":"west"}}},{"from":[-0.5,1,10],"to":[0,2,11],"light_emission":15,"faces":{"north":{"uv":[10,14,10.5,15],"texture":"#all","cullface":"west"},"south":{"uv":[10,14,10.5,15],"texture":"#all","cullface":"west"},"west":{"uv":[10,14,11,15],"texture":"#all","cullface":"west"},"down":{"uv":[10,14,11,14.5],"rotation":90,"texture":"#all","cullface":"west"}}},{"from":[-0.5,2,12],"to":[0,3,13],"light_emission":15,"faces":{"south":{"uv":[12,13,12.5,14],"texture":"#all","cullface":"west"},"west":{"uv":[12,13,13,14],"texture":"#all","cullface":"west"},"up":{"uv":[12,13,13,13.5],"rotation":270,"texture":"#all","cullface":"west"},"down":{"uv":[12,13,13,13.5],"rotation":90,"texture":"#all","cullface":"west"}}},{"from":[-0.5,2,8],"to":[0,3,9],"light_emission":15,"faces":{"north":{"uv":[8,13,8.5,14],"texture":"#all","cullface":"west"},"west":{"uv":[8,13,9,14],"texture":"#all","cullface":"west"},"up":{"uv":[8,13,9,13.5],"rotation":270,"texture":"#all","cullface":"west"},"down":{"uv":[8,13,9,13.5],"rotation":90,"texture":"#all","cullface":"west"}}},{"from":[-0.7,2,9],"to":[0,3,12],"light_emission":15,"faces":{"north":{"uv":[9,13,9.7,14],"texture":"#all","cullface":"west"},"south":{"uv":[11,13,11.7,14],"texture":"#all","cullface":"west"},"west":{"uv":[9,13,12,14],"texture":"#all","cullface":"west"},"up":{"uv":[9,13,12,13.7],"rotation":90,"texture":"#all","cullface":"west"},"down":{"uv":[9,13,12,13.7],"rotation":270,"texture":"#all","cullface":"west"}}},{"from":[-0.5,3,9],"to":[0,4,12],"light_emission":15,"faces":{"north":{"uv":[9,12,9.7,13],"texture":"#all","cullface":"west"},"south":{"uv":[11,12,11.7,13],"texture":"#all","cullface":"west"},"west":{"uv":[9,12,12,13],"texture":"#all","cullface":"west"},"up":{"uv":[9,12,12,12.7],"rotation":90,"texture":"#all","cullface":"west"}}},{"from":[-0.5,12,11],"to":[0,14,13],"light_emission":15,"faces":{"north":{"uv":[11,2,11.7,4],"texture":"#all","cullface":"west"},"south":{"uv":[12,2,12.7,4],"texture":"#all","cullface":"west"},"west":{"uv":[11,2,13,4],"texture":"#all","cullface":"west"},"up":{"uv":[11,2,13,2.7],"rotation":90,"texture":"#all","cullface":"west"},"down":{"uv":[11,3,13,3.7],"rotation":270,"texture":"#all","cullface":"west"}}},{"from":[-0.5,3,2],"to":[0,4,4],"light_emission":15,"faces":{"north":{"uv":[2,12,2.5,13],"texture":"#all","cullface":"west"},"south":{"uv":[3,12,3.5,13],"texture":"#all","cullface":"west"},"west":{"uv":[2,12,4,13],"texture":"#all","cullface":"west"},"down":{"uv":[2,12,4,12.5],"rotation":270,"texture":"#all","cullface":"west"}}},{"from":[6,12,16],"to":[8,13,16.7],"light_emission":15,"faces":{"east":{"uv":[7,3,7.5,4],"texture":"#all","cullface":"south"},"south":{"uv":[6,3,8,4],"texture":"#all","cullface":"south"},"west":{"uv":[6,3,6.5,4],"texture":"#all","cullface":"south"},"up":{"uv":[6,3,8,3.5],"texture":"#all","cullface":"south"},"down":{"uv":[6,3,8,3.5],"texture":"#all","cullface":"south"}}},{"from":[4,11,16],"to":[6,12,16.7],"light_emission":15,"faces":{"east":{"uv":[5,4,5.5,5],"texture":"#all","cullface":"south"},"south":{"uv":[4,4,6,5],"texture":"#all","cullface":"south"},"west":{"uv":[4,4,4.5,5],"texture":"#all","cullface":"south"},"up":{"uv":[4,4,6,4.5],"texture":"#all","cullface":"south"},"down":{"uv":[4,4,6,4.5],"texture":"#all","cullface":"south"}}},{"from":[6,11,16],"to":[7,12,16.5],"light_emission":15,"faces":{"east":{"uv":[6,4,6.5,5],"texture":"#all","cullface":"south"},"south":{"uv":[6,4,7,5],"texture":"#all","cullface":"south"},"down":{"uv":[6,4,7,4.5],"rotation":180,"texture":"#all","cullface":"south"}}},{"from":[8,12,16],"to":[9,13,16.5],"light_emission":15,"faces":{"east":{"uv":[8,3,8.5,4],"texture":"#all","cullface":"south"},"south":{"uv":[8,3,9,4],"texture":"#all","cullface":"south"},"up":{"uv":[8,3,9,3.5],"rotation":180,"texture":"#all","cullface":"south"},"down":{"uv":[8,3,9,3.5],"rotation":180,"texture":"#all","cullface":"south"}}},{"from":[6,13,16],"to":[8,14,16.5],"light_emission":15,"faces":{"east":{"uv":[7,2,7.5,3],"texture":"#all","cullface":"south"},"south":{"uv":[6,2,8,3],"texture":"#all","cullface":"south"},"west":{"uv":[6,2,6.5,3],"texture":"#all","cullface":"south"},"up":{"uv":[6,2,8,2.5],"texture":"#all","cullface":"south"}}},{"from":[16,4,14],"to":[16.5,5,15],"light_emission":15,"faces":{"east":{"uv":[1,11,2,12],"texture":"#all","cullface":"east"},"south":{"uv":[1,11,1.5,12],"texture":"#all","cullface":"east"},"up":{"uv":[1,11,2,11.5],"rotation":90,"texture":"#all","cullface":"east"},"down":{"uv":[1,11,2,11.5],"rotation":270,"texture":"#all","cullface":"east"}}},{"from":[16,3,12],"to":[16.5,4,14],"light_emission":15,"faces":{"north":{"uv":[3,12,3.5,13],"texture":"#all","cullface":"east"},"east":{"uv":[2,12,4,13],"texture":"#all","cullface":"east"},"south":{"uv":[2,12,2.5,13],"texture":"#all","cullface":"east"},"down":{"uv":[2,12,4,12.5],"rotation":90,"texture":"#all","cullface":"east"}}},{"from":[16,4,10],"to":[16.7,5,14],"light_emission":15,"faces":{"north":{"uv":[5,11,5.4,12],"texture":"#all","cullface":"east"},"east":{"uv":[2,11,6,12],"texture":"#all","cullface":"east"},"south":{"uv":[2,11,2.4,12],"texture":"#all","cullface":"east"},"up":{"uv":[2,11,6,11.4],"rotation":270,"texture":"#all","cullface":"east"},"down":{"uv":[2,11,6,11.4],"rotation":90,"texture":"#all","cullface":"east"}}},{"from":[16,5,9],"to":[16.5,6,10],"light_emission":15,"faces":{"north":{"uv":[6,10,6.5,11],"texture":"#all","cullface":"east"},"east":{"uv":[6,10,7,11],"texture":"#all","cullface":"east"},"up":{"uv":[6,10,7,10.5],"rotation":90,"texture":"#all","cullface":"east"},"down":{"uv":[6,10,7,10.5],"rotation":270,"texture":"#all","cullface":"east"}}},{"from":[16,6,11],"to":[16.5,7,12],"light_emission":15,"faces":{"north":{"uv":[4,9,4.5,10],"texture":"#all","cullface":"east"},"east":{"uv":[4,9,5,10],"texture":"#all","cullface":"east"},"south":{"uv":[4,9,4.5,10],"texture":"#all","cullface":"east"},"up":{"uv":[4,9,5,9.5],"rotation":90,"texture":"#all","cullface":"east"}}},{"from":[16,5,10],"to":[16.7,6,13],"light_emission":15,"faces":{"north":{"uv":[5,10,5.7,11],"texture":"#all","cullface":"east"},"east":{"uv":[3,10,6,11],"texture":"#all","cullface":"east"},"south":{"uv":[3,10,3.7,11],"texture":"#all","cullface":"east"},"up":{"uv":[3,10,6,10.7],"rotation":270,"texture":"#all","cullface":"east"}}},{"from":[16,2,7],"to":[16.5,3,8],"light_emission":15,"faces":{"east":{"uv":[8,13,9,14],"texture":"#all","cullface":"east"},"south":{"uv":[8,13,8.5,14],"texture":"#all","cullface":"east"},"up":{"uv":[8,13,9,13.5],"rotation":90,"texture":"#all","cullface":"east"},"down":{"uv":[8,13,9,13.5],"rotation":270,"texture":"#all","cullface":"east"}}},{"from":[16,1,5],"to":[16.5,2,6],"light_emission":15,"faces":{"north":{"uv":[10,14,10.5,15],"texture":"#all","cullface":"east"},"east":{"uv":[10,14,11,15],"texture":"#all","cullface":"east"},"south":{"uv":[10,14,10.5,15],"texture":"#all","cullface":"east"},"down":{"uv":[10,14,11,14.5],"rotation":270,"texture":"#all","cullface":"east"}}},{"from":[16,2,3],"to":[16.5,3,4],"light_emission":15,"faces":{"north":{"uv":[12,13,12.5,14],"texture":"#all","cullface":"east"},"east":{"uv":[12,13,13,14],"texture":"#all","cullface":"east"},"up":{"uv":[12,13,13,13.5],"rotation":90,"texture":"#all","cullface":"east"},"down":{"uv":[12,13,13,13.5],"rotation":270,"texture":"#all","cullface":"east"}}},{"from":[16,2,4],"to":[16.7,3,7],"light_emission":15,"faces":{"north":{"uv":[11,13,11.7,14],"texture":"#all","cullface":"east"},"east":{"uv":[9,13,12,14],"texture":"#all","cullface":"east"},"south":{"uv":[9,13,9.7,14],"texture":"#all","cullface":"east"},"up":{"uv":[9,13,12,13.7],"rotation":270,"texture":"#all","cullface":"east"},"down":{"uv":[9,13,12,13.7],"rotation":90,"texture":"#all","cullface":"east"}}},{"from":[16,3,4],"to":[16.5,4,7],"light_emission":15,"faces":{"north":{"uv":[11,12,11.7,13],"texture":"#all","cullface":"east"},"east":{"uv":[9,12,12,13],"texture":"#all","cullface":"east"},"south":{"uv":[9,12,9.7,13],"texture":"#all","cullface":"east"},"up":{"uv":[9,12,12,12.7],"rotation":270,"texture":"#all","cullface":"east"}}},{"from":[16,7,2],"to":[16.5,8,3],"light_emission":15,"faces":{"north":{"uv":[13,8,13.5,9],"texture":"#all","cullface":"east"},"east":{"uv":[13,8,14,9],"texture":"#all","cullface":"east"},"up":{"uv":[13,8,14,8.5],"rotation":90,"texture":"#all","cullface":"east"},"down":{"uv":[13,8,14,8.5],"rotation":270,"texture":"#all","cullface":"east"}}},{"from":[16,6,3],"to":[16.5,7,6],"light_emission":15,"faces":{"north":{"uv":[12,9,12.7,10],"texture":"#all","cullface":"east"},"east":{"uv":[10,9,13,10],"texture":"#all","cullface":"east"},"south":{"uv":[10,9,10.7,10],"texture":"#all","cullface":"east"},"down":{"uv":[10,9,13,9.7],"rotation":90,"texture":"#all","cullface":"east"}}},{"from":[16,7,3],"to":[16.7,8,6],"light_emission":15,"faces":{"north":{"uv":[12,8,12.7,9],"texture":"#all","cullface":"east"},"east":{"uv":[10,8,13,9],"texture":"#all","cullface":"east"},"south":{"uv":[10,8,10.7,9],"texture":"#all","cullface":"east"},"up":{"uv":[10,8,13,8.7],"rotation":270,"texture":"#all","cullface":"east"},"down":{"uv":[10,8,13,8.7],"rotation":90,"texture":"#all","cullface":"east"}}},{"from":[16,7,6],"to":[16.5,8,7],"light_emission":15,"faces":{"east":{"uv":[9,8,10,9],"texture":"#all","cullface":"east"},"south":{"uv":[9,8,9.5,9],"texture":"#all","cullface":"east"},"down":{"uv":[9,8,10,8.5],"rotation":270,"texture":"#all","cullface":"east"}}},{"from":[16,8,5],"to":[16.5,9,6],"light_emission":15,"faces":{"north":{"uv":[10,7,10.5,8],"texture":"#all","cullface":"east"},"east":{"uv":[10,7,11,8],"texture":"#all","cullface":"east"},"up":{"uv":[10,7,11,7.5],"rotation":90,"texture":"#all","cullface":"east"}}},{"from":[16,8,6],"to":[16.7,9,9],"light_emission":15,"faces":{"north":{"uv":[9,7,9.7,8],"texture":"#all","cullface":"east"},"east":{"uv":[7,7,10,8],"texture":"#all","cullface":"east"},"south":{"uv":[7,7,7.7,8],"texture":"#all","cullface":"east"},"up":{"uv":[7,7,10,7.7],"rotation":270,"texture":"#all","cullface":"east"},"down":{"uv":[7,7,10,7.7],"rotation":90,"texture":"#all","cullface":"east"}}},{"from":[16,8,9],"to":[16.5,9,10],"light_emission":15,"faces":{"east":{"uv":[6,7,7,8],"texture":"#all","cullface":"east"},"south":{"uv":[6,7,6.5,8],"texture":"#all","cullface":"east"},"up":{"uv":[6,7,7,7.5],"rotation":90,"texture":"#all","cullface":"east"},"down":{"uv":[6,7,7,7.5],"rotation":270,"texture":"#all","cullface":"east"}}},{"from":[16,9,7],"to":[16.5,10,9],"light_emission":15,"faces":{"north":{"uv":[8,6,8.5,7],"texture":"#all","cullface":"east"},"east":{"uv":[7,6,9,7],"texture":"#all","cullface":"east"},"south":{"uv":[7,6,7.5,7],"texture":"#all","cullface":"east"},"up":{"uv":[7,6,9,6.5],"rotation":270,"texture":"#all","cullface":"east"}}},{"from":[16,12,3],"to":[16.5,14,5],"light_emission":15,"faces":{"north":{"uv":[12,2,12.7,4],"texture":"#all","cullface":"east"},"east":{"uv":[11,2,13,4],"texture":"#all","cullface":"east"},"south":{"uv":[11,2,11.7,4],"texture":"#all","cullface":"east"},"up":{"uv":[11,2,13,2.7],"rotation":270,"texture":"#all","cullface":"east"},"down":{"uv":[11,3,13,3.7],"rotation":90,"texture":"#all","cullface":"east"}}},{"from":[16,12,7],"to":[16.5,13,8],"light_emission":15,"faces":{"north":{"uv":[8,3,8.5,4],"texture":"#all","cullface":"east"},"east":{"uv":[8,3,9,4],"texture":"#all","cullface":"east"},"up":{"uv":[8,3,9,3.5],"rotation":90,"texture":"#all","cullface":"east"},"down":{"uv":[8,3,9,3.5],"rotation":270,"texture":"#all","cullface":"east"}}},{"from":[16,11,9],"to":[16.5,12,10],"light_emission":15,"faces":{"north":{"uv":[6,4,6.5,5],"texture":"#all","cullface":"east"},"east":{"uv":[6,4,7,5],"texture":"#all","cullface":"east"},"down":{"uv":[6,4,7,4.5],"rotation":270,"texture":"#all","cullface":"east"}}},{"from":[16,11,12],"to":[16.5,12,14],"light_emission":15,"faces":{"east":{"uv":[2,4,4,5],"texture":"#all","cullface":"east"},"south":{"uv":[2,4,2.5,5],"texture":"#all","cullface":"east"},"up":{"uv":[2,4,4,4.5],"rotation":270,"texture":"#all","cullface":"east"},"down":{"uv":[2,4,4,4.5],"rotation":90,"texture":"#all","cullface":"east"}}},{"from":[16,11,10],"to":[16.7,12,12],"light_emission":15,"faces":{"north":{"uv":[5,4,5.5,5],"texture":"#all","cullface":"east"},"east":{"uv":[4,4,6,5],"texture":"#all","cullface":"east"},"south":{"uv":[4,4,4.5,5],"texture":"#all","cullface":"east"},"up":{"uv":[4,4,6,4.5],"rotation":270,"texture":"#all","cullface":"east"},"down":{"uv":[4,4,6,4.5],"rotation":90,"texture":"#all","cullface":"east"}}},{"from":[16,12,10],"to":[16.5,13,12],"light_emission":15,"faces":{"east":{"uv":[4,3,6,4],"texture":"#all","cullface":"east"},"south":{"uv":[4,3,4.5,4],"texture":"#all","cullface":"east"},"up":{"uv":[4,3,6,3.5],"rotation":270,"texture":"#all","cullface":"east"}}},{"from":[16,12,8],"to":[16.7,13,10],"light_emission":15,"faces":{"north":{"uv":[7,3,7.5,4],"texture":"#all","cullface":"east"},"east":{"uv":[6,3,8,4],"texture":"#all","cullface":"east"},"south":{"uv":[6,3,6.5,4],"texture":"#all","cullface":"east"},"up":{"uv":[6,3,8,3.5],"rotation":270,"texture":"#all","cullface":"east"},"down":{"uv":[6,3,8,3.5],"rotation":90,"texture":"#all","cullface":"east"}}},{"from":[16,13,8],"to":[16.5,14,10],"light_emission":15,"faces":{"north":{"uv":[7,2,7.5,3],"texture":"#all","cullface":"east"},"east":{"uv":[6,2,8,3],"texture":"#all","cullface":"east"},"south":{"uv":[6,2,6.5,3],"texture":"#all","cullface":"east"},"up":{"uv":[6,2,8,2.5],"rotation":270,"texture":"#all","cullface":"east"}}},{"from":[1,16,11],"to":[2,16.5,12],"light_emission":15,"faces":{"north":{"uv":[1,11,2,11.5],"texture":"#all","cullface":"up"},"south":{"uv":[1,11,2,11.5],"rotation":180,"texture":"#all","cullface":"up"},"west":{"uv":[1,11,1.5,12],"rotation":270,"texture":"#all","cullface":"up"},"up":{"uv":[1,11,2,12],"texture":"#all","cullface":"up"}}},{"from":[2,16,12],"to":[4,16.5,13],"light_emission":15,"faces":{"east":{"uv":[3,12,3.5,13],"rotation":90,"texture":"#all","cullface":"up"},"south":{"uv":[2,12,4,12.5],"texture":"#all","cullface":"up"},"west":{"uv":[2,12,2.5,13],"rotation":270,"texture":"#all","cullface":"up"},"up":{"uv":[2,12,4,13],"texture":"#all","cullface":"up"}}},{"from":[2,16,11],"to":[6,16.7,12],"light_emission":15,"faces":{"north":{"uv":[2,11,6,11.4],"rotation":180,"texture":"#all","cullface":"up"},"east":{"uv":[5,11,5.4,12],"rotation":90,"texture":"#all","cullface":"up"},"south":{"uv":[2,11,6,11.4],"texture":"#all","cullface":"up"},"west":{"uv":[2,11,2.4,12],"rotation":270,"texture":"#all","cullface":"up"},"up":{"uv":[2,11,6,12],"texture":"#all","cullface":"up"}}},{"from":[6,16,10],"to":[7,16.5,11],"light_emission":15,"faces":{"north":{"uv":[6,10,7,10.5],"texture":"#all","cullface":"up"},"east":{"uv":[6,10,6.5,11],"rotation":90,"texture":"#all","cullface":"up"},"south":{"uv":[6,10,7,10.5],"rotation":180,"texture":"#all","cullface":"up"},"up":{"uv":[6,10,7,11],"texture":"#all","cullface":"up"}}},{"from":[4,16,9],"to":[5,16.5,10],"light_emission":15,"faces":{"north":{"uv":[4,9,5,9.5],"texture":"#all","cullface":"up"},"east":{"uv":[4,9,4.5,10],"rotation":90,"texture":"#all","cullface":"up"},"west":{"uv":[4,9,4.5,10],"rotation":270,"texture":"#all","cullface":"up"},"up":{"uv":[4,9,5,10],"texture":"#all","cullface":"up"}}},{"from":[3,16,10],"to":[6,16.7,11],"light_emission":15,"faces":{"north":{"uv":[3,10,6,10.7],"rotation":180,"texture":"#all","cullface":"up"},"east":{"uv":[5,10,5.7,11],"rotation":90,"texture":"#all","cullface":"up"},"west":{"uv":[3,10,3.7,11],"rotation":270,"texture":"#all","cullface":"up"},"up":{"uv":[3,10,6,11],"texture":"#all","cullface":"up"}}},{"from":[8,16,13],"to":[9,16.5,14],"light_emission":15,"faces":{"north":{"uv":[8,13,9,13.5],"texture":"#all","cullface":"up"},"south":{"uv":[8,13,9,13.5],"rotation":180,"texture":"#all","cullface":"up"},"west":{"uv":[8,13,8.5,14],"rotation":270,"texture":"#all","cullface":"up"},"up":{"uv":[8,13,9,14],"texture":"#all","cullface":"up"}}},{"from":[10,16,14],"to":[11,16.5,15],"light_emission":15,"faces":{"east":{"uv":[10,14,10.5,15],"rotation":90,"texture":"#all","cullface":"up"},"south":{"uv":[10,14,11,14.5],"rotation":180,"texture":"#all","cullface":"up"},"west":{"uv":[10,14,10.5,15],"rotation":270,"texture":"#all","cullface":"up"},"up":{"uv":[10,14,11,15],"texture":"#all","cullface":"up"}}},{"from":[12,16,13],"to":[13,16.5,14],"light_emission":15,"faces":{"north":{"uv":[12,13,13,13.5],"texture":"#all","cullface":"up"},"east":{"uv":[12,13,12.5,14],"rotation":90,"texture":"#all","cullface":"up"},"south":{"uv":[12,13,13,13.5],"rotation":180,"texture":"#all","cullface":"up"},"up":{"uv":[12,13,13,14],"texture":"#all","cullface":"up"}}},{"from":[9,16,13],"to":[12,16.7,14],"light_emission":15,"faces":{"north":{"uv":[9,13,12,13.7],"rotation":180,"texture":"#all","cullface":"up"},"east":{"uv":[11,13,11.7,14],"rotation":90,"texture":"#all","cullface":"up"},"south":{"uv":[9,13,12,13.7],"texture":"#all","cullface":"up"},"west":{"uv":[9,13,9.7,14],"rotation":270,"texture":"#all","cullface":"up"},"up":{"uv":[9,13,12,14],"texture":"#all","cullface":"up"}}},{"from":[9,16,12],"to":[12,16.5,13],"light_emission":15,"faces":{"north":{"uv":[9,12,12,12.7],"rotation":180,"texture":"#all","cullface":"up"},"east":{"uv":[11,12,11.7,13],"rotation":90,"texture":"#all","cullface":"up"},"west":{"uv":[9,12,9.7,13],"rotation":270,"texture":"#all","cullface":"up"},"up":{"uv":[9,12,12,13],"texture":"#all","cullface":"up"}}},{"from":[13,16,8],"to":[14,16.5,9],"light_emission":15,"faces":{"north":{"uv":[13,8,14,8.5],"texture":"#all","cullface":"up"},"east":{"uv":[13,8,13.5,9],"rotation":90,"texture":"#all","cullface":"up"},"south":{"uv":[13,8,14,8.5],"rotation":180,"texture":"#all","cullface":"up"},"up":{"uv":[13,8,14,9],"texture":"#all","cullface":"up"}}},{"from":[10,16,9],"to":[13,16.5,10],"light_emission":15,"faces":{"east":{"uv":[12,9,12.7,10],"rotation":90,"texture":"#all","cullface":"up"},"south":{"uv":[10,9,13,9.7],"texture":"#all","cullface":"up"},"west":{"uv":[10,9,10.7,10],"rotation":270,"texture":"#all","cullface":"up"},"up":{"uv":[10,9,13,10],"texture":"#all","cullface":"up"}}},{"from":[10,16,8],"to":[13,16.7,9],"light_emission":15,"faces":{"north":{"uv":[10,8,13,8.7],"rotation":180,"texture":"#all","cullface":"up"},"east":{"uv":[12,8,12.7,9],"rotation":90,"texture":"#all","cullface":"up"},"south":{"uv":[10,8,13,8.7],"texture":"#all","cullface":"up"},"west":{"uv":[10,8,10.7,9],"rotation":270,"texture":"#all","cullface":"up"},"up":{"uv":[10,8,13,9],"texture":"#all","cullface":"up"}}},{"from":[9,16,8],"to":[10,16.5,9],"light_emission":15,"faces":{"south":{"uv":[9,8,10,8.5],"rotation":180,"texture":"#all","cullface":"up"},"west":{"uv":[9,8,9.5,9],"rotation":270,"texture":"#all","cullface":"up"},"up":{"uv":[9,8,10,9],"texture":"#all","cullface":"up"}}},{"from":[10,16,7],"to":[11,16.5,8],"light_emission":15,"faces":{"north":{"uv":[10,7,11,7.5],"texture":"#all","cullface":"up"},"east":{"uv":[10,7,10.5,8],"rotation":90,"texture":"#all","cullface":"up"},"up":{"uv":[10,7,11,8],"texture":"#all","cullface":"up"}}},{"from":[7,16,7],"to":[10,16.7,8],"light_emission":15,"faces":{"north":{"uv":[7,7,10,7.7],"rotation":180,"texture":"#all","cullface":"up"},"east":{"uv":[9,7,9.7,8],"rotation":90,"texture":"#all","cullface":"up"},"south":{"uv":[7,7,10,7.7],"texture":"#all","cullface":"up"},"west":{"uv":[7,7,7.7,8],"rotation":270,"texture":"#all","cullface":"up"},"up":{"uv":[7,7,10,8],"texture":"#all","cullface":"up"}}},{"from":[6,16,7],"to":[7,16.5,8],"light_emission":15,"faces":{"north":{"uv":[6,7,7,7.5],"texture":"#all","cullface":"up"},"south":{"uv":[6,7,7,7.5],"rotation":180,"texture":"#all","cullface":"up"},"west":{"uv":[6,7,6.5,8],"rotation":270,"texture":"#all","cullface":"up"},"up":{"uv":[6,7,7,8],"texture":"#all","cullface":"up"}}},{"from":[7,16,6],"to":[9,16.5,7],"light_emission":15,"faces":{"north":{"uv":[7,6,9,6.5],"rotation":180,"texture":"#all","cullface":"up"},"east":{"uv":[8,6,8.5,7],"rotation":90,"texture":"#all","cullface":"up"},"west":{"uv":[7,6,7.5,7],"rotation":270,"texture":"#all","cullface":"up"},"up":{"uv":[7,6,9,7],"texture":"#all","cullface":"up"}}},{"from":[11,16,2],"to":[13,16.5,4],"light_emission":15,"faces":{"north":{"uv":[11,2,13,2.7],"rotation":180,"texture":"#all","cullface":"up"},"east":{"uv":[12,2,12.7,4],"rotation":90,"texture":"#all","cullface":"up"},"south":{"uv":[11,3,13,3.7],"texture":"#all","cullface":"up"},"west":{"uv":[11,2,11.7,4],"rotation":270,"texture":"#all","cullface":"up"},"up":{"uv":[11,2,13,4],"texture":"#all","cullface":"up"}}},{"from":[8,16,3],"to":[9,16.5,4],"light_emission":15,"faces":{"north":{"uv":[8,3,9,3.5],"texture":"#all","cullface":"up"},"east":{"uv":[8,3,8.5,4],"rotation":90,"texture":"#all","cullface":"up"},"south":{"uv":[8,3,9,3.5],"rotation":180,"texture":"#all","cullface":"up"},"up":{"uv":[8,3,9,4],"texture":"#all","cullface":"up"}}},{"from":[6,16,4],"to":[7,16.5,5],"light_emission":15,"faces":{"east":{"uv":[6,4,6.5,5],"rotation":90,"texture":"#all","cullface":"up"},"south":{"uv":[6,4,7,4.5],"rotation":180,"texture":"#all","cullface":"up"},"up":{"uv":[6,4,7,5],"texture":"#all","cullface":"up"}}},{"from":[2,16,4],"to":[4,16.5,5],"light_emission":15,"faces":{"north":{"uv":[2,4,4,4.5],"rotation":180,"texture":"#all","cullface":"up"},"south":{"uv":[2,4,4,4.5],"texture":"#all","cullface":"up"},"west":{"uv":[2,4,2.5,5],"rotation":270,"texture":"#all","cullface":"up"},"up":{"uv":[2,4,4,5],"texture":"#all","cullface":"up"}}},{"from":[4,16,4],"to":[6,16.7,5],"light_emission":15,"faces":{"north":{"uv":[4,4,6,4.5],"rotation":180,"texture":"#all","cullface":"up"},"east":{"uv":[5,4,5.5,5],"rotation":90,"texture":"#all","cullface":"up"},"south":{"uv":[4,4,6,4.5],"texture":"#all","cullface":"up"},"west":{"uv":[4,4,4.5,5],"rotation":270,"texture":"#all","cullface":"up"},"up":{"uv":[4,4,6,5],"texture":"#all","cullface":"up"}}},{"from":[4,16,3],"to":[6,16.5,4],"light_emission":15,"faces":{"north":{"uv":[4,3,6,3.5],"rotation":180,"texture":"#all","cullface":"up"},"west":{"uv":[4,3,4.5,4],"rotation":270,"texture":"#all","cullface":"up"},"up":{"uv":[4,3,6,4],"texture":"#all","cullface":"up"}}},{"from":[6,16,3],"to":[8,16.7,4],"light_emission":15,"faces":{"north":{"uv":[6,3,8,3.5],"rotation":180,"texture":"#all","cullface":"up"},"east":{"uv":[7,3,7.5,4],"rotation":90,"texture":"#all","cullface":"up"},"south":{"uv":[6,3,8,3.5],"texture":"#all","cullface":"up"},"west":{"uv":[6,3,6.5,4],"rotation":270,"texture":"#all","cullface":"up"},"up":{"uv":[6,3,8,4],"texture":"#all","cullface":"up"}}},{"from":[6,16,2],"to":[8,16.5,3],"light_emission":15,"faces":{"north":{"uv":[6,2,8,2.5],"rotation":180,"texture":"#all","cullface":"up"},"east":{"uv":[7,2,7.5,3],"rotation":90,"texture":"#all","cullface":"up"},"west":{"uv":[6,2,6.5,3],"rotation":270,"texture":"#all","cullface":"up"},"up":{"uv":[6,2,8,3],"texture":"#all","cullface":"up"}}},{"from":[1,-0.5,4],"to":[2,0,5],"light_emission":15,"faces":{"north":{"uv":[1,11,2,11.5],"texture":"#all","cullface":"down"},"south":{"uv":[1,11,2,11.5],"rotation":180,"texture":"#all","cullface":"down"},"west":{"uv":[1,11,1.5,12],"rotation":90,"texture":"#all","cullface":"down"},"down":{"uv":[1,11,2,12],"texture":"#all","cullface":"down"}}},{"from":[2,-0.5,3],"to":[4,0,4],"light_emission":15,"faces":{"north":{"uv":[2,12,4,12.5],"rotation":180,"texture":"#all","cullface":"down"},"east":{"uv":[3,12,3.5,13],"rotation":270,"texture":"#all","cullface":"down"},"west":{"uv":[2,12,2.5,13],"rotation":90,"texture":"#all","cullface":"down"},"down":{"uv":[2,12,4,13],"texture":"#all","cullface":"down"}}},{"from":[2,-0.7,4],"to":[6,0,5],"light_emission":15,"faces":{"north":{"uv":[2,11,6,11.4],"rotation":180,"texture":"#all","cullface":"down"},"east":{"uv":[5,11,5.4,12],"rotation":270,"texture":"#all","cullface":"down"},"south":{"uv":[2,11,6,11.4],"texture":"#all","cullface":"down"},"west":{"uv":[2,11,2.4,12],"rotation":90,"texture":"#all","cullface":"down"},"down":{"uv":[2,11,6,12],"texture":"#all","cullface":"down"}}},{"from":[6,-0.5,5],"to":[7,0,6],"light_emission":15,"faces":{"north":{"uv":[6,10,7,10.5],"texture":"#all","cullface":"down"},"east":{"uv":[6,10,6.5,11],"rotation":270,"texture":"#all","cullface":"down"},"south":{"uv":[6,10,7,10.5],"rotation":180,"texture":"#all","cullface":"down"},"down":{"uv":[6,10,7,11],"texture":"#all","cullface":"down"}}},{"from":[4,-0.5,6],"to":[5,0,7],"light_emission":15,"faces":{"east":{"uv":[4,9,4.5,10],"rotation":270,"texture":"#all","cullface":"down"},"south":{"uv":[4,9,5,9.5],"rotation":180,"texture":"#all","cullface":"down"},"west":{"uv":[4,9,4.5,10],"rotation":90,"texture":"#all","cullface":"down"},"down":{"uv":[4,9,5,10],"texture":"#all","cullface":"down"}}},{"from":[3,-0.7,5],"to":[6,0,6],"light_emission":15,"faces":{"east":{"uv":[5,10,5.7,11],"rotation":270,"texture":"#all","cullface":"down"},"south":{"uv":[3,10,6,10.7],"texture":"#all","cullface":"down"},"west":{"uv":[3,10,3.7,11],"rotation":90,"texture":"#all","cullface":"down"},"down":{"uv":[3,10,6,11],"texture":"#all","cullface":"down"}}},{"from":[8,-0.5,2],"to":[9,0,3],"light_emission":15,"faces":{"north":{"uv":[8,13,9,13.5],"texture":"#all","cullface":"down"},"south":{"uv":[8,13,9,13.5],"rotation":180,"texture":"#all","cullface":"down"},"west":{"uv":[8,13,8.5,14],"rotation":90,"texture":"#all","cullface":"down"},"down":{"uv":[8,13,9,14],"texture":"#all","cullface":"down"}}},{"from":[10,-0.5,1],"to":[11,0,2],"light_emission":15,"faces":{"north":{"uv":[10,14,11,14.5],"texture":"#all","cullface":"down"},"east":{"uv":[10,14,10.5,15],"rotation":270,"texture":"#all","cullface":"down"},"west":{"uv":[10,14,10.5,15],"rotation":90,"texture":"#all","cullface":"down"},"down":{"uv":[10,14,11,15],"texture":"#all","cullface":"down"}}},{"from":[12,-0.5,2],"to":[13,0,3],"light_emission":15,"faces":{"north":{"uv":[12,13,13,13.5],"texture":"#all","cullface":"down"},"east":{"uv":[12,13,12.5,14],"rotation":270,"texture":"#all","cullface":"down"},"south":{"uv":[12,13,13,13.5],"rotation":180,"texture":"#all","cullface":"down"},"down":{"uv":[12,13,13,14],"texture":"#all","cullface":"down"}}},{"from":[9,-0.7,2],"to":[12,0,3],"light_emission":15,"faces":{"north":{"uv":[9,13,12,13.7],"rotation":180,"texture":"#all","cullface":"down"},"east":{"uv":[11,13,11.7,14],"rotation":270,"texture":"#all","cullface":"down"},"south":{"uv":[9,13,12,13.7],"texture":"#all","cullface":"down"},"west":{"uv":[9,13,9.7,14],"rotation":90,"texture":"#all","cullface":"down"},"down":{"uv":[9,13,12,14],"texture":"#all","cullface":"down"}}},{"from":[9,-0.5,3],"to":[12,0,4],"light_emission":15,"faces":{"east":{"uv":[11,12,11.7,13],"rotation":270,"texture":"#all","cullface":"down"},"south":{"uv":[9,12,12,12.7],"texture":"#all","cullface":"down"},"west":{"uv":[9,12,9.7,13],"rotation":90,"texture":"#all","cullface":"down"},"down":{"uv":[9,12,12,13],"texture":"#all","cullface":"down"}}},{"from":[13,-0.5,7],"to":[14,0,8],"light_emission":15,"faces":{"north":{"uv":[13,8,14,8.5],"texture":"#all","cullface":"down"},"east":{"uv":[13,8,13.5,9],"rotation":270,"texture":"#all","cullface":"down"},"south":{"uv":[13,8,14,8.5],"rotation":180,"texture":"#all","cullface":"down"},"down":{"uv":[13,8,14,9],"texture":"#all","cullface":"down"}}},{"from":[10,-0.5,6],"to":[13,0,7],"light_emission":15,"faces":{"north":{"uv":[10,9,13,9.7],"rotation":180,"texture":"#all","cullface":"down"},"east":{"uv":[12,9,12.7,10],"rotation":270,"texture":"#all","cullface":"down"},"west":{"uv":[10,9,10.7,10],"rotation":90,"texture":"#all","cullface":"down"},"down":{"uv":[10,9,13,10],"texture":"#all","cullface":"down"}}},{"from":[10,-0.7,7],"to":[13,0,8],"light_emission":15,"faces":{"north":{"uv":[10,8,13,8.7],"rotation":180,"texture":"#all","cullface":"down"},"east":{"uv":[12,8,12.7,9],"rotation":270,"texture":"#all","cullface":"down"},"south":{"uv":[10,8,13,8.7],"texture":"#all","cullface":"down"},"west":{"uv":[10,8,10.7,9],"rotation":90,"texture":"#all","cullface":"down"},"down":{"uv":[10,8,13,9],"texture":"#all","cullface":"down"}}},{"from":[9,-0.5,7],"to":[10,0,8],"light_emission":15,"faces":{"north":{"uv":[9,8,10,8.5],"texture":"#all","cullface":"down"},"west":{"uv":[9,8,9.5,9],"rotation":90,"texture":"#all","cullface":"down"},"down":{"uv":[9,8,10,9],"texture":"#all","cullface":"down"}}},{"from":[10,-0.5,8],"to":[11,0,9],"light_emission":15,"faces":{"east":{"uv":[10,7,10.5,8],"rotation":270,"texture":"#all","cullface":"down"},"south":{"uv":[10,7,11,7.5],"rotation":180,"texture":"#all","cullface":"down"},"down":{"uv":[10,7,11,8],"texture":"#all","cullface":"down"}}},{"from":[7,-0.7,8],"to":[10,0,9],"light_emission":15,"faces":{"north":{"uv":[7,7,10,7.7],"rotation":180,"texture":"#all","cullface":"down"},"east":{"uv":[9,7,9.7,8],"rotation":270,"texture":"#all","cullface":"down"},"south":{"uv":[7,7,10,7.7],"texture":"#all","cullface":"down"},"west":{"uv":[7,7,7.7,8],"rotation":90,"texture":"#all","cullface":"down"},"down":{"uv":[7,7,10,8],"texture":"#all","cullface":"down"}}},{"from":[6,-0.5,8],"to":[7,0,9],"light_emission":15,"faces":{"north":{"uv":[6,7,7,7.5],"texture":"#all","cullface":"down"},"south":{"uv":[6,7,7,7.5],"rotation":180,"texture":"#all","cullface":"down"},"west":{"uv":[6,7,6.5,8],"rotation":90,"texture":"#all","cullface":"down"},"down":{"uv":[6,7,7,8],"texture":"#all","cullface":"down"}}},{"from":[7,-0.5,9],"to":[9,0,10],"light_emission":15,"faces":{"east":{"uv":[8,6,8.5,7],"rotation":270,"texture":"#all","cullface":"down"},"south":{"uv":[7,6,9,6.5],"texture":"#all","cullface":"down"},"west":{"uv":[7,6,7.5,7],"rotation":90,"texture":"#all","cullface":"down"},"down":{"uv":[7,6,9,7],"texture":"#all","cullface":"down"}}},{"from":[11,-0.5,12],"to":[13,0,14],"light_emission":15,"faces":{"north":{"uv":[11,3,13,3.7],"rotation":180,"texture":"#all","cullface":"down"},"east":{"uv":[12,2,12.7,4],"rotation":270,"texture":"#all","cullface":"down"},"south":{"uv":[11,2,13,2.7],"texture":"#all","cullface":"down"},"west":{"uv":[11,2,11.7,4],"rotation":90,"texture":"#all","cullface":"down"},"down":{"uv":[11,2,13,4],"texture":"#all","cullface":"down"}}},{"from":[8,-0.5,12],"to":[9,0,13],"light_emission":15,"faces":{"north":{"uv":[8,3,9,3.5],"texture":"#all","cullface":"down"},"east":{"uv":[8,3,8.5,4],"rotation":270,"texture":"#all","cullface":"down"},"south":{"uv":[8,3,9,3.5],"rotation":180,"texture":"#all","cullface":"down"},"down":{"uv":[8,3,9,4],"texture":"#all","cullface":"down"}}},{"from":[6,-0.5,11],"to":[7,0,12],"light_emission":15,"faces":{"north":{"uv":[6,4,7,4.5],"texture":"#all","cullface":"down"},"east":{"uv":[6,4,6.5,5],"rotation":270,"texture":"#all","cullface":"down"},"down":{"uv":[6,4,7,5],"texture":"#all","cullface":"down"}}},{"from":[2,-0.5,11],"to":[4,0,12],"light_emission":15,"faces":{"north":{"uv":[2,4,4,4.5],"rotation":180,"texture":"#all","cullface":"down"},"south":{"uv":[2,4,4,4.5],"texture":"#all","cullface":"down"},"west":{"uv":[2,4,2.5,5],"rotation":90,"texture":"#all","cullface":"down"},"down":{"uv":[2,4,4,5],"texture":"#all","cullface":"down"}}},{"from":[4,-0.7,11],"to":[6,0,12],"light_emission":15,"faces":{"north":{"uv":[4,4,6,4.5],"rotation":180,"texture":"#all","cullface":"down"},"east":{"uv":[5,4,5.5,5],"rotation":270,"texture":"#all","cullface":"down"},"south":{"uv":[4,4,6,4.5],"texture":"#all","cullface":"down"},"west":{"uv":[4,4,4.5,5],"rotation":90,"texture":"#all","cullface":"down"},"down":{"uv":[4,4,6,5],"texture":"#all","cullface":"down"}}},{"from":[4,-0.5,12],"to":[6,0,13],"light_emission":15,"faces":{"south":{"uv":[4,3,6,3.5],"texture":"#all","cullface":"down"},"west":{"uv":[4,3,4.5,4],"rotation":90,"texture":"#all","cullface":"down"},"down":{"uv":[4,3,6,4],"texture":"#all","cullface":"down"}}},{"from":[6,-0.7,12],"to":[8,0,13],"light_emission":15,"faces":{"north":{"uv":[6,3,8,3.5],"rotation":180,"texture":"#all","cullface":"down"},"east":{"uv":[7,3,7.5,4],"rotation":270,"texture":"#all","cullface":"down"},"south":{"uv":[6,3,8,3.5],"texture":"#all","cullface":"down"},"west":{"uv":[6,3,6.5,4],"rotation":90,"texture":"#all","cullface":"down"},"down":{"uv":[6,3,8,4],"texture":"#all","cullface":"down"}}},{"from":[6,-0.5,13],"to":[8,0,14],"light_emission":15,"faces":{"east":{"uv":[7,2,7.5,3],"rotation":270,"texture":"#all","cullface":"down"},"south":{"uv":[6,2,8,2.5],"texture":"#all","cullface":"down"},"west":{"uv":[6,2,6.5,3],"rotation":90,"texture":"#all","cullface":"down"},"down":{"uv":[6,2,8,3],"texture":"#all","cullface":"down"}}},{"from":[2,11,16],"to":[4,12,16.5],"light_emission":15,"faces":{"south":{"uv":[2,4,4,5],"texture":"#all","cullface":"south"},"west":{"uv":[2,4,2.5,5],"texture":"#all","cullface":"south"},"up":{"uv":[2,4,4,4.5],"texture":"#all","cullface":"south"},"down":{"uv":[2,4,4,4.5],"texture":"#all","cullface":"south"}}},{"from":[4,12,16],"to":[6,13,16.5],"light_emission":15,"faces":{"south":{"uv":[4,3,6,4],"texture":"#all","cullface":"south"},"west":{"uv":[4,3,4.5,4],"texture":"#all","cullface":"south"},"up":{"uv":[4,3,6,3.5],"texture":"#all","cullface":"south"}}},{"from":[7,9,16],"to":[9,10,16.5],"light_emission":15,"faces":{"east":{"uv":[8,6,8.5,7],"texture":"#all","cullface":"south"},"south":{"uv":[7,6,9,7],"texture":"#all","cullface":"south"},"west":{"uv":[7,6,7.5,7],"texture":"#all","cullface":"south"},"up":{"uv":[7,6,9,6.5],"texture":"#all","cullface":"south"}}},{"from":[7,8,16],"to":[10,9,16.7],"light_emission":15,"faces":{"east":{"uv":[9,7,9.7,8],"texture":"#all","cullface":"south"},"south":{"uv":[7,7,10,8],"texture":"#all","cullface":"south"},"west":{"uv":[7,7,7.7,8],"texture":"#all","cullface":"south"},"up":{"uv":[7,7,10,7.7],"texture":"#all","cullface":"south"},"down":{"uv":[7,7,10,7.7],"texture":"#all","cullface":"south"}}},{"from":[6,8,16],"to":[7,9,16.5],"light_emission":15,"faces":{"south":{"uv":[6,7,7,8],"texture":"#all","cullface":"south"},"west":{"uv":[6,7,6.5,8],"texture":"#all","cullface":"south"},"up":{"uv":[6,7,7,7.5],"rotation":180,"texture":"#all","cullface":"south"},"down":{"uv":[6,7,7,7.5],"rotation":180,"texture":"#all","cullface":"south"}}},{"from":[10,8,16],"to":[11,9,16.5],"light_emission":15,"faces":{"east":{"uv":[10,7,10.5,8],"texture":"#all","cullface":"south"},"south":{"uv":[10,7,11,8],"texture":"#all","cullface":"south"},"up":{"uv":[10,7,11,7.5],"rotation":180,"texture":"#all","cullface":"south"}}},{"from":[9,7,16],"to":[10,8,16.5],"light_emission":15,"faces":{"south":{"uv":[9,8,10,9],"texture":"#all","cullface":"south"},"west":{"uv":[9,8,9.5,9],"texture":"#all","cullface":"south"},"down":{"uv":[9,8,10,8.5],"rotation":180,"texture":"#all","cullface":"south"}}},{"from":[13,7,16],"to":[14,8,16.5],"light_emission":15,"faces":{"east":{"uv":[13,8,13.5,9],"texture":"#all","cullface":"south"},"south":{"uv":[13,8,14,9],"texture":"#all","cullface":"south"},"up":{"uv":[13,8,14,8.5],"rotation":180,"texture":"#all","cullface":"south"},"down":{"uv":[13,8,14,8.5],"rotation":180,"texture":"#all","cullface":"south"}}},{"from":[10,6,16],"to":[13,7,16.5],"light_emission":15,"faces":{"east":{"uv":[12,9,12.7,10],"texture":"#all","cullface":"south"},"south":{"uv":[10,9,13,10],"texture":"#all","cullface":"south"},"west":{"uv":[10,9,10.7,10],"texture":"#all","cullface":"south"},"down":{"uv":[10,9,13,9.7],"texture":"#all","cullface":"south"}}},{"from":[10,7,16],"to":[13,8,16.7],"light_emission":15,"faces":{"east":{"uv":[12,8,12.7,9],"texture":"#all","cullface":"south"},"south":{"uv":[10,8,13,9],"texture":"#all","cullface":"south"},"west":{"uv":[10,8,10.7,9],"texture":"#all","cullface":"south"},"up":{"uv":[10,8,13,8.7],"texture":"#all","cullface":"south"},"down":{"uv":[10,8,13,8.7],"texture":"#all","cullface":"south"}}},{"from":[1,4,16],"to":[2,5,16.5],"light_emission":15,"faces":{"south":{"uv":[1,11,2,12],"texture":"#all","cullface":"south"},"west":{"uv":[1,11,1.5,12],"texture":"#all","cullface":"south"},"up":{"uv":[1,11,2,11.5],"rotation":180,"texture":"#all","cullface":"south"},"down":{"uv":[1,11,2,11.5],"rotation":180,"texture":"#all","cullface":"south"}}},{"from":[2,4,16],"to":[6,5,16.7],"light_emission":15,"faces":{"east":{"uv":[5,11,5.4,12],"texture":"#all","cullface":"south"},"south":{"uv":[2,11,6,12],"texture":"#all","cullface":"south"},"west":{"uv":[2,11,2.4,12],"texture":"#all","cullface":"south"},"up":{"uv":[2,11,6,11.4],"texture":"#all","cullface":"south"},"down":{"uv":[2,11,6,11.4],"texture":"#all","cullface":"south"}}},{"from":[4,6,16],"to":[5,7,16.5],"light_emission":15,"faces":{"east":{"uv":[4,9,4.5,10],"texture":"#all","cullface":"south"},"south":{"uv":[4,9,5,10],"texture":"#all","cullface":"south"},"west":{"uv":[4,9,4.5,10],"texture":"#all","cullface":"south"},"up":{"uv":[4,9,5,9.5],"rotation":180,"texture":"#all","cullface":"south"}}},{"from":[6,5,16],"to":[7,6,16.5],"light_emission":15,"faces":{"east":{"uv":[6,10,6.5,11],"texture":"#all","cullface":"south"},"south":{"uv":[6,10,7,11],"texture":"#all","cullface":"south"},"up":{"uv":[6,10,7,10.5],"rotation":180,"texture":"#all","cullface":"south"},"down":{"uv":[6,10,7,10.5],"rotation":180,"texture":"#all","cullface":"south"}}},{"from":[3,5,16],"to":[6,6,16.7],"light_emission":15,"faces":{"east":{"uv":[5,10,5.7,11],"texture":"#all","cullface":"south"},"south":{"uv":[3,10,6,11],"texture":"#all","cullface":"south"},"west":{"uv":[3,10,3.7,11],"texture":"#all","cullface":"south"},"up":{"uv":[3,10,6,10.7],"texture":"#all","cullface":"south"}}},{"from":[10,1,16],"to":[11,2,16.5],"light_emission":15,"faces":{"east":{"uv":[10,14,10.5,15],"texture":"#all","cullface":"south"},"south":{"uv":[10,14,11,15],"texture":"#all","cullface":"south"},"west":{"uv":[10,14,10.5,15],"texture":"#all","cullface":"south"},"down":{"uv":[10,14,11,14.5],"rotation":180,"texture":"#all","cullface":"south"}}},{"from":[12,2,16],"to":[13,3,16.5],"light_emission":15,"faces":{"east":{"uv":[12,13,12.5,14],"texture":"#all","cullface":"south"},"south":{"uv":[12,13,13,14],"texture":"#all","cullface":"south"},"up":{"uv":[12,13,13,13.5],"rotation":180,"texture":"#all","cullface":"south"},"down":{"uv":[12,13,13,13.5],"rotation":180,"texture":"#all","cullface":"south"}}},{"from":[8,2,16],"to":[9,3,16.5],"light_emission":15,"faces":{"south":{"uv":[8,13,9,14],"texture":"#all","cullface":"south"},"west":{"uv":[8,13,8.5,14],"texture":"#all","cullface":"south"},"up":{"uv":[8,13,9,13.5],"rotation":180,"texture":"#all","cullface":"south"},"down":{"uv":[8,13,9,13.5],"rotation":180,"texture":"#all","cullface":"south"}}},{"from":[9,2,16],"to":[12,3,16.7],"light_emission":15,"faces":{"east":{"uv":[11,13,11.7,14],"texture":"#all","cullface":"south"},"south":{"uv":[9,13,12,14],"texture":"#all","cullface":"south"},"west":{"uv":[9,13,9.7,14],"texture":"#all","cullface":"south"},"up":{"uv":[9,13,12,13.7],"texture":"#all","cullface":"south"},"down":{"uv":[9,13,12,13.7],"texture":"#all","cullface":"south"}}},{"from":[9,3,16],"to":[12,4,16.5],"light_emission":15,"faces":{"east":{"uv":[11,12,11.7,13],"texture":"#all","cullface":"south"},"south":{"uv":[9,12,12,13],"texture":"#all","cullface":"south"},"west":{"uv":[9,12,9.7,13],"texture":"#all","cullface":"south"},"up":{"uv":[9,12,12,12.7],"texture":"#all","cullface":"south"}}},{"from":[11,12,16],"to":[13,14,16.5],"light_emission":15,"faces":{"east":{"uv":[12,2,12.7,4],"texture":"#all","cullface":"south"},"south":{"uv":[11,2,13,4],"texture":"#all","cullface":"south"},"west":{"uv":[11,2,11.7,4],"texture":"#all","cullface":"south"},"up":{"uv":[11,2,13,2.7],"texture":"#all","cullface":"south"},"down":{"uv":[11,3,13,3.7],"texture":"#all","cullface":"south"}}},{"from":[2,3,16],"to":[4,4,16.5],"light_emission":15,"faces":{"east":{"uv":[3,12,3.5,13],"texture":"#all","cullface":"south"},"south":{"uv":[2,12,4,13],"texture":"#all","cullface":"south"},"west":{"uv":[2,12,2.5,13],"texture":"#all","cullface":"south"},"down":{"uv":[2,12,4,12.5],"texture":"#all","cullface":"south"}}},{"from":[7,9,-0.5],"to":[9,10,0],"light_emission":15,"faces":{"north":{"uv":[7,6,9,7],"texture":"#all","cullface":"north"},"east":{"uv":[7,6,7.5,7],"texture":"#all","cullface":"north"},"west":{"uv":[8,6,8.5,7],"texture":"#all","cullface":"north"},"up":{"uv":[7,6,9,6.5],"rotation":180,"texture":"#all","cullface":"north"}}},{"from":[10,12,-0.5],"to":[12,13,0],"light_emission":15,"faces":{"north":{"uv":[4,3,6,4],"texture":"#all","cullface":"north"},"east":{"uv":[4,3,4.5,4],"texture":"#all","cullface":"north"},"up":{"uv":[4,3,6,3.5],"rotation":180,"texture":"#all","cullface":"north"}}},{"from":[10,11,-0.7],"to":[12,12,0],"light_emission":15,"faces":{"north":{"uv":[4,4,6,5],"texture":"#all","cullface":"north"},"east":{"uv":[4,4,4.5,5],"texture":"#all","cullface":"north"},"west":{"uv":[5,4,5.5,5],"texture":"#all","cullface":"north"},"up":{"uv":[4,4,6,4.5],"rotation":180,"texture":"#all","cullface":"north"},"down":{"uv":[4,4,6,4.5],"rotation":180,"texture":"#all","cullface":"north"}}},{"from":[8,12,-0.7],"to":[10,13,0],"light_emission":15,"faces":{"north":{"uv":[6,3,8,4],"texture":"#all","cullface":"north"},"east":{"uv":[6,3,6.5,4],"texture":"#all","cullface":"north"},"west":{"uv":[7,3,7.5,4],"texture":"#all","cullface":"north"},"up":{"uv":[6,3,8,3.5],"rotation":180,"texture":"#all","cullface":"north"},"down":{"uv":[6,3,8,3.5],"rotation":180,"texture":"#all","cullface":"north"}}},{"from":[8,13,-0.5],"to":[10,14,0],"light_emission":15,"faces":{"north":{"uv":[6,2,8,3],"texture":"#all","cullface":"north"},"east":{"uv":[6,2,6.5,3],"texture":"#all","cullface":"north"},"west":{"uv":[7,2,7.5,3],"texture":"#all","cullface":"north"},"up":{"uv":[6,2,8,2.5],"rotation":180,"texture":"#all","cullface":"north"}}},{"from":[12,11,-0.5],"to":[14,12,0],"light_emission":15,"faces":{"north":{"uv":[2,4,4,5],"texture":"#all","cullface":"north"},"east":{"uv":[2,4,2.5,5],"texture":"#all","cullface":"north"},"up":{"uv":[2,4,4,4.5],"rotation":180,"texture":"#all","cullface":"north"},"down":{"uv":[2,4,4,4.5],"rotation":180,"texture":"#all","cullface":"north"}}}]}