{"format_version":"1.21.6","credit":"Created by Marceus","parent":"block/cube_all","textures":{"1":"block/nether_quartz_ore","particle":"block/nether_quartz_ore"},"elements":[{"from":[0,0,0],"to":[16,16,16],"faces":{"north":{"uv":[0,0,16,16],"texture":"#1","cullface":"north"},"east":{"uv":[0,0,16,16],"texture":"#1","cullface":"east"},"south":{"uv":[0,0,16,16],"texture":"#1","cullface":"south"},"west":{"uv":[0,0,16,16],"texture":"#1","cullface":"west"},"up":{"uv":[0,0,16,16],"texture":"#1","cullface":"up"},"down":{"uv":[0,0,16,16],"texture":"#1","cullface":"down"}}},{"from":[3,2,-0.5],"to":[5,3,0],"light_emission":15,"faces":{"north":{"uv":[11,13,13,14],"texture":"#1","cullface":"north"},"east":{"uv":[11,13,11.5,14],"texture":"#1","cullface":"north"},"west":{"uv":[12,13,12.5,14],"texture":"#1","cullface":"north"},"up":{"uv":[11,13,13,13.5],"rotation":180,"texture":"#1","cullface":"north"},"down":{"uv":[11,13,13,13.5],"rotation":180,"texture":"#1","cullface":"north"}}},{"from":[-0.5,13,7],"to":[0,14,9],"light_emission":15,"faces":{"north":{"uv":[7,2,7.5,3],"texture":"#1","cullface":"west"},"west":{"uv":[7,2,9,3],"texture":"#1","cullface":"west"},"up":{"uv":[7,2,9,2.5],"rotation":90,"texture":"#1","cullface":"west"}}},{"from":[-0.5,12,5],"to":[0,13,7],"light_emission":15,"faces":{"north":{"uv":[5,3,5.5,4],"texture":"#1","cullface":"west"},"west":{"uv":[5,3,7,4],"texture":"#1","cullface":"west"},"up":{"uv":[5,3,7,3.5],"rotation":90,"texture":"#1","cullface":"west"}}},{"from":[-0.5,10,5],"to":[0,11,6],"light_emission":15,"faces":{"south":{"uv":[5,5,5.5,6],"texture":"#1","cullface":"west"},"west":{"uv":[5,5,6,6],"texture":"#1","cullface":"west"},"down":{"uv":[5,5,6,5.5],"rotation":90,"texture":"#1","cullface":"west"}}},{"from":[-0.5,10,3],"to":[0,11,4],"light_emission":15,"faces":{"north":{"uv":[3,5,3.5,6],"texture":"#1","cullface":"west"},"west":{"uv":[3,5,4,6],"texture":"#1","cullface":"west"},"up":{"uv":[3,5,4,5.5],"rotation":270,"texture":"#1","cullface":"west"},"down":{"uv":[3,5,4,5.5],"rotation":90,"texture":"#1","cullface":"west"}}},{"from":[-0.5,9,4],"to":[0,10,5],"light_emission":15,"faces":{"north":{"uv":[4,6,4.5,7],"texture":"#1","cullface":"west"},"south":{"uv":[4,6,4.5,7],"texture":"#1","cullface":"west"},"west":{"uv":[4,6,5,7],"texture":"#1","cullface":"west"},"down":{"uv":[4,6,5,6.5],"rotation":90,"texture":"#1","cullface":"west"}}},{"from":[-0.5,11,4],"to":[0,12,5],"light_emission":15,"faces":{"north":{"uv":[4,4,4.5,5],"texture":"#1","cullface":"west"},"west":{"uv":[4,4,5,5],"texture":"#1","cullface":"west"},"up":{"uv":[4,4,5,4.5],"rotation":270,"texture":"#1","cullface":"west"}}},{"from":[-0.7,10,4],"to":[0,11,5],"light_emission":15,"faces":{"north":{"uv":[4,5,4.7,6],"texture":"#1","cullface":"west"},"south":{"uv":[4,5,4.7,6],"texture":"#1","cullface":"west"},"west":{"uv":[4,5,5,6],"texture":"#1","cullface":"west"},"up":{"uv":[4,5,5,5.7],"rotation":270,"texture":"#1","cullface":"west"},"down":{"uv":[4,5,5,5.7],"rotation":90,"texture":"#1","cullface":"west"}}},{"from":[-0.5,13,9],"to":[0,14,10],"light_emission":15,"faces":{"south":{"uv":[9,2,9.5,3],"texture":"#1","cullface":"west"},"west":{"uv":[9,2,10,3],"texture":"#1","cullface":"west"},"up":{"uv":[9,2,10,2.5],"rotation":270,"texture":"#1","cullface":"west"},"down":{"uv":[9,2,10,2.5],"rotation":90,"texture":"#1","cullface":"west"}}},{"from":[-0.7,11,5],"to":[0,12,7],"light_emission":15,"faces":{"north":{"uv":[5,4,5.5,5],"texture":"#1","cullface":"west"},"south":{"uv":[6,4,6.5,5],"texture":"#1","cullface":"west"},"west":{"uv":[5,4,7,5],"texture":"#1","cullface":"west"},"up":{"uv":[5,4,7,4.5],"rotation":90,"texture":"#1","cullface":"west"},"down":{"uv":[5,4,7,4.5],"rotation":270,"texture":"#1","cullface":"west"}}},{"from":[-0.7,12,7],"to":[0,13,9],"light_emission":15,"faces":{"north":{"uv":[7,3,7.5,4],"texture":"#1","cullface":"west"},"south":{"uv":[8,3,8.5,4],"texture":"#1","cullface":"west"},"west":{"uv":[7,3,9,4],"texture":"#1","cullface":"west"},"up":{"uv":[7,3,9,3.5],"rotation":90,"texture":"#1","cullface":"west"},"down":{"uv":[7,3,9,3.5],"rotation":270,"texture":"#1","cullface":"west"}}},{"from":[-0.5,4,3],"to":[0,5,5],"light_emission":15,"faces":{"north":{"uv":[3,11,3.5,12],"texture":"#1","cullface":"west"},"south":{"uv":[4,11,4.5,12],"texture":"#1","cullface":"west"},"west":{"uv":[3,11,5,12],"texture":"#1","cullface":"west"},"down":{"uv":[3,11,5,11.5],"rotation":270,"texture":"#1","cullface":"west"}}},{"from":[-0.5,5,3],"to":[0,6,4],"light_emission":15,"faces":{"north":{"uv":[3,10,3.5,11],"texture":"#1","cullface":"west"},"west":{"uv":[3,10,4,11],"texture":"#1","cullface":"west"},"up":{"uv":[3,10,4,10.5],"rotation":270,"texture":"#1","cullface":"west"}}},{"from":[-0.5,7,4],"to":[0,8,5],"light_emission":15,"faces":{"north":{"uv":[4,8,4.5,9],"texture":"#1","cullface":"west"},"west":{"uv":[4,8,5,9],"texture":"#1","cullface":"west"},"up":{"uv":[4,8,5,8.5],"rotation":270,"texture":"#1","cullface":"west"}}},{"from":[-0.7,5,4],"to":[0,7,6],"light_emission":15,"faces":{"north":{"uv":[4,9,4.7,11],"texture":"#1","cullface":"west"},"south":{"uv":[5,9,5.7,11],"texture":"#1","cullface":"west"},"west":{"uv":[4,9,6,11],"texture":"#1","cullface":"west"},"up":{"uv":[4,9,6,9.7],"rotation":90,"texture":"#1","cullface":"west"},"down":{"uv":[4,10,6,10.7],"rotation":270,"texture":"#1","cullface":"west"}}},{"from":[-0.5,8,8],"to":[0,9,9],"light_emission":15,"faces":{"south":{"uv":[8,7,8.5,8],"texture":"#1","cullface":"west"},"west":{"uv":[8,7,9,8],"texture":"#1","cullface":"west"},"down":{"uv":[8,7,9,7.5],"rotation":90,"texture":"#1","cullface":"west"}}},{"from":[-0.5,9,6],"to":[0,10,7],"light_emission":15,"faces":{"north":{"uv":[6,6,6.5,7],"texture":"#1","cullface":"west"},"west":{"uv":[6,6,7,7],"texture":"#1","cullface":"west"},"up":{"uv":[6,6,7,6.5],"rotation":270,"texture":"#1","cullface":"west"}}},{"from":[-0.5,10,11],"to":[0,11,12],"light_emission":15,"faces":{"south":{"uv":[11,5,11.5,6],"texture":"#1","cullface":"west"},"west":{"uv":[11,5,12,6],"texture":"#1","cullface":"west"},"up":{"uv":[11,5,12,5.5],"rotation":270,"texture":"#1","cullface":"west"},"down":{"uv":[11,5,12,5.5],"rotation":90,"texture":"#1","cullface":"west"}}},{"from":[-0.7,8,7],"to":[0,10,8],"light_emission":15,"faces":{"north":{"uv":[7,6,7.5,8],"texture":"#1","cullface":"west"},"south":{"uv":[7,6,7.5,8],"texture":"#1","cullface":"west"},"west":{"uv":[7,6,8,8],"texture":"#1","cullface":"west"},"up":{"uv":[7,6,8,6.5],"rotation":270,"texture":"#1","cullface":"west"},"down":{"uv":[7,7,8,7.5],"rotation":90,"texture":"#1","cullface":"west"}}},{"from":[-0.7,7,5],"to":[0,9,7],"light_emission":15,"faces":{"north":{"uv":[5,7,5.7,9],"texture":"#1","cullface":"west"},"south":{"uv":[6,7,6.7,9],"texture":"#1","cullface":"west"},"west":{"uv":[5,7,7,9],"texture":"#1","cullface":"west"},"up":{"uv":[5,7,7,7.7],"rotation":90,"texture":"#1","cullface":"west"},"down":{"uv":[5,8,7,8.7],"rotation":270,"texture":"#1","cullface":"west"}}},{"from":[-0.7,9,8],"to":[0,11,11],"light_emission":15,"faces":{"north":{"uv":[8,5,8.7,7],"texture":"#1","cullface":"west"},"south":{"uv":[10,5,10.7,7],"texture":"#1","cullface":"west"},"west":{"uv":[8,5,11,7],"texture":"#1","cullface":"west"},"up":{"uv":[8,5,11,5.7],"rotation":90,"texture":"#1","cullface":"west"},"down":{"uv":[8,6,11,6.7],"rotation":270,"texture":"#1","cullface":"west"}}},{"from":[-0.5,8,13],"to":[0,9,14],"light_emission":15,"faces":{"north":{"uv":[13,7,13.5,8],"texture":"#1","cullface":"west"},"west":{"uv":[13,7,14,8],"texture":"#1","cullface":"west"},"up":{"uv":[13,7,14,7.5],"rotation":270,"texture":"#1","cullface":"west"}}},{"from":[-0.7,4,9],"to":[0,5,10],"light_emission":15,"faces":{"north":{"uv":[9,11,9.7,12],"texture":"#1","cullface":"west"},"south":{"uv":[9,11,9.7,12],"texture":"#1","cullface":"west"},"west":{"uv":[9,11,10,12],"texture":"#1","cullface":"west"},"up":{"uv":[9,11,10,11.7],"rotation":270,"texture":"#1","cullface":"west"},"down":{"uv":[9,11,10,11.7],"rotation":90,"texture":"#1","cullface":"west"}}},{"from":[-0.5,5,9],"to":[0,6,10],"light_emission":15,"faces":{"north":{"uv":[9,10,9.5,11],"texture":"#1","cullface":"west"},"south":{"uv":[9,10,9.5,11],"texture":"#1","cullface":"west"},"west":{"uv":[9,10,10,11],"texture":"#1","cullface":"west"},"up":{"uv":[9,10,10,10.5],"rotation":270,"texture":"#1","cullface":"west"}}},{"from":[-0.5,3,9],"to":[0,4,10],"light_emission":15,"faces":{"south":{"uv":[9,12,9.5,13],"texture":"#1","cullface":"west"},"west":{"uv":[9,12,10,13],"texture":"#1","cullface":"west"},"down":{"uv":[9,12,10,12.5],"rotation":90,"texture":"#1","cullface":"west"}}},{"from":[-0.5,2,7],"to":[0,4,8],"light_emission":15,"faces":{"north":{"uv":[7,12,7.5,14],"texture":"#1","cullface":"west"},"west":{"uv":[7,12,8,14],"texture":"#1","cullface":"west"},"up":{"uv":[7,12,8,12.5],"rotation":270,"texture":"#1","cullface":"west"},"down":{"uv":[7,13,8,13.5],"rotation":90,"texture":"#1","cullface":"west"}}},{"from":[-0.7,3,8],"to":[0,4,9],"light_emission":15,"faces":{"north":{"uv":[8,12,8.7,13],"texture":"#1","cullface":"west"},"south":{"uv":[8,12,8.7,13],"texture":"#1","cullface":"west"},"west":{"uv":[8,12,9,13],"texture":"#1","cullface":"west"},"up":{"uv":[8,12,9,12.7],"rotation":270,"texture":"#1","cullface":"west"},"down":{"uv":[8,12,9,12.7],"rotation":90,"texture":"#1","cullface":"west"}}},{"from":[-0.5,4,8],"to":[0,5,9],"light_emission":15,"faces":{"north":{"uv":[8,11,8.5,12],"texture":"#1","cullface":"west"},"west":{"uv":[8,11,9,12],"texture":"#1","cullface":"west"},"up":{"uv":[8,11,9,11.5],"rotation":270,"texture":"#1","cullface":"west"}}},{"from":[-0.5,1,8],"to":[0,3,9],"light_emission":15,"faces":{"north":{"uv":[8,13,8.5,15],"texture":"#1","cullface":"west"},"south":{"uv":[8,13,8.5,15],"texture":"#1","cullface":"west"},"west":{"uv":[8,13,9,15],"texture":"#1","cullface":"west"},"down":{"uv":[8,14,9,14.5],"rotation":90,"texture":"#1","cullface":"west"}}},{"from":[-0.7,8,14],"to":[0,9,15],"light_emission":15,"faces":{"north":{"uv":[14,7,14.7,8],"texture":"#1","cullface":"west"},"south":{"uv":[14,7,14.7,8],"texture":"#1","cullface":"west"},"west":{"uv":[14,7,15,8],"texture":"#1","cullface":"west"},"up":{"uv":[14,7,15,7.7],"rotation":270,"texture":"#1","cullface":"west"},"down":{"uv":[14,7,15,7.7],"rotation":90,"texture":"#1","cullface":"west"}}},{"from":[-0.5,6,14],"to":[0,8,15],"light_emission":15,"faces":{"south":{"uv":[14,8,14.5,10],"texture":"#1","cullface":"west"},"west":{"uv":[14,8,15,10],"texture":"#1","cullface":"west"},"down":{"uv":[14,9,15,9.5],"rotation":90,"texture":"#1","cullface":"west"}}},{"from":[-0.5,5,12],"to":[0,8,13],"light_emission":15,"faces":{"north":{"uv":[12,8,12.5,11],"texture":"#1","cullface":"west"},"south":{"uv":[12,8,12.5,11],"texture":"#1","cullface":"west"},"west":{"uv":[12,8,13,11],"texture":"#1","cullface":"west"},"up":{"uv":[12,8,13,8.5],"rotation":270,"texture":"#1","cullface":"west"},"down":{"uv":[12,10,13,10.5],"rotation":90,"texture":"#1","cullface":"west"}}},{"from":[-0.5,9,14],"to":[0,10,15],"light_emission":15,"faces":{"north":{"uv":[14,6,14.5,7],"texture":"#1","cullface":"west"},"south":{"uv":[14,6,14.5,7],"texture":"#1","cullface":"west"},"west":{"uv":[14,6,15,7],"texture":"#1","cullface":"west"},"up":{"uv":[14,6,15,6.5],"rotation":270,"texture":"#1","cullface":"west"}}},{"from":[-0.7,6,13],"to":[0,8,14],"light_emission":15,"faces":{"north":{"uv":[13,8,13.5,10],"texture":"#1","cullface":"west"},"south":{"uv":[13,8,13.5,10],"texture":"#1","cullface":"west"},"west":{"uv":[13,8,14,10],"texture":"#1","cullface":"west"},"up":{"uv":[13,8,14,8.5],"rotation":270,"texture":"#1","cullface":"west"},"down":{"uv":[13,9,14,9.5],"rotation":90,"texture":"#1","cullface":"west"}}},{"from":[-0.5,3,13],"to":[0,4,14],"light_emission":15,"faces":{"north":{"uv":[13,12,13.5,13],"texture":"#1","cullface":"west"},"south":{"uv":[13,12,13.5,13],"texture":"#1","cullface":"west"},"west":{"uv":[13,12,14,13],"texture":"#1","cullface":"west"},"up":{"uv":[13,12,14,12.5],"rotation":270,"texture":"#1","cullface":"west"},"down":{"uv":[13,12,14,12.5],"rotation":90,"texture":"#1","cullface":"west"}}},{"from":[-0.5,2,11],"to":[0,3,13],"light_emission":15,"faces":{"north":{"uv":[11,13,11.5,14],"texture":"#1","cullface":"west"},"south":{"uv":[12,13,12.5,14],"texture":"#1","cullface":"west"},"west":{"uv":[11,13,13,14],"texture":"#1","cullface":"west"},"up":{"uv":[11,13,13,13.5],"rotation":90,"texture":"#1","cullface":"west"},"down":{"uv":[11,13,13,13.5],"rotation":270,"texture":"#1","cullface":"west"}}},{"from":[7,13,16],"to":[9,14,16.5],"light_emission":15,"faces":{"south":{"uv":[7,2,9,3],"texture":"#1","cullface":"south"},"west":{"uv":[7,2,7.5,3],"texture":"#1","cullface":"south"},"up":{"uv":[7,2,9,2.5],"texture":"#1","cullface":"south"}}},{"from":[5,12,16],"to":[7,13,16.5],"light_emission":15,"faces":{"south":{"uv":[5,3,7,4],"texture":"#1","cullface":"south"},"west":{"uv":[5,3,5.5,4],"texture":"#1","cullface":"south"},"up":{"uv":[5,3,7,3.5],"texture":"#1","cullface":"south"}}},{"from":[5,10,16],"to":[6,11,16.5],"light_emission":15,"faces":{"east":{"uv":[5,5,5.5,6],"texture":"#1","cullface":"south"},"south":{"uv":[5,5,6,6],"texture":"#1","cullface":"south"},"down":{"uv":[5,5,6,5.5],"rotation":180,"texture":"#1","cullface":"south"}}},{"from":[3,10,16],"to":[4,11,16.5],"light_emission":15,"faces":{"south":{"uv":[3,5,4,6],"texture":"#1","cullface":"south"},"west":{"uv":[3,5,3.5,6],"texture":"#1","cullface":"south"},"up":{"uv":[3,5,4,5.5],"rotation":180,"texture":"#1","cullface":"south"},"down":{"uv":[3,5,4,5.5],"rotation":180,"texture":"#1","cullface":"south"}}},{"from":[4,9,16],"to":[5,10,16.5],"light_emission":15,"faces":{"east":{"uv":[4,6,4.5,7],"texture":"#1","cullface":"south"},"south":{"uv":[4,6,5,7],"texture":"#1","cullface":"south"},"west":{"uv":[4,6,4.5,7],"texture":"#1","cullface":"south"},"down":{"uv":[4,6,5,6.5],"rotation":180,"texture":"#1","cullface":"south"}}},{"from":[4,11,16],"to":[5,12,16.5],"light_emission":15,"faces":{"south":{"uv":[4,4,5,5],"texture":"#1","cullface":"south"},"west":{"uv":[4,4,4.5,5],"texture":"#1","cullface":"south"},"up":{"uv":[4,4,5,4.5],"rotation":180,"texture":"#1","cullface":"south"}}},{"from":[4,10,16],"to":[5,11,16.7],"light_emission":15,"faces":{"east":{"uv":[4,5,4.7,6],"texture":"#1","cullface":"south"},"south":{"uv":[4,5,5,6],"texture":"#1","cullface":"south"},"west":{"uv":[4,5,4.7,6],"texture":"#1","cullface":"south"},"up":{"uv":[4,5,5,5.7],"rotation":180,"texture":"#1","cullface":"south"},"down":{"uv":[4,5,5,5.7],"rotation":180,"texture":"#1","cullface":"south"}}},{"from":[9,13,16],"to":[10,14,16.5],"light_emission":15,"faces":{"east":{"uv":[9,2,9.5,3],"texture":"#1","cullface":"south"},"south":{"uv":[9,2,10,3],"texture":"#1","cullface":"south"},"up":{"uv":[9,2,10,2.5],"rotation":180,"texture":"#1","cullface":"south"},"down":{"uv":[9,2,10,2.5],"rotation":180,"texture":"#1","cullface":"south"}}},{"from":[5,11,16],"to":[7,12,16.7],"light_emission":15,"faces":{"east":{"uv":[6,4,6.5,5],"texture":"#1","cullface":"south"},"south":{"uv":[5,4,7,5],"texture":"#1","cullface":"south"},"west":{"uv":[5,4,5.5,5],"texture":"#1","cullface":"south"},"up":{"uv":[5,4,7,4.5],"texture":"#1","cullface":"south"},"down":{"uv":[5,4,7,4.5],"texture":"#1","cullface":"south"}}},{"from":[7,12,16],"to":[9,13,16.7],"light_emission":15,"faces":{"east":{"uv":[8,3,8.5,4],"texture":"#1","cullface":"south"},"south":{"uv":[7,3,9,4],"texture":"#1","cullface":"south"},"west":{"uv":[7,3,7.5,4],"texture":"#1","cullface":"south"},"up":{"uv":[7,3,9,3.5],"texture":"#1","cullface":"south"},"down":{"uv":[7,3,9,3.5],"texture":"#1","cullface":"south"}}},{"from":[3,4,16],"to":[5,5,16.5],"light_emission":15,"faces":{"east":{"uv":[4,11,4.5,12],"texture":"#1","cullface":"south"},"south":{"uv":[3,11,5,12],"texture":"#1","cullface":"south"},"west":{"uv":[3,11,3.5,12],"texture":"#1","cullface":"south"},"down":{"uv":[3,11,5,11.5],"texture":"#1","cullface":"south"}}},{"from":[3,5,16],"to":[4,6,16.5],"light_emission":15,"faces":{"south":{"uv":[3,10,4,11],"texture":"#1","cullface":"south"},"west":{"uv":[3,10,3.5,11],"texture":"#1","cullface":"south"},"up":{"uv":[3,10,4,10.5],"rotation":180,"texture":"#1","cullface":"south"}}},{"from":[4,7,16],"to":[5,8,16.5],"light_emission":15,"faces":{"south":{"uv":[4,8,5,9],"texture":"#1","cullface":"south"},"west":{"uv":[4,8,4.5,9],"texture":"#1","cullface":"south"},"up":{"uv":[4,8,5,8.5],"rotation":180,"texture":"#1","cullface":"south"}}},{"from":[4,5,16],"to":[6,7,16.7],"light_emission":15,"faces":{"east":{"uv":[5,9,5.7,11],"texture":"#1","cullface":"south"},"south":{"uv":[4,9,6,11],"texture":"#1","cullface":"south"},"west":{"uv":[4,9,4.7,11],"texture":"#1","cullface":"south"},"up":{"uv":[4,9,6,9.7],"texture":"#1","cullface":"south"},"down":{"uv":[4,10,6,10.7],"texture":"#1","cullface":"south"}}},{"from":[8,8,16],"to":[9,9,16.5],"light_emission":15,"faces":{"east":{"uv":[8,7,8.5,8],"texture":"#1","cullface":"south"},"south":{"uv":[8,7,9,8],"texture":"#1","cullface":"south"},"down":{"uv":[8,7,9,7.5],"rotation":180,"texture":"#1","cullface":"south"}}},{"from":[6,9,16],"to":[7,10,16.5],"light_emission":15,"faces":{"south":{"uv":[6,6,7,7],"texture":"#1","cullface":"south"},"west":{"uv":[6,6,6.5,7],"texture":"#1","cullface":"south"},"up":{"uv":[6,6,7,6.5],"rotation":180,"texture":"#1","cullface":"south"}}},{"from":[11,10,16],"to":[12,11,16.5],"light_emission":15,"faces":{"east":{"uv":[11,5,11.5,6],"texture":"#1","cullface":"south"},"south":{"uv":[11,5,12,6],"texture":"#1","cullface":"south"},"up":{"uv":[11,5,12,5.5],"rotation":180,"texture":"#1","cullface":"south"},"down":{"uv":[11,5,12,5.5],"rotation":180,"texture":"#1","cullface":"south"}}},{"from":[7,8,16],"to":[8,10,16.7],"light_emission":15,"faces":{"east":{"uv":[7,6,7.5,8],"texture":"#1","cullface":"south"},"south":{"uv":[7,6,8,8],"texture":"#1","cullface":"south"},"west":{"uv":[7,6,7.5,8],"texture":"#1","cullface":"south"},"up":{"uv":[7,6,8,6.5],"rotation":180,"texture":"#1","cullface":"south"},"down":{"uv":[7,7,8,7.5],"rotation":180,"texture":"#1","cullface":"south"}}},{"from":[5,7,16],"to":[7,9,16.7],"light_emission":15,"faces":{"east":{"uv":[6,7,6.7,9],"texture":"#1","cullface":"south"},"south":{"uv":[5,7,7,9],"texture":"#1","cullface":"south"},"west":{"uv":[5,7,5.7,9],"texture":"#1","cullface":"south"},"up":{"uv":[5,7,7,7.7],"texture":"#1","cullface":"south"},"down":{"uv":[5,8,7,8.7],"texture":"#1","cullface":"south"}}},{"from":[8,9,16],"to":[11,11,16.7],"light_emission":15,"faces":{"east":{"uv":[10,5,10.7,7],"texture":"#1","cullface":"south"},"south":{"uv":[8,5,11,7],"texture":"#1","cullface":"south"},"west":{"uv":[8,5,8.7,7],"texture":"#1","cullface":"south"},"up":{"uv":[8,5,11,5.7],"texture":"#1","cullface":"south"},"down":{"uv":[8,6,11,6.7],"texture":"#1","cullface":"south"}}},{"from":[13,8,16],"to":[14,9,16.5],"light_emission":15,"faces":{"south":{"uv":[13,7,14,8],"texture":"#1","cullface":"south"},"west":{"uv":[13,7,13.5,8],"texture":"#1","cullface":"south"},"up":{"uv":[13,7,14,7.5],"rotation":180,"texture":"#1","cullface":"south"}}},{"from":[9,4,16],"to":[10,5,16.7],"light_emission":15,"faces":{"east":{"uv":[9,11,9.7,12],"texture":"#1","cullface":"south"},"south":{"uv":[9,11,10,12],"texture":"#1","cullface":"south"},"west":{"uv":[9,11,9.7,12],"texture":"#1","cullface":"south"},"up":{"uv":[9,11,10,11.7],"rotation":180,"texture":"#1","cullface":"south"},"down":{"uv":[9,11,10,11.7],"rotation":180,"texture":"#1","cullface":"south"}}},{"from":[9,5,16],"to":[10,6,16.5],"light_emission":15,"faces":{"east":{"uv":[9,10,9.5,11],"texture":"#1","cullface":"south"},"south":{"uv":[9,10,10,11],"texture":"#1","cullface":"south"},"west":{"uv":[9,10,9.5,11],"texture":"#1","cullface":"south"},"up":{"uv":[9,10,10,10.5],"rotation":180,"texture":"#1","cullface":"south"}}},{"from":[9,3,16],"to":[10,4,16.5],"light_emission":15,"faces":{"east":{"uv":[9,12,9.5,13],"texture":"#1","cullface":"south"},"south":{"uv":[9,12,10,13],"texture":"#1","cullface":"south"},"down":{"uv":[9,12,10,12.5],"rotation":180,"texture":"#1","cullface":"south"}}},{"from":[7,2,16],"to":[8,4,16.5],"light_emission":15,"faces":{"south":{"uv":[7,12,8,14],"texture":"#1","cullface":"south"},"west":{"uv":[7,12,7.5,14],"texture":"#1","cullface":"south"},"up":{"uv":[7,12,8,12.5],"rotation":180,"texture":"#1","cullface":"south"},"down":{"uv":[7,13,8,13.5],"rotation":180,"texture":"#1","cullface":"south"}}},{"from":[8,3,16],"to":[9,4,16.7],"light_emission":15,"faces":{"east":{"uv":[8,12,8.7,13],"texture":"#1","cullface":"south"},"south":{"uv":[8,12,9,13],"texture":"#1","cullface":"south"},"west":{"uv":[8,12,8.7,13],"texture":"#1","cullface":"south"},"up":{"uv":[8,12,9,12.7],"rotation":180,"texture":"#1","cullface":"south"},"down":{"uv":[8,12,9,12.7],"rotation":180,"texture":"#1","cullface":"south"}}},{"from":[8,4,16],"to":[9,5,16.5],"light_emission":15,"faces":{"south":{"uv":[8,11,9,12],"texture":"#1","cullface":"south"},"west":{"uv":[8,11,8.5,12],"texture":"#1","cullface":"south"},"up":{"uv":[8,11,9,11.5],"rotation":180,"texture":"#1","cullface":"south"}}},{"from":[8,1,16],"to":[9,3,16.5],"light_emission":15,"faces":{"east":{"uv":[8,13,8.5,15],"texture":"#1","cullface":"south"},"south":{"uv":[8,13,9,15],"texture":"#1","cullface":"south"},"west":{"uv":[8,13,8.5,15],"texture":"#1","cullface":"south"},"down":{"uv":[8,14,9,14.5],"rotation":180,"texture":"#1","cullface":"south"}}},{"from":[14,8,16],"to":[15,9,16.7],"light_emission":15,"faces":{"east":{"uv":[14,7,14.7,8],"texture":"#1","cullface":"south"},"south":{"uv":[14,7,15,8],"texture":"#1","cullface":"south"},"west":{"uv":[14,7,14.7,8],"texture":"#1","cullface":"south"},"up":{"uv":[14,7,15,7.7],"rotation":180,"texture":"#1","cullface":"south"},"down":{"uv":[14,7,15,7.7],"rotation":180,"texture":"#1","cullface":"south"}}},{"from":[14,6,16],"to":[15,8,16.5],"light_emission":15,"faces":{"east":{"uv":[14,8,14.5,10],"texture":"#1","cullface":"south"},"south":{"uv":[14,8,15,10],"texture":"#1","cullface":"south"},"down":{"uv":[14,9,15,9.5],"rotation":180,"texture":"#1","cullface":"south"}}},{"from":[12,5,16],"to":[13,8,16.5],"light_emission":15,"faces":{"east":{"uv":[12,8,12.5,11],"texture":"#1","cullface":"south"},"south":{"uv":[12,8,13,11],"texture":"#1","cullface":"south"},"west":{"uv":[12,8,12.5,11],"texture":"#1","cullface":"south"},"up":{"uv":[12,8,13,8.5],"rotation":180,"texture":"#1","cullface":"south"},"down":{"uv":[12,10,13,10.5],"rotation":180,"texture":"#1","cullface":"south"}}},{"from":[14,9,16],"to":[15,10,16.5],"light_emission":15,"faces":{"east":{"uv":[14,6,14.5,7],"texture":"#1","cullface":"south"},"south":{"uv":[14,6,15,7],"texture":"#1","cullface":"south"},"west":{"uv":[14,6,14.5,7],"texture":"#1","cullface":"south"},"up":{"uv":[14,6,15,6.5],"rotation":180,"texture":"#1","cullface":"south"}}},{"from":[13,6,16],"to":[14,8,16.7],"light_emission":15,"faces":{"east":{"uv":[13,8,13.5,10],"texture":"#1","cullface":"south"},"south":{"uv":[13,8,14,10],"texture":"#1","cullface":"south"},"west":{"uv":[13,8,13.5,10],"texture":"#1","cullface":"south"},"up":{"uv":[13,8,14,8.5],"rotation":180,"texture":"#1","cullface":"south"},"down":{"uv":[13,9,14,9.5],"rotation":180,"texture":"#1","cullface":"south"}}},{"from":[13,3,16],"to":[14,4,16.5],"light_emission":15,"faces":{"east":{"uv":[13,12,13.5,13],"texture":"#1","cullface":"south"},"south":{"uv":[13,12,14,13],"texture":"#1","cullface":"south"},"west":{"uv":[13,12,13.5,13],"texture":"#1","cullface":"south"},"up":{"uv":[13,12,14,12.5],"rotation":180,"texture":"#1","cullface":"south"},"down":{"uv":[13,12,14,12.5],"rotation":180,"texture":"#1","cullface":"south"}}},{"from":[11,2,16],"to":[13,3,16.5],"light_emission":15,"faces":{"east":{"uv":[12,13,12.5,14],"texture":"#1","cullface":"south"},"south":{"uv":[11,13,13,14],"texture":"#1","cullface":"south"},"west":{"uv":[11,13,11.5,14],"texture":"#1","cullface":"south"},"up":{"uv":[11,13,13,13.5],"texture":"#1","cullface":"south"},"down":{"uv":[11,13,13,13.5],"texture":"#1","cullface":"south"}}},{"from":[16,13,7],"to":[16.5,14,9],"light_emission":15,"faces":{"east":{"uv":[7,2,9,3],"texture":"#1","cullface":"east"},"south":{"uv":[7,2,7.5,3],"texture":"#1","cullface":"east"},"up":{"uv":[7,2,9,2.5],"rotation":270,"texture":"#1","cullface":"east"}}},{"from":[16,12,9],"to":[16.5,13,11],"light_emission":15,"faces":{"east":{"uv":[5,3,7,4],"texture":"#1","cullface":"east"},"south":{"uv":[5,3,5.5,4],"texture":"#1","cullface":"east"},"up":{"uv":[5,3,7,3.5],"rotation":270,"texture":"#1","cullface":"east"}}},{"from":[16,10,10],"to":[16.5,11,11],"light_emission":15,"faces":{"north":{"uv":[5,5,5.5,6],"texture":"#1","cullface":"east"},"east":{"uv":[5,5,6,6],"texture":"#1","cullface":"east"},"down":{"uv":[5,5,6,5.5],"rotation":270,"texture":"#1","cullface":"east"}}},{"from":[16,10,12],"to":[16.5,11,13],"light_emission":15,"faces":{"east":{"uv":[3,5,4,6],"texture":"#1","cullface":"east"},"south":{"uv":[3,5,3.5,6],"texture":"#1","cullface":"east"},"up":{"uv":[3,5,4,5.5],"rotation":90,"texture":"#1","cullface":"east"},"down":{"uv":[3,5,4,5.5],"rotation":270,"texture":"#1","cullface":"east"}}},{"from":[16,9,11],"to":[16.5,10,12],"light_emission":15,"faces":{"north":{"uv":[4,6,4.5,7],"texture":"#1","cullface":"east"},"east":{"uv":[4,6,5,7],"texture":"#1","cullface":"east"},"south":{"uv":[4,6,4.5,7],"texture":"#1","cullface":"east"},"down":{"uv":[4,6,5,6.5],"rotation":270,"texture":"#1","cullface":"east"}}},{"from":[16,11,11],"to":[16.5,12,12],"light_emission":15,"faces":{"east":{"uv":[4,4,5,5],"texture":"#1","cullface":"east"},"south":{"uv":[4,4,4.5,5],"texture":"#1","cullface":"east"},"up":{"uv":[4,4,5,4.5],"rotation":90,"texture":"#1","cullface":"east"}}},{"from":[16,10,11],"to":[16.7,11,12],"light_emission":15,"faces":{"north":{"uv":[4,5,4.7,6],"texture":"#1","cullface":"east"},"east":{"uv":[4,5,5,6],"texture":"#1","cullface":"east"},"south":{"uv":[4,5,4.7,6],"texture":"#1","cullface":"east"},"up":{"uv":[4,5,5,5.7],"rotation":90,"texture":"#1","cullface":"east"},"down":{"uv":[4,5,5,5.7],"rotation":270,"texture":"#1","cullface":"east"}}},{"from":[16,13,6],"to":[16.5,14,7],"light_emission":15,"faces":{"north":{"uv":[9,2,9.5,3],"texture":"#1","cullface":"east"},"east":{"uv":[9,2,10,3],"texture":"#1","cullface":"east"},"up":{"uv":[9,2,10,2.5],"rotation":90,"texture":"#1","cullface":"east"},"down":{"uv":[9,2,10,2.5],"rotation":270,"texture":"#1","cullface":"east"}}},{"from":[16,11,9],"to":[16.7,12,11],"light_emission":15,"faces":{"north":{"uv":[6,4,6.5,5],"texture":"#1","cullface":"east"},"east":{"uv":[5,4,7,5],"texture":"#1","cullface":"east"},"south":{"uv":[5,4,5.5,5],"texture":"#1","cullface":"east"},"up":{"uv":[5,4,7,4.5],"rotation":270,"texture":"#1","cullface":"east"},"down":{"uv":[5,4,7,4.5],"rotation":90,"texture":"#1","cullface":"east"}}},{"from":[16,12,7],"to":[16.7,13,9],"light_emission":15,"faces":{"north":{"uv":[8,3,8.5,4],"texture":"#1","cullface":"east"},"east":{"uv":[7,3,9,4],"texture":"#1","cullface":"east"},"south":{"uv":[7,3,7.5,4],"texture":"#1","cullface":"east"},"up":{"uv":[7,3,9,3.5],"rotation":270,"texture":"#1","cullface":"east"},"down":{"uv":[7,3,9,3.5],"rotation":90,"texture":"#1","cullface":"east"}}},{"from":[16,4,11],"to":[16.5,5,13],"light_emission":15,"faces":{"north":{"uv":[4,11,4.5,12],"texture":"#1","cullface":"east"},"east":{"uv":[3,11,5,12],"texture":"#1","cullface":"east"},"south":{"uv":[3,11,3.5,12],"texture":"#1","cullface":"east"},"down":{"uv":[3,11,5,11.5],"rotation":90,"texture":"#1","cullface":"east"}}},{"from":[16,5,12],"to":[16.5,6,13],"light_emission":15,"faces":{"east":{"uv":[3,10,4,11],"texture":"#1","cullface":"east"},"south":{"uv":[3,10,3.5,11],"texture":"#1","cullface":"east"},"up":{"uv":[3,10,4,10.5],"rotation":90,"texture":"#1","cullface":"east"}}},{"from":[16,7,11],"to":[16.5,8,12],"light_emission":15,"faces":{"east":{"uv":[4,8,5,9],"texture":"#1","cullface":"east"},"south":{"uv":[4,8,4.5,9],"texture":"#1","cullface":"east"},"up":{"uv":[4,8,5,8.5],"rotation":90,"texture":"#1","cullface":"east"}}},{"from":[16,5,10],"to":[16.7,7,12],"light_emission":15,"faces":{"north":{"uv":[5,9,5.7,11],"texture":"#1","cullface":"east"},"east":{"uv":[4,9,6,11],"texture":"#1","cullface":"east"},"south":{"uv":[4,9,4.7,11],"texture":"#1","cullface":"east"},"up":{"uv":[4,9,6,9.7],"rotation":270,"texture":"#1","cullface":"east"},"down":{"uv":[4,10,6,10.7],"rotation":90,"texture":"#1","cullface":"east"}}},{"from":[16,8,7],"to":[16.5,9,8],"light_emission":15,"faces":{"north":{"uv":[8,7,8.5,8],"texture":"#1","cullface":"east"},"east":{"uv":[8,7,9,8],"texture":"#1","cullface":"east"},"down":{"uv":[8,7,9,7.5],"rotation":270,"texture":"#1","cullface":"east"}}},{"from":[16,9,9],"to":[16.5,10,10],"light_emission":15,"faces":{"east":{"uv":[6,6,7,7],"texture":"#1","cullface":"east"},"south":{"uv":[6,6,6.5,7],"texture":"#1","cullface":"east"},"up":{"uv":[6,6,7,6.5],"rotation":90,"texture":"#1","cullface":"east"}}},{"from":[16,10,4],"to":[16.5,11,5],"light_emission":15,"faces":{"north":{"uv":[11,5,11.5,6],"texture":"#1","cullface":"east"},"east":{"uv":[11,5,12,6],"texture":"#1","cullface":"east"},"up":{"uv":[11,5,12,5.5],"rotation":90,"texture":"#1","cullface":"east"},"down":{"uv":[11,5,12,5.5],"rotation":270,"texture":"#1","cullface":"east"}}},{"from":[16,8,8],"to":[16.7,10,9],"light_emission":15,"faces":{"north":{"uv":[7,6,7.5,8],"texture":"#1","cullface":"east"},"east":{"uv":[7,6,8,8],"texture":"#1","cullface":"east"},"south":{"uv":[7,6,7.5,8],"texture":"#1","cullface":"east"},"up":{"uv":[7,6,8,6.5],"rotation":90,"texture":"#1","cullface":"east"},"down":{"uv":[7,7,8,7.5],"rotation":270,"texture":"#1","cullface":"east"}}},{"from":[16,7,9],"to":[16.7,9,11],"light_emission":15,"faces":{"north":{"uv":[6,7,6.7,9],"texture":"#1","cullface":"east"},"east":{"uv":[5,7,7,9],"texture":"#1","cullface":"east"},"south":{"uv":[5,7,5.7,9],"texture":"#1","cullface":"east"},"up":{"uv":[5,7,7,7.7],"rotation":270,"texture":"#1","cullface":"east"},"down":{"uv":[5,8,7,8.7],"rotation":90,"texture":"#1","cullface":"east"}}},{"from":[16,9,5],"to":[16.7,11,8],"light_emission":15,"faces":{"north":{"uv":[10,5,10.7,7],"texture":"#1","cullface":"east"},"east":{"uv":[8,5,11,7],"texture":"#1","cullface":"east"},"south":{"uv":[8,5,8.7,7],"texture":"#1","cullface":"east"},"up":{"uv":[8,5,11,5.7],"rotation":270,"texture":"#1","cullface":"east"},"down":{"uv":[8,6,11,6.7],"rotation":90,"texture":"#1","cullface":"east"}}},{"from":[16,8,2],"to":[16.5,9,3],"light_emission":15,"faces":{"east":{"uv":[13,7,14,8],"texture":"#1","cullface":"east"},"south":{"uv":[13,7,13.5,8],"texture":"#1","cullface":"east"},"up":{"uv":[13,7,14,7.5],"rotation":90,"texture":"#1","cullface":"east"}}},{"from":[16,4,6],"to":[16.7,5,7],"light_emission":15,"faces":{"north":{"uv":[9,11,9.7,12],"texture":"#1","cullface":"east"},"east":{"uv":[9,11,10,12],"texture":"#1","cullface":"east"},"south":{"uv":[9,11,9.7,12],"texture":"#1","cullface":"east"},"up":{"uv":[9,11,10,11.7],"rotation":90,"texture":"#1","cullface":"east"},"down":{"uv":[9,11,10,11.7],"rotation":270,"texture":"#1","cullface":"east"}}},{"from":[16,5,6],"to":[16.5,6,7],"light_emission":15,"faces":{"north":{"uv":[9,10,9.5,11],"texture":"#1","cullface":"east"},"east":{"uv":[9,10,10,11],"texture":"#1","cullface":"east"},"south":{"uv":[9,10,9.5,11],"texture":"#1","cullface":"east"},"up":{"uv":[9,10,10,10.5],"rotation":90,"texture":"#1","cullface":"east"}}},{"from":[16,3,6],"to":[16.5,4,7],"light_emission":15,"faces":{"north":{"uv":[9,12,9.5,13],"texture":"#1","cullface":"east"},"east":{"uv":[9,12,10,13],"texture":"#1","cullface":"east"},"down":{"uv":[9,12,10,12.5],"rotation":270,"texture":"#1","cullface":"east"}}},{"from":[16,2,8],"to":[16.5,4,9],"light_emission":15,"faces":{"east":{"uv":[7,12,8,14],"texture":"#1","cullface":"east"},"south":{"uv":[7,12,7.5,14],"texture":"#1","cullface":"east"},"up":{"uv":[7,12,8,12.5],"rotation":90,"texture":"#1","cullface":"east"},"down":{"uv":[7,13,8,13.5],"rotation":270,"texture":"#1","cullface":"east"}}},{"from":[16,3,7],"to":[16.7,4,8],"light_emission":15,"faces":{"north":{"uv":[8,12,8.7,13],"texture":"#1","cullface":"east"},"east":{"uv":[8,12,9,13],"texture":"#1","cullface":"east"},"south":{"uv":[8,12,8.7,13],"texture":"#1","cullface":"east"},"up":{"uv":[8,12,9,12.7],"rotation":90,"texture":"#1","cullface":"east"},"down":{"uv":[8,12,9,12.7],"rotation":270,"texture":"#1","cullface":"east"}}},{"from":[16,4,7],"to":[16.5,5,8],"light_emission":15,"faces":{"east":{"uv":[8,11,9,12],"texture":"#1","cullface":"east"},"south":{"uv":[8,11,8.5,12],"texture":"#1","cullface":"east"},"up":{"uv":[8,11,9,11.5],"rotation":90,"texture":"#1","cullface":"east"}}},{"from":[16,1,7],"to":[16.5,3,8],"light_emission":15,"faces":{"north":{"uv":[8,13,8.5,15],"texture":"#1","cullface":"east"},"east":{"uv":[8,13,9,15],"texture":"#1","cullface":"east"},"south":{"uv":[8,13,8.5,15],"texture":"#1","cullface":"east"},"down":{"uv":[8,14,9,14.5],"rotation":270,"texture":"#1","cullface":"east"}}},{"from":[16,8,1],"to":[16.7,9,2],"light_emission":15,"faces":{"north":{"uv":[14,7,14.7,8],"texture":"#1","cullface":"east"},"east":{"uv":[14,7,15,8],"texture":"#1","cullface":"east"},"south":{"uv":[14,7,14.7,8],"texture":"#1","cullface":"east"},"up":{"uv":[14,7,15,7.7],"rotation":90,"texture":"#1","cullface":"east"},"down":{"uv":[14,7,15,7.7],"rotation":270,"texture":"#1","cullface":"east"}}},{"from":[16,6,1],"to":[16.5,8,2],"light_emission":15,"faces":{"north":{"uv":[14,8,14.5,10],"texture":"#1","cullface":"east"},"east":{"uv":[14,8,15,10],"texture":"#1","cullface":"east"},"down":{"uv":[14,9,15,9.5],"rotation":270,"texture":"#1","cullface":"east"}}},{"from":[16,5,3],"to":[16.5,8,4],"light_emission":15,"faces":{"north":{"uv":[12,8,12.5,11],"texture":"#1","cullface":"east"},"east":{"uv":[12,8,13,11],"texture":"#1","cullface":"east"},"south":{"uv":[12,8,12.5,11],"texture":"#1","cullface":"east"},"up":{"uv":[12,8,13,8.5],"rotation":90,"texture":"#1","cullface":"east"},"down":{"uv":[12,10,13,10.5],"rotation":270,"texture":"#1","cullface":"east"}}},{"from":[16,9,1],"to":[16.5,10,2],"light_emission":15,"faces":{"north":{"uv":[14,6,14.5,7],"texture":"#1","cullface":"east"},"east":{"uv":[14,6,15,7],"texture":"#1","cullface":"east"},"south":{"uv":[14,6,14.5,7],"texture":"#1","cullface":"east"},"up":{"uv":[14,6,15,6.5],"rotation":90,"texture":"#1","cullface":"east"}}},{"from":[16,6,2],"to":[16.7,8,3],"light_emission":15,"faces":{"north":{"uv":[13,8,13.5,10],"texture":"#1","cullface":"east"},"east":{"uv":[13,8,14,10],"texture":"#1","cullface":"east"},"south":{"uv":[13,8,13.5,10],"texture":"#1","cullface":"east"},"up":{"uv":[13,8,14,8.5],"rotation":90,"texture":"#1","cullface":"east"},"down":{"uv":[13,9,14,9.5],"rotation":270,"texture":"#1","cullface":"east"}}},{"from":[16,3,2],"to":[16.5,4,3],"light_emission":15,"faces":{"north":{"uv":[13,12,13.5,13],"texture":"#1","cullface":"east"},"east":{"uv":[13,12,14,13],"texture":"#1","cullface":"east"},"south":{"uv":[13,12,13.5,13],"texture":"#1","cullface":"east"},"up":{"uv":[13,12,14,12.5],"rotation":90,"texture":"#1","cullface":"east"},"down":{"uv":[13,12,14,12.5],"rotation":270,"texture":"#1","cullface":"east"}}},{"from":[16,2,3],"to":[16.5,3,5],"light_emission":15,"faces":{"north":{"uv":[12,13,12.5,14],"texture":"#1","cullface":"east"},"east":{"uv":[11,13,13,14],"texture":"#1","cullface":"east"},"south":{"uv":[11,13,11.5,14],"texture":"#1","cullface":"east"},"up":{"uv":[11,13,13,13.5],"rotation":270,"texture":"#1","cullface":"east"},"down":{"uv":[11,13,13,13.5],"rotation":90,"texture":"#1","cullface":"east"}}},{"from":[7,16,2],"to":[9,16.5,3],"light_emission":15,"faces":{"north":{"uv":[7,2,9,2.5],"rotation":180,"texture":"#1","cullface":"up"},"west":{"uv":[7,2,7.5,3],"rotation":270,"texture":"#1","cullface":"up"},"up":{"uv":[7,2,9,3],"texture":"#1","cullface":"up"}}},{"from":[5,16,3],"to":[7,16.5,4],"light_emission":15,"faces":{"north":{"uv":[5,3,7,3.5],"rotation":180,"texture":"#1","cullface":"up"},"west":{"uv":[5,3,5.5,4],"rotation":270,"texture":"#1","cullface":"up"},"up":{"uv":[5,3,7,4],"texture":"#1","cullface":"up"}}},{"from":[5,16,5],"to":[6,16.5,6],"light_emission":15,"faces":{"east":{"uv":[5,5,5.5,6],"rotation":90,"texture":"#1","cullface":"up"},"south":{"uv":[5,5,6,5.5],"rotation":180,"texture":"#1","cullface":"up"},"up":{"uv":[5,5,6,6],"texture":"#1","cullface":"up"}}},{"from":[3,16,5],"to":[4,16.5,6],"light_emission":15,"faces":{"north":{"uv":[3,5,4,5.5],"texture":"#1","cullface":"up"},"south":{"uv":[3,5,4,5.5],"rotation":180,"texture":"#1","cullface":"up"},"west":{"uv":[3,5,3.5,6],"rotation":270,"texture":"#1","cullface":"up"},"up":{"uv":[3,5,4,6],"texture":"#1","cullface":"up"}}},{"from":[4,16,6],"to":[5,16.5,7],"light_emission":15,"faces":{"east":{"uv":[4,6,4.5,7],"rotation":90,"texture":"#1","cullface":"up"},"south":{"uv":[4,6,5,6.5],"rotation":180,"texture":"#1","cullface":"up"},"west":{"uv":[4,6,4.5,7],"rotation":270,"texture":"#1","cullface":"up"},"up":{"uv":[4,6,5,7],"texture":"#1","cullface":"up"}}},{"from":[4,16,4],"to":[5,16.5,5],"light_emission":15,"faces":{"north":{"uv":[4,4,5,4.5],"texture":"#1","cullface":"up"},"west":{"uv":[4,4,4.5,5],"rotation":270,"texture":"#1","cullface":"up"},"up":{"uv":[4,4,5,5],"texture":"#1","cullface":"up"}}},{"from":[4,16,5],"to":[5,16.7,6],"light_emission":15,"faces":{"north":{"uv":[4,5,5,5.7],"texture":"#1","cullface":"up"},"east":{"uv":[4,5,4.7,6],"rotation":90,"texture":"#1","cullface":"up"},"south":{"uv":[4,5,5,5.7],"rotation":180,"texture":"#1","cullface":"up"},"west":{"uv":[4,5,4.7,6],"rotation":270,"texture":"#1","cullface":"up"},"up":{"uv":[4,5,5,6],"texture":"#1","cullface":"up"}}},{"from":[9,16,2],"to":[10,16.5,3],"light_emission":15,"faces":{"north":{"uv":[9,2,10,2.5],"texture":"#1","cullface":"up"},"east":{"uv":[9,2,9.5,3],"rotation":90,"texture":"#1","cullface":"up"},"south":{"uv":[9,2,10,2.5],"rotation":180,"texture":"#1","cullface":"up"},"up":{"uv":[9,2,10,3],"texture":"#1","cullface":"up"}}},{"from":[5,16,4],"to":[7,16.7,5],"light_emission":15,"faces":{"north":{"uv":[5,4,7,4.5],"rotation":180,"texture":"#1","cullface":"up"},"east":{"uv":[6,4,6.5,5],"rotation":90,"texture":"#1","cullface":"up"},"south":{"uv":[5,4,7,4.5],"texture":"#1","cullface":"up"},"west":{"uv":[5,4,5.5,5],"rotation":270,"texture":"#1","cullface":"up"},"up":{"uv":[5,4,7,5],"texture":"#1","cullface":"up"}}},{"from":[7,16,3],"to":[9,16.7,4],"light_emission":15,"faces":{"north":{"uv":[7,3,9,3.5],"rotation":180,"texture":"#1","cullface":"up"},"east":{"uv":[8,3,8.5,4],"rotation":90,"texture":"#1","cullface":"up"},"south":{"uv":[7,3,9,3.5],"texture":"#1","cullface":"up"},"west":{"uv":[7,3,7.5,4],"rotation":270,"texture":"#1","cullface":"up"},"up":{"uv":[7,3,9,4],"texture":"#1","cullface":"up"}}},{"from":[3,16,11],"to":[5,16.5,12],"light_emission":15,"faces":{"east":{"uv":[4,11,4.5,12],"rotation":90,"texture":"#1","cullface":"up"},"south":{"uv":[3,11,5,11.5],"texture":"#1","cullface":"up"},"west":{"uv":[3,11,3.5,12],"rotation":270,"texture":"#1","cullface":"up"},"up":{"uv":[3,11,5,12],"texture":"#1","cullface":"up"}}},{"from":[3,16,10],"to":[4,16.5,11],"light_emission":15,"faces":{"north":{"uv":[3,10,4,10.5],"texture":"#1","cullface":"up"},"west":{"uv":[3,10,3.5,11],"rotation":270,"texture":"#1","cullface":"up"},"up":{"uv":[3,10,4,11],"texture":"#1","cullface":"up"}}},{"from":[4,16,8],"to":[5,16.5,9],"light_emission":15,"faces":{"north":{"uv":[4,8,5,8.5],"texture":"#1","cullface":"up"},"west":{"uv":[4,8,4.5,9],"rotation":270,"texture":"#1","cullface":"up"},"up":{"uv":[4,8,5,9],"texture":"#1","cullface":"up"}}},{"from":[4,16,9],"to":[6,16.7,11],"light_emission":15,"faces":{"north":{"uv":[4,9,6,9.7],"rotation":180,"texture":"#1","cullface":"up"},"east":{"uv":[5,9,5.7,11],"rotation":90,"texture":"#1","cullface":"up"},"south":{"uv":[4,10,6,10.7],"texture":"#1","cullface":"up"},"west":{"uv":[4,9,4.7,11],"rotation":270,"texture":"#1","cullface":"up"},"up":{"uv":[4,9,6,11],"texture":"#1","cullface":"up"}}},{"from":[8,16,7],"to":[9,16.5,8],"light_emission":15,"faces":{"east":{"uv":[8,7,8.5,8],"rotation":90,"texture":"#1","cullface":"up"},"south":{"uv":[8,7,9,7.5],"rotation":180,"texture":"#1","cullface":"up"},"up":{"uv":[8,7,9,8],"texture":"#1","cullface":"up"}}},{"from":[6,16,6],"to":[7,16.5,7],"light_emission":15,"faces":{"north":{"uv":[6,6,7,6.5],"texture":"#1","cullface":"up"},"west":{"uv":[6,6,6.5,7],"rotation":270,"texture":"#1","cullface":"up"},"up":{"uv":[6,6,7,7],"texture":"#1","cullface":"up"}}},{"from":[11,16,5],"to":[12,16.5,6],"light_emission":15,"faces":{"north":{"uv":[11,5,12,5.5],"texture":"#1","cullface":"up"},"east":{"uv":[11,5,11.5,6],"rotation":90,"texture":"#1","cullface":"up"},"south":{"uv":[11,5,12,5.5],"rotation":180,"texture":"#1","cullface":"up"},"up":{"uv":[11,5,12,6],"texture":"#1","cullface":"up"}}},{"from":[7,16,6],"to":[8,16.7,8],"light_emission":15,"faces":{"north":{"uv":[7,6,8,6.5],"texture":"#1","cullface":"up"},"east":{"uv":[7,6,7.5,8],"rotation":90,"texture":"#1","cullface":"up"},"south":{"uv":[7,7,8,7.5],"rotation":180,"texture":"#1","cullface":"up"},"west":{"uv":[7,6,7.5,8],"rotation":270,"texture":"#1","cullface":"up"},"up":{"uv":[7,6,8,8],"texture":"#1","cullface":"up"}}},{"from":[5,16,7],"to":[7,16.7,9],"light_emission":15,"faces":{"north":{"uv":[5,7,7,7.7],"rotation":180,"texture":"#1","cullface":"up"},"east":{"uv":[6,7,6.7,9],"rotation":90,"texture":"#1","cullface":"up"},"south":{"uv":[5,8,7,8.7],"texture":"#1","cullface":"up"},"west":{"uv":[5,7,5.7,9],"rotation":270,"texture":"#1","cullface":"up"},"up":{"uv":[5,7,7,9],"texture":"#1","cullface":"up"}}},{"from":[8,16,5],"to":[11,16.7,7],"light_emission":15,"faces":{"north":{"uv":[8,5,11,5.7],"rotation":180,"texture":"#1","cullface":"up"},"east":{"uv":[10,5,10.7,7],"rotation":90,"texture":"#1","cullface":"up"},"south":{"uv":[8,6,11,6.7],"texture":"#1","cullface":"up"},"west":{"uv":[8,5,8.7,7],"rotation":270,"texture":"#1","cullface":"up"},"up":{"uv":[8,5,11,7],"texture":"#1","cullface":"up"}}},{"from":[13,16,7],"to":[14,16.5,8],"light_emission":15,"faces":{"north":{"uv":[13,7,14,7.5],"texture":"#1","cullface":"up"},"west":{"uv":[13,7,13.5,8],"rotation":270,"texture":"#1","cullface":"up"},"up":{"uv":[13,7,14,8],"texture":"#1","cullface":"up"}}},{"from":[9,16,11],"to":[10,16.7,12],"light_emission":15,"faces":{"north":{"uv":[9,11,10,11.7],"texture":"#1","cullface":"up"},"east":{"uv":[9,11,9.7,12],"rotation":90,"texture":"#1","cullface":"up"},"south":{"uv":[9,11,10,11.7],"rotation":180,"texture":"#1","cullface":"up"},"west":{"uv":[9,11,9.7,12],"rotation":270,"texture":"#1","cullface":"up"},"up":{"uv":[9,11,10,12],"texture":"#1","cullface":"up"}}},{"from":[9,16,10],"to":[10,16.5,11],"light_emission":15,"faces":{"north":{"uv":[9,10,10,10.5],"texture":"#1","cullface":"up"},"east":{"uv":[9,10,9.5,11],"rotation":90,"texture":"#1","cullface":"up"},"west":{"uv":[9,10,9.5,11],"rotation":270,"texture":"#1","cullface":"up"},"up":{"uv":[9,10,10,11],"texture":"#1","cullface":"up"}}},{"from":[9,16,12],"to":[10,16.5,13],"light_emission":15,"faces":{"east":{"uv":[9,12,9.5,13],"rotation":90,"texture":"#1","cullface":"up"},"south":{"uv":[9,12,10,12.5],"rotation":180,"texture":"#1","cullface":"up"},"up":{"uv":[9,12,10,13],"texture":"#1","cullface":"up"}}},{"from":[7,16,12],"to":[8,16.5,14],"light_emission":15,"faces":{"north":{"uv":[7,12,8,12.5],"texture":"#1","cullface":"up"},"south":{"uv":[7,13,8,13.5],"rotation":180,"texture":"#1","cullface":"up"},"west":{"uv":[7,12,7.5,14],"rotation":270,"texture":"#1","cullface":"up"},"up":{"uv":[7,12,8,14],"texture":"#1","cullface":"up"}}},{"from":[8,16,12],"to":[9,16.7,13],"light_emission":15,"faces":{"north":{"uv":[8,12,9,12.7],"texture":"#1","cullface":"up"},"east":{"uv":[8,12,8.7,13],"rotation":90,"texture":"#1","cullface":"up"},"south":{"uv":[8,12,9,12.7],"rotation":180,"texture":"#1","cullface":"up"},"west":{"uv":[8,12,8.7,13],"rotation":270,"texture":"#1","cullface":"up"},"up":{"uv":[8,12,9,13],"texture":"#1","cullface":"up"}}},{"from":[8,16,11],"to":[9,16.5,12],"light_emission":15,"faces":{"north":{"uv":[8,11,9,11.5],"texture":"#1","cullface":"up"},"west":{"uv":[8,11,8.5,12],"rotation":270,"texture":"#1","cullface":"up"},"up":{"uv":[8,11,9,12],"texture":"#1","cullface":"up"}}},{"from":[8,16,13],"to":[9,16.5,15],"light_emission":15,"faces":{"east":{"uv":[8,13,8.5,15],"rotation":90,"texture":"#1","cullface":"up"},"south":{"uv":[8,14,9,14.5],"rotation":180,"texture":"#1","cullface":"up"},"west":{"uv":[8,13,8.5,15],"rotation":270,"texture":"#1","cullface":"up"},"up":{"uv":[8,13,9,15],"texture":"#1","cullface":"up"}}},{"from":[14,16,7],"to":[15,16.7,8],"light_emission":15,"faces":{"north":{"uv":[14,7,15,7.7],"texture":"#1","cullface":"up"},"east":{"uv":[14,7,14.7,8],"rotation":90,"texture":"#1","cullface":"up"},"south":{"uv":[14,7,15,7.7],"rotation":180,"texture":"#1","cullface":"up"},"west":{"uv":[14,7,14.7,8],"rotation":270,"texture":"#1","cullface":"up"},"up":{"uv":[14,7,15,8],"texture":"#1","cullface":"up"}}},{"from":[14,16,8],"to":[15,16.5,10],"light_emission":15,"faces":{"east":{"uv":[14,8,14.5,10],"rotation":90,"texture":"#1","cullface":"up"},"south":{"uv":[14,9,15,9.5],"rotation":180,"texture":"#1","cullface":"up"},"up":{"uv":[14,8,15,10],"texture":"#1","cullface":"up"}}},{"from":[12,16,8],"to":[13,16.5,11],"light_emission":15,"faces":{"north":{"uv":[12,8,13,8.5],"texture":"#1","cullface":"up"},"east":{"uv":[12,8,12.5,11],"rotation":90,"texture":"#1","cullface":"up"},"south":{"uv":[12,10,13,10.5],"rotation":180,"texture":"#1","cullface":"up"},"west":{"uv":[12,8,12.5,11],"rotation":270,"texture":"#1","cullface":"up"},"up":{"uv":[12,8,13,11],"texture":"#1","cullface":"up"}}},{"from":[14,16,6],"to":[15,16.5,7],"light_emission":15,"faces":{"north":{"uv":[14,6,15,6.5],"texture":"#1","cullface":"up"},"east":{"uv":[14,6,14.5,7],"rotation":90,"texture":"#1","cullface":"up"},"west":{"uv":[14,6,14.5,7],"rotation":270,"texture":"#1","cullface":"up"},"up":{"uv":[14,6,15,7],"texture":"#1","cullface":"up"}}},{"from":[13,16,8],"to":[14,16.7,10],"light_emission":15,"faces":{"north":{"uv":[13,8,14,8.5],"texture":"#1","cullface":"up"},"east":{"uv":[13,8,13.5,10],"rotation":90,"texture":"#1","cullface":"up"},"south":{"uv":[13,9,14,9.5],"rotation":180,"texture":"#1","cullface":"up"},"west":{"uv":[13,8,13.5,10],"rotation":270,"texture":"#1","cullface":"up"},"up":{"uv":[13,8,14,10],"texture":"#1","cullface":"up"}}},{"from":[13,16,12],"to":[14,16.5,13],"light_emission":15,"faces":{"north":{"uv":[13,12,14,12.5],"texture":"#1","cullface":"up"},"east":{"uv":[13,12,13.5,13],"rotation":90,"texture":"#1","cullface":"up"},"south":{"uv":[13,12,14,12.5],"rotation":180,"texture":"#1","cullface":"up"},"west":{"uv":[13,12,13.5,13],"rotation":270,"texture":"#1","cullface":"up"},"up":{"uv":[13,12,14,13],"texture":"#1","cullface":"up"}}},{"from":[11,16,13],"to":[13,16.5,14],"light_emission":15,"faces":{"north":{"uv":[11,13,13,13.5],"rotation":180,"texture":"#1","cullface":"up"},"east":{"uv":[12,13,12.5,14],"rotation":90,"texture":"#1","cullface":"up"},"south":{"uv":[11,13,13,13.5],"texture":"#1","cullface":"up"},"west":{"uv":[11,13,11.5,14],"rotation":270,"texture":"#1","cullface":"up"},"up":{"uv":[11,13,13,14],"texture":"#1","cullface":"up"}}},{"from":[7,-0.5,13],"to":[9,0,14],"light_emission":15,"faces":{"south":{"uv":[7,2,9,2.5],"texture":"#1","cullface":"down"},"west":{"uv":[7,2,7.5,3],"rotation":90,"texture":"#1","cullface":"down"},"down":{"uv":[7,2,9,3],"texture":"#1","cullface":"down"}}},{"from":[5,-0.5,12],"to":[7,0,13],"light_emission":15,"faces":{"south":{"uv":[5,3,7,3.5],"texture":"#1","cullface":"down"},"west":{"uv":[5,3,5.5,4],"rotation":90,"texture":"#1","cullface":"down"},"down":{"uv":[5,3,7,4],"texture":"#1","cullface":"down"}}},{"from":[5,-0.5,10],"to":[6,0,11],"light_emission":15,"faces":{"north":{"uv":[5,5,6,5.5],"texture":"#1","cullface":"down"},"east":{"uv":[5,5,5.5,6],"rotation":270,"texture":"#1","cullface":"down"},"down":{"uv":[5,5,6,6],"texture":"#1","cullface":"down"}}},{"from":[3,-0.5,10],"to":[4,0,11],"light_emission":15,"faces":{"north":{"uv":[3,5,4,5.5],"texture":"#1","cullface":"down"},"south":{"uv":[3,5,4,5.5],"rotation":180,"texture":"#1","cullface":"down"},"west":{"uv":[3,5,3.5,6],"rotation":90,"texture":"#1","cullface":"down"},"down":{"uv":[3,5,4,6],"texture":"#1","cullface":"down"}}},{"from":[4,-0.5,9],"to":[5,0,10],"light_emission":15,"faces":{"north":{"uv":[4,6,5,6.5],"texture":"#1","cullface":"down"},"east":{"uv":[4,6,4.5,7],"rotation":270,"texture":"#1","cullface":"down"},"west":{"uv":[4,6,4.5,7],"rotation":90,"texture":"#1","cullface":"down"},"down":{"uv":[4,6,5,7],"texture":"#1","cullface":"down"}}},{"from":[4,-0.5,11],"to":[5,0,12],"light_emission":15,"faces":{"south":{"uv":[4,4,5,4.5],"rotation":180,"texture":"#1","cullface":"down"},"west":{"uv":[4,4,4.5,5],"rotation":90,"texture":"#1","cullface":"down"},"down":{"uv":[4,4,5,5],"texture":"#1","cullface":"down"}}},{"from":[4,-0.7,10],"to":[5,0,11],"light_emission":15,"faces":{"north":{"uv":[4,5,5,5.7],"texture":"#1","cullface":"down"},"east":{"uv":[4,5,4.7,6],"rotation":270,"texture":"#1","cullface":"down"},"south":{"uv":[4,5,5,5.7],"rotation":180,"texture":"#1","cullface":"down"},"west":{"uv":[4,5,4.7,6],"rotation":90,"texture":"#1","cullface":"down"},"down":{"uv":[4,5,5,6],"texture":"#1","cullface":"down"}}},{"from":[9,-0.5,13],"to":[10,0,14],"light_emission":15,"faces":{"north":{"uv":[9,2,10,2.5],"texture":"#1","cullface":"down"},"east":{"uv":[9,2,9.5,3],"rotation":270,"texture":"#1","cullface":"down"},"south":{"uv":[9,2,10,2.5],"rotation":180,"texture":"#1","cullface":"down"},"down":{"uv":[9,2,10,3],"texture":"#1","cullface":"down"}}},{"from":[5,-0.7,11],"to":[7,0,12],"light_emission":15,"faces":{"north":{"uv":[5,4,7,4.5],"rotation":180,"texture":"#1","cullface":"down"},"east":{"uv":[6,4,6.5,5],"rotation":270,"texture":"#1","cullface":"down"},"south":{"uv":[5,4,7,4.5],"texture":"#1","cullface":"down"},"west":{"uv":[5,4,5.5,5],"rotation":90,"texture":"#1","cullface":"down"},"down":{"uv":[5,4,7,5],"texture":"#1","cullface":"down"}}},{"from":[7,-0.7,12],"to":[9,0,13],"light_emission":15,"faces":{"north":{"uv":[7,3,9,3.5],"rotation":180,"texture":"#1","cullface":"down"},"east":{"uv":[8,3,8.5,4],"rotation":270,"texture":"#1","cullface":"down"},"south":{"uv":[7,3,9,3.5],"texture":"#1","cullface":"down"},"west":{"uv":[7,3,7.5,4],"rotation":90,"texture":"#1","cullface":"down"},"down":{"uv":[7,3,9,4],"texture":"#1","cullface":"down"}}},{"from":[3,-0.5,4],"to":[5,0,5],"light_emission":15,"faces":{"north":{"uv":[3,11,5,11.5],"rotation":180,"texture":"#1","cullface":"down"},"east":{"uv":[4,11,4.5,12],"rotation":270,"texture":"#1","cullface":"down"},"west":{"uv":[3,11,3.5,12],"rotation":90,"texture":"#1","cullface":"down"},"down":{"uv":[3,11,5,12],"texture":"#1","cullface":"down"}}},{"from":[3,-0.5,5],"to":[4,0,6],"light_emission":15,"faces":{"south":{"uv":[3,10,4,10.5],"rotation":180,"texture":"#1","cullface":"down"},"west":{"uv":[3,10,3.5,11],"rotation":90,"texture":"#1","cullface":"down"},"down":{"uv":[3,10,4,11],"texture":"#1","cullface":"down"}}},{"from":[4,-0.5,7],"to":[5,0,8],"light_emission":15,"faces":{"south":{"uv":[4,8,5,8.5],"rotation":180,"texture":"#1","cullface":"down"},"west":{"uv":[4,8,4.5,9],"rotation":90,"texture":"#1","cullface":"down"},"down":{"uv":[4,8,5,9],"texture":"#1","cullface":"down"}}},{"from":[4,-0.7,5],"to":[6,0,7],"light_emission":15,"faces":{"north":{"uv":[4,10,6,10.7],"rotation":180,"texture":"#1","cullface":"down"},"east":{"uv":[5,9,5.7,11],"rotation":270,"texture":"#1","cullface":"down"},"south":{"uv":[4,9,6,9.7],"texture":"#1","cullface":"down"},"west":{"uv":[4,9,4.7,11],"rotation":90,"texture":"#1","cullface":"down"},"down":{"uv":[4,9,6,11],"texture":"#1","cullface":"down"}}},{"from":[8,-0.5,8],"to":[9,0,9],"light_emission":15,"faces":{"north":{"uv":[8,7,9,7.5],"texture":"#1","cullface":"down"},"east":{"uv":[8,7,8.5,8],"rotation":270,"texture":"#1","cullface":"down"},"down":{"uv":[8,7,9,8],"texture":"#1","cullface":"down"}}},{"from":[6,-0.5,9],"to":[7,0,10],"light_emission":15,"faces":{"south":{"uv":[6,6,7,6.5],"rotation":180,"texture":"#1","cullface":"down"},"west":{"uv":[6,6,6.5,7],"rotation":90,"texture":"#1","cullface":"down"},"down":{"uv":[6,6,7,7],"texture":"#1","cullface":"down"}}},{"from":[11,-0.5,10],"to":[12,0,11],"light_emission":15,"faces":{"north":{"uv":[11,5,12,5.5],"texture":"#1","cullface":"down"},"east":{"uv":[11,5,11.5,6],"rotation":270,"texture":"#1","cullface":"down"},"south":{"uv":[11,5,12,5.5],"rotation":180,"texture":"#1","cullface":"down"},"down":{"uv":[11,5,12,6],"texture":"#1","cullface":"down"}}},{"from":[7,-0.7,8],"to":[8,0,10],"light_emission":15,"faces":{"north":{"uv":[7,7,8,7.5],"texture":"#1","cullface":"down"},"east":{"uv":[7,6,7.5,8],"rotation":270,"texture":"#1","cullface":"down"},"south":{"uv":[7,6,8,6.5],"rotation":180,"texture":"#1","cullface":"down"},"west":{"uv":[7,6,7.5,8],"rotation":90,"texture":"#1","cullface":"down"},"down":{"uv":[7,6,8,8],"texture":"#1","cullface":"down"}}},{"from":[5,-0.7,7],"to":[7,0,9],"light_emission":15,"faces":{"north":{"uv":[5,8,7,8.7],"rotation":180,"texture":"#1","cullface":"down"},"east":{"uv":[6,7,6.7,9],"rotation":270,"texture":"#1","cullface":"down"},"south":{"uv":[5,7,7,7.7],"texture":"#1","cullface":"down"},"west":{"uv":[5,7,5.7,9],"rotation":90,"texture":"#1","cullface":"down"},"down":{"uv":[5,7,7,9],"texture":"#1","cullface":"down"}}},{"from":[8,-0.7,9],"to":[11,0,11],"light_emission":15,"faces":{"north":{"uv":[8,6,11,6.7],"rotation":180,"texture":"#1","cullface":"down"},"east":{"uv":[10,5,10.7,7],"rotation":270,"texture":"#1","cullface":"down"},"south":{"uv":[8,5,11,5.7],"texture":"#1","cullface":"down"},"west":{"uv":[8,5,8.7,7],"rotation":90,"texture":"#1","cullface":"down"},"down":{"uv":[8,5,11,7],"texture":"#1","cullface":"down"}}},{"from":[13,-0.5,8],"to":[14,0,9],"light_emission":15,"faces":{"south":{"uv":[13,7,14,7.5],"rotation":180,"texture":"#1","cullface":"down"},"west":{"uv":[13,7,13.5,8],"rotation":90,"texture":"#1","cullface":"down"},"down":{"uv":[13,7,14,8],"texture":"#1","cullface":"down"}}},{"from":[9,-0.7,4],"to":[10,0,5],"light_emission":15,"faces":{"north":{"uv":[9,11,10,11.7],"texture":"#1","cullface":"down"},"east":{"uv":[9,11,9.7,12],"rotation":270,"texture":"#1","cullface":"down"},"south":{"uv":[9,11,10,11.7],"rotation":180,"texture":"#1","cullface":"down"},"west":{"uv":[9,11,9.7,12],"rotation":90,"texture":"#1","cullface":"down"},"down":{"uv":[9,11,10,12],"texture":"#1","cullface":"down"}}},{"from":[9,-0.5,5],"to":[10,0,6],"light_emission":15,"faces":{"east":{"uv":[9,10,9.5,11],"rotation":270,"texture":"#1","cullface":"down"},"south":{"uv":[9,10,10,10.5],"rotation":180,"texture":"#1","cullface":"down"},"west":{"uv":[9,10,9.5,11],"rotation":90,"texture":"#1","cullface":"down"},"down":{"uv":[9,10,10,11],"texture":"#1","cullface":"down"}}},{"from":[9,-0.5,3],"to":[10,0,4],"light_emission":15,"faces":{"north":{"uv":[9,12,10,12.5],"texture":"#1","cullface":"down"},"east":{"uv":[9,12,9.5,13],"rotation":270,"texture":"#1","cullface":"down"},"down":{"uv":[9,12,10,13],"texture":"#1","cullface":"down"}}},{"from":[7,-0.5,2],"to":[8,0,4],"light_emission":15,"faces":{"north":{"uv":[7,13,8,13.5],"texture":"#1","cullface":"down"},"south":{"uv":[7,12,8,12.5],"rotation":180,"texture":"#1","cullface":"down"},"west":{"uv":[7,12,7.5,14],"rotation":90,"texture":"#1","cullface":"down"},"down":{"uv":[7,12,8,14],"texture":"#1","cullface":"down"}}},{"from":[8,-0.7,3],"to":[9,0,4],"light_emission":15,"faces":{"north":{"uv":[8,12,9,12.7],"texture":"#1","cullface":"down"},"east":{"uv":[8,12,8.7,13],"rotation":270,"texture":"#1","cullface":"down"},"south":{"uv":[8,12,9,12.7],"rotation":180,"texture":"#1","cullface":"down"},"west":{"uv":[8,12,8.7,13],"rotation":90,"texture":"#1","cullface":"down"},"down":{"uv":[8,12,9,13],"texture":"#1","cullface":"down"}}},{"from":[8,-0.5,4],"to":[9,0,5],"light_emission":15,"faces":{"south":{"uv":[8,11,9,11.5],"rotation":180,"texture":"#1","cullface":"down"},"west":{"uv":[8,11,8.5,12],"rotation":90,"texture":"#1","cullface":"down"},"down":{"uv":[8,11,9,12],"texture":"#1","cullface":"down"}}},{"from":[8,-0.5,1],"to":[9,0,3],"light_emission":15,"faces":{"north":{"uv":[8,14,9,14.5],"texture":"#1","cullface":"down"},"east":{"uv":[8,13,8.5,15],"rotation":270,"texture":"#1","cullface":"down"},"west":{"uv":[8,13,8.5,15],"rotation":90,"texture":"#1","cullface":"down"},"down":{"uv":[8,13,9,15],"texture":"#1","cullface":"down"}}},{"from":[14,-0.7,8],"to":[15,0,9],"light_emission":15,"faces":{"north":{"uv":[14,7,15,7.7],"texture":"#1","cullface":"down"},"east":{"uv":[14,7,14.7,8],"rotation":270,"texture":"#1","cullface":"down"},"south":{"uv":[14,7,15,7.7],"rotation":180,"texture":"#1","cullface":"down"},"west":{"uv":[14,7,14.7,8],"rotation":90,"texture":"#1","cullface":"down"},"down":{"uv":[14,7,15,8],"texture":"#1","cullface":"down"}}},{"from":[14,-0.5,6],"to":[15,0,8],"light_emission":15,"faces":{"north":{"uv":[14,9,15,9.5],"texture":"#1","cullface":"down"},"east":{"uv":[14,8,14.5,10],"rotation":270,"texture":"#1","cullface":"down"},"down":{"uv":[14,8,15,10],"texture":"#1","cullface":"down"}}},{"from":[12,-0.5,5],"to":[13,0,8],"light_emission":15,"faces":{"north":{"uv":[12,10,13,10.5],"texture":"#1","cullface":"down"},"east":{"uv":[12,8,12.5,11],"rotation":270,"texture":"#1","cullface":"down"},"south":{"uv":[12,8,13,8.5],"rotation":180,"texture":"#1","cullface":"down"},"west":{"uv":[12,8,12.5,11],"rotation":90,"texture":"#1","cullface":"down"},"down":{"uv":[12,8,13,11],"texture":"#1","cullface":"down"}}},{"from":[14,-0.5,9],"to":[15,0,10],"light_emission":15,"faces":{"east":{"uv":[14,6,14.5,7],"rotation":270,"texture":"#1","cullface":"down"},"south":{"uv":[14,6,15,6.5],"rotation":180,"texture":"#1","cullface":"down"},"west":{"uv":[14,6,14.5,7],"rotation":90,"texture":"#1","cullface":"down"},"down":{"uv":[14,6,15,7],"texture":"#1","cullface":"down"}}},{"from":[13,-0.7,6],"to":[14,0,8],"light_emission":15,"faces":{"north":{"uv":[13,9,14,9.5],"texture":"#1","cullface":"down"},"east":{"uv":[13,8,13.5,10],"rotation":270,"texture":"#1","cullface":"down"},"south":{"uv":[13,8,14,8.5],"rotation":180,"texture":"#1","cullface":"down"},"west":{"uv":[13,8,13.5,10],"rotation":90,"texture":"#1","cullface":"down"},"down":{"uv":[13,8,14,10],"texture":"#1","cullface":"down"}}},{"from":[13,-0.5,3],"to":[14,0,4],"light_emission":15,"faces":{"north":{"uv":[13,12,14,12.5],"texture":"#1","cullface":"down"},"east":{"uv":[13,12,13.5,13],"rotation":270,"texture":"#1","cullface":"down"},"south":{"uv":[13,12,14,12.5],"rotation":180,"texture":"#1","cullface":"down"},"west":{"uv":[13,12,13.5,13],"rotation":90,"texture":"#1","cullface":"down"},"down":{"uv":[13,12,14,13],"texture":"#1","cullface":"down"}}},{"from":[11,-0.5,2],"to":[13,0,3],"light_emission":15,"faces":{"north":{"uv":[11,13,13,13.5],"rotation":180,"texture":"#1","cullface":"down"},"east":{"uv":[12,13,12.5,14],"rotation":270,"texture":"#1","cullface":"down"},"south":{"uv":[11,13,13,13.5],"texture":"#1","cullface":"down"},"west":{"uv":[11,13,11.5,14],"rotation":90,"texture":"#1","cullface":"down"},"down":{"uv":[11,13,13,14],"texture":"#1","cullface":"down"}}},{"from":[11,4,-0.5],"to":[13,5,0],"light_emission":15,"faces":{"north":{"uv":[3,11,5,12],"texture":"#1","cullface":"north"},"east":{"uv":[3,11,3.5,12],"texture":"#1","cullface":"north"},"west":{"uv":[4,11,4.5,12],"texture":"#1","cullface":"north"},"down":{"uv":[3,11,5,11.5],"rotation":180,"texture":"#1","cullface":"north"}}},{"from":[9,12,-0.5],"to":[11,13,0],"light_emission":15,"faces":{"north":{"uv":[5,3,7,4],"texture":"#1","cullface":"north"},"east":{"uv":[5,3,5.5,4],"texture":"#1","cullface":"north"},"up":{"uv":[5,3,7,3.5],"rotation":180,"texture":"#1","cullface":"north"}}},{"from":[7,13,-0.5],"to":[9,14,0],"light_emission":15,"faces":{"north":{"uv":[7,2,9,3],"texture":"#1","cullface":"north"},"east":{"uv":[7,2,7.5,3],"texture":"#1","cullface":"north"},"up":{"uv":[7,2,9,2.5],"rotation":180,"texture":"#1","cullface":"north"}}},{"from":[2,6,-0.7],"to":[3,8,0],"light_emission":15,"faces":{"north":{"uv":[13,8,14,10],"texture":"#1","cullface":"north"},"east":{"uv":[13,8,13.5,10],"texture":"#1","cullface":"north"},"west":{"uv":[13,8,13.5,10],"texture":"#1","cullface":"north"},"up":{"uv":[13,8,14,8.5],"texture":"#1","cullface":"north"},"down":{"uv":[13,9,14,9.5],"texture":"#1","cullface":"north"}}},{"from":[5,9,-0.7],"to":[8,11,0],"light_emission":15,"faces":{"north":{"uv":[8,5,11,7],"texture":"#1","cullface":"north"},"east":{"uv":[8,5,8.7,7],"texture":"#1","cullface":"north"},"west":{"uv":[10,5,10.7,7],"texture":"#1","cullface":"north"},"up":{"uv":[8,5,11,5.7],"rotation":180,"texture":"#1","cullface":"north"},"down":{"uv":[8,6,11,6.7],"rotation":180,"texture":"#1","cullface":"north"}}},{"from":[9,7,-0.7],"to":[11,9,0],"light_emission":15,"faces":{"north":{"uv":[5,7,7,9],"texture":"#1","cullface":"north"},"east":{"uv":[5,7,5.7,9],"texture":"#1","cullface":"north"},"west":{"uv":[6,7,6.7,9],"texture":"#1","cullface":"north"},"up":{"uv":[5,7,7,7.7],"rotation":180,"texture":"#1","cullface":"north"},"down":{"uv":[5,8,7,8.7],"rotation":180,"texture":"#1","cullface":"north"}}},{"from":[9,11,-0.7],"to":[11,12,0],"light_emission":15,"faces":{"north":{"uv":[5,4,7,5],"texture":"#1","cullface":"north"},"east":{"uv":[5,4,5.5,5],"texture":"#1","cullface":"north"},"west":{"uv":[6,4,6.5,5],"texture":"#1","cullface":"north"},"up":{"uv":[5,4,7,4.5],"rotation":180,"texture":"#1","cullface":"north"},"down":{"uv":[5,4,7,4.5],"rotation":180,"texture":"#1","cullface":"north"}}},{"from":[7,12,-0.7],"to":[9,13,0],"light_emission":15,"faces":{"north":{"uv":[7,3,9,4],"texture":"#1","cullface":"north"},"east":{"uv":[7,3,7.5,4],"texture":"#1","cullface":"north"},"west":{"uv":[8,3,8.5,4],"texture":"#1","cullface":"north"},"up":{"uv":[7,3,9,3.5],"rotation":180,"texture":"#1","cullface":"north"},"down":{"uv":[7,3,9,3.5],"rotation":180,"texture":"#1","cullface":"north"}}},{"from":[10,5,-0.7],"to":[12,7,0],"light_emission":15,"faces":{"north":{"uv":[4,9,6,11],"texture":"#1","cullface":"north"},"east":{"uv":[4,9,4.7,11],"texture":"#1","cullface":"north"},"west":{"uv":[5,9,5.7,11],"texture":"#1","cullface":"north"},"up":{"uv":[4,9,6,9.7],"rotation":180,"texture":"#1","cullface":"north"},"down":{"uv":[4,10,6,10.7],"rotation":180,"texture":"#1","cullface":"north"}}},{"from":[1,8,-0.7],"to":[2,9,0],"light_emission":15,"faces":{"north":{"uv":[14,7,15,8],"texture":"#1","cullface":"north"},"east":{"uv":[14,7,14.7,8],"texture":"#1","cullface":"north"},"west":{"uv":[14,7,14.7,8],"texture":"#1","cullface":"north"},"up":{"uv":[14,7,15,7.7],"texture":"#1","cullface":"north"},"down":{"uv":[14,7,15,7.7],"texture":"#1","cullface":"north"}}},{"from":[11,10,-0.7],"to":[12,11,0],"light_emission":15,"faces":{"north":{"uv":[4,5,5,6],"texture":"#1","cullface":"north"},"east":{"uv":[4,5,4.7,6],"texture":"#1","cullface":"north"},"west":{"uv":[4,5,4.7,6],"texture":"#1","cullface":"north"},"up":{"uv":[4,5,5,5.7],"texture":"#1","cullface":"north"},"down":{"uv":[4,5,5,5.7],"texture":"#1","cullface":"north"}}},{"from":[6,4,-0.7],"to":[7,5,0],"light_emission":15,"faces":{"north":{"uv":[9,11,10,12],"texture":"#1","cullface":"north"},"east":{"uv":[9,11,9.7,12],"texture":"#1","cullface":"north"},"west":{"uv":[9,11,9.7,12],"texture":"#1","cullface":"north"},"up":{"uv":[9,11,10,11.7],"texture":"#1","cullface":"north"},"down":{"uv":[9,11,10,11.7],"texture":"#1","cullface":"north"}}},{"from":[2,3,-0.5],"to":[3,4,0],"light_emission":15,"faces":{"north":{"uv":[13,12,14,13],"texture":"#1","cullface":"north"},"east":{"uv":[13,12,13.5,13],"texture":"#1","cullface":"north"},"west":{"uv":[13,12,13.5,13],"texture":"#1","cullface":"north"},"up":{"uv":[13,12,14,12.5],"texture":"#1","cullface":"north"},"down":{"uv":[13,12,14,12.5],"texture":"#1","cullface":"north"}}},{"from":[6,3,-0.5],"to":[7,4,0],"light_emission":15,"faces":{"north":{"uv":[9,12,10,13],"texture":"#1","cullface":"north"},"west":{"uv":[9,12,9.5,13],"texture":"#1","cullface":"north"},"down":{"uv":[9,12,10,12.5],"texture":"#1","cullface":"north"}}},{"from":[6,5,-0.5],"to":[7,6,0],"light_emission":15,"faces":{"north":{"uv":[9,10,10,11],"texture":"#1","cullface":"north"},"east":{"uv":[9,10,9.5,11],"texture":"#1","cullface":"north"},"west":{"uv":[9,10,9.5,11],"texture":"#1","cullface":"north"},"up":{"uv":[9,10,10,10.5],"texture":"#1","cullface":"north"}}},{"from":[3,5,-0.5],"to":[4,8,0],"light_emission":15,"faces":{"north":{"uv":[12,8,13,11],"texture":"#1","cullface":"north"},"east":{"uv":[12,8,12.5,11],"texture":"#1","cullface":"north"},"west":{"uv":[12,8,12.5,11],"texture":"#1","cullface":"north"},"up":{"uv":[12,8,13,8.5],"texture":"#1","cullface":"north"},"down":{"uv":[12,10,13,10.5],"texture":"#1","cullface":"north"}}},{"from":[1,6,-0.5],"to":[2,8,0],"light_emission":15,"faces":{"north":{"uv":[14,8,15,10],"texture":"#1","cullface":"north"},"west":{"uv":[14,8,14.5,10],"texture":"#1","cullface":"north"},"down":{"uv":[14,9,15,9.5],"texture":"#1","cullface":"north"}}},{"from":[7,3,-0.7],"to":[8,4,0],"light_emission":15,"faces":{"north":{"uv":[8,12,9,13],"texture":"#1","cullface":"north"},"east":{"uv":[8,12,8.7,13],"texture":"#1","cullface":"north"},"west":{"uv":[8,12,8.7,13],"texture":"#1","cullface":"north"},"up":{"uv":[8,12,9,12.7],"texture":"#1","cullface":"north"},"down":{"uv":[8,12,9,12.7],"texture":"#1","cullface":"north"}}},{"from":[7,4,-0.5],"to":[8,5,0],"light_emission":15,"faces":{"north":{"uv":[8,11,9,12],"texture":"#1","cullface":"north"},"east":{"uv":[8,11,8.5,12],"texture":"#1","cullface":"north"},"up":{"uv":[8,11,9,11.5],"texture":"#1","cullface":"north"}}},{"from":[7,1,-0.5],"to":[8,3,0],"light_emission":15,"faces":{"north":{"uv":[8,13,9,15],"texture":"#1","cullface":"north"},"east":{"uv":[8,13,8.5,15],"texture":"#1","cullface":"north"},"west":{"uv":[8,13,8.5,15],"texture":"#1","cullface":"north"},"down":{"uv":[8,14,9,14.5],"texture":"#1","cullface":"north"}}},{"from":[8,2,-0.5],"to":[9,4,0],"light_emission":15,"faces":{"north":{"uv":[7,12,8,14],"texture":"#1","cullface":"north"},"east":{"uv":[7,12,7.5,14],"texture":"#1","cullface":"north"},"up":{"uv":[7,12,8,12.5],"texture":"#1","cullface":"north"},"down":{"uv":[7,13,8,13.5],"texture":"#1","cullface":"north"}}},{"from":[8,8,-0.7],"to":[9,10,0],"light_emission":15,"faces":{"north":{"uv":[7,6,8,8],"texture":"#1","cullface":"north"},"east":{"uv":[7,6,7.5,8],"texture":"#1","cullface":"north"},"west":{"uv":[7,6,7.5,8],"texture":"#1","cullface":"north"},"up":{"uv":[7,6,8,6.5],"texture":"#1","cullface":"north"},"down":{"uv":[7,7,8,7.5],"texture":"#1","cullface":"north"}}},{"from":[1,9,-0.5],"to":[2,10,0],"light_emission":15,"faces":{"north":{"uv":[14,6,15,7],"texture":"#1","cullface":"north"},"east":{"uv":[14,6,14.5,7],"texture":"#1","cullface":"north"},"west":{"uv":[14,6,14.5,7],"texture":"#1","cullface":"north"},"up":{"uv":[14,6,15,6.5],"texture":"#1","cullface":"north"}}},{"from":[4,10,-0.5],"to":[5,11,0],"light_emission":15,"faces":{"north":{"uv":[11,5,12,6],"texture":"#1","cullface":"north"},"west":{"uv":[11,5,11.5,6],"texture":"#1","cullface":"north"},"up":{"uv":[11,5,12,5.5],"texture":"#1","cullface":"north"},"down":{"uv":[11,5,12,5.5],"texture":"#1","cullface":"north"}}},{"from":[6,13,-0.5],"to":[7,14,0],"light_emission":15,"faces":{"north":{"uv":[9,2,10,3],"texture":"#1","cullface":"north"},"west":{"uv":[9,2,9.5,3],"texture":"#1","cullface":"north"},"up":{"uv":[9,2,10,2.5],"texture":"#1","cullface":"north"},"down":{"uv":[9,2,10,2.5],"texture":"#1","cullface":"north"}}},{"from":[9,9,-0.5],"to":[10,10,0],"light_emission":15,"faces":{"north":{"uv":[6,6,7,7],"texture":"#1","cullface":"north"},"east":{"uv":[6,6,6.5,7],"texture":"#1","cullface":"north"},"up":{"uv":[6,6,7,6.5],"texture":"#1","cullface":"north"}}},{"from":[11,7,-0.5],"to":[12,8,0],"light_emission":15,"faces":{"north":{"uv":[4,8,5,9],"texture":"#1","cullface":"north"},"east":{"uv":[4,8,4.5,9],"texture":"#1","cullface":"north"},"up":{"uv":[4,8,5,8.5],"texture":"#1","cullface":"north"}}},{"from":[11,11,-0.5],"to":[12,12,0],"light_emission":15,"faces":{"north":{"uv":[4,4,5,5],"texture":"#1","cullface":"north"},"east":{"uv":[4,4,4.5,5],"texture":"#1","cullface":"north"},"up":{"uv":[4,4,5,4.5],"texture":"#1","cullface":"north"}}},{"from":[11,9,-0.5],"to":[12,10,0],"light_emission":15,"faces":{"north":{"uv":[4,6,5,7],"texture":"#1","cullface":"north"},"east":{"uv":[4,6,4.5,7],"texture":"#1","cullface":"north"},"west":{"uv":[4,6,4.5,7],"texture":"#1","cullface":"north"},"down":{"uv":[4,6,5,6.5],"texture":"#1","cullface":"north"}}},{"from":[12,10,-0.5],"to":[13,11,0],"light_emission":15,"faces":{"north":{"uv":[3,5,4,6],"texture":"#1","cullface":"north"},"east":{"uv":[3,5,3.5,6],"texture":"#1","cullface":"north"},"up":{"uv":[3,5,4,5.5],"texture":"#1","cullface":"north"},"down":{"uv":[3,5,4,5.5],"texture":"#1","cullface":"north"}}},{"from":[10,10,-0.5],"to":[11,11,0],"light_emission":15,"faces":{"north":{"uv":[5,5,6,6],"texture":"#1","cullface":"north"},"west":{"uv":[5,5,5.5,6],"texture":"#1","cullface":"north"},"down":{"uv":[5,5,6,5.5],"texture":"#1","cullface":"north"}}},{"from":[12,5,-0.5],"to":[13,6,0],"light_emission":15,"faces":{"north":{"uv":[3,10,4,11],"texture":"#1","cullface":"north"},"east":{"uv":[3,10,3.5,11],"texture":"#1","cullface":"north"},"up":{"uv":[3,10,4,10.5],"texture":"#1","cullface":"north"}}},{"from":[7,8,-0.5],"to":[8,9,0],"light_emission":15,"faces":{"north":{"uv":[8,7,9,8],"texture":"#1","cullface":"north"},"west":{"uv":[8,7,8.5,8],"texture":"#1","cullface":"north"},"down":{"uv":[8,7,9,7.5],"texture":"#1","cullface":"north"}}},{"from":[2,8,-0.5],"to":[3,9,0],"light_emission":15,"faces":{"north":{"uv":[13,7,14,8],"texture":"#1","cullface":"north"},"east":{"uv":[13,7,13.5,8],"texture":"#1","cullface":"north"},"up":{"uv":[13,7,14,7.5],"texture":"#1","cullface":"north"}}}],"display":{"thirdperson_righthand":{"rotation":[75,45,0],"translation":[0,2.5,0],"scale":[0.375,0.375,0.375]},"thirdperson_lefthand":{"rotation":[75,45,0],"translation":[0,2.5,0],"scale":[0.375,0.375,0.375]},"firstperson_righthand":{"rotation":[0,45,0],"scale":[0.4,0.4,0.4]},"firstperson_lefthand":{"rotation":[0,-135,0],"scale":[0.4,0.4,0.4]},"ground":{"translation":[0,3,0],"scale":[0.25,0.25,0.25]},"gui":{"rotation":[30,-135,0],"scale":[0.625,0.625,0.625]},"fixed":{"scale":[0.5,0.5,0.5]}}}