{"credit":"Created by Marceus","format_version":"1.21.6","parent":"block/cube_all","textures":{"particle":"block/nether_gold_ore2","all":"block/nether_gold_ore2"},"elements":[{"from":[0,0,0],"to":[16,16,16],"faces":{"north":{"uv":[0,0,16,16],"texture":"#all","cullface":"north"},"east":{"uv":[0,0,16,16],"texture":"#all","cullface":"east"},"south":{"uv":[0,0,16,16],"texture":"#all","cullface":"south"},"west":{"uv":[0,0,16,16],"texture":"#all","cullface":"west"},"up":{"uv":[0,0,16,16],"texture":"#all","cullface":"up"},"down":{"uv":[0,0,16,16],"texture":"#all","cullface":"down"}}},{"from":[5,3,-0.5],"to":[6,4,0],"light_emission":15,"faces":{"north":{"uv":[10,12,11,13],"texture":"#all","cullface":"north"},"east":{"uv":[10,12,10.5,13],"texture":"#all","cullface":"north"},"west":{"uv":[10,12,10.5,13],"texture":"#all","cullface":"north"},"up":{"uv":[10,12,11,12.5],"texture":"#all","cullface":"north"}}},{"from":[7,8,-0.5],"to":[8,9,0],"light_emission":15,"faces":{"north":{"uv":[8,7,9,8],"texture":"#all","cullface":"north"},"east":{"uv":[8,7,8.5,8],"texture":"#all","cullface":"north"},"up":{"uv":[8,7,9,7.5],"texture":"#all","cullface":"north"},"down":{"uv":[8,7,9,7.5],"texture":"#all","cullface":"north"}}},{"from":[10,8,-0.5],"to":[11,9,0],"light_emission":15,"faces":{"north":{"uv":[5,7,6,8],"texture":"#all","cullface":"north"},"west":{"uv":[5,7,5.5,8],"texture":"#all","cullface":"north"},"up":{"uv":[5,7,6,7.5],"texture":"#all","cullface":"north"},"down":{"uv":[5,7,6,7.5],"texture":"#all","cullface":"north"}}},{"from":[12,5,-0.5],"to":[13,6,0],"light_emission":15,"faces":{"north":{"uv":[3,10,4,11],"texture":"#all","cullface":"north"},"east":{"uv":[3,10,3.5,11],"texture":"#all","cullface":"north"},"west":{"uv":[3,10,3.5,11],"texture":"#all","cullface":"north"},"up":{"uv":[3,10,4,10.5],"texture":"#all","cullface":"north"}}},{"from":[13,4,-0.5],"to":[14,5,0],"light_emission":15,"faces":{"north":{"uv":[2,11,3,12],"texture":"#all","cullface":"north"},"east":{"uv":[2,11,2.5,12],"texture":"#all","cullface":"north"},"up":{"uv":[2,11,3,11.5],"texture":"#all","cullface":"north"},"down":{"uv":[2,11,3,11.5],"texture":"#all","cullface":"north"}}},{"from":[6,8,-0.7],"to":[7,9,0],"light_emission":15,"faces":{"north":{"uv":[9,7,10,8],"texture":"#all","cullface":"north"},"east":{"uv":[9,7,9.7,8],"texture":"#all","cullface":"north"},"west":{"uv":[9,7,9.7,8],"texture":"#all","cullface":"north"},"up":{"uv":[9,7,10,7.7],"texture":"#all","cullface":"north"},"down":{"uv":[9,7,10,7.7],"texture":"#all","cullface":"north"}}},{"from":[6,9,-0.5],"to":[7,10,0],"light_emission":15,"faces":{"north":{"uv":[9,6,10,7],"texture":"#all","cullface":"north"},"east":{"uv":[9,6,9.5,7],"texture":"#all","cullface":"north"},"up":{"uv":[9,6,10,6.5],"texture":"#all","cullface":"north"}}},{"from":[5,9,-0.7],"to":[6,10,0],"light_emission":15,"faces":{"north":{"uv":[10,6,11,7],"texture":"#all","cullface":"north"},"east":{"uv":[10,6,10.7,7],"texture":"#all","cullface":"north"},"west":{"uv":[10,6,10.7,7],"texture":"#all","cullface":"north"},"up":{"uv":[10,6,11,6.7],"texture":"#all","cullface":"north"},"down":{"uv":[10,6,11,6.7],"texture":"#all","cullface":"north"}}},{"from":[3,13,-0.7],"to":[4,14,0],"light_emission":15,"faces":{"north":{"uv":[12,2,13,3],"texture":"#all","cullface":"north"},"east":{"uv":[12,2,12.7,3],"texture":"#all","cullface":"north"},"west":{"uv":[12,2,12.7,3],"texture":"#all","cullface":"north"},"up":{"uv":[12,2,13,2.7],"texture":"#all","cullface":"north"},"down":{"uv":[12,2,13,2.7],"texture":"#all","cullface":"north"}}},{"from":[2,8,-0.7],"to":[3,9,0],"light_emission":15,"faces":{"north":{"uv":[13,7,14,8],"texture":"#all","cullface":"north"},"east":{"uv":[13,7,13.7,8],"texture":"#all","cullface":"north"},"west":{"uv":[13,7,13.7,8],"texture":"#all","cullface":"north"},"up":{"uv":[13,7,14,7.7],"texture":"#all","cullface":"north"},"down":{"uv":[13,7,14,7.7],"texture":"#all","cullface":"north"}}},{"from":[1,7,-0.7],"to":[2,8,0],"light_emission":15,"faces":{"north":{"uv":[14,8,15,9],"texture":"#all","cullface":"north"},"east":{"uv":[14,8,14.7,9],"texture":"#all","cullface":"north"},"west":{"uv":[14,8,14.7,9],"texture":"#all","cullface":"north"},"up":{"uv":[14,8,15,8.7],"texture":"#all","cullface":"north"},"down":{"uv":[14,8,15,8.7],"texture":"#all","cullface":"north"}}},{"from":[5,10,-0.5],"to":[6,11,0],"light_emission":15,"faces":{"north":{"uv":[10,5,11,6],"texture":"#all","cullface":"north"},"east":{"uv":[10,5,10.5,6],"texture":"#all","cullface":"north"},"west":{"uv":[10,5,10.5,6],"texture":"#all","cullface":"north"},"up":{"uv":[10,5,11,5.5],"texture":"#all","cullface":"north"}}},{"from":[2,9,-0.5],"to":[3,10,0],"light_emission":15,"faces":{"north":{"uv":[13,6,14,7],"texture":"#all","cullface":"north"},"east":{"uv":[13,6,13.5,7],"texture":"#all","cullface":"north"},"west":{"uv":[13,6,13.5,7],"texture":"#all","cullface":"north"},"up":{"uv":[13,6,14,6.5],"texture":"#all","cullface":"north"}}},{"from":[1,8,-0.5],"to":[2,9,0],"light_emission":15,"faces":{"north":{"uv":[14,7,15,8],"texture":"#all","cullface":"north"},"west":{"uv":[14,7,14.5,8],"texture":"#all","cullface":"north"},"up":{"uv":[14,7,15,7.5],"texture":"#all","cullface":"north"}}},{"from":[13,7,-0.5],"to":[15,8,0],"light_emission":15,"faces":{"north":{"uv":[1,8,3,9],"texture":"#all","cullface":"north"},"east":{"uv":[1,8,1.5,9],"texture":"#all","cullface":"north"},"west":{"uv":[2,8,2.5,9],"texture":"#all","cullface":"north"},"up":{"uv":[1,8,3,8.5],"rotation":180,"texture":"#all","cullface":"north"},"down":{"uv":[1,8,3,8.5],"rotation":180,"texture":"#all","cullface":"north"}}},{"from":[11,9,-0.5],"to":[13,10,0],"light_emission":15,"faces":{"north":{"uv":[3,6,5,7],"texture":"#all","cullface":"north"},"east":{"uv":[3,6,3.5,7],"texture":"#all","cullface":"north"},"west":{"uv":[4,6,4.5,7],"texture":"#all","cullface":"north"},"up":{"uv":[3,6,5,6.5],"rotation":180,"texture":"#all","cullface":"north"}}},{"from":[11,3,-0.5],"to":[13,4,0],"light_emission":15,"faces":{"north":{"uv":[3,12,5,13],"texture":"#all","cullface":"north"},"east":{"uv":[3,12,3.5,13],"texture":"#all","cullface":"north"},"west":{"uv":[4,12,4.5,13],"texture":"#all","cullface":"north"},"down":{"uv":[3,12,5,12.5],"rotation":180,"texture":"#all","cullface":"north"}}},{"from":[11,8,-0.7],"to":[13,9,0],"light_emission":15,"faces":{"north":{"uv":[3,7,5,8],"texture":"#all","cullface":"north"},"east":{"uv":[3,7,3.5,8],"texture":"#all","cullface":"north"},"west":{"uv":[4,7,4.5,8],"texture":"#all","cullface":"north"},"up":{"uv":[3,7,5,7.5],"rotation":180,"texture":"#all","cullface":"north"},"down":{"uv":[3,7,5,7.5],"rotation":180,"texture":"#all","cullface":"north"}}},{"from":[11,4,-0.7],"to":[13,5,0],"light_emission":15,"faces":{"north":{"uv":[3,11,5,12],"texture":"#all","cullface":"north"},"east":{"uv":[3,11,3.5,12],"texture":"#all","cullface":"north"},"west":{"uv":[4,11,4.5,12],"texture":"#all","cullface":"north"},"up":{"uv":[3,11,5,11.5],"rotation":180,"texture":"#all","cullface":"north"},"down":{"uv":[3,11,5,11.5],"rotation":180,"texture":"#all","cullface":"north"}}},{"from":[4,13,-0.5],"to":[5,14,0],"light_emission":15,"faces":{"north":{"uv":[11,2,12,3],"texture":"#all","cullface":"north"},"east":{"uv":[11,2,11.5,3],"texture":"#all","cullface":"north"},"up":{"uv":[11,2,12,2.5],"texture":"#all","cullface":"north"},"down":{"uv":[11,2,12,2.5],"texture":"#all","cullface":"north"}}},{"from":[3,12,-0.5],"to":[4,13,0],"light_emission":15,"faces":{"north":{"uv":[12,3,13,4],"texture":"#all","cullface":"north"},"east":{"uv":[12,3,12.5,4],"texture":"#all","cullface":"north"},"west":{"uv":[12,3,12.5,4],"texture":"#all","cullface":"north"},"down":{"uv":[12,3,13,3.5],"texture":"#all","cullface":"north"}}},{"from":[5,8,-0.5],"to":[6,9,0],"light_emission":15,"faces":{"north":{"uv":[10,7,11,8],"texture":"#all","cullface":"north"},"west":{"uv":[10,7,10.5,8],"texture":"#all","cullface":"north"},"down":{"uv":[10,7,11,7.5],"texture":"#all","cullface":"north"}}},{"from":[4,4,-0.5],"to":[5,5,0],"light_emission":15,"faces":{"north":{"uv":[11,11,12,12],"texture":"#all","cullface":"north"},"east":{"uv":[11,11,11.5,12],"texture":"#all","cullface":"north"},"west":{"uv":[11,11,11.5,12],"texture":"#all","cullface":"north"},"up":{"uv":[11,11,12,11.5],"texture":"#all","cullface":"north"},"down":{"uv":[11,11,12,11.5],"texture":"#all","cullface":"north"}}},{"from":[8,13,-0.5],"to":[9,14,0],"light_emission":15,"faces":{"north":{"uv":[7,2,8,3],"rotation":180,"texture":"#all","cullface":"north"},"west":{"uv":[7,2,7.5,3],"rotation":180,"texture":"#all","cullface":"north"},"up":{"uv":[7,2,8,2.5],"rotation":180,"texture":"#all","cullface":"north"},"down":{"uv":[7,2,8,2.5],"rotation":180,"texture":"#all","cullface":"north"}}},{"from":[9,13,-0.7],"to":[10,14,0],"light_emission":15,"faces":{"north":{"uv":[6,2,7,3],"rotation":270,"texture":"#all","cullface":"north"},"east":{"uv":[6,2,7,2.7],"rotation":270,"texture":"#all","cullface":"north"},"west":{"uv":[6,2,7,2.7],"rotation":270,"texture":"#all","cullface":"north"},"up":{"uv":[6,2,6.7,3],"rotation":270,"texture":"#all","cullface":"north"},"down":{"uv":[6,2,6.7,3],"rotation":270,"texture":"#all","cullface":"north"}}},{"from":[9,12,-0.5],"to":[10,13,0],"light_emission":15,"faces":{"north":{"uv":[6,3,7,4],"rotation":180,"texture":"#all","cullface":"north"},"west":{"uv":[6,3,6.5,4],"rotation":180,"texture":"#all","cullface":"north"},"down":{"uv":[6,3,7,3.5],"rotation":180,"texture":"#all","cullface":"north"}}},{"from":[10,12,-0.7],"to":[11,13,0],"light_emission":15,"faces":{"north":{"uv":[5,3,6,4],"rotation":180,"texture":"#all","cullface":"north"},"east":{"uv":[5,3,5.7,4],"rotation":180,"texture":"#all","cullface":"north"},"west":{"uv":[5,3,5.7,4],"rotation":180,"texture":"#all","cullface":"north"},"up":{"uv":[5,3,6,3.7],"rotation":180,"texture":"#all","cullface":"north"},"down":{"uv":[5,3,6,3.7],"rotation":180,"texture":"#all","cullface":"north"}}},{"from":[10,11,-0.5],"to":[11,12,0],"light_emission":15,"faces":{"north":{"uv":[5,4,6,5],"rotation":180,"texture":"#all","cullface":"north"},"east":{"uv":[5,4,5.5,5],"rotation":180,"texture":"#all","cullface":"north"},"west":{"uv":[5,4,5.5,5],"rotation":180,"texture":"#all","cullface":"north"},"down":{"uv":[5,4,6,4.5],"rotation":180,"texture":"#all","cullface":"north"}}},{"from":[5,2,-0.7],"to":[6,3,0],"light_emission":15,"faces":{"north":{"uv":[10,13,11,14],"texture":"#all","cullface":"north"},"east":{"uv":[10,13,10.7,14],"texture":"#all","cullface":"north"},"west":{"uv":[10,13,10.7,14],"texture":"#all","cullface":"north"},"up":{"uv":[10,13,11,13.7],"texture":"#all","cullface":"north"},"down":{"uv":[10,13,11,13.7],"texture":"#all","cullface":"north"}}},{"from":[6,2,-0.5],"to":[7,3,0],"light_emission":15,"faces":{"north":{"uv":[9,13,10,14],"texture":"#all","cullface":"north"},"east":{"uv":[9,13,9.5,14],"texture":"#all","cullface":"north"},"up":{"uv":[9,13,10,13.5],"texture":"#all","cullface":"north"}}},{"from":[6,1,-0.7],"to":[7,2,0],"light_emission":15,"faces":{"north":{"uv":[9,14,10,15],"texture":"#all","cullface":"north"},"east":{"uv":[9,14,9.7,15],"texture":"#all","cullface":"north"},"west":{"uv":[9,14,9.7,15],"texture":"#all","cullface":"north"},"up":{"uv":[9,14,10,14.7],"texture":"#all","cullface":"north"},"down":{"uv":[9,14,10,14.7],"texture":"#all","cullface":"north"}}},{"from":[7,1,-0.5],"to":[8,2,0],"light_emission":15,"faces":{"north":{"uv":[8,14,9,15],"texture":"#all","cullface":"north"},"east":{"uv":[8,14,8.5,15],"texture":"#all","cullface":"north"},"up":{"uv":[8,14,9,14.5],"texture":"#all","cullface":"north"},"down":{"uv":[8,14,9,14.5],"texture":"#all","cullface":"north"}}},{"from":[-0.5,4,2],"to":[0,5,3],"light_emission":15,"faces":{"north":{"uv":[2,11,2.5,12],"texture":"#all","cullface":"west"},"west":{"uv":[2,11,3,12],"texture":"#all","cullface":"west"},"up":{"uv":[2,11,3,11.5],"rotation":270,"texture":"#all","cullface":"west"},"down":{"uv":[2,11,3,11.5],"rotation":90,"texture":"#all","cullface":"west"}}},{"from":[-0.5,5,3],"to":[0,6,4],"light_emission":15,"faces":{"north":{"uv":[3,10,3.5,11],"texture":"#all","cullface":"west"},"south":{"uv":[3,10,3.5,11],"texture":"#all","cullface":"west"},"west":{"uv":[3,10,4,11],"texture":"#all","cullface":"west"},"up":{"uv":[3,10,4,10.5],"rotation":270,"texture":"#all","cullface":"west"}}},{"from":[-0.5,8,5],"to":[0,9,6],"light_emission":15,"faces":{"south":{"uv":[5,7,5.5,8],"texture":"#all","cullface":"west"},"west":{"uv":[5,7,6,8],"texture":"#all","cullface":"west"},"up":{"uv":[5,7,6,7.5],"rotation":270,"texture":"#all","cullface":"west"},"down":{"uv":[5,7,6,7.5],"rotation":90,"texture":"#all","cullface":"west"}}},{"from":[-0.7,4,3],"to":[0,5,5],"light_emission":15,"faces":{"north":{"uv":[3,11,3.5,12],"texture":"#all","cullface":"west"},"south":{"uv":[4,11,4.5,12],"texture":"#all","cullface":"west"},"west":{"uv":[3,11,5,12],"texture":"#all","cullface":"west"},"up":{"uv":[3,11,5,11.5],"rotation":90,"texture":"#all","cullface":"west"},"down":{"uv":[3,11,5,11.5],"rotation":270,"texture":"#all","cullface":"west"}}},{"from":[-0.7,8,3],"to":[0,9,5],"light_emission":15,"faces":{"north":{"uv":[3,7,3.5,8],"texture":"#all","cullface":"west"},"south":{"uv":[4,7,4.5,8],"texture":"#all","cullface":"west"},"west":{"uv":[3,7,5,8],"texture":"#all","cullface":"west"},"up":{"uv":[3,7,5,7.5],"rotation":90,"texture":"#all","cullface":"west"},"down":{"uv":[3,7,5,7.5],"rotation":270,"texture":"#all","cullface":"west"}}},{"from":[-0.5,3,3],"to":[0,4,5],"light_emission":15,"faces":{"north":{"uv":[3,12,3.5,13],"texture":"#all","cullface":"west"},"south":{"uv":[4,12,4.5,13],"texture":"#all","cullface":"west"},"west":{"uv":[3,12,5,13],"texture":"#all","cullface":"west"},"down":{"uv":[3,12,5,12.5],"rotation":270,"texture":"#all","cullface":"west"}}},{"from":[-0.5,9,3],"to":[0,10,5],"light_emission":15,"faces":{"north":{"uv":[3,6,3.5,7],"texture":"#all","cullface":"west"},"south":{"uv":[4,6,4.5,7],"texture":"#all","cullface":"west"},"west":{"uv":[3,6,5,7],"texture":"#all","cullface":"west"},"up":{"uv":[3,6,5,6.5],"rotation":90,"texture":"#all","cullface":"west"}}},{"from":[-0.5,7,1],"to":[0,8,3],"light_emission":15,"faces":{"north":{"uv":[1,8,1.5,9],"texture":"#all","cullface":"west"},"south":{"uv":[2,8,2.5,9],"texture":"#all","cullface":"west"},"west":{"uv":[1,8,3,9],"texture":"#all","cullface":"west"},"up":{"uv":[1,8,3,8.5],"rotation":90,"texture":"#all","cullface":"west"},"down":{"uv":[1,8,3,8.5],"rotation":270,"texture":"#all","cullface":"west"}}},{"from":[-0.5,8,14],"to":[0,9,15],"light_emission":15,"faces":{"south":{"uv":[14,7,14.5,8],"texture":"#all","cullface":"west"},"west":{"uv":[14,7,15,8],"texture":"#all","cullface":"west"},"up":{"uv":[14,7,15,7.5],"rotation":270,"texture":"#all","cullface":"west"}}},{"from":[-0.5,9,13],"to":[0,10,14],"light_emission":15,"faces":{"north":{"uv":[13,6,13.5,7],"texture":"#all","cullface":"west"},"south":{"uv":[13,6,13.5,7],"texture":"#all","cullface":"west"},"west":{"uv":[13,6,14,7],"texture":"#all","cullface":"west"},"up":{"uv":[13,6,14,6.5],"rotation":270,"texture":"#all","cullface":"west"}}},{"from":[-0.7,7,14],"to":[0,8,15],"light_emission":15,"faces":{"north":{"uv":[14,8,14.7,9],"texture":"#all","cullface":"west"},"south":{"uv":[14,8,14.7,9],"texture":"#all","cullface":"west"},"west":{"uv":[14,8,15,9],"texture":"#all","cullface":"west"},"up":{"uv":[14,8,15,8.7],"rotation":270,"texture":"#all","cullface":"west"},"down":{"uv":[14,8,15,8.7],"rotation":90,"texture":"#all","cullface":"west"}}},{"from":[-0.7,8,13],"to":[0,9,14],"light_emission":15,"faces":{"north":{"uv":[13,7,13.7,8],"texture":"#all","cullface":"west"},"south":{"uv":[13,7,13.7,8],"texture":"#all","cullface":"west"},"west":{"uv":[13,7,14,8],"texture":"#all","cullface":"west"},"up":{"uv":[13,7,14,7.7],"rotation":270,"texture":"#all","cullface":"west"},"down":{"uv":[13,7,14,7.7],"rotation":90,"texture":"#all","cullface":"west"}}},{"from":[-0.7,13,12],"to":[0,14,13],"light_emission":15,"faces":{"north":{"uv":[12,2,12.7,3],"texture":"#all","cullface":"west"},"south":{"uv":[12,2,12.7,3],"texture":"#all","cullface":"west"},"west":{"uv":[12,2,13,3],"texture":"#all","cullface":"west"},"up":{"uv":[12,2,13,2.7],"rotation":270,"texture":"#all","cullface":"west"},"down":{"uv":[12,2,13,2.7],"rotation":90,"texture":"#all","cullface":"west"}}},{"from":[-0.5,12,12],"to":[0,13,13],"light_emission":15,"faces":{"north":{"uv":[12,3,12.5,4],"texture":"#all","cullface":"west"},"south":{"uv":[12,3,12.5,4],"texture":"#all","cullface":"west"},"west":{"uv":[12,3,13,4],"texture":"#all","cullface":"west"},"down":{"uv":[12,3,13,3.5],"rotation":90,"texture":"#all","cullface":"west"}}},{"from":[-0.5,13,11],"to":[0,14,12],"light_emission":15,"faces":{"north":{"uv":[11,2,11.5,3],"texture":"#all","cullface":"west"},"west":{"uv":[11,2,12,3],"texture":"#all","cullface":"west"},"up":{"uv":[11,2,12,2.5],"rotation":270,"texture":"#all","cullface":"west"},"down":{"uv":[11,2,12,2.5],"rotation":90,"texture":"#all","cullface":"west"}}},{"from":[-0.5,8,10],"to":[0,9,11],"light_emission":15,"faces":{"south":{"uv":[10,7,10.5,8],"texture":"#all","cullface":"west"},"west":{"uv":[10,7,11,8],"texture":"#all","cullface":"west"},"down":{"uv":[10,7,11,7.5],"rotation":90,"texture":"#all","cullface":"west"}}},{"from":[-0.5,8,8],"to":[0,9,9],"light_emission":15,"faces":{"north":{"uv":[8,7,8.5,8],"texture":"#all","cullface":"west"},"west":{"uv":[8,7,9,8],"texture":"#all","cullface":"west"},"up":{"uv":[8,7,9,7.5],"rotation":270,"texture":"#all","cullface":"west"},"down":{"uv":[8,7,9,7.5],"rotation":90,"texture":"#all","cullface":"west"}}},{"from":[-0.7,8,9],"to":[0,9,10],"light_emission":15,"faces":{"north":{"uv":[9,7,9.7,8],"texture":"#all","cullface":"west"},"south":{"uv":[9,7,9.7,8],"texture":"#all","cullface":"west"},"west":{"uv":[9,7,10,8],"texture":"#all","cullface":"west"},"up":{"uv":[9,7,10,7.7],"rotation":270,"texture":"#all","cullface":"west"},"down":{"uv":[9,7,10,7.7],"rotation":90,"texture":"#all","cullface":"west"}}},{"from":[-0.5,9,9],"to":[0,10,10],"light_emission":15,"faces":{"north":{"uv":[9,6,9.5,7],"texture":"#all","cullface":"west"},"west":{"uv":[9,6,10,7],"texture":"#all","cullface":"west"},"up":{"uv":[9,6,10,6.5],"rotation":270,"texture":"#all","cullface":"west"}}},{"from":[-0.7,9,10],"to":[0,10,11],"light_emission":15,"faces":{"north":{"uv":[10,6,10.7,7],"texture":"#all","cullface":"west"},"south":{"uv":[10,6,10.7,7],"texture":"#all","cullface":"west"},"west":{"uv":[10,6,11,7],"texture":"#all","cullface":"west"},"up":{"uv":[10,6,11,6.7],"rotation":270,"texture":"#all","cullface":"west"},"down":{"uv":[10,6,11,6.7],"rotation":90,"texture":"#all","cullface":"west"}}},{"from":[-0.5,10,10],"to":[0,11,11],"light_emission":15,"faces":{"north":{"uv":[10,5,10.5,6],"texture":"#all","cullface":"west"},"south":{"uv":[10,5,10.5,6],"texture":"#all","cullface":"west"},"west":{"uv":[10,5,11,6],"texture":"#all","cullface":"west"},"up":{"uv":[10,5,11,5.5],"rotation":270,"texture":"#all","cullface":"west"}}},{"from":[-0.5,13,7],"to":[0,14,8],"light_emission":15,"faces":{"south":{"uv":[7,2,7.5,3],"rotation":180,"texture":"#all","cullface":"west"},"west":{"uv":[7,2,8,3],"rotation":180,"texture":"#all","cullface":"west"},"up":{"uv":[7,2,8,2.5],"rotation":90,"texture":"#all","cullface":"west"},"down":{"uv":[7,2,8,2.5],"rotation":270,"texture":"#all","cullface":"west"}}},{"from":[-0.7,13,6],"to":[0,14,7],"light_emission":15,"faces":{"north":{"uv":[6,2,7,2.7],"rotation":270,"texture":"#all","cullface":"west"},"south":{"uv":[6,2,7,2.7],"rotation":270,"texture":"#all","cullface":"west"},"west":{"uv":[6,2,7,3],"rotation":270,"texture":"#all","cullface":"west"},"up":{"uv":[6,2,6.7,3],"rotation":180,"texture":"#all","cullface":"west"},"down":{"uv":[6,2,6.7,3],"texture":"#all","cullface":"west"}}},{"from":[-0.5,12,6],"to":[0,13,7],"light_emission":15,"faces":{"south":{"uv":[6,3,6.5,4],"rotation":180,"texture":"#all","cullface":"west"},"west":{"uv":[6,3,7,4],"rotation":180,"texture":"#all","cullface":"west"},"down":{"uv":[6,3,7,3.5],"rotation":270,"texture":"#all","cullface":"west"}}},{"from":[-0.7,12,5],"to":[0,13,6],"light_emission":15,"faces":{"north":{"uv":[5,3,5.7,4],"rotation":180,"texture":"#all","cullface":"west"},"south":{"uv":[5,3,5.7,4],"rotation":180,"texture":"#all","cullface":"west"},"west":{"uv":[5,3,6,4],"rotation":180,"texture":"#all","cullface":"west"},"up":{"uv":[5,3,6,3.7],"rotation":90,"texture":"#all","cullface":"west"},"down":{"uv":[5,3,6,3.7],"rotation":270,"texture":"#all","cullface":"west"}}},{"from":[-0.5,11,5],"to":[0,12,6],"light_emission":15,"faces":{"north":{"uv":[5,4,5.5,5],"rotation":180,"texture":"#all","cullface":"west"},"south":{"uv":[5,4,5.5,5],"rotation":180,"texture":"#all","cullface":"west"},"west":{"uv":[5,4,6,5],"rotation":180,"texture":"#all","cullface":"west"},"down":{"uv":[5,4,6,4.5],"rotation":270,"texture":"#all","cullface":"west"}}},{"from":[-0.5,4,11],"to":[0,5,12],"light_emission":15,"faces":{"north":{"uv":[11,11,11.5,12],"texture":"#all","cullface":"west"},"south":{"uv":[11,11,11.5,12],"texture":"#all","cullface":"west"},"west":{"uv":[11,11,12,12],"texture":"#all","cullface":"west"},"up":{"uv":[11,11,12,11.5],"rotation":270,"texture":"#all","cullface":"west"},"down":{"uv":[11,11,12,11.5],"rotation":90,"texture":"#all","cullface":"west"}}},{"from":[-0.5,3,10],"to":[0,4,11],"light_emission":15,"faces":{"north":{"uv":[10,12,10.5,13],"texture":"#all","cullface":"west"},"south":{"uv":[10,12,10.5,13],"texture":"#all","cullface":"west"},"west":{"uv":[10,12,11,13],"texture":"#all","cullface":"west"},"up":{"uv":[10,12,11,12.5],"rotation":270,"texture":"#all","cullface":"west"}}},{"from":[-0.7,2,10],"to":[0,3,11],"light_emission":15,"faces":{"north":{"uv":[10,13,10.7,14],"texture":"#all","cullface":"west"},"south":{"uv":[10,13,10.7,14],"texture":"#all","cullface":"west"},"west":{"uv":[10,13,11,14],"texture":"#all","cullface":"west"},"up":{"uv":[10,13,11,13.7],"rotation":270,"texture":"#all","cullface":"west"},"down":{"uv":[10,13,11,13.7],"rotation":90,"texture":"#all","cullface":"west"}}},{"from":[-0.5,2,9],"to":[0,3,10],"light_emission":15,"faces":{"north":{"uv":[9,13,9.5,14],"texture":"#all","cullface":"west"},"west":{"uv":[9,13,10,14],"texture":"#all","cullface":"west"},"up":{"uv":[9,13,10,13.5],"rotation":270,"texture":"#all","cullface":"west"}}},{"from":[-0.7,1,9],"to":[0,2,10],"light_emission":15,"faces":{"north":{"uv":[9,14,9.7,15],"texture":"#all","cullface":"west"},"south":{"uv":[9,14,9.7,15],"texture":"#all","cullface":"west"},"west":{"uv":[9,14,10,15],"texture":"#all","cullface":"west"},"up":{"uv":[9,14,10,14.7],"rotation":270,"texture":"#all","cullface":"west"},"down":{"uv":[9,14,10,14.7],"rotation":90,"texture":"#all","cullface":"west"}}},{"from":[-0.5,1,8],"to":[0,2,9],"light_emission":15,"faces":{"north":{"uv":[8,14,8.5,15],"texture":"#all","cullface":"west"},"west":{"uv":[8,14,9,15],"texture":"#all","cullface":"west"},"up":{"uv":[8,14,9,14.5],"rotation":270,"texture":"#all","cullface":"west"},"down":{"uv":[8,14,9,14.5],"rotation":90,"texture":"#all","cullface":"west"}}},{"from":[2,4,16],"to":[3,5,16.5],"light_emission":15,"faces":{"south":{"uv":[2,11,3,12],"texture":"#all","cullface":"south"},"west":{"uv":[2,11,2.5,12],"texture":"#all","cullface":"south"},"up":{"uv":[2,11,3,11.5],"rotation":180,"texture":"#all","cullface":"south"},"down":{"uv":[2,11,3,11.5],"rotation":180,"texture":"#all","cullface":"south"}}},{"from":[3,5,16],"to":[4,6,16.5],"light_emission":15,"faces":{"east":{"uv":[3,10,3.5,11],"texture":"#all","cullface":"south"},"south":{"uv":[3,10,4,11],"texture":"#all","cullface":"south"},"west":{"uv":[3,10,3.5,11],"texture":"#all","cullface":"south"},"up":{"uv":[3,10,4,10.5],"rotation":180,"texture":"#all","cullface":"south"}}},{"from":[5,8,16],"to":[6,9,16.5],"light_emission":15,"faces":{"east":{"uv":[5,7,5.5,8],"texture":"#all","cullface":"south"},"south":{"uv":[5,7,6,8],"texture":"#all","cullface":"south"},"up":{"uv":[5,7,6,7.5],"rotation":180,"texture":"#all","cullface":"south"},"down":{"uv":[5,7,6,7.5],"rotation":180,"texture":"#all","cullface":"south"}}},{"from":[3,4,16],"to":[5,5,16.7],"light_emission":15,"faces":{"east":{"uv":[4,11,4.5,12],"texture":"#all","cullface":"south"},"south":{"uv":[3,11,5,12],"texture":"#all","cullface":"south"},"west":{"uv":[3,11,3.5,12],"texture":"#all","cullface":"south"},"up":{"uv":[3,11,5,11.5],"texture":"#all","cullface":"south"},"down":{"uv":[3,11,5,11.5],"texture":"#all","cullface":"south"}}},{"from":[3,8,16],"to":[5,9,16.7],"light_emission":15,"faces":{"east":{"uv":[4,7,4.5,8],"texture":"#all","cullface":"south"},"south":{"uv":[3,7,5,8],"texture":"#all","cullface":"south"},"west":{"uv":[3,7,3.5,8],"texture":"#all","cullface":"south"},"up":{"uv":[3,7,5,7.5],"texture":"#all","cullface":"south"},"down":{"uv":[3,7,5,7.5],"texture":"#all","cullface":"south"}}},{"from":[3,3,16],"to":[5,4,16.5],"light_emission":15,"faces":{"east":{"uv":[4,12,4.5,13],"texture":"#all","cullface":"south"},"south":{"uv":[3,12,5,13],"texture":"#all","cullface":"south"},"west":{"uv":[3,12,3.5,13],"texture":"#all","cullface":"south"},"down":{"uv":[3,12,5,12.5],"texture":"#all","cullface":"south"}}},{"from":[3,9,16],"to":[5,10,16.5],"light_emission":15,"faces":{"east":{"uv":[4,6,4.5,7],"texture":"#all","cullface":"south"},"south":{"uv":[3,6,5,7],"texture":"#all","cullface":"south"},"west":{"uv":[3,6,3.5,7],"texture":"#all","cullface":"south"},"up":{"uv":[3,6,5,6.5],"texture":"#all","cullface":"south"}}},{"from":[1,7,16],"to":[3,8,16.5],"light_emission":15,"faces":{"east":{"uv":[2,8,2.5,9],"texture":"#all","cullface":"south"},"south":{"uv":[1,8,3,9],"texture":"#all","cullface":"south"},"west":{"uv":[1,8,1.5,9],"texture":"#all","cullface":"south"},"up":{"uv":[1,8,3,8.5],"texture":"#all","cullface":"south"},"down":{"uv":[1,8,3,8.5],"texture":"#all","cullface":"south"}}},{"from":[14,8,16],"to":[15,9,16.5],"light_emission":15,"faces":{"east":{"uv":[14,7,14.5,8],"texture":"#all","cullface":"south"},"south":{"uv":[14,7,15,8],"texture":"#all","cullface":"south"},"up":{"uv":[14,7,15,7.5],"rotation":180,"texture":"#all","cullface":"south"}}},{"from":[13,9,16],"to":[14,10,16.5],"light_emission":15,"faces":{"east":{"uv":[13,6,13.5,7],"texture":"#all","cullface":"south"},"south":{"uv":[13,6,14,7],"texture":"#all","cullface":"south"},"west":{"uv":[13,6,13.5,7],"texture":"#all","cullface":"south"},"up":{"uv":[13,6,14,6.5],"rotation":180,"texture":"#all","cullface":"south"}}},{"from":[14,7,16],"to":[15,8,16.7],"light_emission":15,"faces":{"east":{"uv":[14,8,14.7,9],"texture":"#all","cullface":"south"},"south":{"uv":[14,8,15,9],"texture":"#all","cullface":"south"},"west":{"uv":[14,8,14.7,9],"texture":"#all","cullface":"south"},"up":{"uv":[14,8,15,8.7],"rotation":180,"texture":"#all","cullface":"south"},"down":{"uv":[14,8,15,8.7],"rotation":180,"texture":"#all","cullface":"south"}}},{"from":[13,8,16],"to":[14,9,16.7],"light_emission":15,"faces":{"east":{"uv":[13,7,13.7,8],"texture":"#all","cullface":"south"},"south":{"uv":[13,7,14,8],"texture":"#all","cullface":"south"},"west":{"uv":[13,7,13.7,8],"texture":"#all","cullface":"south"},"up":{"uv":[13,7,14,7.7],"rotation":180,"texture":"#all","cullface":"south"},"down":{"uv":[13,7,14,7.7],"rotation":180,"texture":"#all","cullface":"south"}}},{"from":[12,13,16],"to":[13,14,16.7],"light_emission":15,"faces":{"east":{"uv":[12,2,12.7,3],"texture":"#all","cullface":"south"},"south":{"uv":[12,2,13,3],"texture":"#all","cullface":"south"},"west":{"uv":[12,2,12.7,3],"texture":"#all","cullface":"south"},"up":{"uv":[12,2,13,2.7],"rotation":180,"texture":"#all","cullface":"south"},"down":{"uv":[12,2,13,2.7],"rotation":180,"texture":"#all","cullface":"south"}}},{"from":[12,12,16],"to":[13,13,16.5],"light_emission":15,"faces":{"east":{"uv":[12,3,12.5,4],"texture":"#all","cullface":"south"},"south":{"uv":[12,3,13,4],"texture":"#all","cullface":"south"},"west":{"uv":[12,3,12.5,4],"texture":"#all","cullface":"south"},"down":{"uv":[12,3,13,3.5],"rotation":180,"texture":"#all","cullface":"south"}}},{"from":[11,13,16],"to":[12,14,16.5],"light_emission":15,"faces":{"south":{"uv":[11,2,12,3],"texture":"#all","cullface":"south"},"west":{"uv":[11,2,11.5,3],"texture":"#all","cullface":"south"},"up":{"uv":[11,2,12,2.5],"rotation":180,"texture":"#all","cullface":"south"},"down":{"uv":[11,2,12,2.5],"rotation":180,"texture":"#all","cullface":"south"}}},{"from":[10,8,16],"to":[11,9,16.5],"light_emission":15,"faces":{"east":{"uv":[10,7,10.5,8],"texture":"#all","cullface":"south"},"south":{"uv":[10,7,11,8],"texture":"#all","cullface":"south"},"down":{"uv":[10,7,11,7.5],"rotation":180,"texture":"#all","cullface":"south"}}},{"from":[8,8,16],"to":[9,9,16.5],"light_emission":15,"faces":{"south":{"uv":[8,7,9,8],"texture":"#all","cullface":"south"},"west":{"uv":[8,7,8.5,8],"texture":"#all","cullface":"south"},"up":{"uv":[8,7,9,7.5],"rotation":180,"texture":"#all","cullface":"south"},"down":{"uv":[8,7,9,7.5],"rotation":180,"texture":"#all","cullface":"south"}}},{"from":[9,8,16],"to":[10,9,16.7],"light_emission":15,"faces":{"east":{"uv":[9,7,9.7,8],"texture":"#all","cullface":"south"},"south":{"uv":[9,7,10,8],"texture":"#all","cullface":"south"},"west":{"uv":[9,7,9.7,8],"texture":"#all","cullface":"south"},"up":{"uv":[9,7,10,7.7],"rotation":180,"texture":"#all","cullface":"south"},"down":{"uv":[9,7,10,7.7],"rotation":180,"texture":"#all","cullface":"south"}}},{"from":[9,9,16],"to":[10,10,16.5],"light_emission":15,"faces":{"south":{"uv":[9,6,10,7],"texture":"#all","cullface":"south"},"west":{"uv":[9,6,9.5,7],"texture":"#all","cullface":"south"},"up":{"uv":[9,6,10,6.5],"rotation":180,"texture":"#all","cullface":"south"}}},{"from":[10,9,16],"to":[11,10,16.7],"light_emission":15,"faces":{"east":{"uv":[10,6,10.7,7],"texture":"#all","cullface":"south"},"south":{"uv":[10,6,11,7],"texture":"#all","cullface":"south"},"west":{"uv":[10,6,10.7,7],"texture":"#all","cullface":"south"},"up":{"uv":[10,6,11,6.7],"rotation":180,"texture":"#all","cullface":"south"},"down":{"uv":[10,6,11,6.7],"rotation":180,"texture":"#all","cullface":"south"}}},{"from":[10,10,16],"to":[11,11,16.5],"light_emission":15,"faces":{"east":{"uv":[10,5,10.5,6],"texture":"#all","cullface":"south"},"south":{"uv":[10,5,11,6],"texture":"#all","cullface":"south"},"west":{"uv":[10,5,10.5,6],"texture":"#all","cullface":"south"},"up":{"uv":[10,5,11,5.5],"rotation":180,"texture":"#all","cullface":"south"}}},{"from":[7,13,16],"to":[8,14,16.5],"light_emission":15,"faces":{"east":{"uv":[7,2,7.5,3],"rotation":180,"texture":"#all","cullface":"south"},"south":{"uv":[7,2,8,3],"rotation":180,"texture":"#all","cullface":"south"},"up":{"uv":[7,2,8,2.5],"texture":"#all","cullface":"south"},"down":{"uv":[7,2,8,2.5],"texture":"#all","cullface":"south"}}},{"from":[6,13,16],"to":[7,14,16.7],"light_emission":15,"faces":{"east":{"uv":[6,2,7,2.7],"rotation":270,"texture":"#all","cullface":"south"},"south":{"uv":[6,2,7,3],"rotation":270,"texture":"#all","cullface":"south"},"west":{"uv":[6,2,7,2.7],"rotation":270,"texture":"#all","cullface":"south"},"up":{"uv":[6,2,6.7,3],"rotation":90,"texture":"#all","cullface":"south"},"down":{"uv":[6,2,6.7,3],"rotation":90,"texture":"#all","cullface":"south"}}},{"from":[6,12,16],"to":[7,13,16.5],"light_emission":15,"faces":{"east":{"uv":[6,3,6.5,4],"rotation":180,"texture":"#all","cullface":"south"},"south":{"uv":[6,3,7,4],"rotation":180,"texture":"#all","cullface":"south"},"down":{"uv":[6,3,7,3.5],"texture":"#all","cullface":"south"}}},{"from":[5,12,16],"to":[6,13,16.7],"light_emission":15,"faces":{"east":{"uv":[5,3,5.7,4],"rotation":180,"texture":"#all","cullface":"south"},"south":{"uv":[5,3,6,4],"rotation":180,"texture":"#all","cullface":"south"},"west":{"uv":[5,3,5.7,4],"rotation":180,"texture":"#all","cullface":"south"},"up":{"uv":[5,3,6,3.7],"texture":"#all","cullface":"south"},"down":{"uv":[5,3,6,3.7],"texture":"#all","cullface":"south"}}},{"from":[5,11,16],"to":[6,12,16.5],"light_emission":15,"faces":{"east":{"uv":[5,4,5.5,5],"rotation":180,"texture":"#all","cullface":"south"},"south":{"uv":[5,4,6,5],"rotation":180,"texture":"#all","cullface":"south"},"west":{"uv":[5,4,5.5,5],"rotation":180,"texture":"#all","cullface":"south"},"down":{"uv":[5,4,6,4.5],"texture":"#all","cullface":"south"}}},{"from":[11,4,16],"to":[12,5,16.5],"light_emission":15,"faces":{"east":{"uv":[11,11,11.5,12],"texture":"#all","cullface":"south"},"south":{"uv":[11,11,12,12],"texture":"#all","cullface":"south"},"west":{"uv":[11,11,11.5,12],"texture":"#all","cullface":"south"},"up":{"uv":[11,11,12,11.5],"rotation":180,"texture":"#all","cullface":"south"},"down":{"uv":[11,11,12,11.5],"rotation":180,"texture":"#all","cullface":"south"}}},{"from":[10,3,16],"to":[11,4,16.5],"light_emission":15,"faces":{"east":{"uv":[10,12,10.5,13],"texture":"#all","cullface":"south"},"south":{"uv":[10,12,11,13],"texture":"#all","cullface":"south"},"west":{"uv":[10,12,10.5,13],"texture":"#all","cullface":"south"},"up":{"uv":[10,12,11,12.5],"rotation":180,"texture":"#all","cullface":"south"}}},{"from":[10,2,16],"to":[11,3,16.7],"light_emission":15,"faces":{"east":{"uv":[10,13,10.7,14],"texture":"#all","cullface":"south"},"south":{"uv":[10,13,11,14],"texture":"#all","cullface":"south"},"west":{"uv":[10,13,10.7,14],"texture":"#all","cullface":"south"},"up":{"uv":[10,13,11,13.7],"rotation":180,"texture":"#all","cullface":"south"},"down":{"uv":[10,13,11,13.7],"rotation":180,"texture":"#all","cullface":"south"}}},{"from":[9,2,16],"to":[10,3,16.5],"light_emission":15,"faces":{"south":{"uv":[9,13,10,14],"texture":"#all","cullface":"south"},"west":{"uv":[9,13,9.5,14],"texture":"#all","cullface":"south"},"up":{"uv":[9,13,10,13.5],"rotation":180,"texture":"#all","cullface":"south"}}},{"from":[9,1,16],"to":[10,2,16.7],"light_emission":15,"faces":{"east":{"uv":[9,14,9.7,15],"texture":"#all","cullface":"south"},"south":{"uv":[9,14,10,15],"texture":"#all","cullface":"south"},"west":{"uv":[9,14,9.7,15],"texture":"#all","cullface":"south"},"up":{"uv":[9,14,10,14.7],"rotation":180,"texture":"#all","cullface":"south"},"down":{"uv":[9,14,10,14.7],"rotation":180,"texture":"#all","cullface":"south"}}},{"from":[8,1,16],"to":[9,2,16.5],"light_emission":15,"faces":{"south":{"uv":[8,14,9,15],"texture":"#all","cullface":"south"},"west":{"uv":[8,14,8.5,15],"texture":"#all","cullface":"south"},"up":{"uv":[8,14,9,14.5],"rotation":180,"texture":"#all","cullface":"south"},"down":{"uv":[8,14,9,14.5],"rotation":180,"texture":"#all","cullface":"south"}}},{"from":[16,4,13],"to":[16.5,5,14],"light_emission":15,"faces":{"east":{"uv":[2,11,3,12],"texture":"#all","cullface":"east"},"south":{"uv":[2,11,2.5,12],"texture":"#all","cullface":"east"},"up":{"uv":[2,11,3,11.5],"rotation":90,"texture":"#all","cullface":"east"},"down":{"uv":[2,11,3,11.5],"rotation":270,"texture":"#all","cullface":"east"}}},{"from":[16,5,12],"to":[16.5,6,13],"light_emission":15,"faces":{"north":{"uv":[3,10,3.5,11],"texture":"#all","cullface":"east"},"east":{"uv":[3,10,4,11],"texture":"#all","cullface":"east"},"south":{"uv":[3,10,3.5,11],"texture":"#all","cullface":"east"},"up":{"uv":[3,10,4,10.5],"rotation":90,"texture":"#all","cullface":"east"}}},{"from":[16,8,10],"to":[16.5,9,11],"light_emission":15,"faces":{"north":{"uv":[5,7,5.5,8],"texture":"#all","cullface":"east"},"east":{"uv":[5,7,6,8],"texture":"#all","cullface":"east"},"up":{"uv":[5,7,6,7.5],"rotation":90,"texture":"#all","cullface":"east"},"down":{"uv":[5,7,6,7.5],"rotation":270,"texture":"#all","cullface":"east"}}},{"from":[16,4,11],"to":[16.7,5,13],"light_emission":15,"faces":{"north":{"uv":[4,11,4.5,12],"texture":"#all","cullface":"east"},"east":{"uv":[3,11,5,12],"texture":"#all","cullface":"east"},"south":{"uv":[3,11,3.5,12],"texture":"#all","cullface":"east"},"up":{"uv":[3,11,5,11.5],"rotation":270,"texture":"#all","cullface":"east"},"down":{"uv":[3,11,5,11.5],"rotation":90,"texture":"#all","cullface":"east"}}},{"from":[16,8,11],"to":[16.7,9,13],"light_emission":15,"faces":{"north":{"uv":[4,7,4.5,8],"texture":"#all","cullface":"east"},"east":{"uv":[3,7,5,8],"texture":"#all","cullface":"east"},"south":{"uv":[3,7,3.5,8],"texture":"#all","cullface":"east"},"up":{"uv":[3,7,5,7.5],"rotation":270,"texture":"#all","cullface":"east"},"down":{"uv":[3,7,5,7.5],"rotation":90,"texture":"#all","cullface":"east"}}},{"from":[16,3,11],"to":[16.5,4,13],"light_emission":15,"faces":{"north":{"uv":[4,12,4.5,13],"texture":"#all","cullface":"east"},"east":{"uv":[3,12,5,13],"texture":"#all","cullface":"east"},"south":{"uv":[3,12,3.5,13],"texture":"#all","cullface":"east"},"down":{"uv":[3,12,5,12.5],"rotation":90,"texture":"#all","cullface":"east"}}},{"from":[16,9,11],"to":[16.5,10,13],"light_emission":15,"faces":{"north":{"uv":[4,6,4.5,7],"texture":"#all","cullface":"east"},"east":{"uv":[3,6,5,7],"texture":"#all","cullface":"east"},"south":{"uv":[3,6,3.5,7],"texture":"#all","cullface":"east"},"up":{"uv":[3,6,5,6.5],"rotation":270,"texture":"#all","cullface":"east"}}},{"from":[16,7,13],"to":[16.5,8,15],"light_emission":15,"faces":{"north":{"uv":[2,8,2.5,9],"texture":"#all","cullface":"east"},"east":{"uv":[1,8,3,9],"texture":"#all","cullface":"east"},"south":{"uv":[1,8,1.5,9],"texture":"#all","cullface":"east"},"up":{"uv":[1,8,3,8.5],"rotation":270,"texture":"#all","cullface":"east"},"down":{"uv":[1,8,3,8.5],"rotation":90,"texture":"#all","cullface":"east"}}},{"from":[16,8,1],"to":[16.5,9,2],"light_emission":15,"faces":{"north":{"uv":[14,7,14.5,8],"texture":"#all","cullface":"east"},"east":{"uv":[14,7,15,8],"texture":"#all","cullface":"east"},"up":{"uv":[14,7,15,7.5],"rotation":90,"texture":"#all","cullface":"east"}}},{"from":[16,9,2],"to":[16.5,10,3],"light_emission":15,"faces":{"north":{"uv":[13,6,13.5,7],"texture":"#all","cullface":"east"},"east":{"uv":[13,6,14,7],"texture":"#all","cullface":"east"},"south":{"uv":[13,6,13.5,7],"texture":"#all","cullface":"east"},"up":{"uv":[13,6,14,6.5],"rotation":90,"texture":"#all","cullface":"east"}}},{"from":[16,7,1],"to":[16.7,8,2],"light_emission":15,"faces":{"north":{"uv":[14,8,14.7,9],"texture":"#all","cullface":"east"},"east":{"uv":[14,8,15,9],"texture":"#all","cullface":"east"},"south":{"uv":[14,8,14.7,9],"texture":"#all","cullface":"east"},"up":{"uv":[14,8,15,8.7],"rotation":90,"texture":"#all","cullface":"east"},"down":{"uv":[14,8,15,8.7],"rotation":270,"texture":"#all","cullface":"east"}}},{"from":[16,8,2],"to":[16.7,9,3],"light_emission":15,"faces":{"north":{"uv":[13,7,13.7,8],"texture":"#all","cullface":"east"},"east":{"uv":[13,7,14,8],"texture":"#all","cullface":"east"},"south":{"uv":[13,7,13.7,8],"texture":"#all","cullface":"east"},"up":{"uv":[13,7,14,7.7],"rotation":90,"texture":"#all","cullface":"east"},"down":{"uv":[13,7,14,7.7],"rotation":270,"texture":"#all","cullface":"east"}}},{"from":[16,13,3],"to":[16.7,14,4],"light_emission":15,"faces":{"north":{"uv":[12,2,12.7,3],"texture":"#all","cullface":"east"},"east":{"uv":[12,2,13,3],"texture":"#all","cullface":"east"},"south":{"uv":[12,2,12.7,3],"texture":"#all","cullface":"east"},"up":{"uv":[12,2,13,2.7],"rotation":90,"texture":"#all","cullface":"east"},"down":{"uv":[12,2,13,2.7],"rotation":270,"texture":"#all","cullface":"east"}}},{"from":[16,12,3],"to":[16.5,13,4],"light_emission":15,"faces":{"north":{"uv":[12,3,12.5,4],"texture":"#all","cullface":"east"},"east":{"uv":[12,3,13,4],"texture":"#all","cullface":"east"},"south":{"uv":[12,3,12.5,4],"texture":"#all","cullface":"east"},"down":{"uv":[12,3,13,3.5],"rotation":270,"texture":"#all","cullface":"east"}}},{"from":[16,13,4],"to":[16.5,14,5],"light_emission":15,"faces":{"east":{"uv":[11,2,12,3],"texture":"#all","cullface":"east"},"south":{"uv":[11,2,11.5,3],"texture":"#all","cullface":"east"},"up":{"uv":[11,2,12,2.5],"rotation":90,"texture":"#all","cullface":"east"},"down":{"uv":[11,2,12,2.5],"rotation":270,"texture":"#all","cullface":"east"}}},{"from":[16,8,5],"to":[16.5,9,6],"light_emission":15,"faces":{"north":{"uv":[10,7,10.5,8],"texture":"#all","cullface":"east"},"east":{"uv":[10,7,11,8],"texture":"#all","cullface":"east"},"down":{"uv":[10,7,11,7.5],"rotation":270,"texture":"#all","cullface":"east"}}},{"from":[16,8,7],"to":[16.5,9,8],"light_emission":15,"faces":{"east":{"uv":[8,7,9,8],"texture":"#all","cullface":"east"},"south":{"uv":[8,7,8.5,8],"texture":"#all","cullface":"east"},"up":{"uv":[8,7,9,7.5],"rotation":90,"texture":"#all","cullface":"east"},"down":{"uv":[8,7,9,7.5],"rotation":270,"texture":"#all","cullface":"east"}}},{"from":[16,8,6],"to":[16.7,9,7],"light_emission":15,"faces":{"north":{"uv":[9,7,9.7,8],"texture":"#all","cullface":"east"},"east":{"uv":[9,7,10,8],"texture":"#all","cullface":"east"},"south":{"uv":[9,7,9.7,8],"texture":"#all","cullface":"east"},"up":{"uv":[9,7,10,7.7],"rotation":90,"texture":"#all","cullface":"east"},"down":{"uv":[9,7,10,7.7],"rotation":270,"texture":"#all","cullface":"east"}}},{"from":[16,9,6],"to":[16.5,10,7],"light_emission":15,"faces":{"east":{"uv":[9,6,10,7],"texture":"#all","cullface":"east"},"south":{"uv":[9,6,9.5,7],"texture":"#all","cullface":"east"},"up":{"uv":[9,6,10,6.5],"rotation":90,"texture":"#all","cullface":"east"}}},{"from":[16,9,5],"to":[16.7,10,6],"light_emission":15,"faces":{"north":{"uv":[10,6,10.7,7],"texture":"#all","cullface":"east"},"east":{"uv":[10,6,11,7],"texture":"#all","cullface":"east"},"south":{"uv":[10,6,10.7,7],"texture":"#all","cullface":"east"},"up":{"uv":[10,6,11,6.7],"rotation":90,"texture":"#all","cullface":"east"},"down":{"uv":[10,6,11,6.7],"rotation":270,"texture":"#all","cullface":"east"}}},{"from":[16,10,5],"to":[16.5,11,6],"light_emission":15,"faces":{"north":{"uv":[10,5,10.5,6],"texture":"#all","cullface":"east"},"east":{"uv":[10,5,11,6],"texture":"#all","cullface":"east"},"south":{"uv":[10,5,10.5,6],"texture":"#all","cullface":"east"},"up":{"uv":[10,5,11,5.5],"rotation":90,"texture":"#all","cullface":"east"}}},{"from":[16,13,8],"to":[16.5,14,9],"light_emission":15,"faces":{"north":{"uv":[7,2,7.5,3],"rotation":180,"texture":"#all","cullface":"east"},"east":{"uv":[7,2,8,3],"rotation":180,"texture":"#all","cullface":"east"},"up":{"uv":[7,2,8,2.5],"rotation":270,"texture":"#all","cullface":"east"},"down":{"uv":[7,2,8,2.5],"rotation":90,"texture":"#all","cullface":"east"}}},{"from":[16,13,9],"to":[16.7,14,10],"light_emission":15,"faces":{"north":{"uv":[6,2,7,2.7],"rotation":270,"texture":"#all","cullface":"east"},"east":{"uv":[6,2,7,3],"rotation":270,"texture":"#all","cullface":"east"},"south":{"uv":[6,2,7,2.7],"rotation":270,"texture":"#all","cullface":"east"},"up":{"uv":[6,2,6.7,3],"texture":"#all","cullface":"east"},"down":{"uv":[6,2,6.7,3],"rotation":180,"texture":"#all","cullface":"east"}}},{"from":[16,12,9],"to":[16.5,13,10],"light_emission":15,"faces":{"north":{"uv":[6,3,6.5,4],"rotation":180,"texture":"#all","cullface":"east"},"east":{"uv":[6,3,7,4],"rotation":180,"texture":"#all","cullface":"east"},"down":{"uv":[6,3,7,3.5],"rotation":90,"texture":"#all","cullface":"east"}}},{"from":[16,12,10],"to":[16.7,13,11],"light_emission":15,"faces":{"north":{"uv":[5,3,5.7,4],"rotation":180,"texture":"#all","cullface":"east"},"east":{"uv":[5,3,6,4],"rotation":180,"texture":"#all","cullface":"east"},"south":{"uv":[5,3,5.7,4],"rotation":180,"texture":"#all","cullface":"east"},"up":{"uv":[5,3,6,3.7],"rotation":270,"texture":"#all","cullface":"east"},"down":{"uv":[5,3,6,3.7],"rotation":90,"texture":"#all","cullface":"east"}}},{"from":[16,11,10],"to":[16.5,12,11],"light_emission":15,"faces":{"north":{"uv":[5,4,5.5,5],"rotation":180,"texture":"#all","cullface":"east"},"east":{"uv":[5,4,6,5],"rotation":180,"texture":"#all","cullface":"east"},"south":{"uv":[5,4,5.5,5],"rotation":180,"texture":"#all","cullface":"east"},"down":{"uv":[5,4,6,4.5],"rotation":90,"texture":"#all","cullface":"east"}}},{"from":[16,4,4],"to":[16.5,5,5],"light_emission":15,"faces":{"north":{"uv":[11,11,11.5,12],"texture":"#all","cullface":"east"},"east":{"uv":[11,11,12,12],"texture":"#all","cullface":"east"},"south":{"uv":[11,11,11.5,12],"texture":"#all","cullface":"east"},"up":{"uv":[11,11,12,11.5],"rotation":90,"texture":"#all","cullface":"east"},"down":{"uv":[11,11,12,11.5],"rotation":270,"texture":"#all","cullface":"east"}}},{"from":[16,3,5],"to":[16.5,4,6],"light_emission":15,"faces":{"north":{"uv":[10,12,10.5,13],"texture":"#all","cullface":"east"},"east":{"uv":[10,12,11,13],"texture":"#all","cullface":"east"},"south":{"uv":[10,12,10.5,13],"texture":"#all","cullface":"east"},"up":{"uv":[10,12,11,12.5],"rotation":90,"texture":"#all","cullface":"east"}}},{"from":[16,2,5],"to":[16.7,3,6],"light_emission":15,"faces":{"north":{"uv":[10,13,10.7,14],"texture":"#all","cullface":"east"},"east":{"uv":[10,13,11,14],"texture":"#all","cullface":"east"},"south":{"uv":[10,13,10.7,14],"texture":"#all","cullface":"east"},"up":{"uv":[10,13,11,13.7],"rotation":90,"texture":"#all","cullface":"east"},"down":{"uv":[10,13,11,13.7],"rotation":270,"texture":"#all","cullface":"east"}}},{"from":[16,2,6],"to":[16.5,3,7],"light_emission":15,"faces":{"east":{"uv":[9,13,10,14],"texture":"#all","cullface":"east"},"south":{"uv":[9,13,9.5,14],"texture":"#all","cullface":"east"},"up":{"uv":[9,13,10,13.5],"rotation":90,"texture":"#all","cullface":"east"}}},{"from":[16,1,6],"to":[16.7,2,7],"light_emission":15,"faces":{"north":{"uv":[9,14,9.7,15],"texture":"#all","cullface":"east"},"east":{"uv":[9,14,10,15],"texture":"#all","cullface":"east"},"south":{"uv":[9,14,9.7,15],"texture":"#all","cullface":"east"},"up":{"uv":[9,14,10,14.7],"rotation":90,"texture":"#all","cullface":"east"},"down":{"uv":[9,14,10,14.7],"rotation":270,"texture":"#all","cullface":"east"}}},{"from":[16,1,7],"to":[16.5,2,8],"light_emission":15,"faces":{"east":{"uv":[8,14,9,15],"texture":"#all","cullface":"east"},"south":{"uv":[8,14,8.5,15],"texture":"#all","cullface":"east"},"up":{"uv":[8,14,9,14.5],"rotation":90,"texture":"#all","cullface":"east"},"down":{"uv":[8,14,9,14.5],"rotation":270,"texture":"#all","cullface":"east"}}},{"from":[2,16,11],"to":[3,16.5,12],"light_emission":15,"faces":{"north":{"uv":[2,11,3,11.5],"texture":"#all","cullface":"up"},"south":{"uv":[2,11,3,11.5],"rotation":180,"texture":"#all","cullface":"up"},"west":{"uv":[2,11,2.5,12],"rotation":270,"texture":"#all","cullface":"up"},"up":{"uv":[2,11,3,12],"texture":"#all","cullface":"up"}}},{"from":[3,16,10],"to":[4,16.5,11],"light_emission":15,"faces":{"north":{"uv":[3,10,4,10.5],"texture":"#all","cullface":"up"},"east":{"uv":[3,10,3.5,11],"rotation":90,"texture":"#all","cullface":"up"},"west":{"uv":[3,10,3.5,11],"rotation":270,"texture":"#all","cullface":"up"},"up":{"uv":[3,10,4,11],"texture":"#all","cullface":"up"}}},{"from":[5,16,7],"to":[6,16.5,8],"light_emission":15,"faces":{"north":{"uv":[5,7,6,7.5],"texture":"#all","cullface":"up"},"east":{"uv":[5,7,5.5,8],"rotation":90,"texture":"#all","cullface":"up"},"south":{"uv":[5,7,6,7.5],"rotation":180,"texture":"#all","cullface":"up"},"up":{"uv":[5,7,6,8],"texture":"#all","cullface":"up"}}},{"from":[3,16,11],"to":[5,16.7,12],"light_emission":15,"faces":{"north":{"uv":[3,11,5,11.5],"rotation":180,"texture":"#all","cullface":"up"},"east":{"uv":[4,11,4.5,12],"rotation":90,"texture":"#all","cullface":"up"},"south":{"uv":[3,11,5,11.5],"texture":"#all","cullface":"up"},"west":{"uv":[3,11,3.5,12],"rotation":270,"texture":"#all","cullface":"up"},"up":{"uv":[3,11,5,12],"texture":"#all","cullface":"up"}}},{"from":[3,16,7],"to":[5,16.7,8],"light_emission":15,"faces":{"north":{"uv":[3,7,5,7.5],"rotation":180,"texture":"#all","cullface":"up"},"east":{"uv":[4,7,4.5,8],"rotation":90,"texture":"#all","cullface":"up"},"south":{"uv":[3,7,5,7.5],"texture":"#all","cullface":"up"},"west":{"uv":[3,7,3.5,8],"rotation":270,"texture":"#all","cullface":"up"},"up":{"uv":[3,7,5,8],"texture":"#all","cullface":"up"}}},{"from":[3,16,12],"to":[5,16.5,13],"light_emission":15,"faces":{"east":{"uv":[4,12,4.5,13],"rotation":90,"texture":"#all","cullface":"up"},"south":{"uv":[3,12,5,12.5],"texture":"#all","cullface":"up"},"west":{"uv":[3,12,3.5,13],"rotation":270,"texture":"#all","cullface":"up"},"up":{"uv":[3,12,5,13],"texture":"#all","cullface":"up"}}},{"from":[3,16,6],"to":[5,16.5,7],"light_emission":15,"faces":{"north":{"uv":[3,6,5,6.5],"rotation":180,"texture":"#all","cullface":"up"},"east":{"uv":[4,6,4.5,7],"rotation":90,"texture":"#all","cullface":"up"},"west":{"uv":[3,6,3.5,7],"rotation":270,"texture":"#all","cullface":"up"},"up":{"uv":[3,6,5,7],"texture":"#all","cullface":"up"}}},{"from":[1,16,8],"to":[3,16.5,9],"light_emission":15,"faces":{"north":{"uv":[1,8,3,8.5],"rotation":180,"texture":"#all","cullface":"up"},"east":{"uv":[2,8,2.5,9],"rotation":90,"texture":"#all","cullface":"up"},"south":{"uv":[1,8,3,8.5],"texture":"#all","cullface":"up"},"west":{"uv":[1,8,1.5,9],"rotation":270,"texture":"#all","cullface":"up"},"up":{"uv":[1,8,3,9],"texture":"#all","cullface":"up"}}},{"from":[14,16,7],"to":[15,16.5,8],"light_emission":15,"faces":{"north":{"uv":[14,7,15,7.5],"texture":"#all","cullface":"up"},"east":{"uv":[14,7,14.5,8],"rotation":90,"texture":"#all","cullface":"up"},"up":{"uv":[14,7,15,8],"texture":"#all","cullface":"up"}}},{"from":[13,16,6],"to":[14,16.5,7],"light_emission":15,"faces":{"north":{"uv":[13,6,14,6.5],"texture":"#all","cullface":"up"},"east":{"uv":[13,6,13.5,7],"rotation":90,"texture":"#all","cullface":"up"},"west":{"uv":[13,6,13.5,7],"rotation":270,"texture":"#all","cullface":"up"},"up":{"uv":[13,6,14,7],"texture":"#all","cullface":"up"}}},{"from":[14,16,8],"to":[15,16.7,9],"light_emission":15,"faces":{"north":{"uv":[14,8,15,8.7],"texture":"#all","cullface":"up"},"east":{"uv":[14,8,14.7,9],"rotation":90,"texture":"#all","cullface":"up"},"south":{"uv":[14,8,15,8.7],"rotation":180,"texture":"#all","cullface":"up"},"west":{"uv":[14,8,14.7,9],"rotation":270,"texture":"#all","cullface":"up"},"up":{"uv":[14,8,15,9],"texture":"#all","cullface":"up"}}},{"from":[13,16,7],"to":[14,16.7,8],"light_emission":15,"faces":{"north":{"uv":[13,7,14,7.7],"texture":"#all","cullface":"up"},"east":{"uv":[13,7,13.7,8],"rotation":90,"texture":"#all","cullface":"up"},"south":{"uv":[13,7,14,7.7],"rotation":180,"texture":"#all","cullface":"up"},"west":{"uv":[13,7,13.7,8],"rotation":270,"texture":"#all","cullface":"up"},"up":{"uv":[13,7,14,8],"texture":"#all","cullface":"up"}}},{"from":[12,16,2],"to":[13,16.7,3],"light_emission":15,"faces":{"north":{"uv":[12,2,13,2.7],"texture":"#all","cullface":"up"},"east":{"uv":[12,2,12.7,3],"rotation":90,"texture":"#all","cullface":"up"},"south":{"uv":[12,2,13,2.7],"rotation":180,"texture":"#all","cullface":"up"},"west":{"uv":[12,2,12.7,3],"rotation":270,"texture":"#all","cullface":"up"},"up":{"uv":[12,2,13,3],"texture":"#all","cullface":"up"}}},{"from":[12,16,3],"to":[13,16.5,4],"light_emission":15,"faces":{"east":{"uv":[12,3,12.5,4],"rotation":90,"texture":"#all","cullface":"up"},"south":{"uv":[12,3,13,3.5],"rotation":180,"texture":"#all","cullface":"up"},"west":{"uv":[12,3,12.5,4],"rotation":270,"texture":"#all","cullface":"up"},"up":{"uv":[12,3,13,4],"texture":"#all","cullface":"up"}}},{"from":[11,16,2],"to":[12,16.5,3],"light_emission":15,"faces":{"north":{"uv":[11,2,12,2.5],"texture":"#all","cullface":"up"},"south":{"uv":[11,2,12,2.5],"rotation":180,"texture":"#all","cullface":"up"},"west":{"uv":[11,2,11.5,3],"rotation":270,"texture":"#all","cullface":"up"},"up":{"uv":[11,2,12,3],"texture":"#all","cullface":"up"}}},{"from":[10,16,7],"to":[11,16.5,8],"light_emission":15,"faces":{"east":{"uv":[10,7,10.5,8],"rotation":90,"texture":"#all","cullface":"up"},"south":{"uv":[10,7,11,7.5],"rotation":180,"texture":"#all","cullface":"up"},"up":{"uv":[10,7,11,8],"texture":"#all","cullface":"up"}}},{"from":[8,16,7],"to":[9,16.5,8],"light_emission":15,"faces":{"north":{"uv":[8,7,9,7.5],"texture":"#all","cullface":"up"},"south":{"uv":[8,7,9,7.5],"rotation":180,"texture":"#all","cullface":"up"},"west":{"uv":[8,7,8.5,8],"rotation":270,"texture":"#all","cullface":"up"},"up":{"uv":[8,7,9,8],"texture":"#all","cullface":"up"}}},{"from":[9,16,7],"to":[10,16.7,8],"light_emission":15,"faces":{"north":{"uv":[9,7,10,7.7],"texture":"#all","cullface":"up"},"east":{"uv":[9,7,9.7,8],"rotation":90,"texture":"#all","cullface":"up"},"south":{"uv":[9,7,10,7.7],"rotation":180,"texture":"#all","cullface":"up"},"west":{"uv":[9,7,9.7,8],"rotation":270,"texture":"#all","cullface":"up"},"up":{"uv":[9,7,10,8],"texture":"#all","cullface":"up"}}},{"from":[9,16,6],"to":[10,16.5,7],"light_emission":15,"faces":{"north":{"uv":[9,6,10,6.5],"texture":"#all","cullface":"up"},"west":{"uv":[9,6,9.5,7],"rotation":270,"texture":"#all","cullface":"up"},"up":{"uv":[9,6,10,7],"texture":"#all","cullface":"up"}}},{"from":[10,16,6],"to":[11,16.7,7],"light_emission":15,"faces":{"north":{"uv":[10,6,11,6.7],"texture":"#all","cullface":"up"},"east":{"uv":[10,6,10.7,7],"rotation":90,"texture":"#all","cullface":"up"},"south":{"uv":[10,6,11,6.7],"rotation":180,"texture":"#all","cullface":"up"},"west":{"uv":[10,6,10.7,7],"rotation":270,"texture":"#all","cullface":"up"},"up":{"uv":[10,6,11,7],"texture":"#all","cullface":"up"}}},{"from":[10,16,5],"to":[11,16.5,6],"light_emission":15,"faces":{"north":{"uv":[10,5,11,5.5],"texture":"#all","cullface":"up"},"east":{"uv":[10,5,10.5,6],"rotation":90,"texture":"#all","cullface":"up"},"west":{"uv":[10,5,10.5,6],"rotation":270,"texture":"#all","cullface":"up"},"up":{"uv":[10,5,11,6],"texture":"#all","cullface":"up"}}},{"from":[7,16,2],"to":[8,16.5,3],"light_emission":15,"faces":{"north":{"uv":[7,2,8,2.5],"rotation":180,"texture":"#all","cullface":"up"},"east":{"uv":[7,2,7.5,3],"rotation":270,"texture":"#all","cullface":"up"},"south":{"uv":[7,2,8,2.5],"texture":"#all","cullface":"up"},"up":{"uv":[7,2,8,3],"rotation":180,"texture":"#all","cullface":"up"}}},{"from":[6,16,2],"to":[7,16.7,3],"light_emission":15,"faces":{"north":{"uv":[6,2,6.7,3],"rotation":270,"texture":"#all","cullface":"up"},"east":{"uv":[6,2,7,2.7],"texture":"#all","cullface":"up"},"south":{"uv":[6,2,6.7,3],"rotation":90,"texture":"#all","cullface":"up"},"west":{"uv":[6,2,7,2.7],"rotation":180,"texture":"#all","cullface":"up"},"up":{"uv":[6,2,7,3],"rotation":270,"texture":"#all","cullface":"up"}}},{"from":[6,16,3],"to":[7,16.5,4],"light_emission":15,"faces":{"east":{"uv":[6,3,6.5,4],"rotation":270,"texture":"#all","cullface":"up"},"south":{"uv":[6,3,7,3.5],"texture":"#all","cullface":"up"},"up":{"uv":[6,3,7,4],"rotation":180,"texture":"#all","cullface":"up"}}},{"from":[5,16,3],"to":[6,16.7,4],"light_emission":15,"faces":{"north":{"uv":[5,3,6,3.7],"rotation":180,"texture":"#all","cullface":"up"},"east":{"uv":[5,3,5.7,4],"rotation":270,"texture":"#all","cullface":"up"},"south":{"uv":[5,3,6,3.7],"texture":"#all","cullface":"up"},"west":{"uv":[5,3,5.7,4],"rotation":90,"texture":"#all","cullface":"up"},"up":{"uv":[5,3,6,4],"rotation":180,"texture":"#all","cullface":"up"}}},{"from":[5,16,4],"to":[6,16.5,5],"light_emission":15,"faces":{"east":{"uv":[5,4,5.5,5],"rotation":270,"texture":"#all","cullface":"up"},"south":{"uv":[5,4,6,4.5],"texture":"#all","cullface":"up"},"west":{"uv":[5,4,5.5,5],"rotation":90,"texture":"#all","cullface":"up"},"up":{"uv":[5,4,6,5],"rotation":180,"texture":"#all","cullface":"up"}}},{"from":[11,16,11],"to":[12,16.5,12],"light_emission":15,"faces":{"north":{"uv":[11,11,12,11.5],"texture":"#all","cullface":"up"},"east":{"uv":[11,11,11.5,12],"rotation":90,"texture":"#all","cullface":"up"},"south":{"uv":[11,11,12,11.5],"rotation":180,"texture":"#all","cullface":"up"},"west":{"uv":[11,11,11.5,12],"rotation":270,"texture":"#all","cullface":"up"},"up":{"uv":[11,11,12,12],"texture":"#all","cullface":"up"}}},{"from":[10,16,12],"to":[11,16.5,13],"light_emission":15,"faces":{"north":{"uv":[10,12,11,12.5],"texture":"#all","cullface":"up"},"east":{"uv":[10,12,10.5,13],"rotation":90,"texture":"#all","cullface":"up"},"west":{"uv":[10,12,10.5,13],"rotation":270,"texture":"#all","cullface":"up"},"up":{"uv":[10,12,11,13],"texture":"#all","cullface":"up"}}},{"from":[10,16,13],"to":[11,16.7,14],"light_emission":15,"faces":{"north":{"uv":[10,13,11,13.7],"texture":"#all","cullface":"up"},"east":{"uv":[10,13,10.7,14],"rotation":90,"texture":"#all","cullface":"up"},"south":{"uv":[10,13,11,13.7],"rotation":180,"texture":"#all","cullface":"up"},"west":{"uv":[10,13,10.7,14],"rotation":270,"texture":"#all","cullface":"up"},"up":{"uv":[10,13,11,14],"texture":"#all","cullface":"up"}}},{"from":[9,16,13],"to":[10,16.5,14],"light_emission":15,"faces":{"north":{"uv":[9,13,10,13.5],"texture":"#all","cullface":"up"},"west":{"uv":[9,13,9.5,14],"rotation":270,"texture":"#all","cullface":"up"},"up":{"uv":[9,13,10,14],"texture":"#all","cullface":"up"}}},{"from":[9,16,14],"to":[10,16.7,15],"light_emission":15,"faces":{"north":{"uv":[9,14,10,14.7],"texture":"#all","cullface":"up"},"east":{"uv":[9,14,9.7,15],"rotation":90,"texture":"#all","cullface":"up"},"south":{"uv":[9,14,10,14.7],"rotation":180,"texture":"#all","cullface":"up"},"west":{"uv":[9,14,9.7,15],"rotation":270,"texture":"#all","cullface":"up"},"up":{"uv":[9,14,10,15],"texture":"#all","cullface":"up"}}},{"from":[8,16,14],"to":[9,16.5,15],"light_emission":15,"faces":{"north":{"uv":[8,14,9,14.5],"texture":"#all","cullface":"up"},"south":{"uv":[8,14,9,14.5],"rotation":180,"texture":"#all","cullface":"up"},"west":{"uv":[8,14,8.5,15],"rotation":270,"texture":"#all","cullface":"up"},"up":{"uv":[8,14,9,15],"texture":"#all","cullface":"up"}}},{"from":[2,-0.5,4],"to":[3,0,5],"light_emission":15,"faces":{"north":{"uv":[2,11,3,11.5],"texture":"#all","cullface":"down"},"south":{"uv":[2,11,3,11.5],"rotation":180,"texture":"#all","cullface":"down"},"west":{"uv":[2,11,2.5,12],"rotation":90,"texture":"#all","cullface":"down"},"down":{"uv":[2,11,3,12],"texture":"#all","cullface":"down"}}},{"from":[3,-0.5,5],"to":[4,0,6],"light_emission":15,"faces":{"east":{"uv":[3,10,3.5,11],"rotation":270,"texture":"#all","cullface":"down"},"south":{"uv":[3,10,4,10.5],"rotation":180,"texture":"#all","cullface":"down"},"west":{"uv":[3,10,3.5,11],"rotation":90,"texture":"#all","cullface":"down"},"down":{"uv":[3,10,4,11],"texture":"#all","cullface":"down"}}},{"from":[5,-0.5,8],"to":[6,0,9],"light_emission":15,"faces":{"north":{"uv":[5,7,6,7.5],"texture":"#all","cullface":"down"},"east":{"uv":[5,7,5.5,8],"rotation":270,"texture":"#all","cullface":"down"},"south":{"uv":[5,7,6,7.5],"rotation":180,"texture":"#all","cullface":"down"},"down":{"uv":[5,7,6,8],"texture":"#all","cullface":"down"}}},{"from":[3,-0.7,4],"to":[5,0,5],"light_emission":15,"faces":{"north":{"uv":[3,11,5,11.5],"rotation":180,"texture":"#all","cullface":"down"},"east":{"uv":[4,11,4.5,12],"rotation":270,"texture":"#all","cullface":"down"},"south":{"uv":[3,11,5,11.5],"texture":"#all","cullface":"down"},"west":{"uv":[3,11,3.5,12],"rotation":90,"texture":"#all","cullface":"down"},"down":{"uv":[3,11,5,12],"texture":"#all","cullface":"down"}}},{"from":[3,-0.7,8],"to":[5,0,9],"light_emission":15,"faces":{"north":{"uv":[3,7,5,7.5],"rotation":180,"texture":"#all","cullface":"down"},"east":{"uv":[4,7,4.5,8],"rotation":270,"texture":"#all","cullface":"down"},"south":{"uv":[3,7,5,7.5],"texture":"#all","cullface":"down"},"west":{"uv":[3,7,3.5,8],"rotation":90,"texture":"#all","cullface":"down"},"down":{"uv":[3,7,5,8],"texture":"#all","cullface":"down"}}},{"from":[3,-0.5,3],"to":[5,0,4],"light_emission":15,"faces":{"north":{"uv":[3,12,5,12.5],"rotation":180,"texture":"#all","cullface":"down"},"east":{"uv":[4,12,4.5,13],"rotation":270,"texture":"#all","cullface":"down"},"west":{"uv":[3,12,3.5,13],"rotation":90,"texture":"#all","cullface":"down"},"down":{"uv":[3,12,5,13],"texture":"#all","cullface":"down"}}},{"from":[3,-0.5,9],"to":[5,0,10],"light_emission":15,"faces":{"east":{"uv":[4,6,4.5,7],"rotation":270,"texture":"#all","cullface":"down"},"south":{"uv":[3,6,5,6.5],"texture":"#all","cullface":"down"},"west":{"uv":[3,6,3.5,7],"rotation":90,"texture":"#all","cullface":"down"},"down":{"uv":[3,6,5,7],"texture":"#all","cullface":"down"}}},{"from":[1,-0.5,7],"to":[3,0,8],"light_emission":15,"faces":{"north":{"uv":[1,8,3,8.5],"rotation":180,"texture":"#all","cullface":"down"},"east":{"uv":[2,8,2.5,9],"rotation":270,"texture":"#all","cullface":"down"},"south":{"uv":[1,8,3,8.5],"texture":"#all","cullface":"down"},"west":{"uv":[1,8,1.5,9],"rotation":90,"texture":"#all","cullface":"down"},"down":{"uv":[1,8,3,9],"texture":"#all","cullface":"down"}}},{"from":[14,-0.5,8],"to":[15,0,9],"light_emission":15,"faces":{"east":{"uv":[14,7,14.5,8],"rotation":270,"texture":"#all","cullface":"down"},"south":{"uv":[14,7,15,7.5],"rotation":180,"texture":"#all","cullface":"down"},"down":{"uv":[14,7,15,8],"texture":"#all","cullface":"down"}}},{"from":[13,-0.5,9],"to":[14,0,10],"light_emission":15,"faces":{"east":{"uv":[13,6,13.5,7],"rotation":270,"texture":"#all","cullface":"down"},"south":{"uv":[13,6,14,6.5],"rotation":180,"texture":"#all","cullface":"down"},"west":{"uv":[13,6,13.5,7],"rotation":90,"texture":"#all","cullface":"down"},"down":{"uv":[13,6,14,7],"texture":"#all","cullface":"down"}}},{"from":[14,-0.7,7],"to":[15,0,8],"light_emission":15,"faces":{"north":{"uv":[14,8,15,8.7],"texture":"#all","cullface":"down"},"east":{"uv":[14,8,14.7,9],"rotation":270,"texture":"#all","cullface":"down"},"south":{"uv":[14,8,15,8.7],"rotation":180,"texture":"#all","cullface":"down"},"west":{"uv":[14,8,14.7,9],"rotation":90,"texture":"#all","cullface":"down"},"down":{"uv":[14,8,15,9],"texture":"#all","cullface":"down"}}},{"from":[13,-0.7,8],"to":[14,0,9],"light_emission":15,"faces":{"north":{"uv":[13,7,14,7.7],"texture":"#all","cullface":"down"},"east":{"uv":[13,7,13.7,8],"rotation":270,"texture":"#all","cullface":"down"},"south":{"uv":[13,7,14,7.7],"rotation":180,"texture":"#all","cullface":"down"},"west":{"uv":[13,7,13.7,8],"rotation":90,"texture":"#all","cullface":"down"},"down":{"uv":[13,7,14,8],"texture":"#all","cullface":"down"}}},{"from":[12,-0.7,13],"to":[13,0,14],"light_emission":15,"faces":{"north":{"uv":[12,2,13,2.7],"texture":"#all","cullface":"down"},"east":{"uv":[12,2,12.7,3],"rotation":270,"texture":"#all","cullface":"down"},"south":{"uv":[12,2,13,2.7],"rotation":180,"texture":"#all","cullface":"down"},"west":{"uv":[12,2,12.7,3],"rotation":90,"texture":"#all","cullface":"down"},"down":{"uv":[12,2,13,3],"texture":"#all","cullface":"down"}}},{"from":[12,-0.5,12],"to":[13,0,13],"light_emission":15,"faces":{"north":{"uv":[12,3,13,3.5],"texture":"#all","cullface":"down"},"east":{"uv":[12,3,12.5,4],"rotation":270,"texture":"#all","cullface":"down"},"west":{"uv":[12,3,12.5,4],"rotation":90,"texture":"#all","cullface":"down"},"down":{"uv":[12,3,13,4],"texture":"#all","cullface":"down"}}},{"from":[11,-0.5,13],"to":[12,0,14],"light_emission":15,"faces":{"north":{"uv":[11,2,12,2.5],"texture":"#all","cullface":"down"},"south":{"uv":[11,2,12,2.5],"rotation":180,"texture":"#all","cullface":"down"},"west":{"uv":[11,2,11.5,3],"rotation":90,"texture":"#all","cullface":"down"},"down":{"uv":[11,2,12,3],"texture":"#all","cullface":"down"}}},{"from":[10,-0.5,8],"to":[11,0,9],"light_emission":15,"faces":{"north":{"uv":[10,7,11,7.5],"texture":"#all","cullface":"down"},"east":{"uv":[10,7,10.5,8],"rotation":270,"texture":"#all","cullface":"down"},"down":{"uv":[10,7,11,8],"texture":"#all","cullface":"down"}}},{"from":[8,-0.5,8],"to":[9,0,9],"light_emission":15,"faces":{"north":{"uv":[8,7,9,7.5],"texture":"#all","cullface":"down"},"south":{"uv":[8,7,9,7.5],"rotation":180,"texture":"#all","cullface":"down"},"west":{"uv":[8,7,8.5,8],"rotation":90,"texture":"#all","cullface":"down"},"down":{"uv":[8,7,9,8],"texture":"#all","cullface":"down"}}},{"from":[9,-0.7,8],"to":[10,0,9],"light_emission":15,"faces":{"north":{"uv":[9,7,10,7.7],"texture":"#all","cullface":"down"},"east":{"uv":[9,7,9.7,8],"rotation":270,"texture":"#all","cullface":"down"},"south":{"uv":[9,7,10,7.7],"rotation":180,"texture":"#all","cullface":"down"},"west":{"uv":[9,7,9.7,8],"rotation":90,"texture":"#all","cullface":"down"},"down":{"uv":[9,7,10,8],"texture":"#all","cullface":"down"}}},{"from":[9,-0.5,9],"to":[10,0,10],"light_emission":15,"faces":{"south":{"uv":[9,6,10,6.5],"rotation":180,"texture":"#all","cullface":"down"},"west":{"uv":[9,6,9.5,7],"rotation":90,"texture":"#all","cullface":"down"},"down":{"uv":[9,6,10,7],"texture":"#all","cullface":"down"}}},{"from":[10,-0.7,9],"to":[11,0,10],"light_emission":15,"faces":{"north":{"uv":[10,6,11,6.7],"texture":"#all","cullface":"down"},"east":{"uv":[10,6,10.7,7],"rotation":270,"texture":"#all","cullface":"down"},"south":{"uv":[10,6,11,6.7],"rotation":180,"texture":"#all","cullface":"down"},"west":{"uv":[10,6,10.7,7],"rotation":90,"texture":"#all","cullface":"down"},"down":{"uv":[10,6,11,7],"texture":"#all","cullface":"down"}}},{"from":[10,-0.5,10],"to":[11,0,11],"light_emission":15,"faces":{"east":{"uv":[10,5,10.5,6],"rotation":270,"texture":"#all","cullface":"down"},"south":{"uv":[10,5,11,5.5],"rotation":180,"texture":"#all","cullface":"down"},"west":{"uv":[10,5,10.5,6],"rotation":90,"texture":"#all","cullface":"down"},"down":{"uv":[10,5,11,6],"texture":"#all","cullface":"down"}}},{"from":[7,-0.5,13],"to":[8,0,14],"light_emission":15,"faces":{"north":{"uv":[7,2,8,2.5],"rotation":180,"texture":"#all","cullface":"down"},"east":{"uv":[7,2,7.5,3],"rotation":90,"texture":"#all","cullface":"down"},"south":{"uv":[7,2,8,2.5],"texture":"#all","cullface":"down"},"down":{"uv":[7,2,8,3],"rotation":180,"texture":"#all","cullface":"down"}}},{"from":[6,-0.7,13],"to":[7,0,14],"light_emission":15,"faces":{"north":{"uv":[6,2,6.7,3],"rotation":270,"texture":"#all","cullface":"down"},"east":{"uv":[6,2,7,2.7],"rotation":180,"texture":"#all","cullface":"down"},"south":{"uv":[6,2,6.7,3],"rotation":90,"texture":"#all","cullface":"down"},"west":{"uv":[6,2,7,2.7],"texture":"#all","cullface":"down"},"down":{"uv":[6,2,7,3],"rotation":270,"texture":"#all","cullface":"down"}}},{"from":[6,-0.5,12],"to":[7,0,13],"light_emission":15,"faces":{"north":{"uv":[6,3,7,3.5],"rotation":180,"texture":"#all","cullface":"down"},"east":{"uv":[6,3,6.5,4],"rotation":90,"texture":"#all","cullface":"down"},"down":{"uv":[6,3,7,4],"rotation":180,"texture":"#all","cullface":"down"}}},{"from":[5,-0.7,12],"to":[6,0,13],"light_emission":15,"faces":{"north":{"uv":[5,3,6,3.7],"rotation":180,"texture":"#all","cullface":"down"},"east":{"uv":[5,3,5.7,4],"rotation":90,"texture":"#all","cullface":"down"},"south":{"uv":[5,3,6,3.7],"texture":"#all","cullface":"down"},"west":{"uv":[5,3,5.7,4],"rotation":270,"texture":"#all","cullface":"down"},"down":{"uv":[5,3,6,4],"rotation":180,"texture":"#all","cullface":"down"}}},{"from":[5,-0.5,11],"to":[6,0,12],"light_emission":15,"faces":{"north":{"uv":[5,4,6,4.5],"rotation":180,"texture":"#all","cullface":"down"},"east":{"uv":[5,4,5.5,5],"rotation":90,"texture":"#all","cullface":"down"},"west":{"uv":[5,4,5.5,5],"rotation":270,"texture":"#all","cullface":"down"},"down":{"uv":[5,4,6,5],"rotation":180,"texture":"#all","cullface":"down"}}},{"from":[11,-0.5,4],"to":[12,0,5],"light_emission":15,"faces":{"north":{"uv":[11,11,12,11.5],"texture":"#all","cullface":"down"},"east":{"uv":[11,11,11.5,12],"rotation":270,"texture":"#all","cullface":"down"},"south":{"uv":[11,11,12,11.5],"rotation":180,"texture":"#all","cullface":"down"},"west":{"uv":[11,11,11.5,12],"rotation":90,"texture":"#all","cullface":"down"},"down":{"uv":[11,11,12,12],"texture":"#all","cullface":"down"}}},{"from":[10,-0.5,3],"to":[11,0,4],"light_emission":15,"faces":{"east":{"uv":[10,12,10.5,13],"rotation":270,"texture":"#all","cullface":"down"},"south":{"uv":[10,12,11,12.5],"rotation":180,"texture":"#all","cullface":"down"},"west":{"uv":[10,12,10.5,13],"rotation":90,"texture":"#all","cullface":"down"},"down":{"uv":[10,12,11,13],"texture":"#all","cullface":"down"}}},{"from":[10,-0.7,2],"to":[11,0,3],"light_emission":15,"faces":{"north":{"uv":[10,13,11,13.7],"texture":"#all","cullface":"down"},"east":{"uv":[10,13,10.7,14],"rotation":270,"texture":"#all","cullface":"down"},"south":{"uv":[10,13,11,13.7],"rotation":180,"texture":"#all","cullface":"down"},"west":{"uv":[10,13,10.7,14],"rotation":90,"texture":"#all","cullface":"down"},"down":{"uv":[10,13,11,14],"texture":"#all","cullface":"down"}}},{"from":[9,-0.5,2],"to":[10,0,3],"light_emission":15,"faces":{"south":{"uv":[9,13,10,13.5],"rotation":180,"texture":"#all","cullface":"down"},"west":{"uv":[9,13,9.5,14],"rotation":90,"texture":"#all","cullface":"down"},"down":{"uv":[9,13,10,14],"texture":"#all","cullface":"down"}}},{"from":[9,-0.7,1],"to":[10,0,2],"light_emission":15,"faces":{"north":{"uv":[9,14,10,14.7],"texture":"#all","cullface":"down"},"east":{"uv":[9,14,9.7,15],"rotation":270,"texture":"#all","cullface":"down"},"south":{"uv":[9,14,10,14.7],"rotation":180,"texture":"#all","cullface":"down"},"west":{"uv":[9,14,9.7,15],"rotation":90,"texture":"#all","cullface":"down"},"down":{"uv":[9,14,10,15],"texture":"#all","cullface":"down"}}},{"from":[8,-0.5,1],"to":[9,0,2],"light_emission":15,"faces":{"north":{"uv":[8,14,9,14.5],"texture":"#all","cullface":"down"},"south":{"uv":[8,14,9,14.5],"rotation":180,"texture":"#all","cullface":"down"},"west":{"uv":[8,14,8.5,15],"rotation":90,"texture":"#all","cullface":"down"},"down":{"uv":[8,14,9,15],"texture":"#all","cullface":"down"}}}]}