{"credit":"Created by Marceus","format_version":"1.21.6","parent":"block/cube_all","textures":{"particle":"block/nether_gold_ore1","all":"block/nether_gold_ore1"},"elements":[{"from":[0,0,0],"to":[16,16,16],"faces":{"north":{"uv":[0,0,16,16],"texture":"#all","cullface":"north"},"east":{"uv":[0,0,16,16],"texture":"#all","cullface":"east"},"south":{"uv":[0,0,16,16],"texture":"#all","cullface":"south"},"west":{"uv":[0,0,16,16],"texture":"#all","cullface":"west"},"up":{"uv":[0,0,16,16],"texture":"#all","cullface":"up"},"down":{"uv":[0,0,16,16],"texture":"#all","cullface":"down"}}},{"from":[4,4,-0.5],"to":[5,5,0],"light_emission":15,"faces":{"north":{"uv":[11,11,12,12],"texture":"#all","cullface":"north"},"east":{"uv":[11,11,11.5,12],"texture":"#all","cullface":"north"},"up":{"uv":[11,11,12,11.5],"texture":"#all","cullface":"north"},"down":{"uv":[11,11,12,11.5],"texture":"#all","cullface":"north"}}},{"from":[-0.5,4,5],"to":[0,5,8],"light_emission":15,"faces":{"north":{"uv":[5,11,5.5,12],"texture":"#all","cullface":"west"},"south":{"uv":[7,11,7.5,12],"texture":"#all","cullface":"west"},"west":{"uv":[5,11,8,12],"texture":"#all","cullface":"west"},"up":{"uv":[5,11,8,11.5],"rotation":90,"texture":"#all","cullface":"west"},"down":{"uv":[5,11,8,11.5],"rotation":270,"texture":"#all","cullface":"west"}}},{"from":[-0.5,1,8],"to":[0,4,9],"light_emission":15,"faces":{"north":{"uv":[8,12,8.5,15],"texture":"#all","cullface":"west"},"south":{"uv":[8,12,8.5,15],"texture":"#all","cullface":"west"},"west":{"uv":[8,12,9,15],"texture":"#all","cullface":"west"},"up":{"uv":[8,12,9,12.5],"rotation":270,"texture":"#all","cullface":"west"},"down":{"uv":[8,14,9,14.5],"rotation":90,"texture":"#all","cullface":"west"}}},{"from":[-0.5,13,7],"to":[0,14,10],"light_emission":15,"faces":{"south":{"uv":[9,2,9.5,3],"texture":"#all","cullface":"west"},"west":{"uv":[7,2,10,3],"texture":"#all","cullface":"west"},"up":{"uv":[7,2,10,2.5],"rotation":90,"texture":"#all","cullface":"west"},"down":{"uv":[7,2,10,2.5],"rotation":270,"texture":"#all","cullface":"west"}}},{"from":[-0.7,3,7],"to":[0,4,8],"light_emission":15,"faces":{"north":{"uv":[7,12,7.7,13],"texture":"#all","cullface":"west"},"south":{"uv":[7,12,7.7,13],"texture":"#all","cullface":"west"},"west":{"uv":[7,12,8,13],"texture":"#all","cullface":"west"},"up":{"uv":[7,12,8,12.7],"rotation":270,"texture":"#all","cullface":"west"},"down":{"uv":[7,12,8,12.7],"rotation":90,"texture":"#all","cullface":"west"}}},{"from":[-0.5,10,11],"to":[0,11,12],"light_emission":15,"faces":{"north":{"uv":[11,5,11.5,6],"rotation":180,"texture":"#all","cullface":"west"},"south":{"uv":[11,5,11.5,6],"rotation":180,"texture":"#all","cullface":"west"},"west":{"uv":[11,5,12,6],"rotation":180,"texture":"#all","cullface":"west"},"up":{"uv":[11,5,12,5.5],"rotation":90,"texture":"#all","cullface":"west"}}},{"from":[-0.5,11,12],"to":[0,12,13],"light_emission":15,"faces":{"north":{"uv":[12,4,12.5,5],"rotation":180,"texture":"#all","cullface":"west"},"south":{"uv":[12,4,12.5,5],"rotation":180,"texture":"#all","cullface":"west"},"west":{"uv":[12,4,13,5],"rotation":180,"texture":"#all","cullface":"west"},"up":{"uv":[12,4,13,4.5],"rotation":90,"texture":"#all","cullface":"west"},"down":{"uv":[12,4,13,4.5],"rotation":270,"texture":"#all","cullface":"west"}}},{"from":[-0.7,9,11],"to":[0,10,12],"light_emission":15,"faces":{"north":{"uv":[11,6,11.7,7],"rotation":180,"texture":"#all","cullface":"west"},"south":{"uv":[11,6,11.7,7],"rotation":180,"texture":"#all","cullface":"west"},"west":{"uv":[11,6,12,7],"rotation":180,"texture":"#all","cullface":"west"},"up":{"uv":[11,6,12,6.7],"rotation":90,"texture":"#all","cullface":"west"},"down":{"uv":[11,6,12,6.7],"rotation":270,"texture":"#all","cullface":"west"}}},{"from":[-0.5,9,12],"to":[0,10,13],"light_emission":15,"faces":{"south":{"uv":[12,6,12.5,7],"rotation":180,"texture":"#all","cullface":"west"},"west":{"uv":[12,6,13,7],"rotation":180,"texture":"#all","cullface":"west"},"up":{"uv":[12,6,13,6.5],"rotation":90,"texture":"#all","cullface":"west"}}},{"from":[-0.5,8,11],"to":[0,9,13],"light_emission":15,"faces":{"north":{"uv":[11,7,11.5,8],"texture":"#all","cullface":"west"},"south":{"uv":[12,7,12.5,8],"texture":"#all","cullface":"west"},"west":{"uv":[11,7,13,8],"texture":"#all","cullface":"west"},"down":{"uv":[11,7,13,7.5],"rotation":270,"texture":"#all","cullface":"west"}}},{"from":[-0.5,9,9],"to":[0,10,11],"light_emission":15,"faces":{"north":{"uv":[9,6,9.5,7],"texture":"#all","cullface":"west"},"west":{"uv":[9,6,11,7],"texture":"#all","cullface":"west"},"up":{"uv":[9,6,11,6.5],"rotation":90,"texture":"#all","cullface":"west"},"down":{"uv":[9,6,11,6.5],"rotation":270,"texture":"#all","cullface":"west"}}},{"from":[-0.5,7,6],"to":[0,8,8],"light_emission":15,"faces":{"north":{"uv":[6,8,6.5,9],"texture":"#all","cullface":"west"},"south":{"uv":[7,8,7.5,9],"texture":"#all","cullface":"west"},"west":{"uv":[6,8,8,9],"texture":"#all","cullface":"west"},"up":{"uv":[6,8,8,8.5],"rotation":90,"texture":"#all","cullface":"west"},"down":{"uv":[6,8,8,8.5],"rotation":270,"texture":"#all","cullface":"west"}}},{"from":[-0.5,13,6],"to":[0,14,7],"light_emission":15,"faces":{"north":{"uv":[6,2,6.5,3],"texture":"#all","cullface":"west"},"west":{"uv":[6,2,7,3],"texture":"#all","cullface":"west"},"up":{"uv":[6,2,7,2.5],"rotation":270,"texture":"#all","cullface":"west"}}},{"from":[-0.5,12,5],"to":[0,13,6],"light_emission":15,"faces":{"north":{"uv":[5,3,5.5,4],"texture":"#all","cullface":"west"},"west":{"uv":[5,3,6,4],"texture":"#all","cullface":"west"},"up":{"uv":[5,3,6,3.5],"rotation":270,"texture":"#all","cullface":"west"},"down":{"uv":[5,3,6,3.5],"rotation":90,"texture":"#all","cullface":"west"}}},{"from":[-0.7,12,6],"to":[0,13,7],"light_emission":15,"faces":{"north":{"uv":[6,3,6.7,4],"texture":"#all","cullface":"west"},"south":{"uv":[6,3,6.7,4],"texture":"#all","cullface":"west"},"west":{"uv":[6,3,7,4],"texture":"#all","cullface":"west"},"up":{"uv":[6,3,7,3.7],"rotation":270,"texture":"#all","cullface":"west"},"down":{"uv":[6,3,7,3.7],"rotation":90,"texture":"#all","cullface":"west"}}},{"from":[-0.5,10,5],"to":[0,11,6],"light_emission":15,"faces":{"south":{"uv":[5,5,5.5,6],"rotation":180,"texture":"#all","cullface":"west"},"west":{"uv":[5,5,6,6],"rotation":180,"texture":"#all","cullface":"west"},"up":{"uv":[5,5,6,5.5],"rotation":90,"texture":"#all","cullface":"west"},"down":{"uv":[5,5,6,5.5],"rotation":270,"texture":"#all","cullface":"west"}}},{"from":[-0.5,9,4],"to":[0,10,5],"light_emission":15,"faces":{"south":{"uv":[4,6,4.5,7],"rotation":180,"texture":"#all","cullface":"west"},"west":{"uv":[4,6,5,7],"rotation":180,"texture":"#all","cullface":"west"},"down":{"uv":[4,6,5,6.5],"rotation":270,"texture":"#all","cullface":"west"}}},{"from":[-0.7,9,3],"to":[0,10,4],"light_emission":15,"faces":{"north":{"uv":[3,6,3.7,7],"rotation":180,"texture":"#all","cullface":"west"},"south":{"uv":[3,6,3.7,7],"rotation":180,"texture":"#all","cullface":"west"},"west":{"uv":[3,6,4,7],"rotation":180,"texture":"#all","cullface":"west"},"up":{"uv":[3,6,4,6.7],"rotation":90,"texture":"#all","cullface":"west"},"down":{"uv":[3,6,4,6.7],"rotation":270,"texture":"#all","cullface":"west"}}},{"from":[-0.5,8,3],"to":[0,9,4],"light_emission":15,"faces":{"north":{"uv":[3,7,3.5,8],"rotation":180,"texture":"#all","cullface":"west"},"south":{"uv":[3,7,3.5,8],"rotation":180,"texture":"#all","cullface":"west"},"west":{"uv":[3,7,4,8],"rotation":180,"texture":"#all","cullface":"west"},"down":{"uv":[3,7,4,7.5],"rotation":270,"texture":"#all","cullface":"west"}}},{"from":[-0.7,10,4],"to":[0,11,5],"light_emission":15,"faces":{"north":{"uv":[4,5,4.7,6],"rotation":180,"texture":"#all","cullface":"west"},"south":{"uv":[4,5,4.7,6],"rotation":180,"texture":"#all","cullface":"west"},"west":{"uv":[4,5,5,6],"rotation":180,"texture":"#all","cullface":"west"},"up":{"uv":[4,5,5,5.7],"rotation":90,"texture":"#all","cullface":"west"},"down":{"uv":[4,5,5,5.7],"rotation":270,"texture":"#all","cullface":"west"}}},{"from":[-0.7,3,1],"to":[0,4,2],"light_emission":15,"faces":{"north":{"uv":[1,12,1.7,13],"texture":"#all","cullface":"west"},"south":{"uv":[1,12,1.7,13],"texture":"#all","cullface":"west"},"west":{"uv":[1,12,2,13],"texture":"#all","cullface":"west"},"up":{"uv":[1,12,2,12.7],"rotation":270,"texture":"#all","cullface":"west"},"down":{"uv":[1,12,2,12.7],"rotation":90,"texture":"#all","cullface":"west"}}},{"from":[-0.5,3,0],"to":[0,4,1],"light_emission":15,"faces":{"north":{"uv":[0,12,0.5,13],"texture":"#all","cullface":"west"},"west":{"uv":[0,12,1,13],"texture":"#all","cullface":"west"},"up":{"uv":[0,12,1,12.5],"rotation":270,"texture":"#all","cullface":"west"},"down":{"uv":[0,12,1,12.5],"rotation":90,"texture":"#all","cullface":"west"}}},{"from":[-0.5,4,1],"to":[0,5,2],"light_emission":15,"faces":{"north":{"uv":[1,11,1.5,12],"texture":"#all","cullface":"west"},"west":{"uv":[1,11,2,12],"texture":"#all","cullface":"west"},"up":{"uv":[1,11,2,11.5],"rotation":270,"texture":"#all","cullface":"west"}}},{"from":[-0.7,4,2],"to":[0,5,3],"light_emission":15,"faces":{"north":{"uv":[2,11,2.7,12],"texture":"#all","cullface":"west"},"south":{"uv":[2,11,2.7,12],"texture":"#all","cullface":"west"},"west":{"uv":[2,11,3,12],"texture":"#all","cullface":"west"},"up":{"uv":[2,11,3,11.7],"rotation":270,"texture":"#all","cullface":"west"},"down":{"uv":[2,11,3,11.7],"rotation":90,"texture":"#all","cullface":"west"}}},{"from":[-0.5,5,2],"to":[0,6,3],"light_emission":15,"faces":{"north":{"uv":[2,10,2.5,11],"texture":"#all","cullface":"west"},"south":{"uv":[2,10,2.5,11],"texture":"#all","cullface":"west"},"west":{"uv":[2,10,3,11],"texture":"#all","cullface":"west"},"up":{"uv":[2,10,3,10.5],"rotation":270,"texture":"#all","cullface":"west"}}},{"from":[-0.5,3,10],"to":[0,4,11],"light_emission":15,"faces":{"north":{"uv":[10,12,10.5,13],"texture":"#all","cullface":"west"},"south":{"uv":[10,12,10.5,13],"texture":"#all","cullface":"west"},"west":{"uv":[10,12,11,13],"texture":"#all","cullface":"west"},"up":{"uv":[10,12,11,12.5],"rotation":270,"texture":"#all","cullface":"west"},"down":{"uv":[10,12,11,12.5],"rotation":90,"texture":"#all","cullface":"west"}}},{"from":[-0.5,3,15],"to":[0,4,16],"light_emission":15,"faces":{"north":{"uv":[15,12,15.5,13],"texture":"#all","cullface":"west"},"south":{"uv":[15,12,15.5,13],"texture":"#all","cullface":"west"},"west":{"uv":[15,12,16,13],"texture":"#all","cullface":"west"},"up":{"uv":[15,12,16,12.5],"rotation":270,"texture":"#all","cullface":"west"},"down":{"uv":[15,12,16,12.5],"rotation":90,"texture":"#all","cullface":"west"}}},{"from":[-0.5,6,13],"to":[0,7,14],"light_emission":15,"faces":{"north":{"uv":[13,9,13.5,10],"texture":"#all","cullface":"west"},"south":{"uv":[13,9,13.5,10],"texture":"#all","cullface":"west"},"west":{"uv":[13,9,14,10],"texture":"#all","cullface":"west"},"up":{"uv":[13,9,14,9.5],"rotation":270,"texture":"#all","cullface":"west"},"down":{"uv":[13,9,14,9.5],"rotation":90,"texture":"#all","cullface":"west"}}},{"from":[-0.5,5,12],"to":[0,6,13],"light_emission":15,"faces":{"north":{"uv":[12,10,12.5,11],"texture":"#all","cullface":"west"},"south":{"uv":[12,10,12.5,11],"texture":"#all","cullface":"west"},"west":{"uv":[12,10,13,11],"texture":"#all","cullface":"west"},"up":{"uv":[12,10,13,10.5],"rotation":270,"texture":"#all","cullface":"west"}}},{"from":[-0.7,4,12],"to":[0,5,13],"light_emission":15,"faces":{"north":{"uv":[12,11,12.7,12],"texture":"#all","cullface":"west"},"south":{"uv":[12,11,12.7,12],"texture":"#all","cullface":"west"},"west":{"uv":[12,11,13,12],"texture":"#all","cullface":"west"},"up":{"uv":[12,11,13,11.7],"rotation":270,"texture":"#all","cullface":"west"},"down":{"uv":[12,11,13,11.7],"rotation":90,"texture":"#all","cullface":"west"}}},{"from":[-0.5,4,11],"to":[0,5,12],"light_emission":15,"faces":{"north":{"uv":[11,11,11.5,12],"texture":"#all","cullface":"west"},"west":{"uv":[11,11,12,12],"texture":"#all","cullface":"west"},"up":{"uv":[11,11,12,11.5],"rotation":270,"texture":"#all","cullface":"west"},"down":{"uv":[11,11,12,11.5],"rotation":90,"texture":"#all","cullface":"west"}}},{"from":[5,4,16],"to":[8,5,16.5],"light_emission":15,"faces":{"east":{"uv":[7,11,7.5,12],"texture":"#all","cullface":"south"},"south":{"uv":[5,11,8,12],"texture":"#all","cullface":"south"},"west":{"uv":[5,11,5.5,12],"texture":"#all","cullface":"south"},"up":{"uv":[5,11,8,11.5],"texture":"#all","cullface":"south"},"down":{"uv":[5,11,8,11.5],"texture":"#all","cullface":"south"}}},{"from":[8,1,16],"to":[9,4,16.5],"light_emission":15,"faces":{"east":{"uv":[8,12,8.5,15],"texture":"#all","cullface":"south"},"south":{"uv":[8,12,9,15],"texture":"#all","cullface":"south"},"west":{"uv":[8,12,8.5,15],"texture":"#all","cullface":"south"},"up":{"uv":[8,12,9,12.5],"rotation":180,"texture":"#all","cullface":"south"},"down":{"uv":[8,14,9,14.5],"rotation":180,"texture":"#all","cullface":"south"}}},{"from":[7,13,16],"to":[10,14,16.5],"light_emission":15,"faces":{"east":{"uv":[9,2,9.5,3],"texture":"#all","cullface":"south"},"south":{"uv":[7,2,10,3],"texture":"#all","cullface":"south"},"up":{"uv":[7,2,10,2.5],"texture":"#all","cullface":"south"},"down":{"uv":[7,2,10,2.5],"texture":"#all","cullface":"south"}}},{"from":[7,3,16],"to":[8,4,16.7],"light_emission":15,"faces":{"east":{"uv":[7,12,7.7,13],"texture":"#all","cullface":"south"},"south":{"uv":[7,12,8,13],"texture":"#all","cullface":"south"},"west":{"uv":[7,12,7.7,13],"texture":"#all","cullface":"south"},"up":{"uv":[7,12,8,12.7],"rotation":180,"texture":"#all","cullface":"south"},"down":{"uv":[7,12,8,12.7],"rotation":180,"texture":"#all","cullface":"south"}}},{"from":[11,10,16],"to":[12,11,16.5],"light_emission":15,"faces":{"east":{"uv":[11,5,11.5,6],"rotation":180,"texture":"#all","cullface":"south"},"south":{"uv":[11,5,12,6],"rotation":180,"texture":"#all","cullface":"south"},"west":{"uv":[11,5,11.5,6],"rotation":180,"texture":"#all","cullface":"south"},"up":{"uv":[11,5,12,5.5],"texture":"#all","cullface":"south"}}},{"from":[12,11,16],"to":[13,12,16.5],"light_emission":15,"faces":{"east":{"uv":[12,4,12.5,5],"rotation":180,"texture":"#all","cullface":"south"},"south":{"uv":[12,4,13,5],"rotation":180,"texture":"#all","cullface":"south"},"west":{"uv":[12,4,12.5,5],"rotation":180,"texture":"#all","cullface":"south"},"up":{"uv":[12,4,13,4.5],"texture":"#all","cullface":"south"},"down":{"uv":[12,4,13,4.5],"texture":"#all","cullface":"south"}}},{"from":[11,9,16],"to":[12,10,16.7],"light_emission":15,"faces":{"east":{"uv":[11,6,11.7,7],"rotation":180,"texture":"#all","cullface":"south"},"south":{"uv":[11,6,12,7],"rotation":180,"texture":"#all","cullface":"south"},"west":{"uv":[11,6,11.7,7],"rotation":180,"texture":"#all","cullface":"south"},"up":{"uv":[11,6,12,6.7],"texture":"#all","cullface":"south"},"down":{"uv":[11,6,12,6.7],"texture":"#all","cullface":"south"}}},{"from":[12,9,16],"to":[13,10,16.5],"light_emission":15,"faces":{"east":{"uv":[12,6,12.5,7],"rotation":180,"texture":"#all","cullface":"south"},"south":{"uv":[12,6,13,7],"rotation":180,"texture":"#all","cullface":"south"},"up":{"uv":[12,6,13,6.5],"texture":"#all","cullface":"south"}}},{"from":[11,8,16],"to":[13,9,16.5],"light_emission":15,"faces":{"east":{"uv":[12,7,12.5,8],"texture":"#all","cullface":"south"},"south":{"uv":[11,7,13,8],"texture":"#all","cullface":"south"},"west":{"uv":[11,7,11.5,8],"texture":"#all","cullface":"south"},"down":{"uv":[11,7,13,7.5],"texture":"#all","cullface":"south"}}},{"from":[9,9,16],"to":[11,10,16.5],"light_emission":15,"faces":{"south":{"uv":[9,6,11,7],"texture":"#all","cullface":"south"},"west":{"uv":[9,6,9.5,7],"texture":"#all","cullface":"south"},"up":{"uv":[9,6,11,6.5],"texture":"#all","cullface":"south"},"down":{"uv":[9,6,11,6.5],"texture":"#all","cullface":"south"}}},{"from":[6,7,16],"to":[8,8,16.5],"light_emission":15,"faces":{"east":{"uv":[7,8,7.5,9],"texture":"#all","cullface":"south"},"south":{"uv":[6,8,8,9],"texture":"#all","cullface":"south"},"west":{"uv":[6,8,6.5,9],"texture":"#all","cullface":"south"},"up":{"uv":[6,8,8,8.5],"texture":"#all","cullface":"south"},"down":{"uv":[6,8,8,8.5],"texture":"#all","cullface":"south"}}},{"from":[6,13,16],"to":[7,14,16.5],"light_emission":15,"faces":{"south":{"uv":[6,2,7,3],"texture":"#all","cullface":"south"},"west":{"uv":[6,2,6.5,3],"texture":"#all","cullface":"south"},"up":{"uv":[6,2,7,2.5],"rotation":180,"texture":"#all","cullface":"south"}}},{"from":[5,12,16],"to":[6,13,16.5],"light_emission":15,"faces":{"south":{"uv":[5,3,6,4],"texture":"#all","cullface":"south"},"west":{"uv":[5,3,5.5,4],"texture":"#all","cullface":"south"},"up":{"uv":[5,3,6,3.5],"rotation":180,"texture":"#all","cullface":"south"},"down":{"uv":[5,3,6,3.5],"rotation":180,"texture":"#all","cullface":"south"}}},{"from":[6,12,16],"to":[7,13,16.7],"light_emission":15,"faces":{"east":{"uv":[6,3,6.7,4],"texture":"#all","cullface":"south"},"south":{"uv":[6,3,7,4],"texture":"#all","cullface":"south"},"west":{"uv":[6,3,6.7,4],"texture":"#all","cullface":"south"},"up":{"uv":[6,3,7,3.7],"rotation":180,"texture":"#all","cullface":"south"},"down":{"uv":[6,3,7,3.7],"rotation":180,"texture":"#all","cullface":"south"}}},{"from":[5,10,16],"to":[6,11,16.5],"light_emission":15,"faces":{"east":{"uv":[5,5,5.5,6],"rotation":180,"texture":"#all","cullface":"south"},"south":{"uv":[5,5,6,6],"rotation":180,"texture":"#all","cullface":"south"},"up":{"uv":[5,5,6,5.5],"texture":"#all","cullface":"south"},"down":{"uv":[5,5,6,5.5],"texture":"#all","cullface":"south"}}},{"from":[4,9,16],"to":[5,10,16.5],"light_emission":15,"faces":{"east":{"uv":[4,6,4.5,7],"rotation":180,"texture":"#all","cullface":"south"},"south":{"uv":[4,6,5,7],"rotation":180,"texture":"#all","cullface":"south"},"down":{"uv":[4,6,5,6.5],"texture":"#all","cullface":"south"}}},{"from":[3,9,16],"to":[4,10,16.7],"light_emission":15,"faces":{"east":{"uv":[3,6,3.7,7],"rotation":180,"texture":"#all","cullface":"south"},"south":{"uv":[3,6,4,7],"rotation":180,"texture":"#all","cullface":"south"},"west":{"uv":[3,6,3.7,7],"rotation":180,"texture":"#all","cullface":"south"},"up":{"uv":[3,6,4,6.7],"texture":"#all","cullface":"south"},"down":{"uv":[3,6,4,6.7],"texture":"#all","cullface":"south"}}},{"from":[3,8,16],"to":[4,9,16.5],"light_emission":15,"faces":{"east":{"uv":[3,7,3.5,8],"rotation":180,"texture":"#all","cullface":"south"},"south":{"uv":[3,7,4,8],"rotation":180,"texture":"#all","cullface":"south"},"west":{"uv":[3,7,3.5,8],"rotation":180,"texture":"#all","cullface":"south"},"down":{"uv":[3,7,4,7.5],"texture":"#all","cullface":"south"}}},{"from":[4,10,16],"to":[5,11,16.7],"light_emission":15,"faces":{"east":{"uv":[4,5,4.7,6],"rotation":180,"texture":"#all","cullface":"south"},"south":{"uv":[4,5,5,6],"rotation":180,"texture":"#all","cullface":"south"},"west":{"uv":[4,5,4.7,6],"rotation":180,"texture":"#all","cullface":"south"},"up":{"uv":[4,5,5,5.7],"texture":"#all","cullface":"south"},"down":{"uv":[4,5,5,5.7],"texture":"#all","cullface":"south"}}},{"from":[1,3,16],"to":[2,4,16.7],"light_emission":15,"faces":{"east":{"uv":[1,12,1.7,13],"texture":"#all","cullface":"south"},"south":{"uv":[1,12,2,13],"texture":"#all","cullface":"south"},"west":{"uv":[1,12,1.7,13],"texture":"#all","cullface":"south"},"up":{"uv":[1,12,2,12.7],"rotation":180,"texture":"#all","cullface":"south"},"down":{"uv":[1,12,2,12.7],"rotation":180,"texture":"#all","cullface":"south"}}},{"from":[0,3,16],"to":[1,4,16.5],"light_emission":15,"faces":{"south":{"uv":[0,12,1,13],"texture":"#all","cullface":"south"},"west":{"uv":[0,12,0.5,13],"texture":"#all","cullface":"west"},"up":{"uv":[0,12,1,12.5],"rotation":180,"texture":"#all","cullface":"south"},"down":{"uv":[0,12,1,12.5],"rotation":180,"texture":"#all","cullface":"south"}}},{"from":[1,4,16],"to":[2,5,16.5],"light_emission":15,"faces":{"south":{"uv":[1,11,2,12],"texture":"#all","cullface":"south"},"west":{"uv":[1,11,1.5,12],"texture":"#all","cullface":"south"},"up":{"uv":[1,11,2,11.5],"rotation":180,"texture":"#all","cullface":"south"}}},{"from":[2,4,16],"to":[3,5,16.7],"light_emission":15,"faces":{"east":{"uv":[2,11,2.7,12],"texture":"#all","cullface":"south"},"south":{"uv":[2,11,3,12],"texture":"#all","cullface":"south"},"west":{"uv":[2,11,2.7,12],"texture":"#all","cullface":"south"},"up":{"uv":[2,11,3,11.7],"rotation":180,"texture":"#all","cullface":"south"},"down":{"uv":[2,11,3,11.7],"rotation":180,"texture":"#all","cullface":"south"}}},{"from":[2,5,16],"to":[3,6,16.5],"light_emission":15,"faces":{"east":{"uv":[2,10,2.5,11],"texture":"#all","cullface":"south"},"south":{"uv":[2,10,3,11],"texture":"#all","cullface":"south"},"west":{"uv":[2,10,2.5,11],"texture":"#all","cullface":"south"},"up":{"uv":[2,10,3,10.5],"rotation":180,"texture":"#all","cullface":"south"}}},{"from":[10,3,16],"to":[11,4,16.5],"light_emission":15,"faces":{"east":{"uv":[10,12,10.5,13],"texture":"#all","cullface":"south"},"south":{"uv":[10,12,11,13],"texture":"#all","cullface":"south"},"west":{"uv":[10,12,10.5,13],"texture":"#all","cullface":"south"},"up":{"uv":[10,12,11,12.5],"rotation":180,"texture":"#all","cullface":"south"},"down":{"uv":[10,12,11,12.5],"rotation":180,"texture":"#all","cullface":"south"}}},{"from":[14.99,3,16],"to":[15.99,4,16.5],"light_emission":15,"faces":{"east":{"uv":[15,12,15.5,13],"texture":"#all","cullface":"east"},"south":{"uv":[15,12,16,13],"texture":"#all","cullface":"south"},"west":{"uv":[15,12,15.5,13],"texture":"#all","cullface":"south"},"up":{"uv":[15,12,16,12.5],"rotation":180,"texture":"#all","cullface":"south"},"down":{"uv":[15,12,16,12.5],"rotation":180,"texture":"#all","cullface":"south"}}},{"from":[13,6,16],"to":[14,7,16.5],"light_emission":15,"faces":{"east":{"uv":[13,9,13.5,10],"texture":"#all","cullface":"south"},"south":{"uv":[13,9,14,10],"texture":"#all","cullface":"south"},"west":{"uv":[13,9,13.5,10],"texture":"#all","cullface":"south"},"up":{"uv":[13,9,14,9.5],"rotation":180,"texture":"#all","cullface":"south"},"down":{"uv":[13,9,14,9.5],"rotation":180,"texture":"#all","cullface":"south"}}},{"from":[12,5,16],"to":[13,6,16.5],"light_emission":15,"faces":{"east":{"uv":[12,10,12.5,11],"texture":"#all","cullface":"south"},"south":{"uv":[12,10,13,11],"texture":"#all","cullface":"south"},"west":{"uv":[12,10,12.5,11],"texture":"#all","cullface":"south"},"up":{"uv":[12,10,13,10.5],"rotation":180,"texture":"#all","cullface":"south"}}},{"from":[12,4,16],"to":[13,5,16.7],"light_emission":15,"faces":{"east":{"uv":[12,11,12.7,12],"texture":"#all","cullface":"south"},"south":{"uv":[12,11,13,12],"texture":"#all","cullface":"south"},"west":{"uv":[12,11,12.7,12],"texture":"#all","cullface":"south"},"up":{"uv":[12,11,13,11.7],"rotation":180,"texture":"#all","cullface":"south"},"down":{"uv":[12,11,13,11.7],"rotation":180,"texture":"#all","cullface":"south"}}},{"from":[11,4,16],"to":[12,5,16.5],"light_emission":15,"faces":{"south":{"uv":[11,11,12,12],"texture":"#all","cullface":"south"},"west":{"uv":[11,11,11.5,12],"texture":"#all","cullface":"south"},"up":{"uv":[11,11,12,11.5],"rotation":180,"texture":"#all","cullface":"south"},"down":{"uv":[11,11,12,11.5],"rotation":180,"texture":"#all","cullface":"south"}}},{"from":[16,4,8],"to":[16.5,5,11],"light_emission":15,"faces":{"north":{"uv":[7,11,7.5,12],"texture":"#all","cullface":"east"},"east":{"uv":[5,11,8,12],"texture":"#all","cullface":"east"},"south":{"uv":[5,11,5.5,12],"texture":"#all","cullface":"east"},"up":{"uv":[5,11,8,11.5],"rotation":270,"texture":"#all","cullface":"east"},"down":{"uv":[5,11,8,11.5],"rotation":90,"texture":"#all","cullface":"east"}}},{"from":[16,1,7],"to":[16.5,4,8],"light_emission":15,"faces":{"north":{"uv":[8,12,8.5,15],"texture":"#all","cullface":"east"},"east":{"uv":[8,12,9,15],"texture":"#all","cullface":"east"},"south":{"uv":[8,12,8.5,15],"texture":"#all","cullface":"east"},"up":{"uv":[8,12,9,12.5],"rotation":90,"texture":"#all","cullface":"east"},"down":{"uv":[8,14,9,14.5],"rotation":270,"texture":"#all","cullface":"east"}}},{"from":[16,13,6],"to":[16.5,14,9],"light_emission":15,"faces":{"north":{"uv":[9,2,9.5,3],"texture":"#all","cullface":"east"},"east":{"uv":[7,2,10,3],"texture":"#all","cullface":"east"},"up":{"uv":[7,2,10,2.5],"rotation":270,"texture":"#all","cullface":"east"},"down":{"uv":[7,2,10,2.5],"rotation":90,"texture":"#all","cullface":"east"}}},{"from":[16,3,8],"to":[16.7,4,9],"light_emission":15,"faces":{"north":{"uv":[7,12,7.7,13],"texture":"#all","cullface":"east"},"east":{"uv":[7,12,8,13],"texture":"#all","cullface":"east"},"south":{"uv":[7,12,7.7,13],"texture":"#all","cullface":"east"},"up":{"uv":[7,12,8,12.7],"rotation":90,"texture":"#all","cullface":"east"},"down":{"uv":[7,12,8,12.7],"rotation":270,"texture":"#all","cullface":"east"}}},{"from":[16,10,4],"to":[16.5,11,5],"light_emission":15,"faces":{"north":{"uv":[11,5,11.5,6],"rotation":180,"texture":"#all","cullface":"east"},"east":{"uv":[11,5,12,6],"rotation":180,"texture":"#all","cullface":"east"},"south":{"uv":[11,5,11.5,6],"rotation":180,"texture":"#all","cullface":"east"},"up":{"uv":[11,5,12,5.5],"rotation":270,"texture":"#all","cullface":"east"}}},{"from":[16,11,3],"to":[16.5,12,4],"light_emission":15,"faces":{"north":{"uv":[12,4,12.5,5],"rotation":180,"texture":"#all","cullface":"east"},"east":{"uv":[12,4,13,5],"rotation":180,"texture":"#all","cullface":"east"},"south":{"uv":[12,4,12.5,5],"rotation":180,"texture":"#all","cullface":"east"},"up":{"uv":[12,4,13,4.5],"rotation":270,"texture":"#all","cullface":"east"},"down":{"uv":[12,4,13,4.5],"rotation":90,"texture":"#all","cullface":"east"}}},{"from":[16,9,4],"to":[16.7,10,5],"light_emission":15,"faces":{"north":{"uv":[11,6,11.7,7],"rotation":180,"texture":"#all","cullface":"east"},"east":{"uv":[11,6,12,7],"rotation":180,"texture":"#all","cullface":"east"},"south":{"uv":[11,6,11.7,7],"rotation":180,"texture":"#all","cullface":"east"},"up":{"uv":[11,6,12,6.7],"rotation":270,"texture":"#all","cullface":"east"},"down":{"uv":[11,6,12,6.7],"rotation":90,"texture":"#all","cullface":"east"}}},{"from":[16,9,3],"to":[16.5,10,4],"light_emission":15,"faces":{"north":{"uv":[12,6,12.5,7],"rotation":180,"texture":"#all","cullface":"east"},"east":{"uv":[12,6,13,7],"rotation":180,"texture":"#all","cullface":"east"},"up":{"uv":[12,6,13,6.5],"rotation":270,"texture":"#all","cullface":"east"}}},{"from":[16,8,3],"to":[16.5,9,5],"light_emission":15,"faces":{"north":{"uv":[12,7,12.5,8],"texture":"#all","cullface":"east"},"east":{"uv":[11,7,13,8],"texture":"#all","cullface":"east"},"south":{"uv":[11,7,11.5,8],"texture":"#all","cullface":"east"},"down":{"uv":[11,7,13,7.5],"rotation":90,"texture":"#all","cullface":"east"}}},{"from":[16,9,5],"to":[16.5,10,7],"light_emission":15,"faces":{"east":{"uv":[9,6,11,7],"texture":"#all","cullface":"east"},"south":{"uv":[9,6,9.5,7],"texture":"#all","cullface":"east"},"up":{"uv":[9,6,11,6.5],"rotation":270,"texture":"#all","cullface":"east"},"down":{"uv":[9,6,11,6.5],"rotation":90,"texture":"#all","cullface":"east"}}},{"from":[16,7,8],"to":[16.5,8,10],"light_emission":15,"faces":{"north":{"uv":[7,8,7.5,9],"texture":"#all","cullface":"east"},"east":{"uv":[6,8,8,9],"texture":"#all","cullface":"east"},"south":{"uv":[6,8,6.5,9],"texture":"#all","cullface":"east"},"up":{"uv":[6,8,8,8.5],"rotation":270,"texture":"#all","cullface":"east"},"down":{"uv":[6,8,8,8.5],"rotation":90,"texture":"#all","cullface":"east"}}},{"from":[16,13,9],"to":[16.5,14,10],"light_emission":15,"faces":{"east":{"uv":[6,2,7,3],"texture":"#all","cullface":"east"},"south":{"uv":[6,2,6.5,3],"texture":"#all","cullface":"east"},"up":{"uv":[6,2,7,2.5],"rotation":90,"texture":"#all","cullface":"east"}}},{"from":[16,12,10],"to":[16.5,13,11],"light_emission":15,"faces":{"east":{"uv":[5,3,6,4],"texture":"#all","cullface":"east"},"south":{"uv":[5,3,5.5,4],"texture":"#all","cullface":"east"},"up":{"uv":[5,3,6,3.5],"rotation":90,"texture":"#all","cullface":"east"},"down":{"uv":[5,3,6,3.5],"rotation":270,"texture":"#all","cullface":"east"}}},{"from":[16,12,9],"to":[16.7,13,10],"light_emission":15,"faces":{"north":{"uv":[6,3,6.7,4],"texture":"#all","cullface":"east"},"east":{"uv":[6,3,7,4],"texture":"#all","cullface":"east"},"south":{"uv":[6,3,6.7,4],"texture":"#all","cullface":"east"},"up":{"uv":[6,3,7,3.7],"rotation":90,"texture":"#all","cullface":"east"},"down":{"uv":[6,3,7,3.7],"rotation":270,"texture":"#all","cullface":"east"}}},{"from":[16,10,10],"to":[16.5,11,11],"light_emission":15,"faces":{"north":{"uv":[5,5,5.5,6],"rotation":180,"texture":"#all","cullface":"east"},"east":{"uv":[5,5,6,6],"rotation":180,"texture":"#all","cullface":"east"},"up":{"uv":[5,5,6,5.5],"rotation":270,"texture":"#all","cullface":"east"},"down":{"uv":[5,5,6,5.5],"rotation":90,"texture":"#all","cullface":"east"}}},{"from":[16,9,11],"to":[16.5,10,12],"light_emission":15,"faces":{"north":{"uv":[4,6,4.5,7],"rotation":180,"texture":"#all","cullface":"east"},"east":{"uv":[4,6,5,7],"rotation":180,"texture":"#all","cullface":"east"},"down":{"uv":[4,6,5,6.5],"rotation":90,"texture":"#all","cullface":"east"}}},{"from":[16,9,12],"to":[16.7,10,13],"light_emission":15,"faces":{"north":{"uv":[3,6,3.7,7],"rotation":180,"texture":"#all","cullface":"east"},"east":{"uv":[3,6,4,7],"rotation":180,"texture":"#all","cullface":"east"},"south":{"uv":[3,6,3.7,7],"rotation":180,"texture":"#all","cullface":"east"},"up":{"uv":[3,6,4,6.7],"rotation":270,"texture":"#all","cullface":"east"},"down":{"uv":[3,6,4,6.7],"rotation":90,"texture":"#all","cullface":"east"}}},{"from":[16,8,12],"to":[16.5,9,13],"light_emission":15,"faces":{"north":{"uv":[3,7,3.5,8],"rotation":180,"texture":"#all","cullface":"east"},"east":{"uv":[3,7,4,8],"rotation":180,"texture":"#all","cullface":"east"},"south":{"uv":[3,7,3.5,8],"rotation":180,"texture":"#all","cullface":"east"},"down":{"uv":[3,7,4,7.5],"rotation":90,"texture":"#all","cullface":"east"}}},{"from":[16,10,11],"to":[16.7,11,12],"light_emission":15,"faces":{"north":{"uv":[4,5,4.7,6],"rotation":180,"texture":"#all","cullface":"east"},"east":{"uv":[4,5,5,6],"rotation":180,"texture":"#all","cullface":"east"},"south":{"uv":[4,5,4.7,6],"rotation":180,"texture":"#all","cullface":"east"},"up":{"uv":[4,5,5,5.7],"rotation":270,"texture":"#all","cullface":"east"},"down":{"uv":[4,5,5,5.7],"rotation":90,"texture":"#all","cullface":"east"}}},{"from":[16,3,14],"to":[16.7,4,15],"light_emission":15,"faces":{"north":{"uv":[1,12,1.7,13],"texture":"#all","cullface":"east"},"east":{"uv":[1,12,2,13],"texture":"#all","cullface":"east"},"south":{"uv":[1,12,1.7,13],"texture":"#all","cullface":"east"},"up":{"uv":[1,12,2,12.7],"rotation":90,"texture":"#all","cullface":"east"},"down":{"uv":[1,12,2,12.7],"rotation":270,"texture":"#all","cullface":"east"}}},{"from":[16,3,15],"to":[16.5,4,16],"light_emission":15,"faces":{"east":{"uv":[0,12,1,13],"texture":"#all","cullface":"east"},"south":{"uv":[0,12,0.5,13],"texture":"#all","cullface":"east"},"up":{"uv":[0,12,1,12.5],"rotation":90,"texture":"#all","cullface":"east"},"down":{"uv":[0,12,1,12.5],"rotation":270,"texture":"#all","cullface":"east"}}},{"from":[16,4,14],"to":[16.5,5,15],"light_emission":15,"faces":{"east":{"uv":[1,11,2,12],"texture":"#all","cullface":"east"},"south":{"uv":[1,11,1.5,12],"texture":"#all","cullface":"east"},"up":{"uv":[1,11,2,11.5],"rotation":90,"texture":"#all","cullface":"east"}}},{"from":[16,4,13],"to":[16.7,5,14],"light_emission":15,"faces":{"north":{"uv":[2,11,2.7,12],"texture":"#all","cullface":"east"},"east":{"uv":[2,11,3,12],"texture":"#all","cullface":"east"},"south":{"uv":[2,11,2.7,12],"texture":"#all","cullface":"east"},"up":{"uv":[2,11,3,11.7],"rotation":90,"texture":"#all","cullface":"east"},"down":{"uv":[2,11,3,11.7],"rotation":270,"texture":"#all","cullface":"east"}}},{"from":[16,5,13],"to":[16.5,6,14],"light_emission":15,"faces":{"north":{"uv":[2,10,2.5,11],"texture":"#all","cullface":"east"},"east":{"uv":[2,10,3,11],"texture":"#all","cullface":"east"},"south":{"uv":[2,10,2.5,11],"texture":"#all","cullface":"east"},"up":{"uv":[2,10,3,10.5],"rotation":90,"texture":"#all","cullface":"east"}}},{"from":[16,3,5],"to":[16.5,4,6],"light_emission":15,"faces":{"north":{"uv":[10,12,10.5,13],"texture":"#all","cullface":"east"},"east":{"uv":[10,12,11,13],"texture":"#all","cullface":"east"},"south":{"uv":[10,12,10.5,13],"texture":"#all","cullface":"east"},"up":{"uv":[10,12,11,12.5],"rotation":90,"texture":"#all","cullface":"east"},"down":{"uv":[10,12,11,12.5],"rotation":270,"texture":"#all","cullface":"east"}}},{"from":[16,3,0.01],"to":[16.5,4,1.01],"light_emission":15,"faces":{"north":{"uv":[15,12,15.5,13],"texture":"#all","cullface":"north"},"east":{"uv":[15,12,16,13],"texture":"#all","cullface":"east"},"south":{"uv":[15,12,15.5,13],"texture":"#all","cullface":"east"},"up":{"uv":[15,12,16,12.5],"rotation":90,"texture":"#all","cullface":"east"},"down":{"uv":[15,12,16,12.5],"rotation":270,"texture":"#all","cullface":"east"}}},{"from":[16,6,2],"to":[16.5,7,3],"light_emission":15,"faces":{"north":{"uv":[13,9,13.5,10],"texture":"#all","cullface":"east"},"east":{"uv":[13,9,14,10],"texture":"#all","cullface":"east"},"south":{"uv":[13,9,13.5,10],"texture":"#all","cullface":"east"},"up":{"uv":[13,9,14,9.5],"rotation":90,"texture":"#all","cullface":"east"},"down":{"uv":[13,9,14,9.5],"rotation":270,"texture":"#all","cullface":"east"}}},{"from":[16,5,3],"to":[16.5,6,4],"light_emission":15,"faces":{"north":{"uv":[12,10,12.5,11],"texture":"#all","cullface":"east"},"east":{"uv":[12,10,13,11],"texture":"#all","cullface":"east"},"south":{"uv":[12,10,12.5,11],"texture":"#all","cullface":"east"},"up":{"uv":[12,10,13,10.5],"rotation":90,"texture":"#all","cullface":"east"}}},{"from":[16,4,3],"to":[16.7,5,4],"light_emission":15,"faces":{"north":{"uv":[12,11,12.7,12],"texture":"#all","cullface":"east"},"east":{"uv":[12,11,13,12],"texture":"#all","cullface":"east"},"south":{"uv":[12,11,12.7,12],"texture":"#all","cullface":"east"},"up":{"uv":[12,11,13,11.7],"rotation":90,"texture":"#all","cullface":"east"},"down":{"uv":[12,11,13,11.7],"rotation":270,"texture":"#all","cullface":"east"}}},{"from":[16,4,4],"to":[16.5,5,5],"light_emission":15,"faces":{"east":{"uv":[11,11,12,12],"texture":"#all","cullface":"east"},"south":{"uv":[11,11,11.5,12],"texture":"#all","cullface":"east"},"up":{"uv":[11,11,12,11.5],"rotation":90,"texture":"#all","cullface":"east"},"down":{"uv":[11,11,12,11.5],"rotation":270,"texture":"#all","cullface":"east"}}},{"from":[5,16,11],"to":[8,16.5,12],"light_emission":15,"faces":{"north":{"uv":[5,11,8,11.5],"rotation":180,"texture":"#all","cullface":"up"},"east":{"uv":[7,11,7.5,12],"rotation":90,"texture":"#all","cullface":"up"},"south":{"uv":[5,11,8,11.5],"texture":"#all","cullface":"up"},"west":{"uv":[5,11,5.5,12],"rotation":270,"texture":"#all","cullface":"up"},"up":{"uv":[5,11,8,12],"texture":"#all","cullface":"up"}}},{"from":[8,16,12],"to":[9,16.5,15],"light_emission":15,"faces":{"north":{"uv":[8,12,9,12.5],"texture":"#all","cullface":"up"},"east":{"uv":[8,12,8.5,15],"rotation":90,"texture":"#all","cullface":"up"},"south":{"uv":[8,14,9,14.5],"rotation":180,"texture":"#all","cullface":"up"},"west":{"uv":[8,12,8.5,15],"rotation":270,"texture":"#all","cullface":"up"},"up":{"uv":[8,12,9,15],"texture":"#all","cullface":"up"}}},{"from":[7,16,2],"to":[10,16.5,3],"light_emission":15,"faces":{"north":{"uv":[7,2,10,2.5],"rotation":180,"texture":"#all","cullface":"up"},"east":{"uv":[9,2,9.5,3],"rotation":90,"texture":"#all","cullface":"up"},"south":{"uv":[7,2,10,2.5],"texture":"#all","cullface":"up"},"up":{"uv":[7,2,10,3],"texture":"#all","cullface":"up"}}},{"from":[7,16,12],"to":[8,16.7,13],"light_emission":15,"faces":{"north":{"uv":[7,12,8,12.7],"texture":"#all","cullface":"up"},"east":{"uv":[7,12,7.7,13],"rotation":90,"texture":"#all","cullface":"up"},"south":{"uv":[7,12,8,12.7],"rotation":180,"texture":"#all","cullface":"up"},"west":{"uv":[7,12,7.7,13],"rotation":270,"texture":"#all","cullface":"up"},"up":{"uv":[7,12,8,13],"texture":"#all","cullface":"up"}}},{"from":[11,16,5],"to":[12,16.5,6],"light_emission":15,"faces":{"north":{"uv":[11,5,12,5.5],"rotation":180,"texture":"#all","cullface":"up"},"east":{"uv":[11,5,11.5,6],"rotation":270,"texture":"#all","cullface":"up"},"west":{"uv":[11,5,11.5,6],"rotation":90,"texture":"#all","cullface":"up"},"up":{"uv":[11,5,12,6],"rotation":180,"texture":"#all","cullface":"up"}}},{"from":[12,16,4],"to":[13,16.5,5],"light_emission":15,"faces":{"north":{"uv":[12,4,13,4.5],"rotation":180,"texture":"#all","cullface":"up"},"east":{"uv":[12,4,12.5,5],"rotation":270,"texture":"#all","cullface":"up"},"south":{"uv":[12,4,13,4.5],"texture":"#all","cullface":"up"},"west":{"uv":[12,4,12.5,5],"rotation":90,"texture":"#all","cullface":"up"},"up":{"uv":[12,4,13,5],"rotation":180,"texture":"#all","cullface":"up"}}},{"from":[11,16,6],"to":[12,16.7,7],"light_emission":15,"faces":{"north":{"uv":[11,6,12,6.7],"rotation":180,"texture":"#all","cullface":"up"},"east":{"uv":[11,6,11.7,7],"rotation":270,"texture":"#all","cullface":"up"},"south":{"uv":[11,6,12,6.7],"texture":"#all","cullface":"up"},"west":{"uv":[11,6,11.7,7],"rotation":90,"texture":"#all","cullface":"up"},"up":{"uv":[11,6,12,7],"rotation":180,"texture":"#all","cullface":"up"}}},{"from":[12,16,6],"to":[13,16.5,7],"light_emission":15,"faces":{"north":{"uv":[12,6,13,6.5],"rotation":180,"texture":"#all","cullface":"up"},"east":{"uv":[12,6,12.5,7],"rotation":270,"texture":"#all","cullface":"up"},"up":{"uv":[12,6,13,7],"rotation":180,"texture":"#all","cullface":"up"}}},{"from":[11,16,7],"to":[13,16.5,8],"light_emission":15,"faces":{"east":{"uv":[12,7,12.5,8],"rotation":90,"texture":"#all","cullface":"up"},"south":{"uv":[11,7,13,7.5],"texture":"#all","cullface":"up"},"west":{"uv":[11,7,11.5,8],"rotation":270,"texture":"#all","cullface":"up"},"up":{"uv":[11,7,13,8],"texture":"#all","cullface":"up"}}},{"from":[9,16,6],"to":[11,16.5,7],"light_emission":15,"faces":{"north":{"uv":[9,6,11,6.5],"rotation":180,"texture":"#all","cullface":"up"},"south":{"uv":[9,6,11,6.5],"texture":"#all","cullface":"up"},"west":{"uv":[9,6,9.5,7],"rotation":270,"texture":"#all","cullface":"up"},"up":{"uv":[9,6,11,7],"texture":"#all","cullface":"up"}}},{"from":[6,16,8],"to":[8,16.5,9],"light_emission":15,"faces":{"north":{"uv":[6,8,8,8.5],"rotation":180,"texture":"#all","cullface":"up"},"east":{"uv":[7,8,7.5,9],"rotation":90,"texture":"#all","cullface":"up"},"south":{"uv":[6,8,8,8.5],"texture":"#all","cullface":"up"},"west":{"uv":[6,8,6.5,9],"rotation":270,"texture":"#all","cullface":"up"},"up":{"uv":[6,8,8,9],"texture":"#all","cullface":"up"}}},{"from":[6,16,2],"to":[7,16.5,3],"light_emission":15,"faces":{"north":{"uv":[6,2,7,2.5],"texture":"#all","cullface":"up"},"west":{"uv":[6,2,6.5,3],"rotation":270,"texture":"#all","cullface":"up"},"up":{"uv":[6,2,7,3],"texture":"#all","cullface":"up"}}},{"from":[5,16,3],"to":[6,16.5,4],"light_emission":15,"faces":{"north":{"uv":[5,3,6,3.5],"texture":"#all","cullface":"up"},"south":{"uv":[5,3,6,3.5],"rotation":180,"texture":"#all","cullface":"up"},"west":{"uv":[5,3,5.5,4],"rotation":270,"texture":"#all","cullface":"up"},"up":{"uv":[5,3,6,4],"texture":"#all","cullface":"up"}}},{"from":[6,16,3],"to":[7,16.7,4],"light_emission":15,"faces":{"north":{"uv":[6,3,7,3.7],"texture":"#all","cullface":"up"},"east":{"uv":[6,3,6.7,4],"rotation":90,"texture":"#all","cullface":"up"},"south":{"uv":[6,3,7,3.7],"rotation":180,"texture":"#all","cullface":"up"},"west":{"uv":[6,3,6.7,4],"rotation":270,"texture":"#all","cullface":"up"},"up":{"uv":[6,3,7,4],"texture":"#all","cullface":"up"}}},{"from":[5,16,5],"to":[6,16.5,6],"light_emission":15,"faces":{"north":{"uv":[5,5,6,5.5],"rotation":180,"texture":"#all","cullface":"up"},"east":{"uv":[5,5,5.5,6],"rotation":270,"texture":"#all","cullface":"up"},"south":{"uv":[5,5,6,5.5],"texture":"#all","cullface":"up"},"up":{"uv":[5,5,6,6],"rotation":180,"texture":"#all","cullface":"up"}}},{"from":[4,16,6],"to":[5,16.5,7],"light_emission":15,"faces":{"east":{"uv":[4,6,4.5,7],"rotation":270,"texture":"#all","cullface":"up"},"south":{"uv":[4,6,5,6.5],"texture":"#all","cullface":"up"},"up":{"uv":[4,6,5,7],"rotation":180,"texture":"#all","cullface":"up"}}},{"from":[3,16,6],"to":[4,16.7,7],"light_emission":15,"faces":{"north":{"uv":[3,6,4,6.7],"rotation":180,"texture":"#all","cullface":"up"},"east":{"uv":[3,6,3.7,7],"rotation":270,"texture":"#all","cullface":"up"},"south":{"uv":[3,6,4,6.7],"texture":"#all","cullface":"up"},"west":{"uv":[3,6,3.7,7],"rotation":90,"texture":"#all","cullface":"up"},"up":{"uv":[3,6,4,7],"rotation":180,"texture":"#all","cullface":"up"}}},{"from":[3,16,7],"to":[4,16.5,8],"light_emission":15,"faces":{"east":{"uv":[3,7,3.5,8],"rotation":270,"texture":"#all","cullface":"up"},"south":{"uv":[3,7,4,7.5],"texture":"#all","cullface":"up"},"west":{"uv":[3,7,3.5,8],"rotation":90,"texture":"#all","cullface":"up"},"up":{"uv":[3,7,4,8],"rotation":180,"texture":"#all","cullface":"up"}}},{"from":[4,16,5],"to":[5,16.7,6],"light_emission":15,"faces":{"north":{"uv":[4,5,5,5.7],"rotation":180,"texture":"#all","cullface":"up"},"east":{"uv":[4,5,4.7,6],"rotation":270,"texture":"#all","cullface":"up"},"south":{"uv":[4,5,5,5.7],"texture":"#all","cullface":"up"},"west":{"uv":[4,5,4.7,6],"rotation":90,"texture":"#all","cullface":"up"},"up":{"uv":[4,5,5,6],"rotation":180,"texture":"#all","cullface":"up"}}},{"from":[1,16,12],"to":[2,16.7,13],"light_emission":15,"faces":{"north":{"uv":[1,12,2,12.7],"texture":"#all","cullface":"up"},"east":{"uv":[1,12,1.7,13],"rotation":90,"texture":"#all","cullface":"up"},"south":{"uv":[1,12,2,12.7],"rotation":180,"texture":"#all","cullface":"up"},"west":{"uv":[1,12,1.7,13],"rotation":270,"texture":"#all","cullface":"up"},"up":{"uv":[1,12,2,13],"texture":"#all","cullface":"up"}}},{"from":[0.01,16,12],"to":[1.01,16.5,13],"light_emission":15,"faces":{"north":{"uv":[0,12,1,12.5],"texture":"#all","cullface":"up"},"south":{"uv":[0,12,1,12.5],"rotation":180,"texture":"#all","cullface":"up"},"west":{"uv":[0,12,0.5,13],"rotation":270,"texture":"#all","cullface":"west"},"up":{"uv":[0,12,1,13],"texture":"#all","cullface":"up"}}},{"from":[1,16,11],"to":[2,16.5,12],"light_emission":15,"faces":{"north":{"uv":[1,11,2,11.5],"texture":"#all","cullface":"up"},"west":{"uv":[1,11,1.5,12],"rotation":270,"texture":"#all","cullface":"up"},"up":{"uv":[1,11,2,12],"texture":"#all","cullface":"up"}}},{"from":[2,16,11],"to":[3,16.7,12],"light_emission":15,"faces":{"north":{"uv":[2,11,3,11.7],"texture":"#all","cullface":"up"},"east":{"uv":[2,11,2.7,12],"rotation":90,"texture":"#all","cullface":"up"},"south":{"uv":[2,11,3,11.7],"rotation":180,"texture":"#all","cullface":"up"},"west":{"uv":[2,11,2.7,12],"rotation":270,"texture":"#all","cullface":"up"},"up":{"uv":[2,11,3,12],"texture":"#all","cullface":"up"}}},{"from":[2,16,10],"to":[3,16.5,11],"light_emission":15,"faces":{"north":{"uv":[2,10,3,10.5],"texture":"#all","cullface":"up"},"east":{"uv":[2,10,2.5,11],"rotation":90,"texture":"#all","cullface":"up"},"west":{"uv":[2,10,2.5,11],"rotation":270,"texture":"#all","cullface":"up"},"up":{"uv":[2,10,3,11],"texture":"#all","cullface":"up"}}},{"from":[10,16,12],"to":[11,16.5,13],"light_emission":15,"faces":{"north":{"uv":[10,12,11,12.5],"texture":"#all","cullface":"up"},"east":{"uv":[10,12,10.5,13],"rotation":90,"texture":"#all","cullface":"up"},"south":{"uv":[10,12,11,12.5],"rotation":180,"texture":"#all","cullface":"up"},"west":{"uv":[10,12,10.5,13],"rotation":270,"texture":"#all","cullface":"up"},"up":{"uv":[10,12,11,13],"texture":"#all","cullface":"up"}}},{"from":[14.99,16,12],"to":[15.99,16.5,13],"light_emission":15,"faces":{"north":{"uv":[15,12,16,12.5],"texture":"#all","cullface":"up"},"east":{"uv":[15,12,15.5,13],"rotation":90,"texture":"#all","cullface":"east"},"south":{"uv":[15,12,16,12.5],"rotation":180,"texture":"#all","cullface":"up"},"west":{"uv":[15,12,15.5,13],"rotation":270,"texture":"#all","cullface":"up"},"up":{"uv":[15,12,16,13],"texture":"#all","cullface":"up"}}},{"from":[13,16,9],"to":[14,16.5,10],"light_emission":15,"faces":{"north":{"uv":[13,9,14,9.5],"texture":"#all","cullface":"up"},"east":{"uv":[13,9,13.5,10],"rotation":90,"texture":"#all","cullface":"up"},"south":{"uv":[13,9,14,9.5],"rotation":180,"texture":"#all","cullface":"up"},"west":{"uv":[13,9,13.5,10],"rotation":270,"texture":"#all","cullface":"up"},"up":{"uv":[13,9,14,10],"texture":"#all","cullface":"up"}}},{"from":[12,16,10],"to":[13,16.5,11],"light_emission":15,"faces":{"north":{"uv":[12,10,13,10.5],"texture":"#all","cullface":"up"},"east":{"uv":[12,10,12.5,11],"rotation":90,"texture":"#all","cullface":"up"},"west":{"uv":[12,10,12.5,11],"rotation":270,"texture":"#all","cullface":"up"},"up":{"uv":[12,10,13,11],"texture":"#all","cullface":"up"}}},{"from":[12,16,11],"to":[13,16.7,12],"light_emission":15,"faces":{"north":{"uv":[12,11,13,11.7],"texture":"#all","cullface":"up"},"east":{"uv":[12,11,12.7,12],"rotation":90,"texture":"#all","cullface":"up"},"south":{"uv":[12,11,13,11.7],"rotation":180,"texture":"#all","cullface":"up"},"west":{"uv":[12,11,12.7,12],"rotation":270,"texture":"#all","cullface":"up"},"up":{"uv":[12,11,13,12],"texture":"#all","cullface":"up"}}},{"from":[11,16,11],"to":[12,16.5,12],"light_emission":15,"faces":{"north":{"uv":[11,11,12,11.5],"texture":"#all","cullface":"up"},"south":{"uv":[11,11,12,11.5],"rotation":180,"texture":"#all","cullface":"up"},"west":{"uv":[11,11,11.5,12],"rotation":270,"texture":"#all","cullface":"up"},"up":{"uv":[11,11,12,12],"texture":"#all","cullface":"up"}}},{"from":[5,-0.5,4],"to":[8,0,5],"light_emission":15,"faces":{"north":{"uv":[5,11,8,11.5],"rotation":180,"texture":"#all","cullface":"down"},"east":{"uv":[7,11,7.5,12],"rotation":270,"texture":"#all","cullface":"down"},"south":{"uv":[5,11,8,11.5],"texture":"#all","cullface":"down"},"west":{"uv":[5,11,5.5,12],"rotation":90,"texture":"#all","cullface":"down"},"down":{"uv":[5,11,8,12],"texture":"#all","cullface":"down"}}},{"from":[8,-0.5,1],"to":[9,0,4],"light_emission":15,"faces":{"north":{"uv":[8,14,9,14.5],"texture":"#all","cullface":"down"},"east":{"uv":[8,12,8.5,15],"rotation":270,"texture":"#all","cullface":"down"},"south":{"uv":[8,12,9,12.5],"rotation":180,"texture":"#all","cullface":"down"},"west":{"uv":[8,12,8.5,15],"rotation":90,"texture":"#all","cullface":"down"},"down":{"uv":[8,12,9,15],"texture":"#all","cullface":"down"}}},{"from":[7,-0.5,13],"to":[10,0,14],"light_emission":15,"faces":{"north":{"uv":[7,2,10,2.5],"rotation":180,"texture":"#all","cullface":"down"},"east":{"uv":[9,2,9.5,3],"rotation":270,"texture":"#all","cullface":"down"},"south":{"uv":[7,2,10,2.5],"texture":"#all","cullface":"down"},"down":{"uv":[7,2,10,3],"texture":"#all","cullface":"down"}}},{"from":[7,-0.7,3],"to":[8,0,4],"light_emission":15,"faces":{"north":{"uv":[7,12,8,12.7],"texture":"#all","cullface":"down"},"east":{"uv":[7,12,7.7,13],"rotation":270,"texture":"#all","cullface":"down"},"south":{"uv":[7,12,8,12.7],"rotation":180,"texture":"#all","cullface":"down"},"west":{"uv":[7,12,7.7,13],"rotation":90,"texture":"#all","cullface":"down"},"down":{"uv":[7,12,8,13],"texture":"#all","cullface":"down"}}},{"from":[11,-0.5,10],"to":[12,0,11],"light_emission":15,"faces":{"east":{"uv":[11,5,11.5,6],"rotation":90,"texture":"#all","cullface":"down"},"south":{"uv":[11,5,12,5.5],"texture":"#all","cullface":"down"},"west":{"uv":[11,5,11.5,6],"rotation":270,"texture":"#all","cullface":"down"},"down":{"uv":[11,5,12,6],"rotation":180,"texture":"#all","cullface":"down"}}},{"from":[12,-0.5,11],"to":[13,0,12],"light_emission":15,"faces":{"north":{"uv":[12,4,13,4.5],"rotation":180,"texture":"#all","cullface":"down"},"east":{"uv":[12,4,12.5,5],"rotation":90,"texture":"#all","cullface":"down"},"south":{"uv":[12,4,13,4.5],"texture":"#all","cullface":"down"},"west":{"uv":[12,4,12.5,5],"rotation":270,"texture":"#all","cullface":"down"},"down":{"uv":[12,4,13,5],"rotation":180,"texture":"#all","cullface":"down"}}},{"from":[11,-0.7,9],"to":[12,0,10],"light_emission":15,"faces":{"north":{"uv":[11,6,12,6.7],"rotation":180,"texture":"#all","cullface":"down"},"east":{"uv":[11,6,11.7,7],"rotation":90,"texture":"#all","cullface":"down"},"south":{"uv":[11,6,12,6.7],"texture":"#all","cullface":"down"},"west":{"uv":[11,6,11.7,7],"rotation":270,"texture":"#all","cullface":"down"},"down":{"uv":[11,6,12,7],"rotation":180,"texture":"#all","cullface":"down"}}},{"from":[12,-0.5,9],"to":[13,0,10],"light_emission":15,"faces":{"east":{"uv":[12,6,12.5,7],"rotation":90,"texture":"#all","cullface":"down"},"south":{"uv":[12,6,13,6.5],"texture":"#all","cullface":"down"},"down":{"uv":[12,6,13,7],"rotation":180,"texture":"#all","cullface":"down"}}},{"from":[11,-0.5,8],"to":[13,0,9],"light_emission":15,"faces":{"north":{"uv":[11,7,13,7.5],"rotation":180,"texture":"#all","cullface":"down"},"east":{"uv":[12,7,12.5,8],"rotation":270,"texture":"#all","cullface":"down"},"west":{"uv":[11,7,11.5,8],"rotation":90,"texture":"#all","cullface":"down"},"down":{"uv":[11,7,13,8],"texture":"#all","cullface":"down"}}},{"from":[9,-0.5,9],"to":[11,0,10],"light_emission":15,"faces":{"north":{"uv":[9,6,11,6.5],"rotation":180,"texture":"#all","cullface":"down"},"south":{"uv":[9,6,11,6.5],"texture":"#all","cullface":"down"},"west":{"uv":[9,6,9.5,7],"rotation":90,"texture":"#all","cullface":"down"},"down":{"uv":[9,6,11,7],"texture":"#all","cullface":"down"}}},{"from":[6,-0.5,7],"to":[8,0,8],"light_emission":15,"faces":{"north":{"uv":[6,8,8,8.5],"rotation":180,"texture":"#all","cullface":"down"},"east":{"uv":[7,8,7.5,9],"rotation":270,"texture":"#all","cullface":"down"},"south":{"uv":[6,8,8,8.5],"texture":"#all","cullface":"down"},"west":{"uv":[6,8,6.5,9],"rotation":90,"texture":"#all","cullface":"down"},"down":{"uv":[6,8,8,9],"texture":"#all","cullface":"down"}}},{"from":[6,-0.5,13],"to":[7,0,14],"light_emission":15,"faces":{"south":{"uv":[6,2,7,2.5],"rotation":180,"texture":"#all","cullface":"down"},"west":{"uv":[6,2,6.5,3],"rotation":90,"texture":"#all","cullface":"down"},"down":{"uv":[6,2,7,3],"texture":"#all","cullface":"down"}}},{"from":[5,-0.5,12],"to":[6,0,13],"light_emission":15,"faces":{"north":{"uv":[5,3,6,3.5],"texture":"#all","cullface":"down"},"south":{"uv":[5,3,6,3.5],"rotation":180,"texture":"#all","cullface":"down"},"west":{"uv":[5,3,5.5,4],"rotation":90,"texture":"#all","cullface":"down"},"down":{"uv":[5,3,6,4],"texture":"#all","cullface":"down"}}},{"from":[6,-0.7,12],"to":[7,0,13],"light_emission":15,"faces":{"north":{"uv":[6,3,7,3.7],"texture":"#all","cullface":"down"},"east":{"uv":[6,3,6.7,4],"rotation":270,"texture":"#all","cullface":"down"},"south":{"uv":[6,3,7,3.7],"rotation":180,"texture":"#all","cullface":"down"},"west":{"uv":[6,3,6.7,4],"rotation":90,"texture":"#all","cullface":"down"},"down":{"uv":[6,3,7,4],"texture":"#all","cullface":"down"}}},{"from":[5,-0.5,10],"to":[6,0,11],"light_emission":15,"faces":{"north":{"uv":[5,5,6,5.5],"rotation":180,"texture":"#all","cullface":"down"},"east":{"uv":[5,5,5.5,6],"rotation":90,"texture":"#all","cullface":"down"},"south":{"uv":[5,5,6,5.5],"texture":"#all","cullface":"down"},"down":{"uv":[5,5,6,6],"rotation":180,"texture":"#all","cullface":"down"}}},{"from":[4,-0.5,9],"to":[5,0,10],"light_emission":15,"faces":{"north":{"uv":[4,6,5,6.5],"rotation":180,"texture":"#all","cullface":"down"},"east":{"uv":[4,6,4.5,7],"rotation":90,"texture":"#all","cullface":"down"},"down":{"uv":[4,6,5,7],"rotation":180,"texture":"#all","cullface":"down"}}},{"from":[3,-0.7,9],"to":[4,0,10],"light_emission":15,"faces":{"north":{"uv":[3,6,4,6.7],"rotation":180,"texture":"#all","cullface":"down"},"east":{"uv":[3,6,3.7,7],"rotation":90,"texture":"#all","cullface":"down"},"south":{"uv":[3,6,4,6.7],"texture":"#all","cullface":"down"},"west":{"uv":[3,6,3.7,7],"rotation":270,"texture":"#all","cullface":"down"},"down":{"uv":[3,6,4,7],"rotation":180,"texture":"#all","cullface":"down"}}},{"from":[3,-0.5,8],"to":[4,0,9],"light_emission":15,"faces":{"north":{"uv":[3,7,4,7.5],"rotation":180,"texture":"#all","cullface":"down"},"east":{"uv":[3,7,3.5,8],"rotation":90,"texture":"#all","cullface":"down"},"west":{"uv":[3,7,3.5,8],"rotation":270,"texture":"#all","cullface":"down"},"down":{"uv":[3,7,4,8],"rotation":180,"texture":"#all","cullface":"down"}}},{"from":[4,-0.7,10],"to":[5,0,11],"light_emission":15,"faces":{"north":{"uv":[4,5,5,5.7],"rotation":180,"texture":"#all","cullface":"down"},"east":{"uv":[4,5,4.7,6],"rotation":90,"texture":"#all","cullface":"down"},"south":{"uv":[4,5,5,5.7],"texture":"#all","cullface":"down"},"west":{"uv":[4,5,4.7,6],"rotation":270,"texture":"#all","cullface":"down"},"down":{"uv":[4,5,5,6],"rotation":180,"texture":"#all","cullface":"down"}}},{"from":[1,-0.7,3],"to":[2,0,4],"light_emission":15,"faces":{"north":{"uv":[1,12,2,12.7],"texture":"#all","cullface":"down"},"east":{"uv":[1,12,1.7,13],"rotation":270,"texture":"#all","cullface":"down"},"south":{"uv":[1,12,2,12.7],"rotation":180,"texture":"#all","cullface":"down"},"west":{"uv":[1,12,1.7,13],"rotation":90,"texture":"#all","cullface":"down"},"down":{"uv":[1,12,2,13],"texture":"#all","cullface":"down"}}},{"from":[0.01,-0.5,3],"to":[1.01,0,4],"light_emission":15,"faces":{"north":{"uv":[0,12,1,12.5],"texture":"#all","cullface":"down"},"south":{"uv":[0,12,1,12.5],"rotation":180,"texture":"#all","cullface":"down"},"west":{"uv":[0,12,0.5,13],"rotation":90,"texture":"#all","cullface":"west"},"down":{"uv":[0,12,1,13],"texture":"#all","cullface":"down"}}},{"from":[1,-0.5,4],"to":[2,0,5],"light_emission":15,"faces":{"south":{"uv":[1,11,2,11.5],"rotation":180,"texture":"#all","cullface":"down"},"west":{"uv":[1,11,1.5,12],"rotation":90,"texture":"#all","cullface":"down"},"down":{"uv":[1,11,2,12],"texture":"#all","cullface":"down"}}},{"from":[2,-0.7,4],"to":[3,0,5],"light_emission":15,"faces":{"north":{"uv":[2,11,3,11.7],"texture":"#all","cullface":"down"},"east":{"uv":[2,11,2.7,12],"rotation":270,"texture":"#all","cullface":"down"},"south":{"uv":[2,11,3,11.7],"rotation":180,"texture":"#all","cullface":"down"},"west":{"uv":[2,11,2.7,12],"rotation":90,"texture":"#all","cullface":"down"},"down":{"uv":[2,11,3,12],"texture":"#all","cullface":"down"}}},{"from":[2,-0.5,5],"to":[3,0,6],"light_emission":15,"faces":{"east":{"uv":[2,10,2.5,11],"rotation":270,"texture":"#all","cullface":"down"},"south":{"uv":[2,10,3,10.5],"rotation":180,"texture":"#all","cullface":"down"},"west":{"uv":[2,10,2.5,11],"rotation":90,"texture":"#all","cullface":"down"},"down":{"uv":[2,10,3,11],"texture":"#all","cullface":"down"}}},{"from":[10,-0.5,3],"to":[11,0,4],"light_emission":15,"faces":{"north":{"uv":[10,12,11,12.5],"texture":"#all","cullface":"down"},"east":{"uv":[10,12,10.5,13],"rotation":270,"texture":"#all","cullface":"down"},"south":{"uv":[10,12,11,12.5],"rotation":180,"texture":"#all","cullface":"down"},"west":{"uv":[10,12,10.5,13],"rotation":90,"texture":"#all","cullface":"down"},"down":{"uv":[10,12,11,13],"texture":"#all","cullface":"down"}}},{"from":[14.99,-0.5,3],"to":[15.99,0,4],"light_emission":15,"faces":{"north":{"uv":[15,12,16,12.5],"texture":"#all","cullface":"down"},"east":{"uv":[15,12,15.5,13],"rotation":270,"texture":"#all","cullface":"down"},"south":{"uv":[15,12,16,12.5],"rotation":180,"texture":"#all","cullface":"down"},"west":{"uv":[15,12,15.5,13],"rotation":90,"texture":"#all","cullface":"down"},"down":{"uv":[15,12,16,13],"texture":"#all","cullface":"down"}}},{"from":[13,-0.5,6],"to":[14,0,7],"light_emission":15,"faces":{"north":{"uv":[13,9,14,9.5],"texture":"#all","cullface":"down"},"east":{"uv":[13,9,13.5,10],"rotation":270,"texture":"#all","cullface":"down"},"south":{"uv":[13,9,14,9.5],"rotation":180,"texture":"#all","cullface":"down"},"west":{"uv":[13,9,13.5,10],"rotation":90,"texture":"#all","cullface":"down"},"down":{"uv":[13,9,14,10],"texture":"#all","cullface":"down"}}},{"from":[12,-0.5,5],"to":[13,0,6],"light_emission":15,"faces":{"east":{"uv":[12,10,12.5,11],"rotation":270,"texture":"#all","cullface":"down"},"south":{"uv":[12,10,13,10.5],"rotation":180,"texture":"#all","cullface":"down"},"west":{"uv":[12,10,12.5,11],"rotation":90,"texture":"#all","cullface":"down"},"down":{"uv":[12,10,13,11],"texture":"#all","cullface":"down"}}},{"from":[12,-0.7,4],"to":[13,0,5],"light_emission":15,"faces":{"north":{"uv":[12,11,13,11.7],"texture":"#all","cullface":"down"},"east":{"uv":[12,11,12.7,12],"rotation":270,"texture":"#all","cullface":"down"},"south":{"uv":[12,11,13,11.7],"rotation":180,"texture":"#all","cullface":"down"},"west":{"uv":[12,11,12.7,12],"rotation":90,"texture":"#all","cullface":"down"},"down":{"uv":[12,11,13,12],"texture":"#all","cullface":"down"}}},{"from":[11,-0.5,4],"to":[12,0,5],"light_emission":15,"faces":{"north":{"uv":[11,11,12,11.5],"texture":"#all","cullface":"down"},"south":{"uv":[11,11,12,11.5],"rotation":180,"texture":"#all","cullface":"down"},"west":{"uv":[11,11,11.5,12],"rotation":90,"texture":"#all","cullface":"down"},"down":{"uv":[11,11,12,12],"texture":"#all","cullface":"down"}}},{"from":[3,4,-0.7],"to":[4,5,0],"light_emission":15,"faces":{"north":{"uv":[12,11,13,12],"texture":"#all","cullface":"north"},"east":{"uv":[12,11,12.7,12],"texture":"#all","cullface":"north"},"west":{"uv":[12,11,12.7,12],"texture":"#all","cullface":"north"},"up":{"uv":[12,11,13,11.7],"texture":"#all","cullface":"north"},"down":{"uv":[12,11,13,11.7],"texture":"#all","cullface":"north"}}},{"from":[8,3,-0.7],"to":[9,4,0],"light_emission":15,"faces":{"north":{"uv":[7,12,8,13],"texture":"#all","cullface":"north"},"east":{"uv":[7,12,7.7,13],"texture":"#all","cullface":"north"},"west":{"uv":[7,12,7.7,13],"texture":"#all","cullface":"north"},"up":{"uv":[7,12,8,12.7],"texture":"#all","cullface":"north"},"down":{"uv":[7,12,8,12.7],"texture":"#all","cullface":"north"}}},{"from":[3,5,-0.5],"to":[4,6,0],"light_emission":15,"faces":{"north":{"uv":[12,10,13,11],"texture":"#all","cullface":"north"},"east":{"uv":[12,10,12.5,11],"texture":"#all","cullface":"north"},"west":{"uv":[12,10,12.5,11],"texture":"#all","cullface":"north"},"up":{"uv":[12,10,13,10.5],"texture":"#all","cullface":"north"}}},{"from":[14,4,-0.5],"to":[15,5,0],"light_emission":15,"faces":{"north":{"uv":[1,11,2,12],"texture":"#all","cullface":"north"},"east":{"uv":[1,11,1.5,12],"texture":"#all","cullface":"north"},"up":{"uv":[1,11,2,11.5],"texture":"#all","cullface":"north"}}},{"from":[14,3,-0.7],"to":[15,4,0],"light_emission":15,"faces":{"north":{"uv":[1,12,2,13],"texture":"#all","cullface":"north"},"east":{"uv":[1,12,1.7,13],"texture":"#all","cullface":"north"},"west":{"uv":[1,12,1.7,13],"texture":"#all","cullface":"north"},"up":{"uv":[1,12,2,12.7],"texture":"#all","cullface":"north"},"down":{"uv":[1,12,2,12.7],"texture":"#all","cullface":"north"}}},{"from":[15,3,-0.5],"to":[16,4,0],"light_emission":15,"faces":{"north":{"uv":[0,12,1,13],"texture":"#all","cullface":"north"},"east":{"uv":[0,12,0.5,13],"texture":"#all","cullface":"north"},"up":{"uv":[0,12,1,12.5],"texture":"#all","cullface":"north"},"down":{"uv":[0,12,1,12.5],"texture":"#all","cullface":"north"}}},{"from":[13,4,-0.7],"to":[14,5,0],"light_emission":15,"faces":{"north":{"uv":[2,11,3,12],"texture":"#all","cullface":"north"},"east":{"uv":[2,11,2.7,12],"texture":"#all","cullface":"north"},"west":{"uv":[2,11,2.7,12],"texture":"#all","cullface":"north"},"up":{"uv":[2,11,3,11.7],"texture":"#all","cullface":"north"},"down":{"uv":[2,11,3,11.7],"texture":"#all","cullface":"north"}}},{"from":[9,13,-0.5],"to":[10,14,0],"light_emission":15,"faces":{"north":{"uv":[6,2,7,3],"texture":"#all","cullface":"north"},"east":{"uv":[6,2,6.5,3],"texture":"#all","cullface":"north"},"up":{"uv":[6,2,7,2.5],"texture":"#all","cullface":"north"}}},{"from":[10,12,-0.5],"to":[11,13,0],"light_emission":15,"faces":{"north":{"uv":[5,3,6,4],"texture":"#all","cullface":"north"},"east":{"uv":[5,3,5.5,4],"texture":"#all","cullface":"north"},"up":{"uv":[5,3,6,3.5],"texture":"#all","cullface":"north"},"down":{"uv":[5,3,6,3.5],"texture":"#all","cullface":"north"}}},{"from":[9,12,-0.7],"to":[10,13,0],"light_emission":15,"faces":{"north":{"uv":[6,3,7,4],"texture":"#all","cullface":"north"},"east":{"uv":[6,3,6.7,4],"texture":"#all","cullface":"north"},"west":{"uv":[6,3,6.7,4],"texture":"#all","cullface":"north"},"up":{"uv":[6,3,7,3.7],"texture":"#all","cullface":"north"},"down":{"uv":[6,3,7,3.7],"texture":"#all","cullface":"north"}}},{"from":[8,7,-0.5],"to":[10,8,0],"light_emission":15,"faces":{"north":{"uv":[6,8,8,9],"texture":"#all","cullface":"north"},"east":{"uv":[6,8,6.5,9],"texture":"#all","cullface":"north"},"west":{"uv":[7,8,7.5,9],"texture":"#all","cullface":"north"},"up":{"uv":[6,8,8,8.5],"rotation":180,"texture":"#all","cullface":"north"},"down":{"uv":[6,8,8,8.5],"rotation":180,"texture":"#all","cullface":"north"}}},{"from":[5,9,-0.5],"to":[7,10,0],"light_emission":15,"faces":{"north":{"uv":[9,6,11,7],"texture":"#all","cullface":"north"},"east":{"uv":[9,6,9.5,7],"texture":"#all","cullface":"north"},"up":{"uv":[9,6,11,6.5],"rotation":180,"texture":"#all","cullface":"north"},"down":{"uv":[9,6,11,6.5],"rotation":180,"texture":"#all","cullface":"north"}}},{"from":[3,8,-0.5],"to":[5,9,0],"light_emission":15,"faces":{"north":{"uv":[11,7,13,8],"texture":"#all","cullface":"north"},"east":{"uv":[11,7,11.5,8],"texture":"#all","cullface":"north"},"west":{"uv":[12,7,12.5,8],"texture":"#all","cullface":"north"},"down":{"uv":[11,7,13,7.5],"rotation":180,"texture":"#all","cullface":"north"}}},{"from":[13,5,-0.5],"to":[14,6,0],"light_emission":15,"faces":{"north":{"uv":[2,10,3,11],"texture":"#all","cullface":"north"},"east":{"uv":[2,10,2.5,11],"texture":"#all","cullface":"north"},"west":{"uv":[2,10,2.5,11],"texture":"#all","cullface":"north"},"up":{"uv":[2,10,3,10.5],"texture":"#all","cullface":"north"}}},{"from":[2,6,-0.5],"to":[3,7,0],"light_emission":15,"faces":{"north":{"uv":[13,9,14,10],"texture":"#all","cullface":"north"},"east":{"uv":[13,9,13.5,10],"texture":"#all","cullface":"north"},"west":{"uv":[13,9,13.5,10],"texture":"#all","cullface":"north"},"up":{"uv":[13,9,14,9.5],"texture":"#all","cullface":"north"},"down":{"uv":[13,9,14,9.5],"texture":"#all","cullface":"north"}}},{"from":[0,3,-0.5],"to":[1,4,0],"light_emission":15,"faces":{"north":{"uv":[15,12,16,13],"texture":"#all","cullface":"north"},"east":{"uv":[15,12,15.5,13],"texture":"#all","cullface":"north"},"west":{"uv":[15,12,15.5,13],"texture":"#all","cullface":"west"},"up":{"uv":[15,12,16,12.5],"texture":"#all","cullface":"north"},"down":{"uv":[15,12,16,12.5],"texture":"#all","cullface":"north"}}},{"from":[5,3,-0.5],"to":[6,4,0],"light_emission":15,"faces":{"north":{"uv":[10,12,11,13],"texture":"#all","cullface":"north"},"east":{"uv":[10,12,10.5,13],"texture":"#all","cullface":"north"},"west":{"uv":[10,12,10.5,13],"texture":"#all","cullface":"north"},"up":{"uv":[10,12,11,12.5],"texture":"#all","cullface":"north"},"down":{"uv":[10,12,11,12.5],"texture":"#all","cullface":"north"}}},{"from":[11,10,-0.7],"to":[12,11,0],"light_emission":15,"faces":{"north":{"uv":[4,5,5,6],"rotation":180,"texture":"#all","cullface":"north"},"east":{"uv":[4,5,4.7,6],"rotation":180,"texture":"#all","cullface":"north"},"west":{"uv":[4,5,4.7,6],"rotation":180,"texture":"#all","cullface":"north"},"up":{"uv":[4,5,5,5.7],"rotation":180,"texture":"#all","cullface":"north"},"down":{"uv":[4,5,5,5.7],"rotation":180,"texture":"#all","cullface":"north"}}},{"from":[12,8,-0.5],"to":[13,9,0],"light_emission":15,"faces":{"north":{"uv":[3,7,4,8],"rotation":180,"texture":"#all","cullface":"north"},"east":{"uv":[3,7,3.5,8],"rotation":180,"texture":"#all","cullface":"north"},"west":{"uv":[3,7,3.5,8],"rotation":180,"texture":"#all","cullface":"north"},"down":{"uv":[3,7,4,7.5],"rotation":180,"texture":"#all","cullface":"north"}}},{"from":[12,9,-0.7],"to":[13,10,0],"light_emission":15,"faces":{"north":{"uv":[3,6,4,7],"rotation":180,"texture":"#all","cullface":"north"},"east":{"uv":[3,6,3.7,7],"rotation":180,"texture":"#all","cullface":"north"},"west":{"uv":[3,6,3.7,7],"rotation":180,"texture":"#all","cullface":"north"},"up":{"uv":[3,6,4,6.7],"rotation":180,"texture":"#all","cullface":"north"},"down":{"uv":[3,6,4,6.7],"rotation":180,"texture":"#all","cullface":"north"}}},{"from":[11,9,-0.5],"to":[12,10,0],"light_emission":15,"faces":{"north":{"uv":[4,6,5,7],"rotation":180,"texture":"#all","cullface":"north"},"west":{"uv":[4,6,4.5,7],"rotation":180,"texture":"#all","cullface":"north"},"down":{"uv":[4,6,5,6.5],"rotation":180,"texture":"#all","cullface":"north"}}},{"from":[4,9,-0.7],"to":[5,10,0],"light_emission":15,"faces":{"north":{"uv":[11,6,12,7],"rotation":180,"texture":"#all","cullface":"north"},"east":{"uv":[11,6,11.7,7],"rotation":180,"texture":"#all","cullface":"north"},"west":{"uv":[11,6,11.7,7],"rotation":180,"texture":"#all","cullface":"north"},"up":{"uv":[11,6,12,6.7],"rotation":180,"texture":"#all","cullface":"north"},"down":{"uv":[11,6,12,6.7],"rotation":180,"texture":"#all","cullface":"north"}}},{"from":[3,9,-0.5],"to":[4,10,0],"light_emission":15,"faces":{"north":{"uv":[12,6,13,7],"rotation":180,"texture":"#all","cullface":"north"},"west":{"uv":[12,6,12.5,7],"rotation":180,"texture":"#all","cullface":"north"},"up":{"uv":[12,6,13,6.5],"rotation":180,"texture":"#all","cullface":"north"}}},{"from":[3,11,-0.5],"to":[4,12,0],"light_emission":15,"faces":{"north":{"uv":[12,4,13,5],"rotation":180,"texture":"#all","cullface":"north"},"east":{"uv":[12,4,12.5,5],"rotation":180,"texture":"#all","cullface":"north"},"west":{"uv":[12,4,12.5,5],"rotation":180,"texture":"#all","cullface":"north"},"up":{"uv":[12,4,13,4.5],"rotation":180,"texture":"#all","cullface":"north"},"down":{"uv":[12,4,13,4.5],"rotation":180,"texture":"#all","cullface":"north"}}},{"from":[4,10,-0.5],"to":[5,11,0],"light_emission":15,"faces":{"north":{"uv":[11,5,12,6],"rotation":180,"texture":"#all","cullface":"north"},"east":{"uv":[11,5,11.5,6],"rotation":180,"texture":"#all","cullface":"north"},"west":{"uv":[11,5,11.5,6],"rotation":180,"texture":"#all","cullface":"north"},"up":{"uv":[11,5,12,5.5],"rotation":180,"texture":"#all","cullface":"north"}}},{"from":[10,10,-0.5],"to":[11,11,0],"light_emission":15,"faces":{"north":{"uv":[5,5,6,6],"rotation":180,"texture":"#all","cullface":"north"},"west":{"uv":[5,5,5.5,6],"rotation":180,"texture":"#all","cullface":"north"},"up":{"uv":[5,5,6,5.5],"rotation":180,"texture":"#all","cullface":"north"},"down":{"uv":[5,5,6,5.5],"rotation":180,"texture":"#all","cullface":"north"}}},{"from":[8,4,-0.5],"to":[11,5,0],"light_emission":15,"faces":{"north":{"uv":[5,11,8,12],"texture":"#all","cullface":"north"},"east":{"uv":[5,11,5.5,12],"texture":"#all","cullface":"north"},"west":{"uv":[7,11,7.5,12],"texture":"#all","cullface":"north"},"up":{"uv":[5,11,8,11.5],"rotation":180,"texture":"#all","cullface":"north"},"down":{"uv":[5,11,8,11.5],"rotation":180,"texture":"#all","cullface":"north"}}},{"from":[6,13,-0.5],"to":[9,14,0],"light_emission":15,"faces":{"north":{"uv":[7,2,10,3],"texture":"#all","cullface":"north"},"west":{"uv":[9,2,9.5,3],"texture":"#all","cullface":"north"},"up":{"uv":[7,2,10,2.5],"rotation":180,"texture":"#all","cullface":"north"},"down":{"uv":[7,2,10,2.5],"rotation":180,"texture":"#all","cullface":"north"}}},{"from":[7,1,-0.5],"to":[8,4,0],"light_emission":15,"faces":{"north":{"uv":[8,12,9,15],"texture":"#all","cullface":"north"},"east":{"uv":[8,12,8.5,15],"texture":"#all","cullface":"north"},"west":{"uv":[8,12,8.5,15],"texture":"#all","cullface":"north"},"up":{"uv":[8,12,9,12.5],"texture":"#all","cullface":"north"},"down":{"uv":[8,14,9,14.5],"texture":"#all","cullface":"north"}}}]}