{
	"credit": "Made by Botany",
	"textures": {
		"0": "block/potatoes_stage0",
		"1": "block/potatoes_stage1",
		"particle": "block/potatoes_stage0"
	},
	"elements": [
		{
			"from": [7, 0, 10],
			"to": [8, 1, 11],
			"faces": {
				"north": {"uv": [5, 15, 6, 16], "texture": "#0"},
				"east": {"uv": [5, 15, 6, 16], "texture": "#0"},
				"south": {"uv": [5, 15, 6, 16], "texture": "#0"},
				"west": {"uv": [5, 15, 6, 16], "texture": "#0"},
				"up": {"uv": [5, 15, 6, 16], "texture": "#0"},
				"down": {"uv": [5, 15, 6, 16], "texture": "#0"}
			}
		},
		{
			"from": [7, 1, 7],
			"to": [8, 2, 8],
			"faces": {
				"north": {"uv": [5, 15, 6, 16], "texture": "#0"},
				"east": {"uv": [5, 15, 6, 16], "texture": "#0"},
				"south": {"uv": [5, 15, 6, 16], "texture": "#0"},
				"west": {"uv": [5, 15, 6, 16], "texture": "#0"},
				"up": {"uv": [5, 15, 6, 16], "texture": "#0"},
				"down": {"uv": [5, 15, 6, 16], "texture": "#0"}
			}
		},
		{
			"from": [6, 0, 7],
			"to": [7, 1, 8],
			"faces": {
				"north": {"uv": [7, 15, 8, 16], "texture": "#1"},
				"east": {"uv": [7, 15, 8, 16], "texture": "#1"},
				"south": {"uv": [7, 15, 8, 16], "texture": "#1"},
				"west": {"uv": [7, 15, 8, 16], "texture": "#1"},
				"up": {"uv": [7, 15, 8, 16], "texture": "#1"},
				"down": {"uv": [7, 15, 8, 16], "texture": "#1"}
			}
		},
		{
			"from": [6, 0, 9],
			"to": [7, 1, 10],
			"faces": {
				"north": {"uv": [7, 15, 8, 16], "texture": "#1"},
				"east": {"uv": [7, 15, 8, 16], "texture": "#1"},
				"south": {"uv": [7, 15, 8, 16], "texture": "#1"},
				"west": {"uv": [7, 15, 8, 16], "texture": "#1"},
				"up": {"uv": [7, 15, 8, 16], "texture": "#1"},
				"down": {"uv": [7, 15, 8, 16], "texture": "#1"}
			}
		},
		{
			"from": [8, 0, 7],
			"to": [9, 1, 8],
			"faces": {
				"north": {"uv": [7, 15, 8, 16], "texture": "#1"},
				"east": {"uv": [7, 15, 8, 16], "texture": "#1"},
				"south": {"uv": [7, 15, 8, 16], "texture": "#1"},
				"west": {"uv": [7, 15, 8, 16], "texture": "#1"},
				"up": {"uv": [7, 15, 8, 16], "texture": "#1"},
				"down": {"uv": [7, 15, 8, 16], "texture": "#1"}
			}
		},
		{
			"from": [8, 0, 9],
			"to": [9, 1, 10],
			"faces": {
				"north": {"uv": [7, 15, 8, 16], "texture": "#1"},
				"east": {"uv": [7, 15, 8, 16], "texture": "#1"},
				"south": {"uv": [7, 15, 8, 16], "texture": "#1"},
				"west": {"uv": [7, 15, 8, 16], "texture": "#1"},
				"up": {"uv": [7, 15, 8, 16], "texture": "#1"},
				"down": {"uv": [7, 15, 8, 16], "texture": "#1"}
			}
		},
		{
			"from": [7, 3, 9],
			"to": [8, 4, 10],
			"faces": {
				"north": {"uv": [5, 15, 6, 16], "texture": "#0"},
				"east": {"uv": [5, 15, 6, 16], "texture": "#0"},
				"south": {"uv": [5, 15, 6, 16], "texture": "#0"},
				"west": {"uv": [5, 15, 6, 16], "texture": "#0"},
				"up": {"uv": [5, 15, 6, 16], "texture": "#0"},
				"down": {"uv": [5, 15, 6, 16], "texture": "#0"}
			}
		},
		{
			"from": [7, 0, 8],
			"to": [8, 1, 9],
			"faces": {
				"north": {"uv": [5, 15, 6, 16], "texture": "#0"},
				"east": {"uv": [5, 15, 6, 16], "texture": "#0"},
				"south": {"uv": [5, 15, 6, 16], "texture": "#0"},
				"west": {"uv": [5, 15, 6, 16], "texture": "#0"},
				"up": {"uv": [5, 15, 6, 16], "texture": "#0"},
				"down": {"uv": [5, 15, 6, 16], "texture": "#0"}
			}
		},
		{
			"from": [7, 2, 9],
			"to": [8, 3, 11],
			"faces": {
				"north": {"uv": [5, 15, 6, 16], "texture": "#0"},
				"east": {"uv": [5, 15, 6, 16], "texture": "#0"},
				"south": {"uv": [5, 15, 6, 16], "texture": "#0"},
				"west": {"uv": [5, 15, 6, 16], "texture": "#0"},
				"up": {"uv": [5, 15, 6, 16], "texture": "#0"},
				"down": {"uv": [5, 15, 6, 16], "texture": "#0"}
			}
		},
		{
			"from": [7, 0, 9],
			"to": [8, 1, 10],
			"faces": {
				"north": {"uv": [7, 15, 8, 16], "texture": "#0"},
				"east": {"uv": [7, 15, 8, 16], "texture": "#0"},
				"south": {"uv": [7, 15, 8, 16], "texture": "#0"},
				"west": {"uv": [7, 15, 8, 16], "texture": "#0"},
				"up": {"uv": [7, 15, 8, 16], "texture": "#0"},
				"down": {"uv": [7, 15, 8, 16], "texture": "#0"}
			}
		},
		{
			"from": [7, 0, 7],
			"to": [8, 1, 8],
			"faces": {
				"north": {"uv": [9, 15, 10, 16], "texture": "#0"},
				"east": {"uv": [9, 15, 10, 16], "texture": "#0"},
				"south": {"uv": [9, 15, 10, 16], "texture": "#0"},
				"west": {"uv": [9, 15, 10, 16], "texture": "#0"},
				"up": {"uv": [9, 15, 10, 16], "texture": "#0"},
				"down": {"uv": [9, 15, 10, 16], "texture": "#0"}
			}
		},
		{
			"from": [7, 2, 5],
			"to": [9, 3, 6],
			"faces": {
				"north": {"uv": [11, 14, 12, 15], "texture": "#0"},
				"east": {"uv": [11, 14, 12, 15], "texture": "#0"},
				"south": {"uv": [11, 14, 12, 15], "texture": "#0"},
				"west": {"uv": [11, 14, 12, 15], "texture": "#0"},
				"up": {"uv": [11, 14, 12, 15], "texture": "#0"},
				"down": {"uv": [11, 14, 12, 15], "texture": "#0"}
			}
		},
		{
			"from": [7, 1, 9],
			"to": [8, 2, 10],
			"faces": {
				"north": {"uv": [11, 14, 12, 15], "texture": "#0"},
				"east": {"uv": [11, 14, 12, 15], "texture": "#0"},
				"south": {"uv": [11, 14, 12, 15], "texture": "#0"},
				"west": {"uv": [11, 14, 12, 15], "texture": "#0"},
				"up": {"uv": [11, 14, 12, 15], "texture": "#0"},
				"down": {"uv": [11, 14, 12, 15], "texture": "#0"}
			}
		},
		{
			"from": [6, 4, 8],
			"to": [7, 5, 9],
			"faces": {
				"north": {"uv": [11, 14, 12, 15], "texture": "#0"},
				"east": {"uv": [11, 14, 12, 15], "texture": "#0"},
				"south": {"uv": [11, 14, 12, 15], "texture": "#0"},
				"west": {"uv": [11, 14, 12, 15], "texture": "#0"},
				"up": {"uv": [11, 14, 12, 15], "texture": "#0"},
				"down": {"uv": [11, 14, 12, 15], "texture": "#0"}
			}
		},
		{
			"from": [7, 1, 8],
			"to": [8, 2, 9],
			"faces": {
				"north": {"uv": [9, 15, 10, 16], "texture": "#0"},
				"east": {"uv": [9, 15, 10, 16], "texture": "#0"},
				"south": {"uv": [9, 15, 10, 16], "texture": "#0"},
				"west": {"uv": [9, 15, 10, 16], "texture": "#0"},
				"up": {"uv": [9, 15, 10, 16], "texture": "#0"},
				"down": {"uv": [9, 15, 10, 16], "texture": "#0"}
			}
		},
		{
			"from": [7, 3, 8],
			"to": [8, 4, 9],
			"faces": {
				"north": {"uv": [9, 15, 10, 16], "texture": "#0"},
				"east": {"uv": [9, 9, 10, 10], "texture": "#1"},
				"south": {"uv": [9, 15, 10, 16], "texture": "#0"},
				"west": {"uv": [9, 15, 10, 16], "texture": "#0"},
				"up": {"uv": [9, 15, 10, 16], "texture": "#0"},
				"down": {"uv": [9, 15, 10, 16], "texture": "#0"}
			}
		},
		{
			"from": [7, 1, 5],
			"to": [8, 2, 6],
			"faces": {
				"north": {"uv": [9, 15, 10, 16], "texture": "#0"},
				"east": {"uv": [9, 9, 10, 10], "texture": "#1"},
				"south": {"uv": [9, 15, 10, 16], "texture": "#0"},
				"west": {"uv": [9, 15, 10, 16], "texture": "#0"},
				"up": {"uv": [9, 15, 10, 16], "texture": "#0"},
				"down": {"uv": [9, 15, 10, 16], "texture": "#0"}
			}
		},
		{
			"from": [6, 0, 5],
			"to": [7, 1, 6],
			"faces": {
				"north": {"uv": [9, 15, 10, 16], "texture": "#0"},
				"east": {"uv": [9, 9, 10, 10], "texture": "#1"},
				"south": {"uv": [9, 15, 10, 16], "texture": "#0"},
				"west": {"uv": [9, 15, 10, 16], "texture": "#0"},
				"up": {"uv": [9, 15, 10, 16], "texture": "#0"},
				"down": {"uv": [9, 15, 10, 16], "texture": "#0"}
			}
		},
		{
			"from": [7, 0, 5],
			"to": [8, 1, 7],
			"faces": {
				"north": {"uv": [7, 15, 8, 16], "texture": "#0"},
				"east": {"uv": [7, 15, 8, 16], "texture": "#0"},
				"south": {"uv": [7, 15, 8, 16], "texture": "#0"},
				"west": {"uv": [7, 15, 8, 16], "texture": "#0"},
				"up": {"uv": [7, 15, 8, 16], "texture": "#0"},
				"down": {"uv": [7, 15, 8, 16], "texture": "#0"}
			}
		},
		{
			"from": [5, 0, 4],
			"to": [6, 1, 5],
			"faces": {
				"north": {"uv": [7, 15, 8, 16], "texture": "#0"},
				"east": {"uv": [7, 15, 8, 16], "texture": "#0"},
				"south": {"uv": [7, 15, 8, 16], "texture": "#0"},
				"west": {"uv": [7, 15, 8, 16], "texture": "#0"},
				"up": {"uv": [7, 15, 8, 16], "texture": "#0"},
				"down": {"uv": [7, 15, 8, 16], "texture": "#0"}
			}
		},
		{
			"from": [11, 0, 11],
			"to": [12, 1, 12],
			"faces": {
				"north": {"uv": [5, 15, 6, 16], "texture": "#0"},
				"east": {"uv": [5, 15, 6, 16], "texture": "#0"},
				"south": {"uv": [5, 15, 6, 16], "texture": "#0"},
				"west": {"uv": [5, 15, 6, 16], "texture": "#0"},
				"up": {"uv": [5, 15, 6, 16], "rotation": 270, "texture": "#0"},
				"down": {"uv": [5, 15, 6, 16], "rotation": 90, "texture": "#0"}
			}
		},
		{
			"from": [8, 0, 11],
			"to": [9, 1, 12],
			"faces": {
				"north": {"uv": [5, 15, 6, 16], "texture": "#0"},
				"east": {"uv": [5, 15, 6, 16], "texture": "#0"},
				"south": {"uv": [5, 15, 6, 16], "texture": "#0"},
				"west": {"uv": [5, 15, 6, 16], "texture": "#0"},
				"up": {"uv": [5, 15, 6, 16], "rotation": 270, "texture": "#0"},
				"down": {"uv": [5, 15, 6, 16], "rotation": 90, "texture": "#0"}
			}
		},
		{
			"from": [8, 0, 8],
			"to": [9, 1, 9],
			"faces": {
				"north": {"uv": [7, 15, 8, 16], "texture": "#0"},
				"east": {"uv": [7, 15, 8, 16], "texture": "#0"},
				"south": {"uv": [7, 15, 8, 16], "texture": "#0"},
				"west": {"uv": [7, 15, 8, 16], "texture": "#0"},
				"up": {"uv": [7, 15, 8, 16], "rotation": 270, "texture": "#0"},
				"down": {"uv": [7, 15, 8, 16], "rotation": 90, "texture": "#0"}
			}
		},
		{
			"from": [10, 0, 6],
			"to": [11, 1, 7],
			"faces": {
				"north": {"uv": [7, 15, 8, 16], "texture": "#0"},
				"east": {"uv": [7, 15, 8, 16], "texture": "#0"},
				"south": {"uv": [7, 15, 8, 16], "texture": "#0"},
				"west": {"uv": [7, 15, 8, 16], "texture": "#0"},
				"up": {"uv": [7, 15, 8, 16], "rotation": 270, "texture": "#0"},
				"down": {"uv": [7, 15, 8, 16], "rotation": 90, "texture": "#0"}
			}
		},
		{
			"from": [10, 1, 8],
			"to": [11, 2, 9],
			"faces": {
				"north": {"uv": [7, 15, 8, 16], "texture": "#0"},
				"east": {"uv": [7, 15, 8, 16], "texture": "#0"},
				"south": {"uv": [7, 15, 8, 16], "texture": "#0"},
				"west": {"uv": [7, 15, 8, 16], "texture": "#0"},
				"up": {"uv": [7, 15, 8, 16], "rotation": 270, "texture": "#0"},
				"down": {"uv": [7, 15, 8, 16], "rotation": 90, "texture": "#0"}
			}
		},
		{
			"from": [4, 0, 10],
			"to": [5, 1, 11],
			"faces": {
				"north": {"uv": [7, 15, 8, 16], "texture": "#0"},
				"east": {"uv": [7, 15, 8, 16], "texture": "#0"},
				"south": {"uv": [7, 15, 8, 16], "texture": "#0"},
				"west": {"uv": [7, 15, 8, 16], "texture": "#0"},
				"up": {"uv": [7, 15, 8, 16], "rotation": 270, "texture": "#0"},
				"down": {"uv": [7, 15, 8, 16], "rotation": 90, "texture": "#0"}
			}
		},
		{
			"from": [5, 0, 8],
			"to": [7, 1, 9],
			"faces": {
				"north": {"uv": [9, 15, 10, 16], "texture": "#0"},
				"east": {"uv": [9, 15, 10, 16], "texture": "#0"},
				"south": {"uv": [9, 15, 10, 16], "texture": "#0"},
				"west": {"uv": [9, 15, 10, 16], "texture": "#0"},
				"up": {"uv": [9, 15, 10, 16], "rotation": 270, "texture": "#0"},
				"down": {"uv": [9, 15, 10, 16], "rotation": 90, "texture": "#0"}
			}
		},
		{
			"from": [7, 0, 11],
			"to": [8, 1, 12],
			"faces": {
				"north": {"uv": [9, 15, 10, 16], "texture": "#0"},
				"east": {"uv": [9, 15, 10, 16], "texture": "#0"},
				"south": {"uv": [9, 15, 10, 16], "texture": "#0"},
				"west": {"uv": [9, 15, 10, 16], "texture": "#0"},
				"up": {"uv": [9, 15, 10, 16], "rotation": 270, "texture": "#0"},
				"down": {"uv": [9, 15, 10, 16], "rotation": 90, "texture": "#0"}
			}
		},
		{
			"from": [9, 0, 8],
			"to": [10, 1, 9],
			"faces": {
				"north": {"uv": [9, 15, 10, 16], "texture": "#0"},
				"east": {"uv": [9, 15, 10, 16], "texture": "#0"},
				"south": {"uv": [9, 15, 10, 16], "texture": "#0"},
				"west": {"uv": [9, 15, 10, 16], "texture": "#0"},
				"up": {"uv": [9, 15, 10, 16], "rotation": 270, "texture": "#0"},
				"down": {"uv": [9, 15, 10, 16], "rotation": 90, "texture": "#0"}
			}
		},
		{
			"from": [9, 2, 8],
			"to": [10, 4, 9],
			"faces": {
				"north": {"uv": [9, 15, 10, 16], "texture": "#0"},
				"east": {"uv": [9, 15, 10, 16], "texture": "#0"},
				"south": {"uv": [9, 15, 10, 16], "texture": "#0"},
				"west": {"uv": [9, 15, 10, 16], "texture": "#0"},
				"up": {"uv": [9, 15, 10, 16], "rotation": 270, "texture": "#0"},
				"down": {"uv": [9, 15, 10, 16], "rotation": 90, "texture": "#0"}
			}
		},
		{
			"from": [10, 0, 8],
			"to": [11, 1, 9],
			"faces": {
				"north": {"uv": [9, 15, 10, 16], "texture": "#0"},
				"east": {"uv": [9, 15, 10, 16], "texture": "#0"},
				"south": {"uv": [9, 15, 10, 16], "texture": "#0"},
				"west": {"uv": [9, 15, 10, 16], "texture": "#0"},
				"up": {"uv": [9, 15, 10, 16], "rotation": 270, "texture": "#0"},
				"down": {"uv": [9, 15, 10, 16], "rotation": 90, "texture": "#0"}
			}
		},
		{
			"from": [8, 1, 8],
			"to": [9, 2, 9],
			"faces": {
				"north": {"uv": [11, 14, 12, 15], "texture": "#0"},
				"east": {"uv": [11, 14, 12, 15], "texture": "#0"},
				"south": {"uv": [11, 14, 12, 15], "texture": "#0"},
				"west": {"uv": [11, 14, 12, 15], "texture": "#0"},
				"up": {"uv": [11, 14, 12, 15], "rotation": 270, "texture": "#0"},
				"down": {"uv": [11, 14, 12, 15], "rotation": 90, "texture": "#0"}
			}
		},
		{
			"from": [11, 2, 8],
			"to": [12, 3, 9],
			"faces": {
				"north": {"uv": [11, 14, 12, 15], "texture": "#0"},
				"east": {"uv": [11, 14, 12, 15], "texture": "#0"},
				"south": {"uv": [11, 14, 12, 15], "texture": "#0"},
				"west": {"uv": [11, 14, 12, 15], "texture": "#0"},
				"up": {"uv": [11, 14, 12, 15], "rotation": 270, "texture": "#0"},
				"down": {"uv": [11, 14, 12, 15], "rotation": 90, "texture": "#0"}
			}
		}
	],
	"groups": [
		{
			"name": "group",
			"origin": [0, 0, 0],
			"color": 0,
			"children": [0, 1, 2, 3, 4, 5, 6, 7, 8, 9, 10, 11, 12, 13, 14, 15, 16, 17, 18, 19]
		},
		{
			"name": "group",
			"origin": [0, 0, 0],
			"color": 0,
			"children": [20, 21, 22, 23, 24, 25, 26, 27, 28, 29, 30, 31, 32]
		}
	]
}
