{
	"credit": "Made by Botany",
	"textures": {
		"2": "block/wheat_stage0",
		"particle": "block/wheat_stage6"
	},
	"elements": [
		{
			"from": [7, 0, 4],
			"to": [8, 2, 5],
			"faces": {
				"north": {"uv": [7, 14, 8, 16], "texture": "#2"},
				"east": {"uv": [7, 14, 8, 16], "texture": "#2"},
				"south": {"uv": [7, 14, 8, 16], "texture": "#2"},
				"west": {"uv": [7, 14, 8, 16], "texture": "#2"},
				"up": {"uv": [7, 14, 8, 15], "texture": "#2"},
				"down": {"uv": [2, 15, 3, 16], "texture": "#2"}
			}
		},
		{
			"from": [9, 0, 8],
			"to": [10, 1, 9],
			"faces": {
				"north": {"uv": [2, 15, 3, 16], "texture": "#2"},
				"east": {"uv": [2, 15, 3, 16], "texture": "#2"},
				"south": {"uv": [2, 15, 3, 16], "texture": "#2"},
				"west": {"uv": [2, 15, 3, 16], "texture": "#2"},
				"up": {"uv": [2, 15, 3, 16], "texture": "#2"},
				"down": {"uv": [2, 15, 3, 16], "texture": "#2"}
			}
		},
		{
			"from": [11, 0, 2],
			"to": [12, 1, 3],
			"faces": {
				"north": {"uv": [2, 15, 3, 16], "texture": "#2"},
				"east": {"uv": [2, 15, 3, 16], "texture": "#2"},
				"south": {"uv": [2, 15, 3, 16], "texture": "#2"},
				"west": {"uv": [2, 15, 3, 16], "texture": "#2"},
				"up": {"uv": [2, 15, 3, 16], "texture": "#2"},
				"down": {"uv": [2, 15, 3, 16], "texture": "#2"}
			}
		},
		{
			"from": [4, 0, 9],
			"to": [5, 2, 10],
			"faces": {
				"north": {"uv": [7, 14, 8, 16], "texture": "#2"},
				"east": {"uv": [7, 14, 8, 16], "texture": "#2"},
				"south": {"uv": [7, 14, 8, 16], "texture": "#2"},
				"west": {"uv": [7, 14, 8, 16], "texture": "#2"},
				"up": {"uv": [7, 14, 8, 15], "texture": "#2"},
				"down": {"uv": [2, 15, 3, 16], "texture": "#2"}
			}
		},
		{
			"from": [11, 0, 12],
			"to": [12, 1, 13],
			"faces": {
				"north": {"uv": [2, 15, 3, 16], "texture": "#2"},
				"east": {"uv": [2, 15, 3, 16], "texture": "#2"},
				"south": {"uv": [2, 15, 3, 16], "texture": "#2"},
				"west": {"uv": [2, 15, 3, 16], "texture": "#2"},
				"up": {"uv": [2, 15, 3, 16], "texture": "#2"},
				"down": {"uv": [2, 15, 3, 16], "texture": "#2"}
			}
		},
		{
			"from": [4, 1, 8],
			"to": [5, 2, 9],
			"faces": {
				"north": {"uv": [2, 15, 3, 16], "texture": "#2"},
				"east": {"uv": [2, 15, 3, 16], "texture": "#2"},
				"south": {"uv": [2, 15, 3, 16], "texture": "#2"},
				"west": {"uv": [2, 15, 3, 16], "texture": "#2"},
				"up": {"uv": [2, 15, 3, 16], "texture": "#2"},
				"down": {"uv": [2, 15, 3, 16], "texture": "#2"}
			}
		},
		{
			"from": [4, 2, 10],
			"to": [5, 3, 11],
			"faces": {
				"north": {"uv": [2, 15, 3, 16], "texture": "#2"},
				"east": {"uv": [2, 15, 3, 16], "texture": "#2"},
				"south": {"uv": [2, 15, 3, 16], "texture": "#2"},
				"west": {"uv": [2, 15, 3, 16], "texture": "#2"},
				"up": {"uv": [2, 15, 3, 16], "texture": "#2"},
				"down": {"uv": [2, 15, 3, 16], "texture": "#2"}
			}
		}
	]
}
