{
	"credit": "Made by Botany",
	"textures": {
		"2": "block/wheat_stage0",
		"3": "block/wheat_stage1",
		"4": "block/wheat_stage2",
		"5": "block/wheat_stage3",
		"6": "block/wheat_stage4",
		"particle": "block/wheat_stage6"
	},
	"elements": [
		{
			"from": [13, 0, 6],
			"to": [14, 2, 7],
			"faces": {
				"north": {"uv": [7, 14, 8, 16], "texture": "#2"},
				"east": {"uv": [7, 14, 8, 16], "texture": "#2"},
				"south": {"uv": [7, 14, 8, 16], "texture": "#2"},
				"west": {"uv": [7, 14, 8, 16], "texture": "#2"},
				"up": {"uv": [7, 14, 8, 15], "texture": "#2"},
				"down": {"uv": [2, 15, 3, 16], "texture": "#2"}
			}
		},
		{
			"from": [13, 0, 7],
			"to": [14, 1, 8],
			"faces": {
				"north": {"uv": [2, 15, 3, 16], "texture": "#2"},
				"east": {"uv": [2, 15, 3, 16], "texture": "#2"},
				"south": {"uv": [2, 15, 3, 16], "texture": "#2"},
				"west": {"uv": [2, 15, 3, 16], "texture": "#2"},
				"up": {"uv": [2, 15, 3, 16], "texture": "#2"},
				"down": {"uv": [2, 15, 3, 16], "texture": "#2"}
			}
		},
		{
			"from": [9, 0, 5],
			"to": [10, 1, 6],
			"faces": {
				"north": {"uv": [2, 15, 3, 16], "texture": "#2"},
				"east": {"uv": [2, 15, 3, 16], "texture": "#2"},
				"south": {"uv": [2, 15, 3, 16], "texture": "#2"},
				"west": {"uv": [2, 15, 3, 16], "texture": "#2"},
				"up": {"uv": [2, 15, 3, 16], "texture": "#2"},
				"down": {"uv": [2, 15, 3, 16], "texture": "#2"}
			}
		},
		{
			"from": [9, 0, 4],
			"to": [10, 1, 5],
			"faces": {
				"north": {"uv": [2, 15, 3, 16], "texture": "#2"},
				"east": {"uv": [2, 15, 3, 16], "texture": "#2"},
				"south": {"uv": [2, 15, 3, 16], "texture": "#2"},
				"west": {"uv": [2, 15, 3, 16], "texture": "#2"},
				"up": {"uv": [2, 15, 3, 16], "texture": "#2"},
				"down": {"uv": [2, 15, 3, 16], "texture": "#2"}
			}
		},
		{
			"from": [2, 0, 13],
			"to": [3, 1, 14],
			"faces": {
				"north": {"uv": [2, 15, 3, 16], "texture": "#2"},
				"east": {"uv": [2, 15, 3, 16], "texture": "#2"},
				"south": {"uv": [2, 15, 3, 16], "texture": "#2"},
				"west": {"uv": [2, 15, 3, 16], "texture": "#2"},
				"up": {"uv": [2, 15, 3, 16], "texture": "#2"},
				"down": {"uv": [2, 15, 3, 16], "texture": "#2"}
			}
		},
		{
			"from": [10, 0, 9],
			"to": [11, 1, 10],
			"faces": {
				"north": {"uv": [2, 15, 3, 16], "texture": "#2"},
				"east": {"uv": [2, 15, 3, 16], "texture": "#2"},
				"south": {"uv": [2, 15, 3, 16], "texture": "#2"},
				"west": {"uv": [2, 15, 3, 16], "texture": "#2"},
				"up": {"uv": [2, 15, 3, 16], "texture": "#2"},
				"down": {"uv": [2, 15, 3, 16], "texture": "#2"}
			}
		},
		{
			"from": [4, 0, 1],
			"to": [5, 1, 2],
			"faces": {
				"north": {"uv": [2, 15, 3, 16], "texture": "#2"},
				"east": {"uv": [2, 15, 3, 16], "texture": "#2"},
				"south": {"uv": [2, 15, 3, 16], "texture": "#2"},
				"west": {"uv": [2, 15, 3, 16], "texture": "#2"},
				"up": {"uv": [2, 15, 3, 16], "texture": "#2"},
				"down": {"uv": [2, 15, 3, 16], "texture": "#2"}
			}
		},
		{
			"from": [3, 0, 9],
			"to": [4, 12, 10],
			"faces": {
				"north": {"uv": [7, 4, 8, 16], "texture": "#6"},
				"east": {"uv": [7, 4, 8, 16], "texture": "#6"},
				"south": {"uv": [7, 4, 8, 16], "texture": "#6"},
				"west": {"uv": [7, 4, 8, 16], "texture": "#6"},
				"up": {"uv": [7, 13, 8, 14], "texture": "#5"},
				"down": {"uv": [7, 15, 8, 16], "texture": "#5"}
			}
		},
		{
			"from": [6, 7, 1],
			"to": [7, 8, 2],
			"faces": {
				"north": {"uv": [2, 15, 3, 16], "texture": "#2"},
				"east": {"uv": [2, 15, 3, 16], "texture": "#2"},
				"south": {"uv": [2, 15, 3, 16], "texture": "#2"},
				"west": {"uv": [2, 15, 3, 16], "texture": "#2"},
				"up": {"uv": [2, 15, 3, 16], "texture": "#2"},
				"down": {"uv": [2, 15, 3, 16], "texture": "#2"}
			}
		},
		{
			"from": [6, 6, 2],
			"to": [7, 8, 3],
			"faces": {
				"north": {"uv": [7, 14, 8, 16], "texture": "#2"},
				"east": {"uv": [7, 14, 8, 16], "texture": "#2"},
				"south": {"uv": [7, 14, 8, 16], "texture": "#2"},
				"west": {"uv": [7, 14, 8, 16], "texture": "#2"},
				"up": {"uv": [7, 14, 8, 15], "texture": "#2"},
				"down": {"uv": [2, 15, 3, 16], "texture": "#2"}
			}
		},
		{
			"from": [6, 6, 5],
			"to": [7, 7, 6],
			"faces": {
				"north": {"uv": [2, 15, 3, 16], "texture": "#2"},
				"east": {"uv": [2, 15, 3, 16], "texture": "#2"},
				"south": {"uv": [2, 15, 3, 16], "texture": "#2"},
				"west": {"uv": [2, 15, 3, 16], "texture": "#2"},
				"up": {"uv": [2, 15, 3, 16], "texture": "#2"},
				"down": {"uv": [2, 15, 3, 16], "texture": "#2"}
			}
		},
		{
			"from": [6, 4, 4],
			"to": [7, 7, 5],
			"faces": {
				"north": {"uv": [6, 11, 7, 14], "texture": "#4"},
				"east": {"uv": [6, 11, 7, 14], "texture": "#4"},
				"south": {"uv": [6, 11, 7, 14], "texture": "#4"},
				"west": {"uv": [6, 11, 7, 14], "texture": "#4"},
				"up": {"uv": [7, 14, 8, 15], "texture": "#2"},
				"down": {"uv": [2, 15, 3, 16], "texture": "#2"}
			}
		},
		{
			"from": [6, 0, 3],
			"to": [7, 9, 4],
			"faces": {
				"north": {"uv": [7, 7, 8, 16], "texture": "#5"},
				"east": {"uv": [7, 7, 8, 16], "texture": "#5"},
				"south": {"uv": [7, 7, 8, 16], "texture": "#5"},
				"west": {"uv": [7, 7, 8, 16], "texture": "#5"},
				"up": {"uv": [7, 7, 8, 8], "texture": "#5"},
				"down": {"uv": [7, 15, 8, 16], "texture": "#5"}
			}
		},
		{
			"from": [10, 0, 5],
			"to": [11, 2, 6],
			"faces": {
				"north": {"uv": [2, 15, 3, 16], "texture": "#2"},
				"east": {"uv": [2, 15, 3, 16], "texture": "#2"},
				"south": {"uv": [2, 15, 3, 16], "texture": "#2"},
				"west": {"uv": [2, 15, 3, 16], "texture": "#2"},
				"up": {"uv": [2, 15, 3, 16], "texture": "#2"},
				"down": {"uv": [2, 15, 3, 16], "texture": "#2"}
			}
		},
		{
			"from": [11, 2, 12],
			"to": [12, 3, 13],
			"faces": {
				"north": {"uv": [2, 15, 3, 16], "texture": "#2"},
				"east": {"uv": [2, 15, 3, 16], "texture": "#2"},
				"south": {"uv": [2, 15, 3, 16], "texture": "#2"},
				"west": {"uv": [2, 15, 3, 16], "texture": "#2"},
				"up": {"uv": [2, 15, 3, 16], "texture": "#2"},
				"down": {"uv": [2, 15, 3, 16], "texture": "#2"}
			}
		},
		{
			"from": [9, 3, 8],
			"to": [10, 4, 9],
			"faces": {
				"north": {"uv": [2, 15, 3, 16], "texture": "#2"},
				"east": {"uv": [2, 15, 3, 16], "texture": "#2"},
				"south": {"uv": [2, 15, 3, 16], "texture": "#2"},
				"west": {"uv": [2, 15, 3, 16], "texture": "#2"},
				"up": {"uv": [2, 15, 3, 16], "texture": "#2"},
				"down": {"uv": [2, 15, 3, 16], "texture": "#2"}
			}
		},
		{
			"from": [13, 1, 12],
			"to": [14, 2, 13],
			"faces": {
				"north": {"uv": [2, 15, 3, 16], "texture": "#2"},
				"east": {"uv": [2, 15, 3, 16], "texture": "#2"},
				"south": {"uv": [2, 15, 3, 16], "texture": "#2"},
				"west": {"uv": [2, 15, 3, 16], "texture": "#2"},
				"up": {"uv": [2, 15, 3, 16], "texture": "#2"},
				"down": {"uv": [2, 15, 3, 16], "texture": "#2"}
			}
		},
		{
			"from": [12, 0, 12],
			"to": [13, 2, 13],
			"faces": {
				"north": {"uv": [7, 14, 8, 16], "texture": "#2"},
				"east": {"uv": [7, 14, 8, 16], "texture": "#2"},
				"south": {"uv": [7, 14, 8, 16], "texture": "#2"},
				"west": {"uv": [7, 14, 8, 16], "texture": "#2"},
				"up": {"uv": [7, 14, 8, 15], "texture": "#2"},
				"down": {"uv": [2, 15, 3, 16], "texture": "#2"}
			}
		},
		{
			"from": [3, 9, 7],
			"to": [4, 10, 8],
			"faces": {
				"north": {"uv": [2, 15, 3, 16], "texture": "#2"},
				"east": {"uv": [2, 15, 3, 16], "texture": "#2"},
				"south": {"uv": [2, 15, 3, 16], "texture": "#2"},
				"west": {"uv": [2, 15, 3, 16], "texture": "#2"},
				"up": {"uv": [2, 15, 3, 16], "texture": "#2"},
				"down": {"uv": [2, 15, 3, 16], "texture": "#2"}
			}
		},
		{
			"from": [3, 8, 8],
			"to": [4, 10, 9],
			"faces": {
				"north": {"uv": [7, 14, 8, 16], "texture": "#2"},
				"east": {"uv": [7, 14, 8, 16], "texture": "#2"},
				"south": {"uv": [7, 14, 8, 16], "texture": "#2"},
				"west": {"uv": [7, 14, 8, 16], "texture": "#2"},
				"up": {"uv": [7, 14, 8, 15], "texture": "#2"},
				"down": {"uv": [2, 15, 3, 16], "texture": "#2"}
			}
		},
		{
			"from": [3, 2, 4],
			"to": [4, 3, 5],
			"faces": {
				"north": {"uv": [2, 15, 3, 16], "texture": "#2"},
				"east": {"uv": [2, 15, 3, 16], "texture": "#2"},
				"south": {"uv": [2, 15, 3, 16], "texture": "#2"},
				"west": {"uv": [2, 15, 3, 16], "texture": "#2"},
				"up": {"uv": [2, 15, 3, 16], "texture": "#2"},
				"down": {"uv": [2, 15, 3, 16], "texture": "#2"}
			}
		},
		{
			"from": [1, 1, 4],
			"to": [2, 2, 5],
			"faces": {
				"north": {"uv": [2, 15, 3, 16], "texture": "#2"},
				"east": {"uv": [2, 15, 3, 16], "texture": "#2"},
				"south": {"uv": [2, 15, 3, 16], "texture": "#2"},
				"west": {"uv": [2, 15, 3, 16], "texture": "#2"},
				"up": {"uv": [2, 15, 3, 16], "texture": "#2"},
				"down": {"uv": [2, 15, 3, 16], "texture": "#2"}
			}
		},
		{
			"from": [2, 0, 4],
			"to": [3, 2, 5],
			"faces": {
				"north": {"uv": [7, 14, 8, 16], "texture": "#2"},
				"east": {"uv": [7, 14, 8, 16], "texture": "#2"},
				"south": {"uv": [7, 14, 8, 16], "texture": "#2"},
				"west": {"uv": [7, 14, 8, 16], "texture": "#2"},
				"up": {"uv": [7, 14, 8, 15], "texture": "#2"},
				"down": {"uv": [2, 15, 3, 16], "texture": "#2"}
			}
		},
		{
			"from": [13, 3, 2],
			"to": [14, 4, 3],
			"faces": {
				"north": {"uv": [2, 15, 3, 16], "texture": "#2"},
				"east": {"uv": [2, 15, 3, 16], "texture": "#2"},
				"south": {"uv": [2, 15, 3, 16], "texture": "#2"},
				"west": {"uv": [2, 15, 3, 16], "texture": "#2"},
				"up": {"uv": [2, 15, 3, 16], "texture": "#2"},
				"down": {"uv": [2, 15, 3, 16], "texture": "#2"}
			}
		},
		{
			"from": [11, 1, 2],
			"to": [12, 3, 3],
			"faces": {
				"north": {"uv": [7, 14, 8, 16], "texture": "#2"},
				"east": {"uv": [7, 14, 8, 16], "texture": "#2"},
				"south": {"uv": [7, 14, 8, 16], "texture": "#2"},
				"west": {"uv": [7, 14, 8, 16], "texture": "#2"},
				"up": {"uv": [7, 14, 8, 15], "texture": "#2"},
				"down": {"uv": [2, 15, 3, 16], "texture": "#2"}
			}
		},
		{
			"from": [12, 0, 2],
			"to": [13, 5, 3],
			"faces": {
				"north": {"uv": [7, 11, 8, 16], "texture": "#3"},
				"east": {"uv": [7, 11, 8, 16], "texture": "#3"},
				"south": {"uv": [7, 11, 8, 16], "texture": "#3"},
				"west": {"uv": [7, 11, 8, 16], "texture": "#3"},
				"up": {"uv": [2, 15, 3, 16], "texture": "#2"},
				"down": {"uv": [2, 15, 3, 16], "texture": "#2"}
			}
		},
		{
			"from": [7, 3, 12],
			"to": [8, 4, 13],
			"faces": {
				"north": {"uv": [2, 15, 3, 16], "texture": "#2"},
				"east": {"uv": [2, 15, 3, 16], "texture": "#2"},
				"south": {"uv": [2, 15, 3, 16], "texture": "#2"},
				"west": {"uv": [2, 15, 3, 16], "texture": "#2"},
				"up": {"uv": [2, 15, 3, 16], "texture": "#2"},
				"down": {"uv": [2, 15, 3, 16], "texture": "#2"}
			}
		},
		{
			"from": [7, 1, 14],
			"to": [8, 3, 15],
			"faces": {
				"north": {"uv": [7, 14, 8, 16], "texture": "#2"},
				"east": {"uv": [7, 14, 8, 16], "texture": "#2"},
				"south": {"uv": [7, 14, 8, 16], "texture": "#2"},
				"west": {"uv": [7, 14, 8, 16], "texture": "#2"},
				"up": {"uv": [7, 14, 8, 15], "texture": "#2"},
				"down": {"uv": [2, 15, 3, 16], "texture": "#2"}
			}
		},
		{
			"from": [7, 0, 13],
			"to": [8, 5, 14],
			"faces": {
				"north": {"uv": [2, 11, 3, 16], "texture": "#6"},
				"east": {"uv": [2, 11, 3, 16], "texture": "#6"},
				"south": {"uv": [2, 11, 3, 16], "texture": "#6"},
				"west": {"uv": [2, 11, 3, 16], "texture": "#6"},
				"up": {"uv": [2, 15, 3, 16], "texture": "#2"},
				"down": {"uv": [2, 15, 3, 16], "texture": "#2"}
			}
		},
		{
			"from": [5, 0, 6],
			"to": [6, 2, 7],
			"faces": {
				"north": {"uv": [7, 14, 8, 16], "texture": "#2"},
				"east": {"uv": [7, 14, 8, 16], "texture": "#2"},
				"south": {"uv": [7, 14, 8, 16], "texture": "#2"},
				"west": {"uv": [7, 14, 8, 16], "texture": "#2"},
				"up": {"uv": [7, 14, 8, 15], "texture": "#2"},
				"down": {"uv": [2, 15, 3, 16], "texture": "#2"}
			}
		},
		{
			"from": [8, 4, 7],
			"to": [9, 7, 8],
			"faces": {
				"north": {"uv": [8, 9, 9, 12], "texture": "#4"},
				"east": {"uv": [8, 9, 9, 12], "texture": "#4"},
				"south": {"uv": [8, 9, 9, 12], "texture": "#4"},
				"west": {"uv": [8, 9, 9, 12], "texture": "#4"},
				"up": {"uv": [2, 15, 3, 16], "texture": "#2"},
				"down": {"uv": [7, 14, 8, 15], "texture": "#2"}
			}
		},
		{
			"from": [6, 3, 8],
			"to": [7, 4, 9],
			"faces": {
				"north": {"uv": [2, 15, 3, 16], "texture": "#2"},
				"east": {"uv": [2, 15, 3, 16], "texture": "#2"},
				"south": {"uv": [2, 15, 3, 16], "texture": "#2"},
				"west": {"uv": [2, 15, 3, 16], "texture": "#2"},
				"up": {"uv": [2, 15, 3, 16], "texture": "#2"},
				"down": {"uv": [2, 15, 3, 16], "texture": "#2"}
			}
		},
		{
			"from": [7, 1, 8],
			"to": [8, 4, 9],
			"faces": {
				"north": {"uv": [6, 11, 7, 14], "texture": "#4"},
				"east": {"uv": [6, 11, 7, 14], "texture": "#4"},
				"south": {"uv": [6, 11, 7, 14], "texture": "#4"},
				"west": {"uv": [6, 11, 7, 14], "texture": "#4"},
				"up": {"uv": [7, 14, 8, 15], "texture": "#2"},
				"down": {"uv": [2, 15, 3, 16], "texture": "#2"}
			}
		},
		{
			"from": [8, 0, 8],
			"to": [9, 6, 9],
			"faces": {
				"north": {"uv": [7, 6, 8, 12], "texture": "#6"},
				"east": {"uv": [7, 6, 8, 12], "texture": "#6"},
				"south": {"uv": [7, 6, 8, 12], "texture": "#6"},
				"west": {"uv": [7, 6, 8, 12], "texture": "#6"},
				"up": {"uv": [7, 14, 8, 15], "texture": "#2"},
				"down": {"uv": [2, 15, 3, 16], "texture": "#2"}
			}
		},
		{
			"from": [1, 8, 9],
			"to": [2, 9, 10],
			"faces": {
				"north": {"uv": [2, 15, 3, 16], "texture": "#2"},
				"east": {"uv": [2, 15, 3, 16], "texture": "#2"},
				"south": {"uv": [2, 15, 3, 16], "texture": "#2"},
				"west": {"uv": [2, 15, 3, 16], "texture": "#2"},
				"up": {"uv": [2, 15, 3, 16], "texture": "#2"},
				"down": {"uv": [2, 15, 3, 16], "texture": "#2"}
			}
		},
		{
			"from": [2, 6, 9],
			"to": [3, 9, 10],
			"faces": {
				"north": {"uv": [6, 11, 7, 14], "texture": "#4"},
				"east": {"uv": [6, 11, 7, 14], "texture": "#4"},
				"south": {"uv": [6, 11, 7, 14], "texture": "#4"},
				"west": {"uv": [6, 11, 7, 14], "texture": "#4"},
				"up": {"uv": [7, 14, 8, 15], "texture": "#2"},
				"down": {"uv": [2, 15, 3, 16], "texture": "#2"}
			}
		}
	],
	"display": {
		"ground": {
			"translation": [0, 5, 0]
		}
	}
}
