{
	"ambientocclusion": false,
	"textures": {
		"particle": "#flowerbed"
	},
	"elements": [
		{
			"from": [8, 3, 8],
			"to": [16, 3, 16],
			"rotation": {"angle": 0, "axis": "y", "origin": [8, 0, 8]},
			"faces": {
				"up": {"uv": [8, 8, 16, 16], "rotation": 90, "texture": "#flowerbed"},
				"down": {"uv": [16, 8, 8, 16], "rotation": 90, "texture": "#flowerbed"}
			}
		},
		{
			"from": [13.75, 0, 13.5],
			"to": [15.25, 3, 13.5],
			"rotation": {"angle": -45, "axis": "y", "origin": [14.5, 0, 13.5]},
			"faces": {
				"north": {"uv": [9, 12, 11, 16], "texture": "#stem", "tintindex": 1},
				"south": {"uv": [11, 12, 9, 16], "texture": "#stem", "tintindex": 1}
			}
		},
		{
			"from": [14.5, 0, 12.75],
			"to": [14.5, 3, 14.25],
			"rotation": {"angle": -45, "axis": "y", "origin": [14.5, 0, 13.5]},
			"faces": {
				"east": {"uv": [15, 12, 13, 16], "texture": "#stem", "tintindex": 1},
				"west": {"uv": [13, 12, 15, 16], "texture": "#stem", "tintindex": 1}
			}
		},
		{
			"from": [10.75, 0, 9.5],
			"to": [12.25, 3, 9.5],
			"rotation": {"angle": -45, "axis": "y", "origin": [11.5, 0, 9.5]},
			"faces": {
				"north": {"uv": [1, 12, 3, 16], "texture": "#stem", "tintindex": 1},
				"south": {"uv": [3, 12, 1, 16], "texture": "#stem", "tintindex": 1}
			}
		},
		{
			"from": [11.5, 0, 8.75],
			"to": [11.5, 3, 10.25],
			"rotation": {"angle": -45, "axis": "y", "origin": [11.5, 0, 9.5]},
			"faces": {
				"east": {"uv": [7, 12, 5, 16], "texture": "#stem", "tintindex": 1},
				"west": {"uv": [5, 12, 7, 16], "texture": "#stem", "tintindex": 1}
			}
		},
		{
			"from": [9.25, 0, 14],
			"to": [10.75, 3, 14],
			"rotation": {"angle": -45, "axis": "y", "origin": [10, 0, 14]},
			"faces": {
				"north": {"uv": [9, 4, 11, 8], "texture": "#stem", "tintindex": 1},
				"south": {"uv": [11, 4, 9, 8], "texture": "#stem", "tintindex": 1}
			}
		},
		{
			"from": [10, 0, 13.25],
			"to": [10, 3, 14.75],
			"rotation": {"angle": -45, "axis": "y", "origin": [10, 0, 14]},
			"faces": {
				"east": {"uv": [15, 4, 13, 8], "texture": "#stem", "tintindex": 1},
				"west": {"uv": [13, 4, 15, 8], "texture": "#stem", "tintindex": 1}
			}
		}
	]
}