{
	"ambientocclusion": false,
	"textures": {
		"particle": "#flowerbed"
	},
	"elements": [
		{
			"from": [0, 2.5, 0],
			"to": [8, 2.5, 8],
			"rotation": {"angle": 0, "axis": "y", "origin": [8, 0, 8]},
			"faces": {
				"up": {"uv": [0, 0, 8, 8], "rotation": 90, "texture": "#flowerbed"},
				"down": {"uv": [8, 0, 0, 8], "rotation": 90, "texture": "#flowerbed"}
			}
		},
		{
			"from": [6.5, 0, 3.75],
			"to": [6.5, 2.5, 5.25],
			"rotation": {"angle": -45, "axis": "y", "origin": [6.5, 0, 4.5]},
			"faces": {
				"east": {"uv": [3, 12, 1, 16], "texture": "#stem", "tintindex": 1},
				"west": {"uv": [1, 12, 3, 16], "texture": "#stem", "tintindex": 1}
			}
		},
		{
			"from": [5.75, 0, 4.5],
			"to": [7.25, 2.5, 4.5],
			"rotation": {"angle": -45, "axis": "y", "origin": [6.5, 0, 4.5]},
			"faces": {
				"north": {"uv": [5, 12, 7, 16], "texture": "#stem", "tintindex": 1},
				"south": {"uv": [7, 12, 5, 16], "texture": "#stem", "tintindex": 1}
			}
		},
		{
			"from": [3, 0, 1.25],
			"to": [3, 2.5, 2.75],
			"rotation": {"angle": -45, "axis": "y", "origin": [3, 0, 2]},
			"faces": {
				"east": {"uv": [3, 4, 1, 8], "texture": "#stem", "tintindex": 1},
				"west": {"uv": [1, 4, 3, 8], "texture": "#stem", "tintindex": 1}
			}
		},
		{
			"from": [2.25, 0, 2],
			"to": [3.75, 2.5, 2],
			"rotation": {"angle": -45, "axis": "y", "origin": [3, 0, 2]},
			"faces": {
				"north": {"uv": [5, 4, 7, 8], "texture": "#stem", "tintindex": 1},
				"south": {"uv": [7, 4, 5, 8], "texture": "#stem", "tintindex": 1}
			}
		},
		{
			"from": [1.5, 0, 5.75],
			"to": [1.5, 2.5, 7.25],
			"rotation": {"angle": -45, "axis": "y", "origin": [1.5, 0, 6.5]},
			"faces": {
				"east": {"uv": [11, 12, 9, 16], "texture": "#stem", "tintindex": 1},
				"west": {"uv": [9, 12, 11, 16], "texture": "#stem", "tintindex": 1}
			}
		},
		{
			"from": [0.75, 0, 6.5],
			"to": [2.25, 2.5, 6.5],
			"rotation": {"angle": -45, "axis": "y", "origin": [1.5, 0, 6.5]},
			"faces": {
				"north": {"uv": [13, 12, 15, 16], "texture": "#stem", "tintindex": 1},
				"south": {"uv": [15, 12, 13, 16], "texture": "#stem", "tintindex": 1}
			}
		}
	]
}