{
	"ambientocclusion": false,
	"textures": {
		"particle": "#flowerbed"
	},
	"elements": [
		{
			"from": [0, 1.5, 8],
			"to": [8, 1.5, 16],
			"rotation": {"angle": 0, "axis": "y", "origin": [8, 0, 8]},
			"faces": {
				"up": {"uv": [0, 8, 8, 16], "rotation": 90, "texture": "#flowerbed"},
				"down": {"uv": [8, 8, 0, 16], "rotation": 90, "texture": "#flowerbed"}
			}
		},
		{
			"from": [4.75, 0, 14.5],
			"to": [6.25, 1.5, 14.5],
			"rotation": {"angle": -45, "axis": "y", "origin": [5.5, 0, 14.5]},
			"faces": {
				"north": {"uv": [5, 12, 7, 16], "texture": "#stem", "tintindex": 1},
				"south": {"uv": [7, 12, 5, 16], "texture": "#stem", "tintindex": 1}
			}
		},
		{
			"from": [5.5, 0, 13.75],
			"to": [5.5, 1.5, 15.25],
			"rotation": {"angle": -45, "axis": "y", "origin": [5.5, 0, 14.5]},
			"faces": {
				"east": {"uv": [11, 12, 9, 16], "texture": "#stem", "tintindex": 1},
				"west": {"uv": [9, 12, 11, 16], "texture": "#stem", "tintindex": 1}
			}
		},
		{
			"from": [4.25, 0, 10],
			"to": [5.75, 1.5, 10],
			"rotation": {"angle": -45, "axis": "y", "origin": [5, 0, 10]},
			"faces": {
				"north": {"uv": [5, 4, 7, 8], "texture": "#stem", "tintindex": 1},
				"south": {"uv": [7, 4, 5, 8], "texture": "#stem", "tintindex": 1}
			}
		},
		{
			"from": [5, 0, 9.25],
			"to": [5, 1.5, 10.75],
			"rotation": {"angle": -45, "axis": "y", "origin": [5, 0, 10]},
			"faces": {
				"east": {"uv": [11, 4, 9, 8], "texture": "#stem", "tintindex": 1},
				"west": {"uv": [9, 4, 11, 8], "texture": "#stem", "tintindex": 1}
			}
		},
		{
			"from": [1.25, 0, 13],
			"to": [2.75, 1.5, 13],
			"rotation": {"angle": -45, "axis": "y", "origin": [2, 0, 13]},
			"faces": {
				"north": {"uv": [13, 4, 15, 8], "texture": "#stem", "tintindex": 1},
				"south": {"uv": [15, 4, 13, 8], "texture": "#stem", "tintindex": 1}
			}
		},
		{
			"from": [2, 0, 12.25],
			"to": [2, 1.5, 13.75],
			"rotation": {"angle": -45, "axis": "y", "origin": [2, 0, 13]},
			"faces": {
				"east": {"uv": [3, 4, 1, 8], "texture": "#stem", "tintindex": 1},
				"west": {"uv": [1, 4, 3, 8], "texture": "#stem", "tintindex": 1}
			}
		}
	]
}